detected_at,source,type,detail
2026-08-06 08:45:57,SHEETS,REMOVED,"ORL  - REMOVED Wagner, Moritz"
2026-08-06 08:45:57,SHEETS,REMOVED,"ORL  - REMOVED Howard, Jett"
2026-08-06 08:45:57,SHEETS,CHANGED,"ORL  CHANGED TEAM SALARY (Art, I §1 (nnn)):  -  col3: 239337795 -> 222499857, col9: 812407571.6 -> 795569633.6"
2026-08-06 08:45:57,SHEETS,CHANGED,ORL  CHANGED Cap Holds  -  col3: 21472475 -> 4634537
2026-08-06 08:25:50,TRANSACTIONS,Signing,2026-08-05  Philadelphia 76ers signed guard Kentavious Caldwell-Pope to a Contract.
2026-08-06 00:18:57,PLAYERS,ADDED,+ ADDED   Kentavious Caldwell-Pope (PHI)
2026-08-05 21:16:54,PLAYERS,CHANGED,"~ CHANGED Dillon Mitchell  school: St. John's, N.Y. -> St. John's"
2026-08-05 21:02:54,PLAYERS,CHANGED,"~ CHANGED Dillon Mitchell  school: St. John's -> St. John's, N.Y."
2026-08-05 20:46:55,TRANSACTIONS,Signing,2026-08-05  Boston Celtics signed forward Dillon Mitchell to a Two-Way Contract.
2026-08-05 17:16:55,PLAYERS,REMOVED,- REMOVED JD Davison (HOU)
2026-08-05 16:14:55,TRANSACTIONS,Waive,2026-08-05  Houston Rockets waived guard JD Davison.
2026-08-05 14:02:59,SHEETS,REMOVED,"HOU  - REMOVED Davison, JD"
2026-08-05 14:02:59,SHEETS,CHANGED,"HOU  CHANGED TEAM SALARY (Art, I §1 (nnn)):  -  col3: 219880104 -> 217295565, col9: 603583837.3 -> 600999298.3"
2026-08-05 14:02:59,SHEETS,CHANGED,HOU  CHANGED Players Under Contract  -  col3: 207897304 -> 205312765
2026-08-05 14:02:59,SHEETS,CHANGED,HOU  CHANGED Full Season Contracts  -  col3: 207897304 -> 205312765
2026-08-05 14:02:59,SHEETS,CHANGED,"HOU  CHANGED Avg, Salary (Mean) (ALL Compensation Obligations)  -  col6: 17 -> 16"
2026-08-05 14:02:59,SHEETS,CHANGED,Luxury Tax Calculator  CHANGED Luxury Tax  -  col12: 7469304 -> 4884765
2026-08-05 14:02:59,SHEETS,CHANGED,Luxury Tax Calculator  CHANGED 1st Incremental Tax Bracket  -  col12: 5685000 -> 4884765
2026-08-05 14:02:59,SHEETS,CHANGED,Luxury Tax Calculator  CHANGED 2nd Incremental Tax Bracket  -  col12: 2230380 -> 0
2026-08-05 14:02:59,SHEETS,CHANGED,Luxury Tax Calculator  CHANGED Tax Liability  -  col12: 7915380 -> 4884765
2026-08-05 12:16:54,PLAYERS,CHANGED,~ CHANGED Sergio de Larrea  name: Sergio De Larrea -> Sergio de Larrea
2026-08-05 11:46:59,SHEETS,CHANGED,"GOS  CHANGED Barnes, Matt  -  col3: - -> 2449421.0, col9: 0 -> 2449421"
2026-08-05 11:46:59,SHEETS,CHANGED,"GOS  CHANGED Bjelica, Nemanja  -  col3: - -> 2449421.0, col9: 0 -> 2449421"
2026-08-05 11:46:59,SHEETS,CHANGED,"GOS  CHANGED Bogut, Andrew  -  col3: - -> 2449421.0, col9: 0 -> 2449421"
2026-08-05 11:46:59,SHEETS,CHANGED,"GOS  CHANGED Curry, Seth  -  col3: - -> 2449421.0, col9: 0 -> 2449421"
2026-08-05 11:46:59,SHEETS,CHANGED,"GOS  CHANGED Garuba, Usman  -  col3: - -> 2449421.0, col9: 0 -> 2449421"
2026-08-05 11:46:59,SHEETS,CHANGED,"GOS  CHANGED Green, JaMychal  -  col3: - -> 2449421.0, col9: 0 -> 2449421"
2026-08-05 11:46:59,SHEETS,CHANGED,"GOS  CHANGED Iguodala, Andre  -  col3: - -> 2449421.0, col9: 0 -> 2449421"
2026-08-05 11:46:59,SHEETS,CHANGED,"GOS  CHANGED Jerebko, Jonas  -  col3: - -> 2449421.0, col9: 0 -> 2449421"
2026-08-05 11:46:59,SHEETS,CHANGED,"GOS  CHANGED Lamb, Anthony  -  col3: - -> 2449421.0, col9: 0 -> 2449421"
2026-08-05 11:46:59,SHEETS,CHANGED,"GOS  CHANGED West, David  -  col3: - -> 2449421.0, col9: 0 -> 2449421"
2026-08-05 11:46:59,SHEETS,CHANGED,"GOS  CHANGED Armstrong, Taran  -  col3: - -> 2185116.0, col9: 0 -> 2185116"
2026-08-05 11:46:59,SHEETS,CHANGED,"GOS  CHANGED Mannion, Nico  -  col3: - -> 2185116.0, col9: 0 -> 2185116"
2026-08-05 11:46:59,SHEETS,CHANGED,"GOS  CHANGED Robinson, Jerome  -  col3: - -> 2185116.0, col9: 0 -> 2185116"
2026-08-05 11:46:59,SHEETS,CHANGED,"GOS  CHANGED TEAM SALARY (Art, I §1 (nnn)):  -  col3: 215939589.3 -> 246989147.3, col9: 300534390.7 -> 331583948.7"
2026-08-05 11:46:59,SHEETS,CHANGED,GOS  CHANGED Cap Holds  -  col3: 0 -> 31049558
2026-08-05 11:45:58,SHEETS,CHANGED,"GOS  CHANGED Barnes, Matt  -  col3: 2449421.0 -> -, col9: 2449421 -> 0"
2026-08-05 11:45:58,SHEETS,CHANGED,"GOS  CHANGED Bjelica, Nemanja  -  col3: 2449421.0 -> -, col9: 2449421 -> 0"
2026-08-05 11:45:58,SHEETS,CHANGED,"GOS  CHANGED Bogut, Andrew  -  col3: 2449421.0 -> -, col9: 2449421 -> 0"
2026-08-05 11:45:58,SHEETS,CHANGED,"GOS  CHANGED Curry, Seth  -  col3: 2449421.0 -> -, col9: 2449421 -> 0"
2026-08-05 11:45:58,SHEETS,CHANGED,"GOS  CHANGED Garuba, Usman  -  col3: 2449421.0 -> -, col9: 2449421 -> 0"
2026-08-05 11:45:58,SHEETS,CHANGED,"GOS  CHANGED Green, JaMychal  -  col3: 2449421.0 -> -, col9: 2449421 -> 0"
2026-08-05 11:45:58,SHEETS,CHANGED,"GOS  CHANGED Iguodala, Andre  -  col3: 2449421.0 -> -, col9: 2449421 -> 0"
2026-08-05 11:45:58,SHEETS,CHANGED,"GOS  CHANGED Jerebko, Jonas  -  col3: 2449421.0 -> -, col9: 2449421 -> 0"
2026-08-05 11:45:58,SHEETS,CHANGED,"GOS  CHANGED Lamb, Anthony  -  col3: 2449421.0 -> -, col9: 2449421 -> 0"
2026-08-05 11:45:58,SHEETS,CHANGED,"GOS  CHANGED West, David  -  col3: 2449421.0 -> -, col9: 2449421 -> 0"
2026-08-05 11:45:58,SHEETS,CHANGED,"GOS  CHANGED Armstrong, Taran  -  col3: 2185116.0 -> -, col9: 2185116 -> 0"
2026-08-05 11:45:58,SHEETS,CHANGED,"GOS  CHANGED Mannion, Nico  -  col3: 2185116.0 -> -, col9: 2185116 -> 0"
2026-08-05 11:45:58,SHEETS,CHANGED,"GOS  CHANGED Robinson, Jerome  -  col3: 2185116.0 -> -, col9: 2185116 -> 0"
2026-08-05 11:45:58,SHEETS,CHANGED,"GOS  CHANGED TEAM SALARY (Art, I §1 (nnn)):  -  col3: 246989147.3 -> 215939589.3, col9: 331583948.7 -> 300534390.7"
2026-08-05 11:45:58,SHEETS,CHANGED,GOS  CHANGED Cap Holds  -  col3: 31049558 -> 0
2026-08-05 08:09:34,SHEETS,CHANGED,"CLE  CHANGED Hezonja, Mario  -  col3: - -> 2449421.0, col9: 0 -> 2449421"
2026-08-05 08:09:34,SHEETS,CHANGED,"CLE  CHANGED TEAM SALARY (Art, I §1 (nnn)):  -  col3: 245416392.3 -> 247865813.3, col9: 589221124.8 -> 591670545.8"
2026-08-05 08:09:34,SHEETS,CHANGED,CLE  CHANGED Players Under Contract  -  col3: 183275963 -> 185725384
2026-08-05 08:09:34,SHEETS,CHANGED,CLE  CHANGED Full Season Contracts  -  col3: 183275963 -> 185725384
2026-08-05 08:09:34,SHEETS,ADDED,"NOL  + ADDED  Houstan, Caleb"
2026-08-05 08:09:34,SHEETS,CHANGED,"NOL  CHANGED TEAM SALARY (Art, I §1 (nnn)):  -  col3: 217837692.8 -> 220287113.8, col9: 471478647.5 -> 473928068.5"
2026-08-05 08:09:34,SHEETS,CHANGED,NOL  CHANGED Players Under Contract  -  col3: 197106161.9 -> 199555582.9
2026-08-05 08:09:34,SHEETS,CHANGED,NOL  CHANGED Full Season Contracts  -  col3: 197106161.9 -> 199555582.9
2026-08-05 08:09:34,SHEETS,CHANGED,"NOL  CHANGED Avg, Salary (Mean) (ALL Compensation Obligations)  -  col6: 16 -> 17"
2026-08-05 08:09:10,DOCS,REMOVED,"2026-27 Veteran Signings  - REMOVED Update 1.3 (7/18/26): K. Bufkin, M. Cisse, I. Crawford, D. Green, H. Ingram, L. James, S. Jones, C. Koloko, N. Marshall, D. Melton, G. Payton, J. Phillips, J. Sochan, J. Tate, M. Thybulle, O. Tshiebwe, M. Wagner, J. Walsh"
2026-08-05 08:09:10,DOCS,ADDED,"2026-27 Veteran Signings  + ADDED  Update 1.3 (7/18/26): K. Bufkin, M. Cisse, I. Crawford, D. Green, M. Hezonja, C. Houstan, H. Ingram, A. Jackson, L. James, S. Jones, C. Koloko, N. Marshall, D. Melton, G. Payton, J. Phillips, J. Sochan, J. Tate, M. Thybulle, O. Tshiebwe, M. Wagner, J. Walsh"
2026-08-05 08:09:10,DOCS,ADDED,2026-27 Veteran Signings  + ADDED  Mario Hezonja Cleveland Cavaliers
2026-08-05 08:09:10,DOCS,ADDED,"2026-27 Veteran Signings  + ADDED  26-27 $2,845,883"
2026-08-05 08:09:10,DOCS,ADDED,2026-27 Veteran Signings  + ADDED  Minimum Salary Exception. Skill; Injury or Illness; Mental; Death. Compensation protection for 2026-27 Season is none but will increase to full if team has not requested waivers on player on or before 11/15/2026. Love of the Game. Physical Exam. Alt. 7(b).
2026-08-05 08:09:10,DOCS,ADDED,2026-27 Veteran Signings  + ADDED  Execution Date: 7/31/26
2026-08-05 08:09:10,DOCS,ADDED,2026-27 Veteran Signings  + ADDED  Caleb Houstan New Orleans Pelicans
2026-08-05 08:09:10,DOCS,ADDED,"2026-27 Veteran Signings  + ADDED  26-27 $2,625,627"
2026-08-05 08:09:10,DOCS,ADDED,2026-27 Veteran Signings  + ADDED  Minimum Salary Exception. Physical Exam. Exh. 9 - Training Camp.
2026-08-05 08:09:10,DOCS,ADDED,2026-27 Veteran Signings  + ADDED  Execution Date: 8/3/26
2026-08-05 08:09:10,DOCS,ADDED,2026-27 Veteran Signings  + ADDED  Andre Jackson Jr. Toronto Raptors
2026-08-05 08:09:10,DOCS,ADDED,"2026-27 Veteran Signings  + ADDED  26-27 $2,537,526"
2026-08-05 08:09:10,DOCS,ADDED,"2026-27 Veteran Signings  + ADDED  Minimum Salary Exception. Love of the Game. Physical Exam. Alt. 7(b). Exh. 9 - Training Camp. Exh. 10 - Affiliate Player ($91,000)."
2026-08-05 08:09:10,DOCS,ADDED,2026-27 Veteran Signings  + ADDED  Execution Date: 8/4/26
2026-08-05 08:09:10,DOCS,REMOVED,"2026-27 Two-Way Signings  - REMOVED Update 1.3 (7/18/26): H. Dickinson, V. Goldin, J. Howard, D. Jones Garcia, A. Kaluma, J. Pierre, J. Slawson, J. Tonje, J. Wilson"
2026-08-05 08:09:10,DOCS,ADDED,"2026-27 Two-Way Signings  + ADDED  Update 1.3 (7/18/26): H. Dickinson, V. Goldin, J. Howard, T. Jemison, D. Jones Garcia, A. Kaluma, J. Pierre, J. Slawson, J. Tonje, J. Wilson"
2026-08-05 08:09:10,DOCS,ADDED,2026-27 Two-Way Signings  + ADDED  Jett Howard Dallas Mavericks
2026-08-05 08:09:10,DOCS,ADDED,"2026-27 Two-Way Signings  + ADDED  1 Year. Skill; Injury or Illness; Mental; Death. Compensation protection for 2026-27 Season is for $91,000 but will increase to 50% if team has not requested waivers on player on or before the first day of the 2026-27 Regular Season. Love of the Game. Physical Exam. Alt. 7(b)."
2026-08-05 08:09:10,DOCS,ADDED,2026-27 Two-Way Signings  + ADDED  Execution Date: 7/20/26
2026-08-05 08:09:10,DOCS,ADDED,2026-27 Two-Way Signings  + ADDED  Trey Jemison Toronto Raptors
2026-08-05 08:09:10,DOCS,ADDED,"2026-27 Two-Way Signings  + ADDED  1 Year. Skill; Injury or Illness; Death. Compensation protection for 2026-27 Season is for $91,000. Love of the Game. Physical Exam. Alt. 7(b)."
2026-08-05 08:09:10,DOCS,ADDED,2026-27 Two-Way Signings  + ADDED  Execution Date: 8/4/26
2026-08-05 08:09:10,DOCS,REMOVED,2026-27 Two-Way Signings  - REMOVED Jett Howard Dallas Mavericks
2026-08-05 08:09:10,DOCS,REMOVED,"2026-27 Two-Way Signings  - REMOVED 1 Year. Skill; Injury or Illness; Mental; Death. Compensation protection for 2026-27 Season is for $91,000 but will increase to 50% if team has not requested waivers on player on or before the first day of the 2026-27 Regular Season. Love of the Game. Physical Exam. Alt. 7(b)."
2026-08-05 08:09:10,DOCS,REMOVED,2026-27 Two-Way Signings  - REMOVED Execution Date: 7/20/26
2026-08-05 00:10:31,PLAYERS,REMOVED,- REMOVED Olivier Sarr (CLE)
2026-08-05 00:10:31,PLAYERS,CHANGED,~ CHANGED Mario Hezonja  number: 10 -> 33
2026-08-04 17:19:55,PLAYERS,CHANGED,~ CHANGED Trey Jemison III  team: NYK -> TOR
2026-08-04 17:19:55,PLAYERS,CHANGED,~ CHANGED Andre Jackson Jr.  team: MIL -> TOR
2026-08-04 16:25:55,TRANSACTIONS,Signing,2026-08-04  Toronto Raptors signed center Trey Jemison III to a Two-Way Contract.
2026-08-04 16:17:55,PLAYERS,ADDED,+ ADDED   Caleb Houstan (NOP)
2026-08-04 16:16:54,PLAYERS,REMOVED,- REMOVED Caleb Houstan (NOP)
2026-08-04 16:13:55,PLAYERS,ADDED,+ ADDED   Caleb Houstan (NOP)
2026-08-04 13:03:59,SHEETS,ADDED,"CLE  + ADDED  Hezonja, Mario"
2026-08-04 13:03:59,SHEETS,CHANGED,"CLE  CHANGED Avg, Salary (Mean) (ALL Compensation Obligations)  -  col6: 12 -> 13"
2026-08-04 13:03:59,SHEETS,CHANGED,"CLE  CHANGED Avg, Salary (Mean) (No 10-Day K's)  -  col6: 3 -> 2"
2026-08-04 13:03:59,SHEETS,CHANGED,"CLE  CHANGED Avg, Salary (Mean) (No 10-Day K's & ROS)  -  col6: 1 -> 0"
2026-08-04 13:02:56,DOCS,REMOVED,2026-27 Veteran Signings  - REMOVED Minimum Salary Exception. Physical Exam. Exh. 9 - Training Camp.
2026-08-04 13:02:56,DOCS,REMOVED,2026-27 Veteran Signings  - REMOVED Execution Date: 7/28/26
2026-08-04 13:02:56,DOCS,ADDED,2026-27 Veteran Signings  + ADDED  Minimum Salary Exception. Love of the Game. Physical Exam. Alt. 7(b). Exh. 9 - Training Camp.
2026-08-04 13:02:56,DOCS,ADDED,2026-27 Veteran Signings  + ADDED  Execution Date: 8/2/26
2026-08-04 13:01:57,DOCS,REMOVED,"2026-27 Veteran Signings  - REMOVED Update 1.3 (7/18/26): K. Bufkin, M. Cisse, I. Crawford, D. Green, H. Ingram, L. James, S. Jones, C. Koloko, N. Marshall, D. Melton, G. Payton, J. Phillips, J. Tate, M. Thybulle, O. Tshiebwe, M. Wagner, J. Walsh"
2026-08-04 13:01:57,DOCS,ADDED,"2026-27 Veteran Signings  + ADDED  Update 1.3 (7/18/26): K. Bufkin, M. Cisse, I. Crawford, D. Green, H. Ingram, L. James, S. Jones, C. Koloko, N. Marshall, D. Melton, G. Payton, J. Phillips, J. Sochan, J. Tate, M. Thybulle, O. Tshiebwe, M. Wagner, J. Walsh"
2026-08-04 13:01:57,DOCS,ADDED,2026-27 Veteran Signings  + ADDED  Jeremy Sochan Portland Trail Blazers
2026-08-04 13:01:57,DOCS,ADDED,"2026-27 Veteran Signings  + ADDED  26-27 $2,625,627"
2026-08-04 13:01:57,DOCS,ADDED,2026-27 Veteran Signings  + ADDED  Minimum Salary Exception. Physical Exam. Exh. 9 - Training Camp.
2026-08-04 13:01:57,DOCS,ADDED,2026-27 Veteran Signings  + ADDED  Execution Date: 7/28/26
2026-08-04 12:59:58,SHEETS,REMOVED,"NYK  - REMOVED Sochan, Jeremy"
2026-08-04 12:59:58,SHEETS,CHANGED,"NYK  CHANGED TEAM SALARY (Art, I §1 (nnn)):  -  col3: 223311074 -> 220861653, col9: 645828109 -> 643378688"
2026-08-04 12:59:58,SHEETS,CHANGED,NYK  CHANGED Cap Holds  -  col3: 4898842 -> 2449421
2026-08-04 12:59:58,SHEETS,ADDED,"POR  + ADDED  Sochan, Jeremy"
2026-08-04 12:59:58,SHEETS,CHANGED,"POR  CHANGED TEAM SALARY (Art, I §1 (nnn)):  -  col3: 233257087.3 -> 235706508.3, col9: 528804494.4 -> 531253915.4"
2026-08-04 12:59:58,SHEETS,CHANGED,POR  CHANGED Players Under Contract  -  col3: 197140444.6 -> 199589865.6
2026-08-04 12:59:58,SHEETS,CHANGED,POR  CHANGED Full Season Contracts  -  col3: 197140444.6 -> 199589865.6
2026-08-04 12:59:58,SHEETS,CHANGED,"POR  CHANGED Avg, Salary (Mean) (ALL Compensation Obligations)  -  col6: 15 -> 16"
2026-08-04 12:56:56,DOCS,ADDED,2026-27 Veteran Signings  + ADDED  Moritz Wagner Brooklyn Nets
2026-08-04 12:56:56,DOCS,ADDED,"2026-27 Veteran Signings  + ADDED  26-27 $9,000,000"
2026-08-04 12:56:56,DOCS,ADDED,"2026-27 Veteran Signings  + ADDED  27-28 $9,450,000 (Player/Team Option)"
2026-08-04 12:56:56,DOCS,ADDED,"2026-27 Veteran Signings  + ADDED  2 Years for $18,450,000. Room. Player or Team option to extend the contract to include the 2027-28 Season. Insurance Premium Reimbursement. Skill; Injury or Illness; Mental. Love of the Game. Physical Exam. Alt. 7(b)."
2026-08-04 12:56:56,DOCS,ADDED,2026-27 Veteran Signings  + ADDED  Execution Date: 7/31/26
2026-08-04 12:55:56,DOCS,REMOVED,"2026-27 Veteran Signings  - REMOVED Update 1.3 (7/18/26): K. Bufkin, M. Cisse, I. Crawford, D. Green, H. Ingram, L. James, S. Jones, C. Koloko, N. Marshall, D. Melton, G. Payton, J. Phillips, J. Tate, M. Thybulle, O. Tshiebwe, J. Walsh"
2026-08-04 12:55:56,DOCS,ADDED,"2026-27 Veteran Signings  + ADDED  Update 1.3 (7/18/26): K. Bufkin, M. Cisse, I. Crawford, D. Green, H. Ingram, L. James, S. Jones, C. Koloko, N. Marshall, D. Melton, G. Payton, J. Phillips, J. Tate, M. Thybulle, O. Tshiebwe, M. Wagner, J. Walsh"
2026-08-04 12:54:59,SHEETS,ADDED,"BKN  + ADDED  Wagner, Moritz"
2026-08-04 12:54:59,SHEETS,CHANGED,"BKN  CHANGED TEAM SALARY (Art, I §1 (nnn)):  -  col3: 153505778.5 -> 162505778.5, col4: 109382828 -> 118832828, col9: 327453740.9 -> 345903740.9"
2026-08-04 12:54:59,SHEETS,CHANGED,"BKN  CHANGED Players Under Contract  -  col3: 151056357.5 -> 160056357.5, col4: 109382828 -> 118832828"
2026-08-04 12:54:59,SHEETS,CHANGED,"BKN  CHANGED Full Season Contracts  -  col3: 151056357.5 -> 160056357.5, col4: 109382828 -> 118832828"
2026-08-04 12:54:59,SHEETS,CHANGED,"BKN  CHANGED Avg, Salary (Mean) (ALL Compensation Obligations)  -  col6: 14 -> 15"
2026-08-04 12:54:59,SHEETS,CHANGED,"BKN  CHANGED Avg, Salary (Mean) (No 10-Day K's)  -  col6: 1 -> 0"
2026-08-04 12:54:56,DOCS,REMOVED,2026-27 Veteran Signings  - REMOVED Execution Date: 7/6/26
2026-08-04 12:54:56,DOCS,ADDED,2026-27 Veteran Signings  + ADDED  Execution Date: 8/2/26
2026-08-04 12:49:56,DOCS,REMOVED,"2026-27 Veteran Signings  - REMOVED 27-28 $12,500,000"
2026-08-04 12:49:56,DOCS,REMOVED,"2026-27 Veteran Signings  - REMOVED 28-29 $13,500,000"
2026-08-04 12:49:56,DOCS,REMOVED,"2026-27 Veteran Signings  - REMOVED 29-30 $14,500,000"
2026-08-04 12:49:56,DOCS,REMOVED,"2026-27 Veteran Signings  - REMOVED 4 Years for $56,000,000. Veteran Extension. Insurance Premium Reimbursement. Skill; Injury or Illness; Mental."
2026-08-04 12:49:56,DOCS,ADDED,"2026-27 Veteran Signings  + ADDED  27-28 $18,195,600"
2026-08-04 12:49:56,DOCS,ADDED,"2026-27 Veteran Signings  + ADDED  28-29 $17,323,584"
2026-08-04 12:49:56,DOCS,ADDED,"2026-27 Veteran Signings  + ADDED  29-30 $16,680,816"
2026-08-04 12:49:56,DOCS,ADDED,"2026-27 Veteran Signings  + ADDED  4 Years for $52,200,000. Veteran Extension. Advance Payment ($7,830,000). Insurance Premium Reimbursement. Skill; Injury or Illness; Mental."
2026-08-04 12:48:56,DOCS,REMOVED,"2026-27 Veteran Signings  - REMOVED Update 1.3 (7/18/26): K. Bufkin, M. Cisse, I. Crawford, D. Green, H. Ingram, L. James, S. Jones, C. Koloko, D. Melton, G. Payton, J. Phillips, J. Tate, M. Thybulle, O. Tshiebwe, J. Walsh"
2026-08-04 12:48:56,DOCS,ADDED,"2026-27 Veteran Signings  + ADDED  Update 1.3 (7/18/26): K. Bufkin, M. Cisse, I. Crawford, D. Green, H. Ingram, L. James, S. Jones, C. Koloko, N. Marshall, D. Melton, G. Payton, J. Phillips, J. Tate, M. Thybulle, O. Tshiebwe, J. Walsh"
2026-08-04 12:48:56,DOCS,ADDED,2026-27 Veteran Signings  + ADDED  Naji Marshall Dallas Mavericks
2026-08-04 12:48:56,DOCS,ADDED,"2026-27 Veteran Signings  + ADDED  27-28 $12,500,000"
2026-08-04 12:48:56,DOCS,ADDED,"2026-27 Veteran Signings  + ADDED  28-29 $13,500,000"
2026-08-04 12:48:56,DOCS,ADDED,"2026-27 Veteran Signings  + ADDED  29-30 $14,500,000"
2026-08-04 12:48:56,DOCS,ADDED,"2026-27 Veteran Signings  + ADDED  4 Years for $56,000,000. Veteran Extension. Insurance Premium Reimbursement. Skill; Injury or Illness; Mental."
2026-08-04 12:48:56,DOCS,ADDED,2026-27 Veteran Signings  + ADDED  Execution Date: 7/6/26
2026-08-04 12:47:59,SHEETS,CHANGED,"DAL  CHANGED Marshall, Naji  -  col4: - -> 18195600.0, col5: - -> 17323584.0, col6: - -> 16680816.0, col9: 9428571 -> 61628571"
2026-08-04 12:47:59,SHEETS,CHANGED,"DAL  CHANGED TEAM SALARY (Art, I §1 (nnn)):  -  col4: 169037737.6 -> 187233337.6, col5: 72082739 -> 89406323, col6: 40339896.24 -> 57020712.24, col9: 505632439.7 -> 557832439.7"
2026-08-04 12:47:59,SHEETS,CHANGED,"DAL  CHANGED Players Under Contract  -  col4: 165826521.4 -> 184022121.4, col5: 72082739 -> 89406323, col6: 40339896.24 -> 57020712.24"
2026-08-04 12:47:59,SHEETS,CHANGED,"DAL  CHANGED Full Season Contracts  -  col4: 165826521.4 -> 184022121.4, col5: 72082739 -> 89406323, col6: 40339896.24 -> 57020712.24"
2026-08-04 12:45:57,DOCS,ADDED,2026-27 Veteran Signings  + ADDED  De’Anthony Melton Golden State Warriors
2026-08-04 12:45:57,DOCS,ADDED,"2026-27 Veteran Signings  + ADDED  26-27 $6,064,000"
2026-08-04 12:45:57,DOCS,ADDED,"2026-27 Veteran Signings  + ADDED  27-28 $6,367,200 (Player Option)"
2026-08-04 12:45:57,DOCS,ADDED,"2026-27 Veteran Signings  + ADDED  2 Years for $12,431,200. Taxpayer Mid-Level Exception. Player option to extend the contract to include the 2027-28 Season. Insurance Premium Reimbursement. Skill; Injury or Illness; Mental. Love of the Game. Physical Exam. Alt. 7(b)."
2026-08-04 12:45:57,DOCS,ADDED,2026-27 Veteran Signings  + ADDED  Execution Date: 7/31/26
2026-08-04 12:45:02,SHEETS,REMOVED,"GOS  - REMOVED Melton, De'Anthony #2"
2026-08-04 12:45:02,SHEETS,CHANGED,"GOS  CHANGED TEAM SALARY (Art, I §1 (nnn)):  -  col3: 253053147.3 -> 246989147.3, col4: 67250606 -> 60883406, col9: 344015148.7 -> 331583948.7"
2026-08-04 12:45:02,SHEETS,CHANGED,"GOS  CHANGED Players Under Contract  -  col3: 222003589.3 -> 215939589.3, col4: 67250606 -> 60883406"
2026-08-04 12:45:02,SHEETS,CHANGED,"GOS  CHANGED Full Season Contracts  -  col3: 222003589.3 -> 215939589.3, col4: 67250606 -> 60883406"
2026-08-04 12:45:02,SHEETS,CHANGED,"GOS  CHANGED Avg, Salary (Mean) (ALL Compensation Obligations)  -  col6: 14 -> 13"
2026-08-04 12:45:02,SHEETS,CHANGED,"GOS  CHANGED Avg, Salary (Mean) (No 10-Day K's)  -  col6: 1 -> 2"
2026-08-04 12:45:02,SHEETS,CHANGED,Luxury Tax Calculator  CHANGED Luxury Tax  -  col11: 21575589.25 -> 15511589.25
2026-08-04 12:45:02,SHEETS,CHANGED,Luxury Tax Calculator  CHANGED 3rd Incremental Tax Bracket  -  col11: 31267500 -> 22778740.88
2026-08-04 12:45:02,SHEETS,CHANGED,Luxury Tax Calculator  CHANGED 4th Incremental Tax Bracket  -  col11: 30513977.44 -> 0
2026-08-04 12:45:02,SHEETS,CHANGED,Luxury Tax Calculator  CHANGED Tax Liability  -  col11: 97312727.44 -> 58309990.88
2026-08-04 12:44:57,DOCS,REMOVED,"2026-27 Veteran Signings  - REMOVED Update 1.3 (7/18/26): K. Bufkin, M. Cisse, I. Crawford, D. Green, H. Ingram, L. James, S. Jones, C. Koloko, G. Payton, J. Phillips, J. Tate, M. Thybulle, O. Tshiebwe, J. Walsh"
2026-08-04 12:44:57,DOCS,ADDED,"2026-27 Veteran Signings  + ADDED  Update 1.3 (7/18/26): K. Bufkin, M. Cisse, I. Crawford, D. Green, H. Ingram, L. James, S. Jones, C. Koloko, D. Melton, G. Payton, J. Phillips, J. Tate, M. Thybulle, O. Tshiebwe, J. Walsh"
2026-08-04 12:43:59,SHEETS,ADDED,"GOS  + ADDED  Melton, De'Anthony #2"
2026-08-04 12:43:59,SHEETS,CHANGED,"GOS  CHANGED Melton, De'Anthony  -  TEAM SALARY CAP REPORT
       -  GOLDEN STATE WARRIORS: 4 - CAP HOLD -> 1 - FULL SEASON, col3: 2449421.0 -> 6064000.0, col4: - -> 6367200.0, col9: 2449421 -> 12431200"
2026-08-04 12:43:59,SHEETS,CHANGED,"GOS  CHANGED TEAM SALARY (Art, I §1 (nnn)):  -  col3: 243374568.3 -> 253053147.3, col4: 54516206 -> 67250606, col9: 321602169.7 -> 344015148.7"
2026-08-04 12:43:59,SHEETS,CHANGED,"GOS  CHANGED Players Under Contract  -  col3: 209875589.3 -> 222003589.3, col4: 54516206 -> 67250606"
2026-08-04 12:43:59,SHEETS,CHANGED,"GOS  CHANGED Full Season Contracts  -  col3: 209875589.3 -> 222003589.3, col4: 54516206 -> 67250606"
2026-08-04 12:43:59,SHEETS,CHANGED,GOS  CHANGED Cap Holds  -  col3: 33498979 -> 31049558
2026-08-04 12:43:59,SHEETS,CHANGED,"GOS  CHANGED Avg, Salary (Mean) (ALL Compensation Obligations)  -  col6: 12 -> 14"
2026-08-04 12:43:59,SHEETS,CHANGED,"GOS  CHANGED Avg, Salary (Mean) (No 10-Day K's)  -  col6: 3 -> 1"
2026-08-04 12:43:59,SHEETS,CHANGED,"GOS  CHANGED Avg, Salary (Mean) (No 10-Day K's & ROS)  -  col6: 1 -> 0"
2026-08-04 12:43:59,SHEETS,CHANGED,Luxury Tax Calculator  CHANGED Luxury Tax  -  col11: 9447589.25 -> 21575589.25
2026-08-04 12:43:59,SHEETS,CHANGED,Luxury Tax Calculator  CHANGED 2nd Incremental Tax Bracket  -  col11: 12228415.06 -> 18476250
2026-08-04 12:43:59,SHEETS,CHANGED,Luxury Tax Calculator  CHANGED 3rd Incremental Tax Bracket  -  col11: 0 -> 31267500
2026-08-04 12:43:59,SHEETS,CHANGED,Luxury Tax Calculator  CHANGED 4th Incremental Tax Bracket  -  col11: 0 -> 30513977.44
2026-08-04 12:43:59,SHEETS,CHANGED,Luxury Tax Calculator  CHANGED Tax Liability  -  col11: 29283415.06 -> 97312727.44
2026-08-04 12:42:56,DOCS,REMOVED,2026-27 Veteran Signings  - REMOVED Minimum Salary Exception. Insurance Premium ReimbuSkill; Injury or Illness; Death. Love of the Game. Physical Exam. Alt. 7(b).
2026-08-04 12:42:56,DOCS,REMOVED,2026-27 Veteran Signings  - REMOVED Execution Date: 7/6/26
2026-08-04 12:42:56,DOCS,ADDED,2026-27 Veteran Signings  + ADDED  Minimum Salary Exception. Insurance Premium Reimbursement. Skill; Injury or Illness. Love of the Game. Physical Exam. Alt. 7(b).
2026-08-04 12:42:56,DOCS,ADDED,2026-27 Veteran Signings  + ADDED  Execution Date: 8/1/26
2026-08-04 12:42:02,SHEETS,REMOVED,"GOS  - REMOVED Payton II, Gary #2"
2026-08-04 12:42:02,SHEETS,CHANGED,"GOS  CHANGED TEAM SALARY (Art, I §1 (nnn)):  -  col3: 245823989.3 -> 243374568.3, col9: 324051590.7 -> 321602169.7"
2026-08-04 12:42:02,SHEETS,CHANGED,GOS  CHANGED Players Under Contract  -  col3: 212325010.3 -> 209875589.3
2026-08-04 12:42:02,SHEETS,CHANGED,GOS  CHANGED Full Season Contracts  -  col3: 212325010.3 -> 209875589.3
2026-08-04 12:42:02,SHEETS,CHANGED,"GOS  CHANGED Avg, Salary (Mean) (ALL Compensation Obligations)  -  col6: 13 -> 12"
2026-08-04 12:42:02,SHEETS,CHANGED,"GOS  CHANGED Avg, Salary (Mean) (No 10-Day K's)  -  col6: 2 -> 3"
2026-08-04 12:42:02,SHEETS,CHANGED,"GOS  CHANGED Avg, Salary (Mean) (No 10-Day K's & ROS)  -  col6: 0 -> 1"
2026-08-04 12:42:02,SHEETS,CHANGED,Luxury Tax Calculator  CHANGED Luxury Tax  -  col11: 11897010.25 -> 9447589.25
2026-08-04 12:42:02,SHEETS,CHANGED,Luxury Tax Calculator  CHANGED 2nd Incremental Tax Bracket  -  col11: 18476250 -> 12228415.06
2026-08-04 12:42:02,SHEETS,CHANGED,Luxury Tax Calculator  CHANGED 3rd Incremental Tax Bracket  -  col11: 2898556.375 -> 0
2026-08-04 12:42:02,SHEETS,CHANGED,Luxury Tax Calculator  CHANGED Tax Liability  -  col11: 38429806.38 -> 29283415.06
2026-08-04 12:41:58,DOCS,REMOVED,"2026-27 Veteran Signings  - REMOVED Update 1.3 (7/18/26): K. Bufkin, M. Cisse, I. Crawford, D. Green, H. Ingram, L. James, S. Jones, C. Koloko, J. Phillips, J. Tate, M. Thybulle, O. Tshiebwe, J. Walsh"
2026-08-04 12:41:58,DOCS,ADDED,"2026-27 Veteran Signings  + ADDED  Update 1.3 (7/18/26): K. Bufkin, M. Cisse, I. Crawford, D. Green, H. Ingram, L. James, S. Jones, C. Koloko, G. Payton, J. Phillips, J. Tate, M. Thybulle, O. Tshiebwe, J. Walsh"
2026-08-04 12:41:58,DOCS,ADDED,2026-27 Veteran Signings  + ADDED  Gary Payton II Golden State Warriors
2026-08-04 12:41:58,DOCS,ADDED,"2026-27 Veteran Signings  + ADDED  26-27 $3,876,529"
2026-08-04 12:41:58,DOCS,ADDED,2026-27 Veteran Signings  + ADDED  Minimum Salary Exception. Insurance Premium ReimbuSkill; Injury or Illness; Death. Love of the Game. Physical Exam. Alt. 7(b).
2026-08-04 12:41:58,DOCS,ADDED,2026-27 Veteran Signings  + ADDED  Execution Date: 7/6/26
2026-08-04 12:41:04,SHEETS,ADDED,"GOS  + ADDED  Payton II, Gary #2"
2026-08-04 12:41:04,SHEETS,CHANGED,"GOS  CHANGED Payton II, Gary  -  TEAM SALARY CAP REPORT
       -  GOLDEN STATE WARRIORS: 4 - CAP HOLD -> 1 - FULL SEASON"
2026-08-04 12:41:04,SHEETS,CHANGED,"GOS  CHANGED TEAM SALARY (Art, I §1 (nnn)):  -  col3: 243374568.3 -> 245823989.3, col9: 321602169.7 -> 324051590.7"
2026-08-04 12:41:04,SHEETS,CHANGED,GOS  CHANGED Players Under Contract  -  col3: 207426168.3 -> 212325010.3
2026-08-04 12:41:04,SHEETS,CHANGED,GOS  CHANGED Full Season Contracts  -  col3: 207426168.3 -> 212325010.3
2026-08-04 12:41:04,SHEETS,CHANGED,GOS  CHANGED Cap Holds  -  col3: 35948400 -> 33498979
2026-08-04 12:41:04,SHEETS,CHANGED,"GOS  CHANGED Avg, Salary (Mean) (ALL Compensation Obligations)  -  col6: 11 -> 13"
2026-08-04 12:41:04,SHEETS,CHANGED,"GOS  CHANGED Avg, Salary (Mean) (No 10-Day K's)  -  col6: 4 -> 2"
2026-08-04 12:41:04,SHEETS,CHANGED,"GOS  CHANGED Avg, Salary (Mean) (No 10-Day K's & ROS)  -  col6: 2 -> 0"
2026-08-04 12:41:04,SHEETS,CHANGED,Luxury Tax Calculator  CHANGED Luxury Tax  -  col11: 6998168.25 -> 11897010.25
2026-08-04 12:41:04,SHEETS,CHANGED,Luxury Tax Calculator  CHANGED 2nd Incremental Tax Bracket  -  col11: 4267796.813 -> 18476250
2026-08-04 12:41:04,SHEETS,CHANGED,Luxury Tax Calculator  CHANGED 3rd Incremental Tax Bracket  -  col11: 0 -> 2898556.375
2026-08-04 12:41:04,SHEETS,CHANGED,Luxury Tax Calculator  CHANGED Tax Liability  -  col11: 21322796.81 -> 38429806.38
2026-08-04 10:14:55,PLAYERS,CHANGED,~ CHANGED Mario Hezonja  number: 44 -> 10
2026-08-04 09:17:54,PLAYERS,REMOVED,- REMOVED Josh Oduro (NOP)
2026-08-03 11:14:55,PLAYERS,CHANGED,~ CHANGED Vít Krejčí  name: Vit Krejci -> Vít Krejčí
2026-08-03 10:59:54,PLAYERS,CHANGED,~ CHANGED Vit Krejci  name: Vít Krejčí -> Vit Krejci
2026-08-03 09:59:58,SHEETS,ADDED,"NOL  + ADDED  Koloko, Christian"
2026-08-03 09:59:58,SHEETS,REMOVED,"NOL  - REMOVED Koloko,Christian"
2026-08-03 09:14:39,SHEETS,CHANGED,"GOS  CHANGED Green, Draymond  -  TEAM SALARY CAP REPORT
       -  GOLDEN STATE WARRIORS: 4 - CAP HOLD -> 1 - FULL SEASON, col3: 38839285.5 -> 27678571.0, col9: 38839285.5 -> 27678571"
2026-08-03 09:14:39,SHEETS,CHANGED,"GOS  CHANGED TEAM SALARY (Art, I §1 (nnn)):  -  col3: 254535282.8 -> 243374568.3, col9: 332762884.2 -> 321602169.7"
2026-08-03 09:14:39,SHEETS,CHANGED,GOS  CHANGED Players Under Contract  -  col3: 179747597.3 -> 207426168.3
2026-08-03 09:14:39,SHEETS,CHANGED,GOS  CHANGED Full Season Contracts  -  col3: 179747597.3 -> 207426168.3
2026-08-03 09:14:39,SHEETS,CHANGED,GOS  CHANGED Cap Holds  -  col3: 74787685.5 -> 35948400
2026-08-03 09:14:39,SHEETS,CHANGED,"GOS  CHANGED Avg, Salary (Mean) (ALL Compensation Obligations)  -  col6: 10 -> 11"
2026-08-03 09:14:39,SHEETS,CHANGED,"GOS  CHANGED Avg, Salary (Mean) (No 10-Day K's)  -  col6: 5 -> 4"
2026-08-03 09:14:39,SHEETS,CHANGED,"GOS  CHANGED Avg, Salary (Mean) (No 10-Day K's & ROS)  -  col6: 3 -> 2"
2026-08-03 09:14:39,SHEETS,CHANGED,"MEM  CHANGED Lopez, Karim  -  TEAM SALARY CAP REPORT
       -  MEMPHIS GRIZZLIES: 6 - DRAFT PICK -> 1 - FULL SEASON"
2026-08-03 09:14:39,SHEETS,CHANGED,"MEM  CHANGED Players Under Contract  -  col3: 134017042.9 -> 137763802.9, col4: 114196262.9 -> 118130582.9, col5: 39510620 -> 43632380, col6: 16476088.32 -> 23042052"
2026-08-03 09:14:39,SHEETS,CHANGED,"MEM  CHANGED Full Season Contracts  -  col3: 134017042.9 -> 137763802.9, col4: 114196262.9 -> 118130582.9, col5: 39510620 -> 43632380, col6: 16476088.32 -> 23042052"
2026-08-03 09:14:39,SHEETS,CHANGED,"MEM  CHANGED Draft Picks  -  col3: 3746760 -> 0, col4: 3934320 -> 0, col5: 4121760 -> 0, col6: 6565963.68 -> 0"
2026-08-03 09:14:39,SHEETS,CHANGED,"MEM  CHANGED Avg, Salary (Mean) (ALL Compensation Obligations)  -  col6: 18 -> 19"
2026-08-03 09:14:39,SHEETS,ADDED,"NOL  + ADDED  Koloko,Christian"
2026-08-03 09:14:39,SHEETS,CHANGED,"NOL  CHANGED TEAM SALARY (Art, I §1 (nnn)):  -  col3: 215388271.8 -> 217837692.8, col9: 469029226.5 -> 471478647.5"
2026-08-03 09:14:39,SHEETS,CHANGED,NOL  CHANGED Players Under Contract  -  col3: 194656740.9 -> 197106161.9
2026-08-03 09:14:39,SHEETS,CHANGED,NOL  CHANGED Full Season Contracts  -  col3: 194656740.9 -> 197106161.9
2026-08-03 09:14:39,SHEETS,CHANGED,"NOL  CHANGED Avg, Salary (Mean) (ALL Compensation Obligations)  -  col6: 15 -> 16"
2026-08-03 09:14:39,SHEETS,CHANGED,Luxury Tax Calculator  CHANGED Luxury Tax  -  col11: 0 -> 6998168.25
2026-08-03 09:14:39,SHEETS,CHANGED,Luxury Tax Calculator  CHANGED 1st Incremental Tax Bracket  -  col11: 0 -> 17055000
2026-08-03 09:14:39,SHEETS,CHANGED,Luxury Tax Calculator  CHANGED 2nd Incremental Tax Bracket  -  col11: 0 -> 4267796.813
2026-08-03 09:14:39,SHEETS,CHANGED,Luxury Tax Calculator  CHANGED Tax Liability  -  col11: 0 -> 21322796.81
2026-08-03 09:14:33,DOCS,REMOVED,"2026-27 Veteran Signings  - REMOVED Update 1.3 (7/18/26): K. Bufkin, M. Cisse, I. Crawford, H. Ingram, L. James, S. Jones, J. Phillips, J. Tate, M. Thybulle, O. Tshiebwe, J. Walsh"
2026-08-03 09:14:33,DOCS,ADDED,"2026-27 Veteran Signings  + ADDED  Update 1.3 (7/18/26): K. Bufkin, M. Cisse, I. Crawford, D. Green, H. Ingram, L. James, S. Jones, C. Koloko, J. Phillips, J. Tate, M. Thybulle, O. Tshiebwe, J. Walsh"
2026-08-03 09:14:33,DOCS,ADDED,2026-27 Veteran Signings  + ADDED  Draymond Green Golden State Warriors
2026-08-03 09:14:33,DOCS,ADDED,"2026-27 Veteran Signings  + ADDED  26-27 $27,678,571"
2026-08-03 09:14:33,DOCS,ADDED,"2026-27 Veteran Signings  + ADDED  Bird Exception. Advance Payment ($13,839,286). Player Trade Consent. Skill; Injury or Illness; Mental; Death. Trade Kicker (15%). Love of the Game. Alt. 7(b)."
2026-08-03 09:14:33,DOCS,ADDED,2026-27 Veteran Signings  + ADDED  Execution Date: 7/29/26
2026-08-03 09:14:33,DOCS,ADDED,2026-27 Veteran Signings  + ADDED  Christian Koloko New Orleans Pelicans
2026-08-03 09:14:33,DOCS,ADDED,"2026-27 Veteran Signings  + ADDED  26-27 $2,625,627"
2026-08-03 09:14:33,DOCS,ADDED,2026-27 Veteran Signings  + ADDED  Minimum Salary Exception. Physical Exam. Exh. 9 - Training Camp.
2026-08-03 09:14:33,DOCS,ADDED,2026-27 Veteran Signings  + ADDED  Execution Date: 7/28/26
2026-08-03 09:14:33,DOCS,REMOVED,2026-27 Rookie Signings  - REMOVED Update 1.3 (7/18/26):
2026-08-03 09:14:33,DOCS,ADDED,2026-27 Rookie Signings  + ADDED  Update 1.3 (7/18/26): K. Lopez
2026-08-03 09:14:33,DOCS,ADDED,2026-27 Rookie Signings  + ADDED  #21 Kareem Lopez Memphis Grizzlies
2026-08-03 09:14:33,DOCS,ADDED,"2026-27 Rookie Signings  + ADDED  26-27 $3,746,760"
2026-08-03 09:14:33,DOCS,ADDED,"2026-27 Rookie Signings  + ADDED  27-28 $3,834,320 ($3,934,320)"
2026-08-03 09:14:33,DOCS,ADDED,"2026-27 Rookie Signings  + ADDED  28-29 $4,121,760 (Team Option)"
2026-08-03 09:14:33,DOCS,ADDED,"2026-27 Rookie Signings  + ADDED  29-30 $6,565,964 (Team Option)"
2026-08-03 09:14:33,DOCS,ADDED,"2026-27 Rookie Signings  + ADDED  120% (with likely to be earned bonuses - Summer League and Summer Conditioning). Rookie Scale Exception. Advance Payment ($400,000). Insurance Premium Reimbursement. Skill; Injury or Illness; Mental. Love of the Game. Physical Exam. Alt. 7(b)."
2026-08-03 09:14:33,DOCS,ADDED,2026-27 Rookie Signings  + ADDED  Execution Date: 7/29/26
2026-08-02 17:09:54,PLAYERS,CHANGED,~ CHANGED Jeremy Sochan  team: NYK -> POR
2026-08-02 14:39:55,TRANSACTIONS,Signing,2026-08-02  Dallas Mavericks re-signed forward Naji Marshall to a Veteran Extension.
2026-08-02 12:41:55,TRANSACTIONS,Signing,2026-08-01  Golden State Warriors re-signed guard Gary Payton II to a Contract.
2026-07-31 19:13:54,PLAYERS,CHANGED,~ CHANGED De'Anthony Melton  school: USC -> Southern California
2026-07-31 18:09:55,PLAYERS,CHANGED,~ CHANGED De'Anthony Melton  school: Southern California -> USC
2026-07-31 18:04:54,PLAYERS,CHANGED,~ CHANGED De'Anthony Melton  school: USC -> Southern California
2026-07-31 17:29:54,PLAYERS,CHANGED,~ CHANGED De'Anthony Melton  school: Southern California -> USC
2026-07-31 17:28:54,PLAYERS,CHANGED,~ CHANGED De'Anthony Melton  school: USC -> Southern California
2026-07-31 17:27:54,PLAYERS,CHANGED,~ CHANGED De'Anthony Melton  school: Southern California -> USC
2026-07-31 17:18:55,TRANSACTIONS,Signing,2026-07-31  Golden State Warriors re-signed guard De'Anthony Melton to a Contract.
2026-07-31 10:04:54,PLAYERS,CHANGED,~ CHANGED Bogoljub Marković  name: Bogoljub Markovic -> Bogoljub Marković
2026-07-31 09:14:54,PLAYERS,CHANGED,~ CHANGED Bogoljub Markovic  name: Bogoljub Marković -> Bogoljub Markovic
2026-07-31 08:31:16,TRANSACTIONS,Signing,2026-07-31  Denver Nuggets signed forward Spencer Jones to a Contract.
2026-07-31 08:31:16,TRANSACTIONS,Signing,2026-07-31  Brooklyn Nets signed forward Moritz Wagner to a Contract.
2026-07-31 08:31:16,TRANSACTIONS,Signing,2026-07-31  Cleveland Cavaliers signed forward Mario Hezonja to a Contract.
2026-07-31 01:59:06,PLAYERS,ADDED,+ ADDED   Mario Hezonja (CLE)
2026-07-31 01:59:06,PLAYERS,REMOVED,- REMOVED Tyson Etienne (BKN)
2026-07-31 01:59:06,PLAYERS,REMOVED,- REMOVED E.J. Liddell (BKN)
2026-07-31 01:59:06,PLAYERS,CHANGED,~ CHANGED Moritz Wagner  team: ORL -> BKN
2026-07-30 16:36:59,SHEETS,REMOVED,"MIN  - REMOVED Gueye, Mouhamadou"
2026-07-30 16:36:59,SHEETS,CHANGED,"MIN  CHANGED TEAM SALARY (Art, I §1 (nnn)):  -  col3: 255593975 -> 253182885, col9: 673646208.6 -> 671235118.6"
2026-07-30 16:36:59,SHEETS,CHANGED,MIN  CHANGED Players Under Contract  -  col3: 217886457 -> 215475367
2026-07-30 16:36:59,SHEETS,CHANGED,MIN  CHANGED Full Season Contracts  -  col3: 217886457 -> 215475367
2026-07-30 16:36:59,SHEETS,CHANGED,"MIN  CHANGED Avg, Salary (Mean) (ALL Compensation Obligations)  -  col6: 14 -> 13"
2026-07-30 16:36:59,SHEETS,CHANGED,"MIN  CHANGED Avg, Salary (Mean) (No 10-Day K's)  -  col6: 1 -> 2"
2026-07-30 16:36:59,SHEETS,CHANGED,Luxury Tax Calculator  CHANGED Luxury Tax  -  col19: 17458457 -> 15047367
2026-07-30 16:36:59,SHEETS,CHANGED,Luxury Tax Calculator  CHANGED 3rd Incremental Tax Bracket  -  col19: 19897500 -> 12870784.5
2026-07-30 16:36:59,SHEETS,CHANGED,Luxury Tax Calculator  CHANGED 4th Incremental Tax Bracket  -  col19: 1916420.75 -> 0
2026-07-30 16:36:59,SHEETS,CHANGED,Luxury Tax Calculator  CHANGED Tax Liability  -  col19: 34605170.75 -> 25662034.5
2026-07-30 15:05:55,PLAYERS,REMOVED,- REMOVED Mouhamadou Gueye (CHA)
2026-07-30 14:38:55,TRANSACTIONS,Waive,2026-07-30  Charlotte Hornets waived forward Mouhamadou Gueye.
2026-07-30 08:54:55,TRANSACTIONS,Signing,2026-07-29  Memphis Grizzlies signed forward Karim Lopez to a Rookie Scale Contract.
2026-07-29 19:21:55,TRANSACTIONS,Signing,2026-07-29  Golden State Warriors re-signed forward Draymond Green to a Contract.
2026-07-29 14:02:57,PLAYERS,CHANGED,~ CHANGED Jordan McLaughlin  school: USC -> Southern California
2026-07-29 13:13:54,PLAYERS,CHANGED,~ CHANGED Jordan McLaughlin  school: Southern California -> USC
2026-07-29 10:02:54,PLAYERS,REMOVED,- REMOVED Joe Ingles (MIN)
2026-07-29 10:02:54,PLAYERS,CHANGED,~ CHANGED DeAndre Jordan  number: 9 -> 6
2026-07-29 10:02:54,PLAYERS,CHANGED,~ CHANGED Jaron Pierre Jr.  number: - -> 10
2026-07-29 09:00:54,PLAYERS,CHANGED,~ CHANGED Terrence Shannon Jr  name: Terrence Shannon Jr. -> Terrence Shannon Jr
2026-07-29 09:00:54,PLAYERS,CHANGED,~ CHANGED Terrence Shannon Jr  number: 1 -> 4
2026-07-29 09:00:54,PLAYERS,CHANGED,~ CHANGED Jaylen Clark  number: 22 -> 7
2026-07-29 09:00:54,PLAYERS,CHANGED,~ CHANGED Isaiah Evans  number: - -> 33
2026-07-29 09:00:54,PLAYERS,CHANGED,~ CHANGED Trey Kaufman-Renn  number: - -> 14
2026-07-29 09:00:54,PLAYERS,CHANGED,~ CHANGED Trey Kaufman-Renn  position: - -> F
2026-07-29 09:00:54,PLAYERS,CHANGED,~ CHANGED Trey Kaufman-Renn  height: - -> 6-9
2026-07-29 09:00:54,PLAYERS,CHANGED,~ CHANGED Trey Kaufman-Renn  weight: - -> 230
2026-07-29 09:00:54,PLAYERS,CHANGED,~ CHANGED Trey Kaufman-Renn  country: - -> USA
2026-07-29 06:15:55,DOCS,ADDED,2026-27 Two-Way Signings  + ADDED  Arthur Kaluma Los Angeles Lakers
2026-07-29 06:15:55,DOCS,ADDED,"2026-27 Two-Way Signings  + ADDED  1 Year. Skill; Injury or Illness; Mental; Death. Compensation protection for 2026-27 Season is for $91,000 but will increase to 50% if team has not requested waivers on player on or before the first day of the 2026-27 Regular Season. Love of the Game. Physical Exam. Alt. 7(b)."
2026-07-29 06:15:55,DOCS,ADDED,2026-27 Two-Way Signings  + ADDED  Execution Date: 7/21/26
2026-07-29 06:14:55,DOCS,REMOVED,"2026-27 Two-Way Signings  - REMOVED Update 1.3 (7/18/26): H. Dickinson, V. Goldin, J. Howard, D. Jones Garcia, J. Pierre, J. Slawson, J. Tonje, J. Wilson"
2026-07-29 06:14:55,DOCS,ADDED,"2026-27 Two-Way Signings  + ADDED  Update 1.3 (7/18/26): H. Dickinson, V. Goldin, J. Howard, D. Jones Garcia, A. Kaluma, J. Pierre, J. Slawson, J. Tonje, J. Wilson"
2026-07-29 06:14:55,DOCS,REMOVED,"2026-27 Two-Way Signings  - REMOVED 1 Year. Skill; Injury or Illness. Compensation protection for 2026-27 Season is for $91,000 but will increase to 50% if team has not requested waivers on player on or before the first day of the 2026-27 Regular Season. Love of the Game. Physical Exam. Alt. 7(b)."
2026-07-29 06:14:55,DOCS,REMOVED,2026-27 Two-Way Signings  - REMOVED Execution Date: 7/3/26
2026-07-29 06:14:55,DOCS,ADDED,"2026-27 Two-Way Signings  + ADDED  1 Year. Skill; Injury or Illness; Mental; Death. Compensation protection for 2026-27 Season is for $91,000 but will increase to 50% if team has not requested waivers on player on or before the first day of the 2026-27 Regular Season. Love of the Game. Physical Exam. Alt. 7(b)."
2026-07-29 06:14:55,DOCS,ADDED,2026-27 Two-Way Signings  + ADDED  Execution Date: 7/20/26
2026-07-29 06:13:55,DOCS,REMOVED,"2026-27 Two-Way Signings  - REMOVED Update 1.3 (7/18/26): H. Dickinson, V. Goldin, D. Jones Garcia, J. Pierre, J. Slawson, J. Tonje, J. Wilson"
2026-07-29 06:13:55,DOCS,ADDED,"2026-27 Two-Way Signings  + ADDED  Update 1.3 (7/18/26): H. Dickinson, V. Goldin, J. Howard, D. Jones Garcia, J. Pierre, J. Slawson, J. Tonje, J. Wilson"
2026-07-29 06:13:55,DOCS,ADDED,2026-27 Two-Way Signings  + ADDED  Jett Howard Dallas Mavericks
2026-07-29 06:13:55,DOCS,ADDED,"2026-27 Two-Way Signings  + ADDED  1 Year. Skill; Injury or Illness. Compensation protection for 2026-27 Season is for $91,000 but will increase to 50% if team has not requested waivers on player on or before the first day of the 2026-27 Regular Season. Love of the Game. Physical Exam. Alt. 7(b)."
2026-07-29 06:13:55,DOCS,ADDED,2026-27 Two-Way Signings  + ADDED  Execution Date: 7/3/26
2026-07-29 06:12:55,DOCS,ADDED,2026-27 Two-Way Signings  + ADDED  Jaron Pierre Jr. (2026 NBA DRAFT) New Orleans Pelicans
2026-07-29 06:12:55,DOCS,ADDED,"2026-27 Two-Way Signings  + ADDED  1 Year. Skill; Injury or Illness. Compensation protection for 2026-27 Season is for $91,000 but will increase to 50% if team has not requested waivers on player on or before the first day of the 2026-27 Regular Season. Love of the Game. Physical Exam. Alt. 7(b)."
2026-07-29 06:12:55,DOCS,ADDED,2026-27 Two-Way Signings  + ADDED  Execution Date: 7/23/26
2026-07-29 06:11:55,DOCS,REMOVED,"2026-27 Two-Way Signings  - REMOVED Update 1.3 (7/18/26): H. Dickinson, V. Goldin, D. Jones Garcia, J. Slawson, J. Tonje, J. Wilson"
2026-07-29 06:11:55,DOCS,ADDED,"2026-27 Two-Way Signings  + ADDED  Update 1.3 (7/18/26): H. Dickinson, V. Goldin, D. Jones Garcia, J. Pierre, J. Slawson, J. Tonje, J. Wilson"
2026-07-29 06:10:57,SHEETS,ADDED,"HOU  + ADDED  Tshiebwe, Oscar"
2026-07-29 06:10:57,SHEETS,CHANGED,"HOU  CHANGED TEAM SALARY (Art, I §1 (nnn)):  -  col3: 217430683 -> 219880104, col9: 601134416.3 -> 603583837.3"
2026-07-29 06:10:57,SHEETS,CHANGED,HOU  CHANGED Players Under Contract  -  col3: 205447883 -> 207897304
2026-07-29 06:10:57,SHEETS,CHANGED,HOU  CHANGED Full Season Contracts  -  col3: 205447883 -> 207897304
2026-07-29 06:10:57,SHEETS,CHANGED,"HOU  CHANGED Avg, Salary (Mean) (ALL Compensation Obligations)  -  col6: 16 -> 17"
2026-07-29 06:10:57,SHEETS,CHANGED,Luxury Tax Calculator  CHANGED Luxury Tax  -  col12: 5019883 -> 7469304
2026-07-29 06:10:57,SHEETS,CHANGED,Luxury Tax Calculator  CHANGED 1st Incremental Tax Bracket  -  col12: 5019883 -> 5685000
2026-07-29 06:10:57,SHEETS,CHANGED,Luxury Tax Calculator  CHANGED 2nd Incremental Tax Bracket  -  col12: 0 -> 2230380
2026-07-29 06:10:57,SHEETS,CHANGED,Luxury Tax Calculator  CHANGED Tax Liability  -  col12: 5019883 -> 7915380
2026-07-29 06:10:55,DOCS,REMOVED,2026-27 Veteran Signings  - REMOVED Execution Date: 7/25/26
2026-07-29 06:10:55,DOCS,ADDED,2026-27 Veteran Signings  + ADDED  Execution Date: 7/23/26
2026-07-29 06:09:55,DOCS,REMOVED,"2026-27 Veteran Signings  - REMOVED Update 1.3 (7/18/26): K. Bufkin, M. Cisse, I. Crawford, H. Ingram, L. James, S. Jones, J. Phillips, J. Tate, O. TshiebweM. Thybulle, J. Walsh"
2026-07-29 06:09:55,DOCS,ADDED,"2026-27 Veteran Signings  + ADDED  Update 1.3 (7/18/26): K. Bufkin, M. Cisse, I. Crawford, H. Ingram, L. James, S. Jones, J. Phillips, J. Tate, M. Thybulle, O. Tshiebwe, J. Walsh"
2026-07-29 06:09:55,DOCS,ADDED,2026-27 Veteran Signings  + ADDED  Oscar Tshiebwe Houston Rockets
2026-07-29 06:09:55,DOCS,ADDED,"2026-27 Veteran Signings  + ADDED  26-27 $2,537,526"
2026-07-29 06:09:55,DOCS,ADDED,"2026-27 Veteran Signings  + ADDED  Minimum Salary Exception. Physical Exam. Exh. 9 - Training Camp. Exh. 10 - Affiliate Player ($5,000)."
2026-07-29 06:09:55,DOCS,ADDED,2026-27 Veteran Signings  + ADDED  Execution Date: 7/25/26
2026-07-29 06:08:55,DOCS,REMOVED,"2026-27 Veteran Signings  - REMOVED Update 1.3 (7/18/26): K. Bufkin, M. Cisse, I. Crawford, H. Ingram, L. James, S. Jones, J. Phillips, J. Tate, M. Thybulle, J. Walsh"
2026-07-29 06:08:55,DOCS,ADDED,"2026-27 Veteran Signings  + ADDED  Update 1.3 (7/18/26): K. Bufkin, M. Cisse, I. Crawford, H. Ingram, L. James, S. Jones, J. Phillips, J. Tate, O. TshiebweM. Thybulle, J. Walsh"
2026-07-29 06:03:55,DOCS,ADDED,2026-27 Two-Way Signings  + ADDED  Hunter Dickinson New Orleans Pelicans
2026-07-29 06:03:55,DOCS,ADDED,"2026-27 Two-Way Signings  + ADDED  1 Year. Qualifying Offer. Skill; Injury or Illness. Compensation protection for 2026-27 Season is for $91,000. Love of the Game. Physical Exam. Alt. 7(b)."
2026-07-29 06:03:55,DOCS,ADDED,2026-27 Two-Way Signings  + ADDED  Execution Date: 6/26/26
2026-07-29 06:02:55,DOCS,REMOVED,"2026-27 Two-Way Signings  - REMOVED Update 1.3 (7/18/26): V. Goldin, D. Jones Garcia, J. Slawson, J. Tonje, J. Wilson"
2026-07-29 06:02:55,DOCS,ADDED,"2026-27 Two-Way Signings  + ADDED  Update 1.3 (7/18/26): H. Dickinson, V. Goldin, D. Jones Garcia, J. Slawson, J. Tonje, J. Wilson"
2026-07-29 06:00:55,DOCS,REMOVED,"2026-27 Veteran Signings  - REMOVED 27-28 $5,750,00"
2026-07-29 06:00:55,DOCS,REMOVED,"2026-27 Veteran Signings  - REMOVED 2 Years for $4,757,011. Minimum Salary Exception. Offer Sheet (New York Knicks - Matched). Skill; Injury or Illness; Death. Compensation protection for 2026-27 Season is none but will increase to $1,092,558 if team has not requested waivers on player on or before 9/1/2026 and will increase to full if team has not requested waivers on player on or before 10/1/2026. Compensation protection for 2027-28 Season is none. Love of the Game. Physical Exam. Alt. 7(b)."
2026-07-29 06:00:55,DOCS,REMOVED,2026-27 Veteran Signings  - REMOVED Execution Date: 7/18/26
2026-07-29 06:00:55,DOCS,ADDED,"2026-27 Veteran Signings  + ADDED  27-28 $5,750,000"
2026-07-29 06:00:55,DOCS,ADDED,"2026-27 Veteran Signings  + ADDED  2 Years for $11,750,000. Taxpayer Mid-Level Exception (Partial). Offer Sheet (Oklahoma City Thunder - Matched). Skill; Injury or Illness; Mental. Love of the Game. Physical Exam. Alt. 7(b)."
2026-07-29 06:00:55,DOCS,ADDED,2026-27 Veteran Signings  + ADDED  Execution Date: 7/25/26
2026-07-29 05:59:55,DOCS,REMOVED,"2026-27 Veteran Signings  - REMOVED Update 1.3 (7/18/26): K. Bufkin, M. Cisse, I. Crawford, H. Ingram, L. James, J. Phillips, J. Tate, M. Thybulle, J. Walsh"
2026-07-29 05:59:55,DOCS,ADDED,"2026-27 Veteran Signings  + ADDED  Update 1.3 (7/18/26): K. Bufkin, M. Cisse, I. Crawford, H. Ingram, L. James, S. Jones, J. Phillips, J. Tate, M. Thybulle, J. Walsh"
2026-07-29 05:59:55,DOCS,ADDED,2026-27 Veteran Signings  + ADDED  Spencer Jones Denver Nuggets
2026-07-29 05:59:55,DOCS,ADDED,"2026-27 Veteran Signings  + ADDED  26-27 $6,000,000"
2026-07-29 05:59:55,DOCS,ADDED,"2026-27 Veteran Signings  + ADDED  27-28 $5,750,00"
2026-07-29 05:59:55,DOCS,ADDED,"2026-27 Veteran Signings  + ADDED  2 Years for $4,757,011. Minimum Salary Exception. Offer Sheet (New York Knicks - Matched). Skill; Injury or Illness; Death. Compensation protection for 2026-27 Season is none but will increase to $1,092,558 if team has not requested waivers on player on or before 9/1/2026 and will increase to full if team has not requested waivers on player on or before 10/1/2026. Compensation protection for 2027-28 Season is none. Love of the Game. Physical Exam. Alt. 7(b)."
2026-07-29 05:59:55,DOCS,ADDED,2026-27 Veteran Signings  + ADDED  Execution Date: 7/18/26
2026-07-29 05:58:58,SHEETS,CHANGED,"DEN  CHANGED Jones, Spencer  -  TEAM SALARY CAP REPORT
       -  DENVER NUGGETS: 5 - QUAL OFFER -> 1 - FULL SEASON, col3: 2649421.0 -> 6000000.0, col4: - -> 5750000.0, col9: 2649421 -> 11750000"
2026-07-29 05:58:58,SHEETS,CHANGED,"DEN  CHANGED TEAM SALARY (Art, I §1 (nnn)):  -  col3: 246061002.4 -> 249411581.4, col4: 189779175.4 -> 195529175.4, col9: 644696584.7 -> 653797163.7"
2026-07-29 05:58:58,SHEETS,CHANGED,"DEN  CHANGED Players Under Contract  -  col3: 209011091 -> 215011091, col4: 189779175.4 -> 195529175.4"
2026-07-29 05:58:58,SHEETS,CHANGED,"DEN  CHANGED Full Season Contracts  -  col3: 209011091 -> 215011091, col4: 189779175.4 -> 195529175.4"
2026-07-29 05:58:58,SHEETS,CHANGED,DEN  CHANGED Qualifying Offers  -  col3: 2649421 -> 0
2026-07-29 05:58:58,SHEETS,CHANGED,"DEN  CHANGED Avg, Salary (Mean) (ALL Compensation Obligations)  -  col6: 12 -> 13"
2026-07-29 05:58:58,SHEETS,CHANGED,"DEN  CHANGED Avg, Salary (Mean) (No 10-Day K's)  -  col6: 3 -> 2"
2026-07-29 05:58:58,SHEETS,CHANGED,"DEN  CHANGED Avg, Salary (Mean) (No 10-Day K's & ROS)  -  col6: 1 -> 0"
2026-07-29 05:58:58,SHEETS,CHANGED,Luxury Tax Calculator  CHANGED Luxury Tax  -  col9: 10583091 -> 16583091
2026-07-29 05:58:58,SHEETS,CHANGED,Luxury Tax Calculator  CHANGED 2nd Incremental Tax Bracket  -  col9: 15918795.75 -> 18476250
2026-07-29 05:58:58,SHEETS,CHANGED,Luxury Tax Calculator  CHANGED 3rd Incremental Tax Bracket  -  col9: 0 -> 28672000.5
2026-07-29 05:58:58,SHEETS,CHANGED,Luxury Tax Calculator  CHANGED Tax Liability  -  col9: 32973795.75 -> 64203250.5
2026-07-29 05:56:55,DOCS,REMOVED,2026-27 Veteran Signings  - REMOVED Minimum Salary Exception. Skill; Injury or Illness. Love of the Game. Physical Exam. Alt. 7(b).
2026-07-29 05:56:55,DOCS,REMOVED,2026-27 Veteran Signings  - REMOVED Execution Date: 7/13/26
2026-07-29 05:56:55,DOCS,ADDED,2026-27 Veteran Signings  + ADDED  Minimum Salary Exception. Skill; Injury or Illness; Mental; Death. Love of the Game. Physical Exam. Alt. 7(b).
2026-07-29 05:56:55,DOCS,ADDED,2026-27 Veteran Signings  + ADDED  Execution Date: 7/27/26
2026-07-29 05:55:56,DOCS,REMOVED,"2026-27 Veteran Signings  - REMOVED Update 1.3 (7/18/26): K. Bufkin, M. Cisse, I. Crawford, H. Ingram, L. James, J. Phillips, J. Tate, J. Walsh"
2026-07-29 05:55:56,DOCS,ADDED,"2026-27 Veteran Signings  + ADDED  Update 1.3 (7/18/26): K. Bufkin, M. Cisse, I. Crawford, H. Ingram, L. James, J. Phillips, J. Tate, M. Thybulle, J. Walsh"
2026-07-29 05:55:56,DOCS,ADDED,2026-27 Veteran Signings  + ADDED  Matisse Thybulle Los Angeles Lakers
2026-07-29 05:55:56,DOCS,ADDED,"2026-27 Veteran Signings  + ADDED  26-27 $3,286,399"
2026-07-29 05:55:56,DOCS,ADDED,2026-27 Veteran Signings  + ADDED  Minimum Salary Exception. Skill; Injury or Illness. Love of the Game. Physical Exam. Alt. 7(b).
2026-07-29 05:55:56,DOCS,ADDED,2026-27 Veteran Signings  + ADDED  Execution Date: 7/13/26
2026-07-29 05:54:57,SHEETS,ADDED,"LAL  + ADDED  Thybulle, Matisse"
2026-07-29 05:54:57,SHEETS,CHANGED,"LAL  CHANGED TEAM SALARY (Art, I §1 (nnn)):  -  col3: 199993201 -> 202442622, col9: 691565737.5 -> 694015158.5"
2026-07-29 05:54:57,SHEETS,CHANGED,LAL  CHANGED Players Under Contract  -  col3: 199993201 -> 202442622
2026-07-29 05:54:57,SHEETS,CHANGED,LAL  CHANGED Full Season Contracts  -  col3: 199993201 -> 202442622
2026-07-29 05:54:57,SHEETS,CHANGED,"LAL  CHANGED Avg, Salary (Mean) (ALL Compensation Obligations)  -  col6: 15 -> 16"
2026-07-29 05:54:57,SHEETS,CHANGED,Luxury Tax Calculator  CHANGED Luxury Tax  -  col15: 0 -> 2014622
2026-07-29 05:54:57,SHEETS,CHANGED,Luxury Tax Calculator  CHANGED 1st Incremental Tax Bracket  -  col15: 0 -> 6043866
2026-07-29 05:54:57,SHEETS,CHANGED,Luxury Tax Calculator  CHANGED Tax Liability  -  col15: 0 -> 6043866
2026-07-29 05:51:58,SHEETS,ADDED,"LAC  + ADDED  Broome, Johni"
2026-07-29 05:51:58,SHEETS,CHANGED,"LAC  CHANGED TEAM SALARY (Art, I §1 (nnn)):  -  col3: 214097737.9 -> 216248654.9, col4: 90998261 -> 93524162, col5: 26669032 -> 29404730, col9: 351186020.2 -> 358598536.2"
2026-07-29 05:51:58,SHEETS,CHANGED,"LAC  CHANGED Players Under Contract  -  col3: 163294760 -> 165445677, col4: 90998261 -> 93524162, col5: 26669032 -> 29404730"
2026-07-29 05:51:58,SHEETS,CHANGED,"LAC  CHANGED Full Season Contracts  -  col3: 163294760 -> 165445677, col4: 90998261 -> 93524162, col5: 26669032 -> 29404730"
2026-07-29 05:51:58,SHEETS,CHANGED,"LAC  CHANGED Avg, Salary (Mean) (ALL Compensation Obligations)  -  col6: 13 -> 14"
2026-07-29 05:51:58,SHEETS,CHANGED,"LAC  CHANGED Avg, Salary (Mean) (No 10-Day K's)  -  col6: 2 -> 1"
2026-07-29 05:51:58,SHEETS,REMOVED,"PHL  - REMOVED Broome, Johni"
2026-07-29 05:51:58,SHEETS,CHANGED,"PHL  CHANGED TEAM SALARY (Art, I §1 (nnn)):  -  col3: 219964226.3 -> 217813309.3, col4: 211326311.5 -> 208800410.5, col5: 211305126.7 -> 208569428.7, col9: 659454534.7 -> 652042018.7"
2026-07-29 05:51:58,SHEETS,CHANGED,"PHL  CHANGED Players Under Contract  -  col3: 208245731.3 -> 206094814.3, col4: 211326311.5 -> 208800410.5, col5: 211305126.7 -> 208569428.7"
2026-07-29 05:51:58,SHEETS,CHANGED,"PHL  CHANGED Full Season Contracts  -  col3: 208245731.3 -> 206094814.3, col4: 211326311.5 -> 208800410.5, col5: 211305126.7 -> 208569428.7"
2026-07-29 05:51:58,SHEETS,CHANGED,"PHL  CHANGED Avg, Salary (Mean) (ALL Compensation Obligations)  -  col6: 15 -> 14"
2026-07-29 05:51:58,SHEETS,CHANGED,"PHL  CHANGED Avg, Salary (Mean) (No 10-Day K's)  -  col6: 0 -> 1"
2026-07-29 05:51:58,SHEETS,CHANGED,Luxury Tax Calculator  CHANGED Luxury Tax  -  Luxury Tax Calculator: 7817731.3 -> 5666814.3
2026-07-29 05:51:58,SHEETS,CHANGED,Luxury Tax Calculator  CHANGED 1st Incremental Tax Bracket  -  Luxury Tax Calculator: 5685000 -> 5666814.3
2026-07-29 05:51:58,SHEETS,CHANGED,Luxury Tax Calculator  CHANGED 2nd Incremental Tax Bracket  -  Luxury Tax Calculator: 2665914.125 -> 0
2026-07-29 05:51:58,SHEETS,CHANGED,Luxury Tax Calculator  CHANGED Tax Liability  -  Luxury Tax Calculator: 8350914.125 -> 5666814.3
2026-07-28 17:59:54,PLAYERS,CHANGED,~ CHANGED Johni Broome  team: PHI -> LAC
2026-07-28 17:45:55,TRANSACTIONS,Trade,2026-07-28  LA Clippers received forward Johni Broome from Philadelphia 76ers.
2026-07-28 17:45:55,TRANSACTIONS,Trade,2026-07-28  LA Clippers received draft consideration from Philadelphia 76ers.
2026-07-28 17:12:58,SHEETS,CHANGED,"SAN  CHANGED Wembanyama, Victor  -  col4: - -> 25% of Salary Cap, col5: - -> 25% of Salary Cap, col6: - -> 25% of Salary Cap, col7: - -> 25% of Salary Cap, col8: - -> 25% of Salary Cap"
2026-07-28 15:04:54,PLAYERS,CHANGED,~ CHANGED Christian Koloko  team: ATL -> NOP
2026-07-28 13:58:56,PLAYERS,CHANGED,~ CHANGED Tyler Bilodeau  school: California-Los Angeles -> UCLA
2026-07-28 13:58:56,PLAYERS,CHANGED,~ CHANGED Yaxel Lendeborg  school: Michigan -> Alabama-Birmingham
2026-07-28 13:58:56,PLAYERS,CHANGED,"~ CHANGED Sergio De Larrea  school: - -> Valencia, Spain"
2026-07-28 13:58:56,PLAYERS,CHANGED,~ CHANGED Alex Karaban  school: Houston -> Connecticut
2026-07-28 13:58:56,PLAYERS,CHANGED,~ CHANGED Dillon Mitchell  school: St. John's (NY) -> St. John's
2026-07-28 13:58:56,PLAYERS,CHANGED,~ CHANGED Bryce Hopkins  school: St. John's (NY) -> St. John's
2026-07-28 13:58:56,PLAYERS,CHANGED,~ CHANGED Zuby Ejiofor  school: St. John's (NY) -> St. John's
2026-07-28 13:16:54,PLAYERS,CHANGED,~ CHANGED Bryce Hopkins  school: St. John's -> St. John's (NY)
2026-07-28 13:16:54,PLAYERS,CHANGED,~ CHANGED Tyler Bilodeau  school: UCLA -> California-Los Angeles
2026-07-28 13:07:54,PLAYERS,CHANGED,~ CHANGED Yaxel Lendeborg  school: Alabama-Birmingham -> Michigan
2026-07-28 13:07:54,PLAYERS,CHANGED,~ CHANGED Zuby Ejiofor  school: St. John's -> St. John's (NY)
2026-07-28 13:07:54,PLAYERS,CHANGED,~ CHANGED Alex Karaban  school: Connecticut -> Houston
2026-07-28 13:07:54,PLAYERS,CHANGED,~ CHANGED Dillon Mitchell  school: St. John's -> St. John's (NY)
2026-07-28 13:07:54,PLAYERS,CHANGED,"~ CHANGED Sergio De Larrea  school: Valencia, Spain -> -"
2026-07-28 13:01:54,PLAYERS,CHANGED,~ CHANGED Koa Peat  school: - -> Arizona
2026-07-28 13:01:54,PLAYERS,CHANGED,~ CHANGED Tyler Bilodeau  school: - -> UCLA
2026-07-28 13:01:54,PLAYERS,CHANGED,~ CHANGED Maliq Brown  school: - -> Duke
2026-07-28 13:01:54,PLAYERS,CHANGED,~ CHANGED Ugonna Onyenso  school: - -> Virginia
2026-07-28 13:01:54,PLAYERS,CHANGED,~ CHANGED Bennett Stirtz  school: - -> Iowa
2026-07-28 13:01:54,PLAYERS,CHANGED,~ CHANGED Labaron Philon  school: - -> Alabama
2026-07-28 13:01:54,PLAYERS,CHANGED,~ CHANGED Morez Johnson  school: - -> Michigan
2026-07-28 13:01:54,PLAYERS,CHANGED,~ CHANGED Trey Kaufman-Renn  school: - -> Purdue
2026-07-28 13:01:54,PLAYERS,CHANGED,~ CHANGED Jaden Bradley  school: - -> Arizona
2026-07-28 13:01:54,PLAYERS,CHANGED,"~ CHANGED Sergio De Larrea  school: - -> Valencia, Spain"
2026-07-28 13:01:54,PLAYERS,CHANGED,~ CHANGED Darryn Peterson  school: - -> Kansas
2026-07-28 13:01:54,PLAYERS,CHANGED,~ CHANGED Braden Smith  school: - -> Purdue
2026-07-28 13:01:54,PLAYERS,CHANGED,~ CHANGED Tyler Nickel  school: - -> Vanderbilt
2026-07-28 13:01:54,PLAYERS,CHANGED,~ CHANGED Keaton Wagler  school: - -> Illinois
2026-07-28 13:01:54,PLAYERS,CHANGED,~ CHANGED Nate Ament  school: - -> Tennessee
2026-07-28 13:01:54,PLAYERS,CHANGED,~ CHANGED Bruce Thornton  school: - -> Ohio State
2026-07-28 13:01:54,PLAYERS,CHANGED,~ CHANGED Lajae Jones  school: - -> Florida State
2026-07-28 13:01:54,PLAYERS,CHANGED,~ CHANGED Caleb Wilson  school: - -> North Carolina
2026-07-28 13:01:54,PLAYERS,CHANGED,~ CHANGED Dillon Mitchell  school: - -> St. John's
2026-07-28 13:01:54,PLAYERS,CHANGED,~ CHANGED Aday Mara  school: - -> Michigan
2026-07-28 13:01:54,PLAYERS,CHANGED,~ CHANGED Baba Miller  school: - -> Cincinnati
2026-07-28 13:01:54,PLAYERS,CHANGED,~ CHANGED Meleek Thomas  school: - -> Arkansas
2026-07-28 13:01:54,PLAYERS,CHANGED,~ CHANGED Emanuel Sharp  school: - -> Houston
2026-07-28 13:01:54,PLAYERS,CHANGED,~ CHANGED Mikel Brown Jr.  school: - -> Louisville
2026-07-28 13:01:54,PLAYERS,CHANGED,~ CHANGED Dailyn Swain  school: - -> Texas
2026-07-28 13:01:54,PLAYERS,CHANGED,~ CHANGED Kingston Flemings  school: - -> Houston
2026-07-28 13:01:54,PLAYERS,CHANGED,~ CHANGED Yaxel Lendeborg  school: - -> Alabama-Birmingham
2026-07-28 13:01:54,PLAYERS,CHANGED,~ CHANGED Ebuka Okorie  school: - -> Stanford
2026-07-28 13:01:54,PLAYERS,CHANGED,~ CHANGED Nick Martinelli  school: - -> Northwestern
2026-07-28 13:01:54,PLAYERS,CHANGED,~ CHANGED Trevon Brazile  school: - -> Arkansas
2026-07-28 13:01:54,PLAYERS,CHANGED,~ CHANGED Jaron Pierre Jr.  school: - -> Southern Methodist
2026-07-28 13:01:54,PLAYERS,CHANGED,~ CHANGED Cameron Boozer  school: - -> Duke
2026-07-28 13:01:54,PLAYERS,CHANGED,~ CHANGED Jayden Quaintance  school: - -> Kentucky
2026-07-28 13:01:54,PLAYERS,CHANGED,~ CHANGED AJ Dybantsa  school: - -> Brigham Young
2026-07-28 13:01:54,PLAYERS,CHANGED,~ CHANGED Richie Saunders  school: - -> Brigham Young
2026-07-28 13:01:54,PLAYERS,CHANGED,~ CHANGED Chris Cenac Jr.  school: - -> Houston
2026-07-28 13:01:54,PLAYERS,CHANGED,~ CHANGED Alex Karaban  school: - -> Connecticut
2026-07-28 13:01:54,PLAYERS,CHANGED,~ CHANGED Hannes Steinbach  school: - -> Washington
2026-07-28 13:01:54,PLAYERS,CHANGED,~ CHANGED Felix Okpara  school: - -> Tennessee
2026-07-28 13:01:54,PLAYERS,CHANGED,~ CHANGED Tarris Reed Jr.  school: - -> Connecticut
2026-07-28 13:01:54,PLAYERS,CHANGED,~ CHANGED Otega Oweh  school: - -> Kentucky
2026-07-28 13:01:54,PLAYERS,CHANGED,~ CHANGED Izaiyah Nelson  school: - -> South Florida
2026-07-28 13:01:54,PLAYERS,CHANGED,~ CHANGED Ryan Conwell  school: - -> Louisville
2026-07-28 13:01:54,PLAYERS,CHANGED,~ CHANGED Christian Anderson  school: - -> Texas Tech
2026-07-28 13:01:54,PLAYERS,CHANGED,~ CHANGED Zuby Ejiofor  school: - -> St. John's
2026-07-28 13:01:54,PLAYERS,CHANGED,~ CHANGED Allen Graves  school: - -> Santa Clara
2026-07-28 13:01:54,PLAYERS,CHANGED,~ CHANGED Brayden Burries  school: - -> Arizona
2026-07-28 13:01:54,PLAYERS,CHANGED,~ CHANGED Ja'Kobi Gillespie  school: - -> Tennessee
2026-07-28 13:01:54,PLAYERS,CHANGED,~ CHANGED Henri Veesaar  school: - -> North Carolina
2026-07-28 13:01:54,PLAYERS,CHANGED,~ CHANGED Tobi Lawal  school: - -> Virginia Tech
2026-07-28 13:01:54,PLAYERS,CHANGED,~ CHANGED Joshua Jefferson  school: - -> Iowa State
2026-07-28 13:01:54,PLAYERS,CHANGED,~ CHANGED Cameron Carr  school: - -> Baylor
2026-07-28 13:01:54,PLAYERS,CHANGED,~ CHANGED Isaiah Evans  school: - -> Duke
2026-07-28 13:01:54,PLAYERS,CHANGED,~ CHANGED Darius Acuff Jr.  school: - -> Arkansas
2026-07-28 13:01:54,PLAYERS,CHANGED,~ CHANGED Bryce Hopkins  school: - -> St. John's
2026-07-28 12:42:54,PLAYERS,CHANGED,~ CHANGED Ebuka Okorie  school: Stanford -> -
2026-07-28 12:42:54,PLAYERS,CHANGED,~ CHANGED Trevon Brazile  school: Arkansas -> -
2026-07-28 12:42:54,PLAYERS,CHANGED,~ CHANGED Richie Saunders  school: Brigham Young -> -
2026-07-28 12:42:54,PLAYERS,CHANGED,~ CHANGED Jayden Quaintance  school: Kentucky -> -
2026-07-28 12:42:54,PLAYERS,CHANGED,~ CHANGED Tyler Bilodeau  school: UCLA -> -
2026-07-28 12:42:54,PLAYERS,CHANGED,~ CHANGED Brayden Burries  school: Arizona -> -
2026-07-28 12:42:54,PLAYERS,CHANGED,~ CHANGED Zuby Ejiofor  school: St. John's -> -
2026-07-28 12:42:54,PLAYERS,CHANGED,~ CHANGED Dailyn Swain  school: Texas -> -
2026-07-28 12:42:54,PLAYERS,CHANGED,~ CHANGED Tarris Reed Jr.  school: Connecticut -> -
2026-07-28 12:42:54,PLAYERS,CHANGED,~ CHANGED Izaiyah Nelson  school: South Florida -> -
2026-07-28 12:42:54,PLAYERS,CHANGED,~ CHANGED Mikel Brown Jr.  school: Louisville -> -
2026-07-28 12:42:54,PLAYERS,CHANGED,~ CHANGED Kingston Flemings  school: Houston -> -
2026-07-28 12:42:54,PLAYERS,CHANGED,~ CHANGED Aday Mara  school: Michigan -> -
2026-07-28 12:42:54,PLAYERS,CHANGED,~ CHANGED Darius Acuff Jr.  school: Arkansas -> -
2026-07-28 12:42:54,PLAYERS,CHANGED,~ CHANGED Alex Karaban  school: Connecticut -> -
2026-07-28 12:42:54,PLAYERS,CHANGED,~ CHANGED AJ Dybantsa  school: Brigham Young -> -
2026-07-28 12:42:54,PLAYERS,CHANGED,~ CHANGED Tyler Nickel  school: Vanderbilt -> -
2026-07-28 12:42:54,PLAYERS,CHANGED,~ CHANGED Ugonna Onyenso  school: Virginia -> -
2026-07-28 12:42:54,PLAYERS,CHANGED,~ CHANGED Ryan Conwell  school: Louisville -> -
2026-07-28 12:42:54,PLAYERS,CHANGED,~ CHANGED Dillon Mitchell  school: St. John's -> -
2026-07-28 12:42:54,PLAYERS,CHANGED,~ CHANGED Keaton Wagler  school: Illinois -> -
2026-07-28 12:42:54,PLAYERS,CHANGED,~ CHANGED Caleb Wilson  school: North Carolina -> -
2026-07-28 12:42:54,PLAYERS,CHANGED,~ CHANGED Lajae Jones  school: Florida State -> -
2026-07-28 12:42:54,PLAYERS,CHANGED,~ CHANGED Darryn Peterson  school: Kansas -> -
2026-07-28 12:42:54,PLAYERS,CHANGED,~ CHANGED Maliq Brown  school: Duke -> -
2026-07-28 12:42:54,PLAYERS,CHANGED,~ CHANGED Felix Okpara  school: Tennessee -> -
2026-07-28 12:42:54,PLAYERS,CHANGED,~ CHANGED Ja'Kobi Gillespie  school: Tennessee -> -
2026-07-28 12:42:54,PLAYERS,CHANGED,~ CHANGED Chris Cenac Jr.  school: Houston -> -
2026-07-28 12:42:54,PLAYERS,CHANGED,~ CHANGED Vsevolod Ishchenko  school: Lokomotiv Kuban -> -
2026-07-28 12:42:54,PLAYERS,CHANGED,~ CHANGED Braden Smith  school: Purdue -> -
2026-07-28 12:42:54,PLAYERS,CHANGED,~ CHANGED Joshua Jefferson  school: Iowa State -> -
2026-07-28 12:42:54,PLAYERS,CHANGED,~ CHANGED Henri Veesaar  school: North Carolina -> -
2026-07-28 12:42:54,PLAYERS,CHANGED,~ CHANGED Morez Johnson  school: Michigan -> -
2026-07-28 12:42:54,PLAYERS,CHANGED,~ CHANGED Karim Lopez  school: New Zealand Breakers -> -
2026-07-28 12:42:54,PLAYERS,CHANGED,~ CHANGED Nate Ament  school: Tennessee -> -
2026-07-28 12:42:54,PLAYERS,CHANGED,~ CHANGED Isaiah Evans  school: Duke -> -
2026-07-28 12:42:54,PLAYERS,CHANGED,~ CHANGED Christian Anderson  school: Texas Tech -> -
2026-07-28 12:42:54,PLAYERS,CHANGED,~ CHANGED Baba Miller  school: Cincinnati -> -
2026-07-28 12:42:54,PLAYERS,CHANGED,~ CHANGED Bryce Hopkins  school: St. John's -> -
2026-07-28 12:42:54,PLAYERS,CHANGED,~ CHANGED Emanuel Sharp  school: Houston -> -
2026-07-28 12:42:54,PLAYERS,CHANGED,~ CHANGED Meleek Thomas  school: Arkansas -> -
2026-07-28 12:42:54,PLAYERS,CHANGED,~ CHANGED Tobi Lawal  school: Virginia Tech -> -
2026-07-28 12:42:54,PLAYERS,CHANGED,~ CHANGED Labaron Philon  school: Alabama -> -
2026-07-28 12:42:54,PLAYERS,CHANGED,~ CHANGED Koa Peat  school: Arizona -> -
2026-07-28 12:42:54,PLAYERS,CHANGED,~ CHANGED Jack Kayil  school: Alba Berlin -> -
2026-07-28 12:42:54,PLAYERS,CHANGED,~ CHANGED Cameron Boozer  school: Duke -> -
2026-07-28 12:42:54,PLAYERS,CHANGED,~ CHANGED Cameron Carr  school: Baylor -> -
2026-07-28 12:42:54,PLAYERS,CHANGED,~ CHANGED Yaxel Lendeborg  school: Alabama-Birmingham -> -
2026-07-28 12:42:54,PLAYERS,CHANGED,~ CHANGED Bruce Thornton  school: Ohio State -> -
2026-07-28 12:42:54,PLAYERS,CHANGED,~ CHANGED Bennett Stirtz  school: Iowa -> -
2026-07-28 12:42:54,PLAYERS,CHANGED,"~ CHANGED Sergio De Larrea  school: Valencia, Spain -> -"
2026-07-28 12:42:54,PLAYERS,CHANGED,~ CHANGED Allen Graves  school: Santa Clara -> -
2026-07-28 12:42:54,PLAYERS,CHANGED,~ CHANGED Jaron Pierre Jr.  school: Southern Methodist -> -
2026-07-28 12:42:54,PLAYERS,CHANGED,~ CHANGED Hannes Steinbach  school: Washington -> -
2026-07-28 12:42:54,PLAYERS,CHANGED,~ CHANGED Otega Oweh  school: Kentucky -> -
2026-07-28 12:42:54,PLAYERS,CHANGED,~ CHANGED Trey Kaufman-Renn  school: Purdue -> -
2026-07-28 12:42:54,PLAYERS,CHANGED,~ CHANGED Nick Martinelli  school: Northwestern -> -
2026-07-28 12:42:54,PLAYERS,CHANGED,~ CHANGED Malique Lewis  school: Trinidad and Tobago -> -
2026-07-28 12:42:54,PLAYERS,CHANGED,~ CHANGED Jaden Bradley  school: Arizona -> -
2026-07-28 08:01:54,PLAYERS,CHANGED,~ CHANGED Matisse Thybulle  team: POR -> LAL
2026-07-28 07:33:55,TRANSACTIONS,Signing,2026-07-27  Los Angeles Lakers signed guard Matisse Thybulle to a Contract.
2026-07-27 17:55:54,PLAYERS,ADDED,+ ADDED   Spencer Jones (DEN)
2026-07-27 15:05:54,PLAYERS,REMOVED,- REMOVED Isaiah Stevens (SAC)
2026-07-27 14:37:58,SHEETS,REMOVED,"MIN  - REMOVED Phillips, Julian"
2026-07-27 14:37:58,SHEETS,CHANGED,"MIN  CHANGED TEAM SALARY (Art, I §1 (nnn)):  -  col3: 258043396 -> 255593975, col9: 676095629.6 -> 673646208.6"
2026-07-27 14:37:58,SHEETS,CHANGED,MIN  CHANGED Cap Holds  -  col3: 40156939 -> 37707518
2026-07-27 14:35:57,SHEETS,CHANGED,"MIN  CHANGED TEAM SALARY (Art, I §1 (nnn)):  -  col3: 275133498 -> 258043396, col9: 693185731.6 -> 676095629.6"
2026-07-27 14:34:59,SHEETS,REMOVED,"CHA  - REMOVED Green, Josh"
2026-07-27 14:34:59,SHEETS,CHANGED,"CHA  CHANGED TEAM SALARY (Art, I §1 (nnn)):  -  col3: 190023941 -> 175344929, col9: 473616928.4 -> 458937916.4"
2026-07-27 14:34:59,SHEETS,CHANGED,CHA  CHANGED Players Under Contract  -  col3: 187574520 -> 172895508
2026-07-27 14:34:59,SHEETS,CHANGED,CHA  CHANGED Full Season Contracts  -  col3: 187574520 -> 172895508
2026-07-27 14:34:59,SHEETS,CHANGED,"CHA  CHANGED Avg, Salary (Mean) (ALL Compensation Obligations)  -  col6: 18 -> 17"
2026-07-27 14:34:59,SHEETS,ADDED,"MIN  + ADDED  Green, Josh"
2026-07-27 14:34:59,SHEETS,CHANGED,"MIN  CHANGED TEAM SALARY (Art, I §1 (nnn)):  -  col3: 243364384 -> 275133498, col9: 661416617.6 -> 693185731.6"
2026-07-27 14:34:59,SHEETS,CHANGED,MIN  CHANGED Players Under Contract  -  col3: 203207445 -> 217886457
2026-07-27 14:34:59,SHEETS,CHANGED,MIN  CHANGED Full Season Contracts  -  col3: 203207445 -> 217886457
2026-07-27 14:34:59,SHEETS,CHANGED,"MIN  CHANGED Avg, Salary (Mean) (ALL Compensation Obligations)  -  col6: 13 -> 14"
2026-07-27 14:34:59,SHEETS,CHANGED,"MIN  CHANGED Avg, Salary (Mean) (No 10-Day K's)  -  col6: 2 -> 1"
2026-07-27 14:34:59,SHEETS,CHANGED,Luxury Tax Calculator  CHANGED Luxury Tax  -  col19: 2779445 -> 17458457
2026-07-27 14:34:59,SHEETS,CHANGED,Luxury Tax Calculator  CHANGED 1st Incremental Tax Bracket  -  col19: 2779445 -> 5685000
2026-07-27 14:34:59,SHEETS,CHANGED,Luxury Tax Calculator  CHANGED 2nd Incremental Tax Bracket  -  col19: 0 -> 7106250
2026-07-27 14:34:59,SHEETS,CHANGED,Luxury Tax Calculator  CHANGED 3rd Incremental Tax Bracket  -  col19: 0 -> 19897500
2026-07-27 14:34:59,SHEETS,CHANGED,Luxury Tax Calculator  CHANGED 4th Incremental Tax Bracket  -  col19: 0 -> 1916420.75
2026-07-27 14:34:59,SHEETS,CHANGED,Luxury Tax Calculator  CHANGED Tax Liability  -  col19: 2779445 -> 34605170.75
2026-07-27 14:25:55,TRANSACTIONS,Waive,2026-07-27  Sacramento Kings waived guard Isaiah Stevens.
2026-07-27 09:57:54,PLAYERS,CHANGED,~ CHANGED Harrison Ingram  team: SAS -> UTA
2026-07-27 09:56:54,PLAYERS,CHANGED,~ CHANGED Harrison Ingram  team: UTA -> SAS
2026-07-27 09:55:54,PLAYERS,CHANGED,~ CHANGED Harrison Ingram  team: SAS -> UTA
2026-07-27 09:50:55,TRANSACTIONS,Waive,2026-07-25  Memphis Grizzlies waived guard Kentavious Caldwell-Pope.
2026-07-27 09:50:55,TRANSACTIONS,Waive,2026-07-25  Philadelphia 76ers waived forward Dalen Terry.
2026-07-27 07:40:56,DOCS,REMOVED,2026-27 Veteran Signings  - REMOVED Minimum Salary Exception. Skill; Injury or Illness; Mental; Death. Love of the Game. Physical Exam. Alt. 7(b).
2026-07-27 07:40:56,DOCS,REMOVED,2026-27 Veteran Signings  - REMOVED Execution Date: 7/1/26
2026-07-27 07:40:56,DOCS,ADDED,"2026-27 Veteran Signings  + ADDED  Minimum Salary Exception. Love of the Game. Physical Exam. Alt. 7(b). Exh. 9 - Training Camp. Exh. 10 - Affiliate Player ($91,000)."
2026-07-27 07:40:56,DOCS,ADDED,2026-27 Veteran Signings  + ADDED  Execution Date: 7/25/26
2026-07-27 07:39:55,DOCS,REMOVED,"2026-27 Veteran Signings  - REMOVED Update 1.3 (7/18/26): K. Bufkin, M. Cisse, I. Crawford, L. James, J. Phillips, J. Tate, J. Walsh"
2026-07-27 07:39:55,DOCS,ADDED,"2026-27 Veteran Signings  + ADDED  Update 1.3 (7/18/26): K. Bufkin, M. Cisse, I. Crawford, H. Ingram, L. James, J. Phillips, J. Tate, J. Walsh"
2026-07-27 07:39:55,DOCS,ADDED,2026-27 Veteran Signings  + ADDED  Harrison Ingram Utah Jazz
2026-07-27 07:39:55,DOCS,ADDED,"2026-27 Veteran Signings  + ADDED  26-27 $2,449,421"
2026-07-27 07:39:55,DOCS,ADDED,2026-27 Veteran Signings  + ADDED  Minimum Salary Exception. Skill; Injury or Illness; Mental; Death. Love of the Game. Physical Exam. Alt. 7(b).
2026-07-27 07:39:55,DOCS,ADDED,2026-27 Veteran Signings  + ADDED  Execution Date: 7/1/26
2026-07-27 07:36:01,SHEETS,ADDED,"UTH  + ADDED  Ingram, Harrison"
2026-07-27 07:36:01,SHEETS,CHANGED,"UTH  CHANGED TEAM SALARY (Art, I §1 (nnn)):  -  col3: 190272499.4 -> 192721920.4, col9: 564865050.1 -> 567314471.1"
2026-07-27 07:36:01,SHEETS,CHANGED,UTH  CHANGED Players Under Contract  -  col3: 178017267.4 -> 180466688.4
2026-07-27 07:36:01,SHEETS,CHANGED,UTH  CHANGED Full Season Contracts  -  col3: 178017267.4 -> 180466688.4
2026-07-27 07:36:01,SHEETS,CHANGED,"UTH  CHANGED Avg, Salary (Mean) (ALL Compensation Obligations)  -  col6: 15 -> 16"
2026-07-27 07:34:58,SHEETS,ADDED,"HOU  + ADDED  Phillips, Julian"
2026-07-27 07:34:58,SHEETS,CHANGED,"HOU  CHANGED TEAM SALARY (Art, I §1 (nnn)):  -  col3: 214981262 -> 217430683, col9: 598684995.3 -> 601134416.3"
2026-07-27 07:34:58,SHEETS,CHANGED,HOU  CHANGED Players Under Contract  -  col3: 202998462 -> 205447883
2026-07-27 07:34:58,SHEETS,CHANGED,HOU  CHANGED Full Season Contracts  -  col3: 202998462 -> 205447883
2026-07-27 07:34:58,SHEETS,CHANGED,"HOU  CHANGED Avg, Salary (Mean) (ALL Compensation Obligations)  -  col6: 15 -> 16"
2026-07-27 07:34:58,SHEETS,CHANGED,Luxury Tax Calculator  CHANGED Luxury Tax  -  col12: 2570462 -> 5019883
2026-07-27 07:34:58,SHEETS,CHANGED,Luxury Tax Calculator  CHANGED 1st Incremental Tax Bracket  -  col12: 2570462 -> 5019883
2026-07-27 07:34:58,SHEETS,CHANGED,Luxury Tax Calculator  CHANGED Tax Liability  -  col12: 2570462 -> 5019883
2026-07-27 07:33:55,DOCS,REMOVED,2026-27 Veteran Signings  - REMOVED Julian Phill New Orleans Pelicans
2026-07-27 07:33:55,DOCS,ADDED,2026-27 Veteran Signings  + ADDED  Julian Phillips Houston Rockets
2026-07-27 07:33:55,DOCS,REMOVED,2026-27 Veteran Signings  - REMOVED Minimum Salary Exception. Physical Exam. Exh. 9 - Training Camp.
2026-07-27 07:33:55,DOCS,REMOVED,2026-27 Veteran Signings  - REMOVED Execution Date: 7/25/26
2026-07-27 07:33:55,DOCS,ADDED,"2026-27 Veteran Signings  + ADDED  Minimum Salary Exception. Physical Exam. Exh. 9 - Training Camp. Exh. 10 - Affiliate Player ($91,000)."
2026-07-27 07:33:55,DOCS,ADDED,2026-27 Veteran Signings  + ADDED  Execution Date: 7/24/26
2026-07-27 07:32:56,DOCS,REMOVED,"2026-27 Veteran Signings  - REMOVED Update 1.3 (7/18/26): K. Bufkin, M. Cisse, I. Crawford, L. James, J. Tate, J. Walsh"
2026-07-27 07:32:56,DOCS,ADDED,"2026-27 Veteran Signings  + ADDED  Update 1.3 (7/18/26): K. Bufkin, M. Cisse, I. Crawford, L. James, J. Phillips, J. Tate, J. Walsh"
2026-07-27 07:32:56,DOCS,ADDED,2026-27 Veteran Signings  + ADDED  Julian Phill New Orleans Pelicans
2026-07-27 07:32:56,DOCS,ADDED,"2026-27 Veteran Signings  + ADDED  26-27 $2,537,526"
2026-07-27 07:32:56,DOCS,ADDED,2026-27 Veteran Signings  + ADDED  Minimum Salary Exception. Physical Exam. Exh. 9 - Training Camp.
2026-07-27 07:32:56,DOCS,ADDED,2026-27 Veteran Signings  + ADDED  Execution Date: 7/25/26
2026-07-27 07:31:56,DOCS,REMOVED,2026-27 Veteran Signings  - REMOVED Minimum Salary Exception. Team option to extend the contract to include the 2027-28 Season. Player Trade Consent. Skill; Injury or Illness. Compensation protection for 2026-27 Season is none but will increase to full if team has not requested waivers on player on or before 1 day prior to the first day of the 2026-27 Season. Compensation protection for 2027-28 Season is none but will increase to full if team has not requested waivers on player on or before 1 day prior to the first day of the 2027-28 Season. Love of the Game. Physical Exam. Alt. 7(b).
2026-07-27 07:31:56,DOCS,REMOVED,2026-27 Veteran Signings  - REMOVED Execution Date: 7/8/26
2026-07-27 07:31:56,DOCS,ADDED,2026-27 Veteran Signings  + ADDED  Minimum Salary Exception. Physical Exam. Exh. 9 - Training Camp.
2026-07-27 07:31:56,DOCS,ADDED,2026-27 Veteran Signings  + ADDED  Execution Date: 7/25/26
2026-07-27 07:30:55,DOCS,REMOVED,"2026-27 Veteran Signings  - REMOVED Update 1.3 (7/18/26): M. Cisse, I. Crawford, L. James, J. Tate, J. Walsh"
2026-07-27 07:30:55,DOCS,ADDED,"2026-27 Veteran Signings  + ADDED  Update 1.3 (7/18/26): K. Bufkin, M. Cisse, I. Crawford, L. James, J. Tate, J. Walsh"
2026-07-27 07:30:55,DOCS,ADDED,2026-27 Veteran Signings  + ADDED  Kobe Bufkin New Orleans Pelicans
2026-07-27 07:30:55,DOCS,ADDED,"2026-27 Veteran Signings  + ADDED  26-27 $2,537,526"
2026-07-27 07:30:55,DOCS,ADDED,2026-27 Veteran Signings  + ADDED  Minimum Salary Exception. Team option to extend the contract to include the 2027-28 Season. Player Trade Consent. Skill; Injury or Illness. Compensation protection for 2026-27 Season is none but will increase to full if team has not requested waivers on player on or before 1 day prior to the first day of the 2026-27 Season. Compensation protection for 2027-28 Season is none but will increase to full if team has not requested waivers on player on or before 1 day prior to the first day of the 2027-28 Season. Love of the Game. Physical Exam. Alt. 7(b).
2026-07-27 07:30:55,DOCS,ADDED,2026-27 Veteran Signings  + ADDED  Execution Date: 7/8/26
2026-07-27 07:29:57,SHEETS,ADDED,"NOL  + ADDED  Bufkin, Kobe"
2026-07-27 07:29:57,SHEETS,CHANGED,"NOL  CHANGED TEAM SALARY (Art, I §1 (nnn)):  -  col3: 212938850.8 -> 215388271.8, col9: 466579805.5 -> 469029226.5"
2026-07-27 07:29:57,SHEETS,CHANGED,NOL  CHANGED Players Under Contract  -  col3: 192207319.9 -> 194656740.9
2026-07-27 07:29:57,SHEETS,CHANGED,NOL  CHANGED Full Season Contracts  -  col3: 192207319.9 -> 194656740.9
2026-07-27 07:29:57,SHEETS,CHANGED,"NOL  CHANGED Avg, Salary (Mean) (ALL Compensation Obligations)  -  col6: 14 -> 15"
2026-07-27 07:29:57,SHEETS,CHANGED,"NOL  CHANGED Avg, Salary (Mean) (No 10-Day K's)  -  col6: 1 -> 0"
2026-07-27 07:28:55,DOCS,ADDED,2026-27 Two-Way Signings  + ADDED  John Tonje Portland Trail Blazers
2026-07-27 07:28:55,DOCS,ADDED,"2026-27 Two-Way Signings  + ADDED  2 Years. Skill; Injury or Illness; Mental. Compensation protection for 2026-27 Season is for $91,000. Compensation protection for 2027-28 Season is none. Love of the Game. Physical Exam. Alt. 7(b)."
2026-07-27 07:28:55,DOCS,ADDED,2026-27 Two-Way Signings  + ADDED  Execution Date: 7/24/26
2026-07-27 07:27:56,DOCS,REMOVED,"2026-27 Two-Way Signings  - REMOVED Update 1.3 (7/18/26): V. Goldin, D. Jones Garcia, J. Slawson, J. Wilson"
2026-07-27 07:27:56,DOCS,ADDED,"2026-27 Two-Way Signings  + ADDED  Update 1.3 (7/18/26): V. Goldin, D. Jones Garcia, J. Slawson, J. Tonje, J. Wilson"
2026-07-27 07:24:56,DOCS,REMOVED,"2026-27 Veteran Signings  - REMOVED 2 Years for $7,946,884. Minimum Salary Exception. Advance Payment ($596,017). Player option to extend the contract to include the 2027-28 Season."
2026-07-27 07:24:56,DOCS,REMOVED,2026-27 Veteran Signings  - REMOVED Skill; Injury or Illness. Love of the Game. Physical Exam. Alt. 7(b).
2026-07-27 07:24:56,DOCS,REMOVED,2026-27 Veteran Signings  - REMOVED Execution Date: 7/10/26
2026-07-27 07:24:56,DOCS,ADDED,"2026-27 Veteran Signings  + ADDED  2 Years for $7,946,884. Minimum Salary Exception. Advance Payment ($596,017). Player option to extend the contract to include the 2027-28 Season. Skill; Injury or Illness; Mental; Death. Trade Kicker (15%). Love of the Game. Physical Exam. Alt. 7(b)."
2026-07-27 07:24:56,DOCS,ADDED,2026-27 Veteran Signings  + ADDED  Execution Date: 7/26/26
2026-07-27 07:22:56,DOCS,REMOVED,"2026-27 Veteran Signings  - REMOVED 2 Years for $7,946,884. Minimum Salary Exception. Advance Payment ($596,"
2026-07-27 07:22:56,DOCS,ADDED,"2026-27 Veteran Signings  + ADDED  2 Years for $7,946,884. Minimum Salary Exception. Advance Payment ($596,017). Player option to extend the contract to include the 2027-28 Season."
2026-07-27 07:21:56,DOCS,ADDED,2026-27 Veteran Signings  + ADDED  LeBron James Philadelphia 76ers
2026-07-27 07:21:56,DOCS,ADDED,"2026-27 Veteran Signings  + ADDED  26-27 $3,876,529"
2026-07-27 07:21:56,DOCS,ADDED,"2026-27 Veteran Signings  + ADDED  27-28 $4,070,355 (Player Option)"
2026-07-27 07:21:56,DOCS,ADDED,"2026-27 Veteran Signings  + ADDED  2 Years for $7,946,884. Minimum Salary Exception. Advance Payment ($596,"
2026-07-27 07:21:56,DOCS,ADDED,2026-27 Veteran Signings  + ADDED  Skill; Injury or Illness. Love of the Game. Physical Exam. Alt. 7(b).
2026-07-27 07:21:56,DOCS,ADDED,2026-27 Veteran Signings  + ADDED  Execution Date: 7/10/26
2026-07-27 07:18:58,SHEETS,ADDED,"PHL  + ADDED  James, LeBron"
2026-07-27 07:18:58,SHEETS,CHANGED,"PHL  CHANGED TEAM SALARY (Art, I §1 (nnn)):  -  col3: 216087697.3 -> 219964226.3, col4: 207255956.5 -> 211326311.5, col9: 651507650.7 -> 659454534.7"
2026-07-27 07:18:58,SHEETS,CHANGED,"PHL  CHANGED Players Under Contract  -  col3: 204369202.3 -> 208245731.3, col4: 207255956.5 -> 211326311.5"
2026-07-27 07:18:58,SHEETS,CHANGED,"PHL  CHANGED Full Season Contracts  -  col3: 204369202.3 -> 208245731.3, col4: 207255956.5 -> 211326311.5"
2026-07-27 07:18:58,SHEETS,CHANGED,"PHL  CHANGED Avg, Salary (Mean) (ALL Compensation Obligations)  -  col6: 14 -> 15"
2026-07-27 07:18:58,SHEETS,CHANGED,"PHL  CHANGED Avg, Salary (Mean) (No 10-Day K's)  -  col6: 1 -> 0"
2026-07-27 07:18:58,SHEETS,CHANGED,Luxury Tax Calculator  CHANGED Luxury Tax  -  Luxury Tax Calculator: 3941202.3 -> 7817731.3
2026-07-27 07:18:58,SHEETS,CHANGED,Luxury Tax Calculator  CHANGED 1st Incremental Tax Bracket  -  Luxury Tax Calculator: 3941202.3 -> 5685000
2026-07-27 07:18:58,SHEETS,CHANGED,Luxury Tax Calculator  CHANGED 2nd Incremental Tax Bracket  -  Luxury Tax Calculator: 0 -> 2665914.125
2026-07-27 07:18:58,SHEETS,CHANGED,Luxury Tax Calculator  CHANGED Tax Liability  -  Luxury Tax Calculator: 3941202.3 -> 8350914.125
2026-07-27 07:17:55,DOCS,REMOVED,"2026-27 Veteran Signings  - REMOVED Update 1.3 (7/18/26): M. Cisse, I. Crawford, J. Tate, J. Walsh"
2026-07-27 07:17:55,DOCS,ADDED,"2026-27 Veteran Signings  + ADDED  Update 1.3 (7/18/26): M. Cisse, I. Crawford, L. James, J. Tate, J. Walsh"
2026-07-27 07:09:00,SHEETS,CHANGED,"MEM  CHANGED Caldwell-Pope, Kentavious  -  TEAM SALARY CAP REPORT
       -  MEMPHIS GRIZZLIES: 1 - FULL SEASON -> 7 - WAIVED, col3: 21621500.0 -> 17744971.0, col9: 21621500 -> 17744971"
2026-07-27 07:09:00,SHEETS,CHANGED,"MEM  CHANGED TEAM SALARY (Art, I §1 (nnn)):  -  col3: 163549352.9 -> 159672823.9, col9: 352054367.8 -> 348177838.8"
2026-07-27 07:09:00,SHEETS,CHANGED,MEM  CHANGED Players Under Contract  -  col3: 155638542.9 -> 134017042.9
2026-07-27 07:09:00,SHEETS,CHANGED,MEM  CHANGED Full Season Contracts  -  col3: 155638542.9 -> 134017042.9
2026-07-27 07:09:00,SHEETS,CHANGED,MEM  CHANGED Waived Contracts  -  col3: 4164050 -> 21909021
2026-07-27 07:09:00,SHEETS,CHANGED,"MEM  CHANGED Avg, Salary (Mean) (ALL Compensation Obligations)  -  col6: 19 -> 18"
2026-07-26 16:16:57,SHEETS,REMOVED,"PHL  - REMOVED Terry, Dalen"
2026-07-26 16:16:57,SHEETS,CHANGED,"PHL  CHANGED TEAM SALARY (Art, I §1 (nnn)):  -  col3: 218672236.3 -> 216087697.3, col9: 654092189.7 -> 651507650.7"
2026-07-26 16:16:57,SHEETS,CHANGED,PHL  CHANGED Players Under Contract  -  col3: 206953741.3 -> 204369202.3
2026-07-26 16:16:57,SHEETS,CHANGED,PHL  CHANGED Full Season Contracts  -  col3: 206953741.3 -> 204369202.3
2026-07-26 16:16:57,SHEETS,CHANGED,"PHL  CHANGED Avg, Salary (Mean) (ALL Compensation Obligations)  -  col6: 15 -> 14"
2026-07-26 16:16:57,SHEETS,CHANGED,"PHL  CHANGED Avg, Salary (Mean) (No 10-Day K's)  -  col6: 0 -> 1"
2026-07-26 16:16:57,SHEETS,CHANGED,Luxury Tax Calculator  CHANGED Luxury Tax  -  Luxury Tax Calculator: 6525741.3 -> 3941202.3
2026-07-26 16:16:57,SHEETS,CHANGED,Luxury Tax Calculator  CHANGED 1st Incremental Tax Bracket  -  Luxury Tax Calculator: 5685000 -> 3941202.3
2026-07-26 16:16:57,SHEETS,CHANGED,Luxury Tax Calculator  CHANGED 2nd Incremental Tax Bracket  -  Luxury Tax Calculator: 1050926.625 -> 0
2026-07-26 16:16:57,SHEETS,CHANGED,Luxury Tax Calculator  CHANGED Tax Liability  -  Luxury Tax Calculator: 6735926.625 -> 3941202.3
2026-07-26 14:58:54,PLAYERS,REMOVED,- REMOVED Dalen Terry (PHI)
2026-07-26 14:58:54,PLAYERS,REMOVED,- REMOVED Kentavious Caldwell-Pope (MEM)
2026-07-26 14:58:54,PLAYERS,CHANGED,~ CHANGED LeBron James  team: - -> PHI
2026-07-26 14:58:54,PLAYERS,CHANGED,~ CHANGED LeBron James  number: - -> 23
2026-07-26 14:14:55,TRANSACTIONS,Signing,2026-07-26  Philadelphia 76ers signed forward LeBron James to a Contract.
2026-07-26 14:14:55,TRANSACTIONS,Waive,2026-07-26  Memphis Grizzlies waived guard Kentavious Caldwell-Pope.
2026-07-26 14:14:55,TRANSACTIONS,Waive,2026-07-26  Philadelphia 76ers waived forward Dalen Terry.
2026-07-25 21:56:54,PLAYERS,ADDED,+ ADDED   Kobe Bufkin (NOP)
2026-07-25 21:54:54,PLAYERS,REMOVED,- REMOVED Kobe Bufkin (NOP)
2026-07-25 21:53:54,PLAYERS,ADDED,+ ADDED   Kobe Bufkin (NOP)
2026-07-25 09:57:54,PLAYERS,REMOVED,- REMOVED Spencer Jones (DEN)
2026-07-25 09:12:50,TRANSACTIONS,Signing,2026-07-24  Portland Trail Blazers signed guard John Tonje to a Two-Way Contract.
2026-07-25 09:12:48,PLAYERS,CHANGED,~ CHANGED Julian Phillips  team: MIN -> HOU
2026-07-25 09:12:48,PLAYERS,CHANGED,~ CHANGED John Tonje  team: BOS -> POR
2026-07-24 08:54:54,PLAYERS,CHANGED,"~ CHANGED Bryce Hopkins  school: St. John's, N.Y. -> St. John's"
2026-07-24 08:54:54,PLAYERS,CHANGED,~ CHANGED Oscar Tshiebwe  team: UTA -> HOU
2026-07-24 08:54:54,PLAYERS,CHANGED,~ CHANGED Oscar Tshiebwe  country: Democratic Republic of the Congo -> DRC
2026-07-24 08:40:54,PLAYERS,CHANGED,~ CHANGED Oscar Tshiebwe  country: DRC -> Democratic Republic of the Congo
2026-07-24 08:36:56,TRANSACTIONS,Signing,2026-07-23  New Orleans Pelicans signed guard Jaron Pierre Jr. to a Two-Way Contract.
2026-07-24 08:36:55,PLAYERS,CHANGED,"~ CHANGED Bryce Hopkins  school: St. John's -> St. John's, N.Y."
2026-07-24 07:49:46,SHEETS,CHANGED,"BOS  CHANGED Walsh, Jordan  -  col4: - -> 5000000.0, col5: - -> 5250000.0, col6: - -> 5500000.0, col9: 2406205 -> 18156205"
2026-07-24 07:49:46,SHEETS,CHANGED,"BOS  CHANGED TEAM SALARY (Art, I §1 (nnn)):  -  col4: 214682470.2 -> 219682470.2, col5: 156745847 -> 161995847, col6: 95656742.6 -> 101156742.6, col9: 693292065.8 -> 709042065.8"
2026-07-24 07:49:46,SHEETS,CHANGED,"BOS  CHANGED Players Under Contract  -  col4: 214682470.2 -> 219682470.2, col5: 156745847 -> 161995847, col6: 95656742.6 -> 101156742.6"
2026-07-24 07:49:46,SHEETS,CHANGED,"BOS  CHANGED Full Season Contracts  -  col4: 214682470.2 -> 219682470.2, col5: 156745847 -> 161995847, col6: 95656742.6 -> 101156742.6"
2026-07-24 07:49:46,SHEETS,ADDED,"HOU  + ADDED  Crawford, Isaiah"
2026-07-24 07:49:46,SHEETS,CHANGED,"HOU  CHANGED Tate, Jae'Sean  -  TEAM SALARY CAP REPORT
       -  HOUSTON ROCKETS: 4 - CAP HOLD -> 1 - FULL SEASON"
2026-07-24 07:49:46,SHEETS,CHANGED,"HOU  CHANGED TEAM SALARY (Art, I §1 (nnn)):  -  col3: 212531841 -> 214981262, col4: 162309335.3 -> 164973736.3, col5: 81676363 -> 84564556, col6: 84915892 -> 88188658, col9: 587410214.3 -> 598684995.3"
2026-07-24 07:49:46,SHEETS,CHANGED,"HOU  CHANGED Players Under Contract  -  col3: 198099620 -> 202998462, col4: 162309335.3 -> 164973736.3, col5: 81676363 -> 84564556, col6: 84915892 -> 88188658"
2026-07-24 07:49:46,SHEETS,CHANGED,"HOU  CHANGED Full Season Contracts  -  col3: 198099620 -> 202998462, col4: 162309335.3 -> 164973736.3, col5: 81676363 -> 84564556, col6: 84915892 -> 88188658"
2026-07-24 07:49:46,SHEETS,CHANGED,HOU  CHANGED Cap Holds  -  col3: 14432221 -> 11982800
2026-07-24 07:49:46,SHEETS,CHANGED,"HOU  CHANGED Avg, Salary (Mean) (ALL Compensation Obligations)  -  col6: 13 -> 15"
2026-07-24 07:49:46,SHEETS,CHANGED,"HOU  CHANGED Avg, Salary (Mean) (No 10-Day K's)  -  col6: 2 -> 0"
2026-07-24 07:49:46,SHEETS,CHANGED,Luxury Tax Calculator  CHANGED Luxury Tax  -  col12: 0 -> 2570462
2026-07-24 07:49:46,SHEETS,CHANGED,Luxury Tax Calculator  CHANGED 1st Incremental Tax Bracket  -  col12: 0 -> 2570462
2026-07-24 07:49:46,SHEETS,CHANGED,Luxury Tax Calculator  CHANGED Tax Liability  -  col12: 0 -> 2570462
2026-07-24 07:49:33,DOCS,REMOVED,2026-27 Veteran Signings  - REMOVED Update 1.3 (7/18/26): M. Cisse
2026-07-24 07:49:33,DOCS,ADDED,"2026-27 Veteran Signings  + ADDED  Update 1.3 (7/18/26): M. Cisse, I. Crawford, J. Tate, J. Walsh"
2026-07-24 07:49:33,DOCS,ADDED,2026-27 Veteran Signings  + ADDED  Isaiah Crawford New York Knicks
2026-07-24 07:49:33,DOCS,ADDED,"2026-27 Veteran Signings  + ADDED  26-27 $2,449,421"
2026-07-24 07:49:33,DOCS,ADDED,"2026-27 Veteran Signings  + ADDED  27-28 $2,664,401"
2026-07-24 07:49:33,DOCS,ADDED,"2026-27 Veteran Signings  + ADDED  28-29 $2,888,193"
2026-07-24 07:49:33,DOCS,ADDED,"2026-27 Veteran Signings  + ADDED  29-30 $3,272,766 (Team Option)"
2026-07-24 07:49:33,DOCS,ADDED,"2026-27 Veteran Signings  + ADDED  4 Years for $11,274,781. Non-Qualifying Veteran Free Agent Exception. Team option to extend the contract to include the 2029-30 Season. Skill; Injury or Illness; Mental; Death. Compensation protection for 2026-27 Season is none but will increase to $1,154,325 if team has not requested waivers on player on or before the first day of the 2026-27 Regular Season. Compensation protection for 2027-28 is none but will increase to full if team has not requested waivers on player on or before 7/1/2027. Compensation protection for 2028-29 is none but will increase to full if team has not requested waivers on player on or before 7/1/2028. Compensation protection for 2029-30 is none but will increase to full if team has not requested waivers on player on or before 7/1/2029. Love of the Game. Physical Exam. Alt. 7(b)."
2026-07-24 07:49:33,DOCS,ADDED,2026-27 Veteran Signings  + ADDED  Execution Date: 7/22/26
2026-07-24 07:49:33,DOCS,ADDED,2026-27 Veteran Signings  + ADDED  Jae’Sean Tate Houston Rockets
2026-07-24 07:49:33,DOCS,ADDED,"2026-27 Veteran Signings  + ADDED  26-27 $3,066,143"
2026-07-24 07:49:33,DOCS,ADDED,"2026-27 Veteran Signings  + ADDED  Minimum Salary Exception. Player Trade Consent. Skill; Injury or Illness; Mental; Death. Compensation protection for 2026-27 Season is for $1,039,669. Love of the Game. Physical Exam. Alt. 7(b)."
2026-07-24 07:49:33,DOCS,ADDED,2026-27 Veteran Signings  + ADDED  Execution Date: 7/23/26
2026-07-24 07:49:33,DOCS,ADDED,2026-27 Veteran Signings  + ADDED  Jordan Walsh Boston Celtics
2026-07-24 07:49:33,DOCS,ADDED,"2026-27 Veteran Signings  + ADDED  27-28 $5,000,000"
2026-07-24 07:49:33,DOCS,ADDED,"2026-27 Veteran Signings  + ADDED  28-29 $5,250,000"
2026-07-24 07:49:33,DOCS,ADDED,"2026-27 Veteran Signings  + ADDED  29-30 $5.500,000 (Team Option)"
2026-07-24 07:49:33,DOCS,ADDED,"2026-27 Veteran Signings  + ADDED  3 Years for $15,750,000. Veteran Extension. Team option to extend the contract to include the 2029-30 Season. Insurance Premium Reimbursement. Skill; Injury or Illness; Mental."
2026-07-24 07:49:33,DOCS,ADDED,2026-27 Veteran Signings  + ADDED  Execution Date: 7/23/26
2026-07-24 07:49:33,DOCS,REMOVED,2026-27 Two-Way Signings  - REMOVED Update 1.3 (7/18/26): V. Goldin
2026-07-24 07:49:33,DOCS,ADDED,"2026-27 Two-Way Signings  + ADDED  Update 1.3 (7/18/26): V. Goldin, D. Jones Garcia, J. Slawson, J. Wilson"
2026-07-24 07:49:33,DOCS,ADDED,2026-27 Two-Way Signings  + ADDED  David Jones Garcia San Antonio Spurs
2026-07-24 07:49:33,DOCS,ADDED,"2026-27 Two-Way Signings  + ADDED  1 Year. Skill; Injury or Illness. Compensation protection for 2026-27 Season is for $91,000 but will increase to 50% if team has not requested waivers on player on or before the first day of the 2026-27 Regular Season. Love of the Game. Physical Exam. Alt. 7(b)."
2026-07-24 07:49:33,DOCS,ADDED,2026-27 Two-Way Signings  + ADDED  Execution Date: 7/22/26
2026-07-24 07:49:33,DOCS,ADDED,2026-27 Two-Way Signings  + ADDED  Jalen Slawson Indiana Pacers
2026-07-24 07:49:33,DOCS,ADDED,"2026-27 Two-Way Signings  + ADDED  1 Year. Skill; Injury or Illness. Compensation protection for 2026-27 Season is for $91,000. Love of the Game. Physical Exam. Alt. 7(b)."
2026-07-24 07:49:33,DOCS,ADDED,2026-27 Two-Way Signings  + ADDED  Execution Date: 7/22/26
2026-07-24 07:49:33,DOCS,ADDED,2026-27 Two-Way Signings  + ADDED  Jalen Wilson Atlanta Hawks
2026-07-24 07:49:33,DOCS,ADDED,"2026-27 Two-Way Signings  + ADDED  1 Year. Skill; Injury or Illness. Compensation protection for 2026-27 Season is for $91,000 but will increase to 50% if team has not requested waivers on player on or before the first day of the 2026-27 Regular Season. Love of the Game. Physical Exam. Alt. 7(b)."
2026-07-24 07:49:33,DOCS,ADDED,2026-27 Two-Way Signings  + ADDED  Execution Date: 7/22/26
2026-07-23 14:53:54,PLAYERS,REMOVED,- REMOVED Emanuel Miller (SAS)
2026-07-23 14:53:54,PLAYERS,CHANGED,~ CHANGED Ziaire Williams  number: 1 -> 11
2026-07-23 14:53:54,PLAYERS,CHANGED,~ CHANGED Collin Sexton  number: 2 -> 10
2026-07-23 14:07:54,PLAYERS,CHANGED,~ CHANGED Emanuel Miller  school: TCU -> Texas Christian
2026-07-23 14:06:54,PLAYERS,CHANGED,~ CHANGED Emanuel Miller  school: Texas Christian -> TCU
2026-07-23 14:05:54,PLAYERS,CHANGED,~ CHANGED Emanuel Miller  school: TCU -> Texas Christian
2026-07-23 13:53:55,TRANSACTIONS,Waive,2026-07-22  San Antonio Spurs waived forward Emanuel Miller.
2026-07-23 12:44:54,PLAYERS,ADDED,+ ADDED   LeBron James (no team)
2026-07-23 12:44:54,PLAYERS,ADDED,+ ADDED   DeMar DeRozan (no team)
2026-07-23 12:42:54,PLAYERS,REMOVED,- REMOVED DeMar DeRozan (no team)
2026-07-23 12:42:54,PLAYERS,REMOVED,- REMOVED LeBron James (no team)
2026-07-23 12:40:54,PLAYERS,ADDED,+ ADDED   DeMar DeRozan (no team)
2026-07-23 12:40:54,PLAYERS,ADDED,+ ADDED   LeBron James (no team)
2026-07-23 11:43:55,TRANSACTIONS,Signing,2026-07-23  Houston Rockets re-signed forward Jae'Sean Tate to a Contract.
2026-07-23 11:34:55,TRANSACTIONS,Signing,2026-07-23  Boston Celtics re-signed guard Jordan Walsh to a Veteran Extension.
2026-07-22 21:10:55,TRANSACTIONS,Signing,2026-07-22  Houston Rockets re-signed forward Isaiah Crawford to a Contract.
2026-07-22 14:17:55,TRANSACTIONS,Signing,2026-07-22  San Antonio Spurs re-signed guard David Jones Garcia to a Two-Way Contract.
2026-07-22 14:17:55,TRANSACTIONS,Signing,2026-07-22  Dallas Mavericks signed center Moussa Cisse to a Contract.
2026-07-22 12:03:56,PLAYERS,CHANGED,~ CHANGED Jalen Wilson  team: BKN -> ATL
2026-07-22 11:29:55,TRANSACTIONS,Signing,2026-07-22  Atlanta Hawks signed forward Jalen Wilson to a Two-Way Contract.
2026-07-22 11:18:55,TRANSACTIONS,Signing,2026-07-22  Indiana Pacers re-signed forward Jalen Slawson to a Two-Way Contract.
2026-07-22 11:18:55,TRANSACTIONS,Signing,2026-07-21  Los Angeles Lakers signed forward Arthur Kaluma to a Two-Way Contract.
2026-07-22 09:19:44,DOCS,REMOVED,2026-27 Two-Way Signings  - REMOVED Peter Suder Los Angeles Lakers
2026-07-22 09:19:44,DOCS,ADDED,2026-27 Two-Way Signings  + ADDED  Peter Suder (WAIVED) Los Angeles Lakers
2026-07-22 09:19:42,TRANSACTIONS,Signing,2026-07-22  Los Angeles Lakers signed forward Arthur Kaluma to a Two-Way Contract.
2026-07-22 09:19:42,TRANSACTIONS,Waive,2026-07-21  Los Angeles Lakers waived guard Peter Suder.
2026-07-22 09:19:41,PLAYERS,ADDED,+ ADDED   Arthur Kaluma (LAL)
2026-07-22 09:19:41,PLAYERS,REMOVED,- REMOVED Peter Suder (LAL)
2026-07-21 17:00:57,SHEETS,CHANGED,"BOS  CHANGED DeVries, Tucker  -  col3: - -> 1357763.0, col9: 0 -> 1357763"
2026-07-21 17:00:57,SHEETS,CHANGED,"BOS  CHANGED Uzan, Milos  -  col3: - -> 1357763.0, col9: 0 -> 1357763"
2026-07-21 17:00:57,SHEETS,CHANGED,"BOS  CHANGED Craig, Torrey  -  col3: - -> 2449421.0, col9: 0 -> 2449421"
2026-07-21 17:00:57,SHEETS,CHANGED,"BOS  CHANGED Griffin, Blake  -  col3: - -> 2449421.0, col9: 0 -> 2449421"
2026-07-21 17:00:57,SHEETS,CHANGED,"BOS  CHANGED Kabengele, Mfiondu  -  col3: - -> 2185116.0, col9: 0 -> 2185116"
2026-07-21 17:00:57,SHEETS,CHANGED,"BOS  CHANGED Shulga, Max  -  col3: - -> 2185116.0, col9: 0 -> 2185116"
2026-07-21 17:00:57,SHEETS,CHANGED,"BOS  CHANGED TEAM SALARY (Art, I §1 (nnn)):  -  col3: 198722406 -> 210707006, col9: 681307465.8 -> 693292065.8"
2026-07-21 17:00:57,SHEETS,CHANGED,BOS  CHANGED Players Under Contract  -  col3: 198722406 -> 201437932
2026-07-21 17:00:57,SHEETS,CHANGED,BOS  CHANGED Full Season Contracts  -  col3: 198722406 -> 201437932
2026-07-21 17:00:57,SHEETS,CHANGED,BOS  CHANGED Cap Holds  -  col3: 0 -> 9269074
2026-07-21 17:00:57,SHEETS,CHANGED,Luxury Tax Calculator  CHANGED Luxury Tax  -  col3: 0 -> 1009932
2026-07-21 17:00:57,SHEETS,CHANGED,Luxury Tax Calculator  CHANGED 1st Incremental Tax Bracket  -  col3: 0 -> 3029796
2026-07-21 17:00:57,SHEETS,CHANGED,Luxury Tax Calculator  CHANGED Tax Liability  -  col3: 0 -> 3029796
2026-07-21 16:59:58,SHEETS,CHANGED,"BOS  CHANGED DeVries, Tucker  -  col3: 1357763.0 -> -, col9: 1357763 -> 0"
2026-07-21 16:59:58,SHEETS,CHANGED,"BOS  CHANGED Uzan, Milos  -  col3: 1357763.0 -> -, col9: 1357763 -> 0"
2026-07-21 16:59:58,SHEETS,CHANGED,"BOS  CHANGED Craig, Torrey  -  col3: 2449421.0 -> -, col9: 2449421 -> 0"
2026-07-21 16:59:58,SHEETS,CHANGED,"BOS  CHANGED Griffin, Blake  -  col3: 2449421.0 -> -, col9: 2449421 -> 0"
2026-07-21 16:59:58,SHEETS,CHANGED,"BOS  CHANGED Kabengele, Mfiondu  -  col3: 2185116.0 -> -, col9: 2185116 -> 0"
2026-07-21 16:59:58,SHEETS,CHANGED,"BOS  CHANGED Shulga, Max  -  col3: 2185116.0 -> -, col9: 2185116 -> 0"
2026-07-21 16:59:58,SHEETS,CHANGED,"BOS  CHANGED TEAM SALARY (Art, I §1 (nnn)):  -  col3: 210707006 -> 198722406, col9: 693292065.8 -> 681307465.8"
2026-07-21 16:59:58,SHEETS,CHANGED,BOS  CHANGED Players Under Contract  -  col3: 201437932 -> 198722406
2026-07-21 16:59:58,SHEETS,CHANGED,BOS  CHANGED Full Season Contracts  -  col3: 201437932 -> 198722406
2026-07-21 16:59:58,SHEETS,CHANGED,BOS  CHANGED Cap Holds  -  col3: 9269074 -> 0
2026-07-21 16:59:58,SHEETS,CHANGED,Luxury Tax Calculator  CHANGED Luxury Tax  -  col3: 1009932 -> 0
2026-07-21 16:59:58,SHEETS,CHANGED,Luxury Tax Calculator  CHANGED 1st Incremental Tax Bracket  -  col3: 3029796 -> 0
2026-07-21 16:59:58,SHEETS,CHANGED,Luxury Tax Calculator  CHANGED Tax Liability  -  col3: 3029796 -> 0
2026-07-21 10:00:54,PLAYERS,CHANGED,~ CHANGED Nikola Vučević  name: Nikola Vucevic -> Nikola Vučević
2026-07-21 10:00:54,PLAYERS,CHANGED,~ CHANGED Nikola Vučević  number: 4 -> 9
2026-07-21 10:00:54,PLAYERS,CHANGED,~ CHANGED Nikola Vučević  school: USC -> Southern California
2026-07-21 09:59:54,PLAYERS,CHANGED,~ CHANGED Nikola Vucevic  name: Nikola Vučević -> Nikola Vucevic
2026-07-21 09:59:54,PLAYERS,CHANGED,~ CHANGED Nikola Vucevic  number: 9 -> 4
2026-07-21 09:59:54,PLAYERS,CHANGED,~ CHANGED Nikola Vucevic  school: Southern California -> USC
2026-07-21 09:57:54,PLAYERS,CHANGED,~ CHANGED Nikola Vučević  name: Nikola Vucevic -> Nikola Vučević
2026-07-21 09:57:54,PLAYERS,CHANGED,~ CHANGED Nikola Vučević  number: 4 -> 9
2026-07-21 09:57:54,PLAYERS,CHANGED,~ CHANGED Nikola Vučević  school: USC -> Southern California
2026-07-21 09:52:54,PLAYERS,CHANGED,~ CHANGED Nikola Vucevic  name: Nikola Vučević -> Nikola Vucevic
2026-07-21 09:52:54,PLAYERS,CHANGED,~ CHANGED Nikola Vucevic  school: Southern California -> USC
2026-07-21 07:16:38,DOCS,REMOVED,"2026-27 Veteran Signings  - REMOVED Update 1.3 (7/18/26): M. Cisse,"
2026-07-21 07:16:38,DOCS,ADDED,2026-27 Veteran Signings  + ADDED  Update 1.3 (7/18/26): M. Cisse
2026-07-20 20:00:54,PLAYERS,CHANGED,~ CHANGED Jett Howard  team: ORL -> DAL
2026-07-20 19:39:55,TRANSACTIONS,Signing,2026-07-20  Dallas Mavericks signed guard Jett Howard to a Two-Way Contract.
2026-07-20 14:57:33,TRANSACTIONS,Waive,2026-07-20  Indiana Pacers waived guard Taelon Peter.
2026-07-20 14:57:33,TRANSACTIONS,Waive,2026-07-20  Dallas Mavericks waived forward Tyler Smith.
2026-07-20 14:57:32,PLAYERS,REMOVED,- REMOVED Taelon Peter (IND)
2026-07-20 14:57:32,PLAYERS,REMOVED,- REMOVED Tyler Smith (DAL)
2026-07-20 13:57:54,PLAYERS,CHANGED,~ CHANGED Santi Aldama  number: 7 -> 34
2026-07-20 13:57:54,PLAYERS,CHANGED,"~ CHANGED Santi Aldama  school: Loyola College, MD -> Loyola-Maryland"
2026-07-20 13:53:54,PLAYERS,CHANGED,"~ CHANGED Santi Aldama  school: Loyola-Maryland -> Loyola College, MD"
2026-07-20 11:01:54,PLAYERS,CHANGED,~ CHANGED Kristaps Porziņģis  name: Kristaps Porzingis -> Kristaps Porziņģis
2026-07-20 11:01:54,PLAYERS,CHANGED,~ CHANGED Ajay Mitchell  school: Cal-Santa Barbara -> California-Santa Barbara
2026-07-20 11:00:55,PLAYERS,CHANGED,~ CHANGED Kristaps Porzingis  name: Kristaps Porziņģis -> Kristaps Porzingis
2026-07-20 11:00:55,PLAYERS,CHANGED,~ CHANGED Ajay Mitchell  school: California-Santa Barbara -> Cal-Santa Barbara
2026-07-20 10:59:54,PLAYERS,CHANGED,~ CHANGED Ajay Mitchell  school: Cal-Santa Barbara -> California-Santa Barbara
2026-07-20 10:59:54,PLAYERS,CHANGED,~ CHANGED Kristaps Porziņģis  name: Kristaps Porzingis -> Kristaps Porziņģis
2026-07-20 10:52:54,PLAYERS,CHANGED,~ CHANGED Kristaps Porzingis  name: Kristaps Porziņģis -> Kristaps Porzingis
2026-07-20 10:33:54,PLAYERS,CHANGED,~ CHANGED Ajay Mitchell  school: California-Santa Barbara -> Cal-Santa Barbara
2026-07-20 07:36:55,DOCS,ADDED,2026-27 Two-Way Signings  + ADDED  Vladislav Goldin Miami Heat
2026-07-20 07:36:55,DOCS,ADDED,"2026-27 Two-Way Signings  + ADDED  1 Year. Skill; Injury or Illness. Compensation protection for 2026-27 Season is for $91,000. Love of the Game. Physical Exam."
2026-07-20 07:36:55,DOCS,ADDED,2026-27 Two-Way Signings  + ADDED  Execution Date: 6/26/26
2026-07-20 07:35:55,DOCS,REMOVED,"2026-27 Veteran Signings  - REMOVED Update 1.2 (7/7/26 - 7/17/26): P. Achiuwa, J. Alvarado, K. Anderson, M. Bagley, M. Bamba, H. Barnes, C. Bassey, B. Bogdanovic, T. Bryant, M. Cisse, J. Clark, J. Clarkson, J. Collins, M. Conley, M. Diawara, O. Dieng, A. Dosunmu, A. Drummond, T. Eason, K. Ellis, C. Gillespie, J. Green, Q. Grimes, J. Goodwin, R. Hachimura, T. Hardaway Jr., T. Harris, I. Hartenstein, J. Hayes, K. Huerter, A. Hukporti, T. Jones, D. Jordan, L. Kennard, W. Kessler, J. Landale, K. Looney, T. Lyles, S. Mamukelashvili, J. McLaughlin, K. Middleton, J. Miller, L. Nance, P. Nance, J. Nurkic, N. Powell, J. Okogie, K. Oubre, Q. Post, A. Reaves, M. Robinson, K. Sanders, C. Sexton, L. Shamet, M. Smart, G. Trent, V. Wembanyama, C. White, K. Williams, M. Williams, Z. Williams T. Young"
2026-07-20 07:35:55,DOCS,REMOVED,2026-27 Veteran Signings  - REMOVED Update 1.2 (7/7/26 -7/17/26):
2026-07-20 07:35:55,DOCS,ADDED,"2026-27 Veteran Signings  + ADDED  Update 1.2 (7/7/26 - 7/17/26): P. Achiuwa, J. Alvarado, K. Anderson, M. Bagley, M. Bamba, H. Barnes, C. Bassey, B. Bogdanovic, T. Bryant, J. Clark, J. Clarkson, J. Collins, M. Conley, M. Diawara, O. Dieng, A. Dosunmu, A. Drummond, T. Eason, K. Ellis, C. Gillespie, J. Green, Q. Grimes, J. Goodwin, R. Hachimura, T. Hardaway Jr., T. Harris, I. Hartenstein, J. Hayes, K. Huerter, A. Hukporti, T. Jones, D. Jordan, L. Kennard, W. Kessler, J. Landale, K. Looney, T. Lyles, S. Mamukelashvili, J. McLaughlin, K. Middleton, J. Miller, L. Nance, P. Nance, J. Nurkic, N. Powell, J. Okogie, K. Oubre, Q. Post, A. Reaves, M. Robinson, K. Sanders, C. Sexton, L. Shamet, M. Smart, G. Trent, V. Wembanyama, C. White, K. Williams, M. Williams, Z. Williams T. Young"
2026-07-20 07:35:55,DOCS,ADDED,"2026-27 Veteran Signings  + ADDED  Update 1.3 (7/18/26): M. Cisse,"
2026-07-20 07:35:55,DOCS,ADDED,2026-27 Two-Way Signings  + ADDED  Update 1.3 (7/18/26): V. Goldin
2026-07-20 07:35:55,DOCS,ADDED,2026-27 Rookie Signings  + ADDED  Update 1.3 (7/18/26):
2026-07-20 07:34:55,DOCS,ADDED,2026-27 Veteran Signings  + ADDED  Update 1.2 (7/7/26 -7/17/26):
2026-07-20 07:32:55,DOCS,REMOVED,"2026-27 Veteran Signings  - REMOVED 2 Years for $4,757,011. Minimum Salary Exception. Offer Sheet (New York Knicks - Matched). Skill; Injury or Illness; Death. Compensation protection for 2026-27 Season is none but will increase to $1,092,558 if team has not requested waivers on player on or before 9/1/2026 and will increase to full if team has not requested waivers on player on or before 10/1/2026."
2026-07-20 07:32:55,DOCS,REMOVED,2026-27 Veteran Signings  - REMOVED Love of the Game. Physical Exam. Alt. 7(b).
2026-07-20 07:32:55,DOCS,REMOVED,2026-27 Veteran Signings  - REMOVED Execution Date: 7/8/26
2026-07-20 07:32:55,DOCS,ADDED,"2026-27 Veteran Signings  + ADDED  2 Years for $4,757,011. Minimum Salary Exception. Offer Sheet (New York Knicks - Matched). Skill; Injury or Illness; Death. Compensation protection for 2026-27 Season is none but will increase to $1,092,558 if team has not requested waivers on player on or before 9/1/2026 and will increase to full if team has not requested waivers on player on or before 10/1/2026. Compensation protection for 2027-28 Season is none. Love of the Game. Physical Exam. Alt. 7(b)."
2026-07-20 07:32:55,DOCS,ADDED,2026-27 Veteran Signings  + ADDED  Execution Date: 7/18/26
2026-07-20 07:31:55,DOCS,REMOVED,"2026-27 Veteran Signings  - REMOVED 2 Years for $4,757,011. Minimum Salary Exception. Offer Sheet (New York Knicks - Matched). Skill; Injury or Illness; Death. Compensation protection for 2026-27 Season is none but will increase to $1,092,558 if team has not requested waivers on player on or before 9/1/2026"
2026-07-20 07:31:55,DOCS,ADDED,"2026-27 Veteran Signings  + ADDED  2 Years for $4,757,011. Minimum Salary Exception. Offer Sheet (New York Knicks - Matched). Skill; Injury or Illness; Death. Compensation protection for 2026-27 Season is none but will increase to $1,092,558 if team has not requested waivers on player on or before 9/1/2026 and will increase to full if team has not requested waivers on player on or before 10/1/2026."
2026-07-20 07:30:57,DOCS,REMOVED,"2026-27 Veteran Signings  - REMOVED 2 Years for $4,757,011. Minimum Salary Exception. Offer Sheet (New York Knicks - Matched). Skill; Injury or Illness; Death. Compensation protection for 2026-27 Season is none but will increase to full if team has not requested waivers on player on or before the date that is two days after the 2027 NBA Draft."
2026-07-20 07:30:57,DOCS,ADDED,"2026-27 Veteran Signings  + ADDED  2 Years for $4,757,011. Minimum Salary Exception. Offer Sheet (New York Knicks - Matched). Skill; Injury or Illness; Death. Compensation protection for 2026-27 Season is none but will increase to $1,092,558 if team has not requested waivers on player on or before 9/1/2026"
2026-07-20 07:29:55,DOCS,REMOVED,"2026-27 Veteran Signings  - REMOVED 2 Years for $4,757,011. Minimum Salary Exception. Offer Sheet (New York Knicks - Matched)."
2026-07-20 07:29:55,DOCS,REMOVED,2026-27 Veteran Signings  - REMOVED Skill; Injury or Illness; Mental. Compensation protection for 2027-28 Season is none but will increase to full if team has not requested waivers on player on or before the date that is two days after the 2027 NBA Draft. Compensation protection for 2028-29 Season is none but will increase to full if team has not requested waivers on player on or before the date that is two days after the 2028 NBA Draft. Love of the Game. Physical Exam. Alt. 7(b).
2026-07-20 07:29:55,DOCS,ADDED,"2026-27 Veteran Signings  + ADDED  2 Years for $4,757,011. Minimum Salary Exception. Offer Sheet (New York Knicks - Matched). Skill; Injury or Illness; Death. Compensation protection for 2026-27 Season is none but will increase to full if team has not requested waivers on player on or before the date that is two days after the 2027 NBA Draft."
2026-07-20 07:29:55,DOCS,ADDED,2026-27 Veteran Signings  + ADDED  Love of the Game. Physical Exam. Alt. 7(b).
2026-07-20 07:28:57,SHEETS,REMOVED,"DAL  - REMOVED Cisse, Moussa #2"
2026-07-20 07:28:57,SHEETS,CHANGED,"DAL  CHANGED TEAM SALARY (Art, I §1 (nnn)):  -  col3: 226357182.8 -> 224172066.8, col4: 171609632.6 -> 169037737.6, col9: 510389450.7 -> 505632439.7"
2026-07-20 07:28:57,SHEETS,CHANGED,"DAL  CHANGED Players Under Contract  -  col3: 196839993.8 -> 194654877.8, col4: 168398416.4 -> 165826521.4"
2026-07-20 07:28:57,SHEETS,CHANGED,"DAL  CHANGED Full Season Contracts  -  col3: 196839993.8 -> 194654877.8, col4: 168398416.4 -> 165826521.4"
2026-07-20 07:28:57,SHEETS,CHANGED,"DAL  CHANGED Avg, Salary (Mean) (ALL Compensation Obligations)  -  col6: 17 -> 16"
2026-07-20 07:28:55,DOCS,REMOVED,2026-27 Veteran Signings  - REMOVED 2 Years for $. Minimum Salary Exception. Offer Sheet (New York Knicks - Matched).
2026-07-20 07:28:55,DOCS,REMOVED,2026-27 Veteran Signings  - REMOVED Insurance Premium Reimbursement. Skill; Injury or Illness; Mental. Compensation protection for 2027-28 Season is none but will increase to full if team has not requested waivers on player on or before the date that is two days after the 2027 NBA Draft. Compensation protection for 2028-29 Season is none but will increase to full if team has not requested waivers on player on or before the date that is two days after the 2028 NBA Draft. Love of the Game. Physical Exam. Alt. 7(b).
2026-07-20 07:28:55,DOCS,ADDED,"2026-27 Veteran Signings  + ADDED  2 Years for $4,757,011. Minimum Salary Exception. Offer Sheet (New York Knicks - Matched)."
2026-07-20 07:28:55,DOCS,ADDED,2026-27 Veteran Signings  + ADDED  Skill; Injury or Illness; Mental. Compensation protection for 2027-28 Season is none but will increase to full if team has not requested waivers on player on or before the date that is two days after the 2027 NBA Draft. Compensation protection for 2028-29 Season is none but will increase to full if team has not requested waivers on player on or before the date that is two days after the 2028 NBA Draft. Love of the Game. Physical Exam. Alt. 7(b).
2026-07-20 07:27:58,SHEETS,ADDED,"DAL  + ADDED  Cisse, Moussa #2"
2026-07-20 07:27:58,SHEETS,CHANGED,"DAL  CHANGED TEAM SALARY (Art, I §1 (nnn)):  -  col3: 224172066.8 -> 226357182.8, col4: 169037737.6 -> 171609632.6, col9: 505632439.7 -> 510389450.7"
2026-07-20 07:27:58,SHEETS,CHANGED,"DAL  CHANGED Players Under Contract  -  col3: 194654877.8 -> 196839993.8, col4: 165826521.4 -> 168398416.4"
2026-07-20 07:27:58,SHEETS,CHANGED,"DAL  CHANGED Full Season Contracts  -  col3: 194654877.8 -> 196839993.8, col4: 165826521.4 -> 168398416.4"
2026-07-20 07:27:58,SHEETS,CHANGED,"DAL  CHANGED Avg, Salary (Mean) (ALL Compensation Obligations)  -  col6: 16 -> 17"
2026-07-20 07:26:59,SHEETS,ADDED,"DAL  + ADDED  Cisse, Moussa"
2026-07-20 07:26:59,SHEETS,CHANGED,"DAL  CHANGED TEAM SALARY (Art, I §1 (nnn)):  -  col3: 221986950.8 -> 224172066.8, col4: 166465842.6 -> 169037737.6, col9: 500875428.7 -> 505632439.7"
2026-07-20 07:26:59,SHEETS,CHANGED,"DAL  CHANGED Players Under Contract  -  col3: 192469761.8 -> 194654877.8, col4: 163254626.4 -> 165826521.4"
2026-07-20 07:26:59,SHEETS,CHANGED,"DAL  CHANGED Full Season Contracts  -  col3: 192469761.8 -> 194654877.8, col4: 163254626.4 -> 165826521.4"
2026-07-20 07:26:59,SHEETS,CHANGED,"DAL  CHANGED Avg, Salary (Mean) (ALL Compensation Obligations)  -  col6: 15 -> 16"
2026-07-20 07:25:55,DOCS,REMOVED,2026-27 Veteran Signings  - REMOVED 26-27 $
2026-07-20 07:25:55,DOCS,REMOVED,2026-27 Veteran Signings  - REMOVED 27-28 $
2026-07-20 07:25:55,DOCS,ADDED,"2026-27 Veteran Signings  + ADDED  26-27 $2,185,116"
2026-07-20 07:25:55,DOCS,ADDED,"2026-27 Veteran Signings  + ADDED  27-28 $2,571,895"
2026-07-20 07:24:55,DOCS,REMOVED,2026-27 Veteran Signings  - REMOVED Mouss Memphis Grizzlies
2026-07-20 07:24:55,DOCS,REMOVED,"2026-27 Veteran Signings  - REMOVED 26-27 $9,000,000 ($10,350,000)"
2026-07-20 07:24:55,DOCS,REMOVED,"2026-27 Veteran Signings  - REMOVED 27-28 $8,550,000 ($9,832,500)"
2026-07-20 07:24:55,DOCS,REMOVED,"2026-27 Veteran Signings  - REMOVED 28-29 $8,550,000 ($9,832,500) (Team Option)"
2026-07-20 07:24:55,DOCS,REMOVED,"2026-27 Veteran Signings  - REMOVED 3 Years for $26,100,000 ($30,015,000 w/unlikely to be earned bonuses). Non-Taxpayer Mid-Level Exception (Partial). Offer Sheet (Not Matched). Team option to extend the contract to include the 2028-29 Season. Insurance Premium Reimbursement. Skill; Injury or Illness; Mental. Compensation protection for 2027-28 Season is none but will increase to full if team has not requested waivers on player on or before the date that is two days after the 2027 NBA Draft. Compensation protection for 2028-29 Season is none but will increase to full if team has not requested waivers on player on or before the date that is two days after the 2028 NBA Draft. Love of the Game. Physical Exam. Alt. 7(b)."
2026-07-20 07:24:55,DOCS,ADDED,2026-27 Veteran Signings  + ADDED  Moussa Cisse Dallas Mavericks
2026-07-20 07:24:55,DOCS,ADDED,2026-27 Veteran Signings  + ADDED  26-27 $
2026-07-20 07:24:55,DOCS,ADDED,2026-27 Veteran Signings  + ADDED  27-28 $
2026-07-20 07:24:55,DOCS,ADDED,2026-27 Veteran Signings  + ADDED  2 Years for $. Minimum Salary Exception. Offer Sheet (New York Knicks - Matched).
2026-07-20 07:24:55,DOCS,ADDED,2026-27 Veteran Signings  + ADDED  Insurance Premium Reimbursement. Skill; Injury or Illness; Mental. Compensation protection for 2027-28 Season is none but will increase to full if team has not requested waivers on player on or before the date that is two days after the 2027 NBA Draft. Compensation protection for 2028-29 Season is none but will increase to full if team has not requested waivers on player on or before the date that is two days after the 2028 NBA Draft. Love of the Game. Physical Exam. Alt. 7(b).
2026-07-20 07:23:55,DOCS,REMOVED,"2026-27 Veteran Signings  - REMOVED Update 1.2 (7/7/26 - 7/17/26): P. Achiuwa, J. Alvarado, K. Anderson, M. Bagley, M. Bamba, H. Barnes, C. Bassey, B. Bogdanovic, T. Bryant, J. Clark, J. Clarkson, J. Collins, M. Conley, M. Diawara, O. Dieng, A. Dosunmu, A. Drummond, T. Eason, K. Ellis, C. Gillespie, J. Green, Q. Grimes, J. Goodwin, R. Hachimura, T. Hardaway Jr., T. Harris, I. Hartenstein, J. Hayes, K. Huerter, A. Hukporti, T. Jones, D. Jordan, L. Kennard, W. Kessler, J. Landale, K. Looney, T. Lyles, S. Mamukelashvili, J. McLaughlin, K. Middleton, J. Miller, L. Nance, P. Nance, J. Nurkic, N. Powell, J. Okogie, K. Oubre, Q. Post, A. Reaves, M. Robinson, K. Sanders, C. Sexton, L. Shamet, M. Smart, G. Trent, V. Wembanyama, C. White, K. Williams, M. Williams, Z. Williams T. Young"
2026-07-20 07:23:55,DOCS,ADDED,"2026-27 Veteran Signings  + ADDED  Update 1.2 (7/7/26 - 7/17/26): P. Achiuwa, J. Alvarado, K. Anderson, M. Bagley, M. Bamba, H. Barnes, C. Bassey, B. Bogdanovic, T. Bryant, M. Cisse, J. Clark, J. Clarkson, J. Collins, M. Conley, M. Diawara, O. Dieng, A. Dosunmu, A. Drummond, T. Eason, K. Ellis, C. Gillespie, J. Green, Q. Grimes, J. Goodwin, R. Hachimura, T. Hardaway Jr., T. Harris, I. Hartenstein, J. Hayes, K. Huerter, A. Hukporti, T. Jones, D. Jordan, L. Kennard, W. Kessler, J. Landale, K. Looney, T. Lyles, S. Mamukelashvili, J. McLaughlin, K. Middleton, J. Miller, L. Nance, P. Nance, J. Nurkic, N. Powell, J. Okogie, K. Oubre, Q. Post, A. Reaves, M. Robinson, K. Sanders, C. Sexton, L. Shamet, M. Smart, G. Trent, V. Wembanyama, C. White, K. Williams, M. Williams, Z. Williams T. Young"
2026-07-20 07:23:55,DOCS,ADDED,2026-27 Veteran Signings  + ADDED  Mouss Memphis Grizzlies
2026-07-20 07:23:55,DOCS,ADDED,"2026-27 Veteran Signings  + ADDED  26-27 $9,000,000 ($10,350,000)"
2026-07-20 07:23:55,DOCS,ADDED,"2026-27 Veteran Signings  + ADDED  27-28 $8,550,000 ($9,832,500)"
2026-07-20 07:23:55,DOCS,ADDED,"2026-27 Veteran Signings  + ADDED  28-29 $8,550,000 ($9,832,500) (Team Option)"
2026-07-20 07:23:55,DOCS,ADDED,"2026-27 Veteran Signings  + ADDED  3 Years for $26,100,000 ($30,015,000 w/unlikely to be earned bonuses). Non-Taxpayer Mid-Level Exception (Partial). Offer Sheet (Not Matched). Team option to extend the contract to include the 2028-29 Season. Insurance Premium Reimbursement. Skill; Injury or Illness; Mental. Compensation protection for 2027-28 Season is none but will increase to full if team has not requested waivers on player on or before the date that is two days after the 2027 NBA Draft. Compensation protection for 2028-29 Season is none but will increase to full if team has not requested waivers on player on or before the date that is two days after the 2028 NBA Draft. Love of the Game. Physical Exam. Alt. 7(b)."
2026-07-20 07:23:55,DOCS,ADDED,2026-27 Veteran Signings  + ADDED  Execution Date: 7/8/26
2026-07-20 07:21:55,DOCS,REMOVED,2026-27 Veteran Signings  - REMOVED Execution Date: 7/6/26
2026-07-20 07:21:55,DOCS,ADDED,2026-27 Veteran Signings  + ADDED  Execution Date: 7/19/26
2026-07-20 07:20:56,DOCS,REMOVED,"2026-27 Veteran Signings  - REMOVED Update 1.2 (7/7/26 - 7/17/26): P. Achiuwa, J. Alvarado, K. Anderson, M. Bagley, M. Bamba, H. Barnes, C. Bassey, B. Bogdanovic, T. Bryant, J. Clark, J. Clarkson, J. Collins, M. Conley, M. Diawara, O. Dieng, A. Dosunmu, A. Drummond, T. Eason, K. Ellis, C. Gillespie, J. Green, Q. Grimes, J. Goodwin, R. Hachimura, T. Hardaway Jr., T. Harris, I. Hartenstein, J. Hayes, K. Huerter, A. Hukporti, T. Jones, D. Jordan, L. Kennard, W. Kessler, J. Landale, K. Looney, T. Lyles, S. Mamukelashvili, J. McLaughlin, K. Middleton, J. Miller, L. Nance, P. Nance, J. Nurkic, N. Powell, J. Okogie, K. Oubre, Q. Post, A. Reaves, M. Robinson, K. Sanders, C. Sexton, L. Shamet, M. Smart, G. Trent, V. Wembanyama, C. White, K. Williams, M. Williams, T. Young"
2026-07-20 07:20:56,DOCS,ADDED,"2026-27 Veteran Signings  + ADDED  Update 1.2 (7/7/26 - 7/17/26): P. Achiuwa, J. Alvarado, K. Anderson, M. Bagley, M. Bamba, H. Barnes, C. Bassey, B. Bogdanovic, T. Bryant, J. Clark, J. Clarkson, J. Collins, M. Conley, M. Diawara, O. Dieng, A. Dosunmu, A. Drummond, T. Eason, K. Ellis, C. Gillespie, J. Green, Q. Grimes, J. Goodwin, R. Hachimura, T. Hardaway Jr., T. Harris, I. Hartenstein, J. Hayes, K. Huerter, A. Hukporti, T. Jones, D. Jordan, L. Kennard, W. Kessler, J. Landale, K. Looney, T. Lyles, S. Mamukelashvili, J. McLaughlin, K. Middleton, J. Miller, L. Nance, P. Nance, J. Nurkic, N. Powell, J. Okogie, K. Oubre, Q. Post, A. Reaves, M. Robinson, K. Sanders, C. Sexton, L. Shamet, M. Smart, G. Trent, V. Wembanyama, C. White, K. Williams, M. Williams, Z. Williams T. Young"
2026-07-20 07:20:56,DOCS,ADDED,2026-27 Veteran Signings  + ADDED  Ziaire Williams Los Angeles Lakers
2026-07-20 07:20:56,DOCS,ADDED,"2026-27 Veteran Signings  + ADDED  26-27 $2,845,883"
2026-07-20 07:20:56,DOCS,ADDED,2026-27 Veteran Signings  + ADDED  Minimum Salary Exception. Skill; Injury or Illness; Mental; Death. Love of the Game. Physical Exam. Alt. 7(b).
2026-07-20 07:20:56,DOCS,ADDED,2026-27 Veteran Signings  + ADDED  Execution Date: 7/6/26
2026-07-20 07:19:58,SHEETS,ADDED,"LAL  + ADDED  Williams, Ziaire"
2026-07-20 07:19:58,SHEETS,REMOVED,"LAL  - REMOVED Looney, Kevon #2"
2026-07-20 07:18:57,SHEETS,ADDED,"LAL  + ADDED  Looney, Kevon #2"
2026-07-20 07:18:57,SHEETS,CHANGED,"LAL  CHANGED TEAM SALARY (Art, I §1 (nnn)):  -  col3: 197543780 -> 199993201, col9: 689116316.5 -> 691565737.5"
2026-07-20 07:18:57,SHEETS,CHANGED,LAL  CHANGED Players Under Contract  -  col3: 197543780 -> 199993201
2026-07-20 07:18:57,SHEETS,CHANGED,LAL  CHANGED Full Season Contracts  -  col3: 197543780 -> 199993201
2026-07-20 07:18:57,SHEETS,CHANGED,"LAL  CHANGED Avg, Salary (Mean) (ALL Compensation Obligations)  -  col6: 14 -> 15"
2026-07-20 07:18:57,SHEETS,CHANGED,"LAL  CHANGED Avg, Salary (Mean) (No 10-Day K's)  -  col6: 1 -> 0"
2026-07-20 07:17:57,SHEETS,REMOVED,"DAL  - REMOVED Nembhard, Ryan"
2026-07-20 07:17:57,SHEETS,CHANGED,"DAL  CHANGED TEAM SALARY (Art, I §1 (nnn)):  -  col3: 224137867.8 -> 221986950.8, col9: 503026345.7 -> 500875428.7"
2026-07-20 07:17:57,SHEETS,CHANGED,DAL  CHANGED Players Under Contract  -  col3: 194620678.8 -> 192469761.8
2026-07-20 07:17:57,SHEETS,CHANGED,DAL  CHANGED Full Season Contracts  -  col3: 194620678.8 -> 192469761.8
2026-07-20 07:17:57,SHEETS,CHANGED,"DAL  CHANGED Avg, Salary (Mean) (ALL Compensation Obligations)  -  col6: 16 -> 15"
2026-07-20 07:17:57,SHEETS,REMOVED,"OKC  - REMOVED Dort, Luguentz"
2026-07-20 07:17:57,SHEETS,CHANGED,"OKC  CHANGED TEAM SALARY (Art, I §1 (nnn)):  -  col3: 234186830 -> 216464608, col9: 802586258.8 -> 784864036.8"
2026-07-20 07:17:57,SHEETS,CHANGED,OKC  CHANGED Players Under Contract  -  col3: 232001714 -> 214279492
2026-07-20 07:17:57,SHEETS,CHANGED,OKC  CHANGED Full Season Contracts  -  col3: 232001714 -> 214279492
2026-07-20 07:17:57,SHEETS,CHANGED,"OKC  CHANGED Avg, Salary (Mean) (ALL Compensation Obligations)  -  col6: 15 -> 14"
2026-07-20 07:17:57,SHEETS,CHANGED,"OKC  CHANGED Avg, Salary (Mean) (No 10-Day K's)  -  col6: 0 -> 1"
2026-07-20 07:17:57,SHEETS,CHANGED,Luxury Tax Calculator  CHANGED Luxury Tax  -  col22: 31573714 -> 13851492
2026-07-20 07:17:57,SHEETS,CHANGED,Luxury Tax Calculator  CHANGED 3rd Incremental Tax Bracket  -  col22: 19897500 -> 8685222
2026-07-20 07:17:57,SHEETS,CHANGED,Luxury Tax Calculator  CHANGED 4th Incremental Tax Bracket  -  col22: 27003750 -> 0
2026-07-20 07:17:57,SHEETS,CHANGED,Luxury Tax Calculator  CHANGED 5th Incremental Tax Bracket  -  col22: 29846250 -> 0
2026-07-20 07:17:57,SHEETS,CHANGED,Luxury Tax Calculator  CHANGED 6th Incremental Tax Bracket  -  col22: 18105105.5 -> 0
2026-07-20 07:17:57,SHEETS,CHANGED,Luxury Tax Calculator  CHANGED Tax Liability  -  col22: 107643855.5 -> 21476472
2026-07-20 07:16:58,SHEETS,REMOVED,"ATL  - REMOVED Risacher, Zaccharie"
2026-07-20 07:16:58,SHEETS,REMOVED,"ATL  - REMOVED Okongwu, Onyeka #2"
2026-07-20 07:16:58,SHEETS,REMOVED,"ATL  - REMOVED Alexander-Walker, Nickeil #2"
2026-07-20 07:16:58,SHEETS,REMOVED,"ATL  - REMOVED Okongwu, Onyeka #3"
2026-07-20 07:16:58,SHEETS,REMOVED,"ATL  - REMOVED Landale, Jock #2"
2026-07-20 07:16:58,SHEETS,REMOVED,"ATL  - REMOVED Kispert, Corey #2"
2026-07-20 07:16:58,SHEETS,CHANGED,"ATL  CHANGED Landale, Jock  -  col5: 13050000.0 -> -, col9: 27150000 -> 14100000"
2026-07-20 07:16:58,SHEETS,CHANGED,"ATL  CHANGED TEAM SALARY (Art, I §1 (nnn)):  -  col3: 345659541 -> 257114791, col4: 222332448.8 -> 142926012.3, col5: 167827222 -> 112757332, col9: 810465621.6 -> 587444545.2"
2026-07-20 07:16:58,SHEETS,CHANGED,"ATL  CHANGED Players Under Contract  -  col3: 284826741 -> 196281991, col4: 222332448.8 -> 142926012.3, col5: 167827222 -> 112757332"
2026-07-20 07:16:58,SHEETS,CHANGED,"ATL  CHANGED Full Season Contracts  -  col3: 284826741 -> 196281991, col4: 222332448.8 -> 142926012.3, col5: 167827222 -> 112757332"
2026-07-20 07:16:58,SHEETS,CHANGED,"ATL  CHANGED Avg, Salary (Mean) (ALL Compensation Obligations)  -  col6: 23 -> 17"
2026-07-20 07:16:58,SHEETS,CHANGED,Luxury Tax Calculator  CHANGED Luxury Tax  -  col2: 84398741 -> 0
2026-07-20 07:16:58,SHEETS,CHANGED,Luxury Tax Calculator  CHANGED 1st Incremental Tax Bracket  -  col2: 5685000 -> 0
2026-07-20 07:16:58,SHEETS,CHANGED,Luxury Tax Calculator  CHANGED 2nd Incremental Tax Bracket  -  col2: 7106250 -> 0
2026-07-20 07:16:58,SHEETS,CHANGED,Luxury Tax Calculator  CHANGED 3rd Incremental Tax Bracket  -  col2: 19897500 -> 0
2026-07-20 07:16:58,SHEETS,CHANGED,Luxury Tax Calculator  CHANGED 4th Incremental Tax Bracket  -  col2: 27003750 -> 0
2026-07-20 07:16:58,SHEETS,CHANGED,Luxury Tax Calculator  CHANGED 5th Incremental Tax Bracket  -  col2: 29846250 -> 0
2026-07-20 07:16:58,SHEETS,CHANGED,Luxury Tax Calculator  CHANGED 6th Incremental Tax Bracket  -  col2: 32688750 -> 0
2026-07-20 07:16:58,SHEETS,CHANGED,Luxury Tax Calculator  CHANGED 7th Incremental Tax Bracket  -  col2: 35531250 -> 0
2026-07-20 07:16:58,SHEETS,CHANGED,Luxury Tax Calculator  CHANGED 8th Incremental Tax Bracket  -  col2: 38373750 -> 0
2026-07-20 07:16:58,SHEETS,CHANGED,Luxury Tax Calculator  CHANGED 9th Incremental Tax Bracket  -  col2: 41216250 -> 0
2026-07-20 07:16:58,SHEETS,CHANGED,Luxury Tax Calculator  CHANGED Tax Liability  -  col2: 237348750 -> 0
2026-07-20 07:15:53,SHEETS,ADDED,"ATL  + ADDED  Nembhard, Ryan"
2026-07-20 07:15:53,SHEETS,ADDED,"ATL  + ADDED  Dort, Luguentz"
2026-07-20 07:15:53,SHEETS,ADDED,"ATL  + ADDED  Okongwu, Onyeka #2"
2026-07-20 07:15:53,SHEETS,ADDED,"ATL  + ADDED  Alexander-Walker, Nickeil #2"
2026-07-20 07:15:53,SHEETS,ADDED,"ATL  + ADDED  Okongwu, Onyeka #3"
2026-07-20 07:15:53,SHEETS,ADDED,"ATL  + ADDED  Landale, Jock #2"
2026-07-20 07:15:53,SHEETS,ADDED,"ATL  + ADDED  Kispert, Corey #2"
2026-07-20 07:15:53,SHEETS,CHANGED,"ATL  CHANGED TEAM SALARY (Art, I §1 (nnn)):  -  col3: 251067692 -> 345659541, col4: 160360648.8 -> 222332448.8, col5: 125807332 -> 167827222, col9: 611882082.6 -> 810465621.6"
2026-07-20 07:15:53,SHEETS,CHANGED,"ATL  CHANGED Players Under Contract  -  col3: 190234892 -> 284826741, col4: 160360648.8 -> 222332448.8, col5: 125807332 -> 167827222"
2026-07-20 07:15:53,SHEETS,CHANGED,"ATL  CHANGED Full Season Contracts  -  col3: 190234892 -> 284826741, col4: 160360648.8 -> 222332448.8, col5: 125807332 -> 167827222"
2026-07-20 07:15:53,SHEETS,CHANGED,"ATL  CHANGED Avg, Salary (Mean) (ALL Compensation Obligations)  -  col6: 16 -> 23"
2026-07-20 07:15:53,SHEETS,ADDED,"DAL  + ADDED  Risacher, Zaccharie"
2026-07-20 07:15:53,SHEETS,CHANGED,"DAL  CHANGED TEAM SALARY (Art, I §1 (nnn)):  -  col3: 210311827.8 -> 224137867.8, col4: 149031206.2 -> 166465842.6, col9: 471765669.2 -> 503026345.7"
2026-07-20 07:15:53,SHEETS,CHANGED,"DAL  CHANGED Players Under Contract  -  col3: 180794638.8 -> 194620678.8, col4: 145819990 -> 163254626.4"
2026-07-20 07:15:53,SHEETS,CHANGED,"DAL  CHANGED Full Season Contracts  -  col3: 180794638.8 -> 194620678.8, col4: 145819990 -> 163254626.4"
2026-07-20 07:15:53,SHEETS,CHANGED,"DAL  CHANGED Avg, Salary (Mean) (ALL Compensation Obligations)  -  col6: 15 -> 16"
2026-07-20 07:15:53,SHEETS,CHANGED,Luxury Tax Calculator  CHANGED Luxury Tax  -  col2: 0 -> 84398741
2026-07-20 07:15:53,SHEETS,CHANGED,Luxury Tax Calculator  CHANGED 1st Incremental Tax Bracket  -  col2: 0 -> 5685000
2026-07-20 07:15:53,SHEETS,CHANGED,Luxury Tax Calculator  CHANGED 2nd Incremental Tax Bracket  -  col2: 0 -> 7106250
2026-07-20 07:15:53,SHEETS,CHANGED,Luxury Tax Calculator  CHANGED 3rd Incremental Tax Bracket  -  col2: 0 -> 19897500
2026-07-20 07:15:53,SHEETS,CHANGED,Luxury Tax Calculator  CHANGED 4th Incremental Tax Bracket  -  col2: 0 -> 27003750
2026-07-20 07:15:53,SHEETS,CHANGED,Luxury Tax Calculator  CHANGED 5th Incremental Tax Bracket  -  col2: 0 -> 29846250
2026-07-20 07:15:53,SHEETS,CHANGED,Luxury Tax Calculator  CHANGED 6th Incremental Tax Bracket  -  col2: 0 -> 32688750
2026-07-20 07:15:53,SHEETS,CHANGED,Luxury Tax Calculator  CHANGED 7th Incremental Tax Bracket  -  col2: 0 -> 35531250
2026-07-20 07:15:53,SHEETS,CHANGED,Luxury Tax Calculator  CHANGED 8th Incremental Tax Bracket  -  col2: 0 -> 38373750
2026-07-20 07:15:53,SHEETS,CHANGED,Luxury Tax Calculator  CHANGED 9th Incremental Tax Bracket  -  col2: 0 -> 41216250
2026-07-20 07:15:53,SHEETS,CHANGED,Luxury Tax Calculator  CHANGED Tax Liability  -  col2: 0 -> 237348750
2026-07-19 17:53:54,PLAYERS,ADDED,+ ADDED   Moussa Cisse (DAL)
2026-07-19 17:53:54,PLAYERS,ADDED,+ ADDED   Ziaire Williams (LAL)
2026-07-19 17:26:56,TRANSACTIONS,Signing,2026-07-19  Los Angeles Lakers signed forward Ziaire Williams to a Contract.
2026-07-19 14:52:54,PLAYERS,CHANGED,~ CHANGED Zaccharie Risacher  team: ATL -> DAL
2026-07-19 14:52:54,PLAYERS,CHANGED,~ CHANGED Ryan Nembhard  team: DAL -> ATL
2026-07-19 14:52:54,PLAYERS,CHANGED,~ CHANGED Luguentz Dort  team: OKC -> ATL
2026-07-19 14:44:55,TRANSACTIONS,Trade,2026-07-19  Atlanta Hawks received guard Ryan Nembhard from Dallas Mavericks.
2026-07-19 14:44:55,TRANSACTIONS,Trade,2026-07-19  Atlanta Hawks received guard Luguentz Dort from Oklahoma City Thunder.
2026-07-19 14:44:55,TRANSACTIONS,Trade,2026-07-19  Dallas Mavericks received forward Zaccharie Risacher from Atlanta Hawks.
2026-07-19 14:44:55,TRANSACTIONS,Trade,2026-07-19  Dallas Mavericks received draft consideration from Atlanta Hawks.
2026-07-19 14:44:55,TRANSACTIONS,Trade,2026-07-19  Oklahoma City Thunder received draft consideration from Atlanta Hawks.
2026-07-19 14:44:55,TRANSACTIONS,Trade,2026-07-19  Oklahoma City Thunder received draft consideration from Dallas Mavericks.
2026-07-18 11:49:54,PLAYERS,REMOVED,- REMOVED Moussa Cisse (DAL)
2026-07-17 11:11:42,DOCS,REMOVED,"2026-27 Veteran Signings  - REMOVED Update 1.2 (7/7/26): P. Achiuwa, J. Alvarado, K. Anderson, M. Bagley, M. Bamba, H. Barnes, C. Bassey, B. Bogdanovic, T. Bryant, J. Clark, J. Clarkson, J. Collins, M. Conley, M. Diawara, O. Dieng, A. Dosunmu, A. Drummond, T. Eason, K. Ellis, C. Gillespie, J. Green, Q. Grimes, J. Goodwin, R. Hachimura, T. Hardaway Jr., T. Harris, I. Hartenstein, J. Hayes, K. Huerter, A. Hukporti, T. Jones, D. Jordan, L. Kennard, W. Kessler, J. Landale, K. Looney, T. Lyles, S. Mamukelashvili, J. McLaughlin, K. Middleton, J. Miller, L. Nance, P. Nance, J. Nurkic, N. Powell, J. Okogie, K. Oubre, Q. Post, A. Reaves, M. Robinson, K. Sanders, C. Sexton, L. Shamet, M. Smart, G. Trent, V. Wembanyama, C. White, K. Williams, M. Williams, T. Young"
2026-07-17 11:11:42,DOCS,ADDED,"2026-27 Veteran Signings  + ADDED  Update 1.2 (7/7/26 - 7/17/26): P. Achiuwa, J. Alvarado, K. Anderson, M. Bagley, M. Bamba, H. Barnes, C. Bassey, B. Bogdanovic, T. Bryant, J. Clark, J. Clarkson, J. Collins, M. Conley, M. Diawara, O. Dieng, A. Dosunmu, A. Drummond, T. Eason, K. Ellis, C. Gillespie, J. Green, Q. Grimes, J. Goodwin, R. Hachimura, T. Hardaway Jr., T. Harris, I. Hartenstein, J. Hayes, K. Huerter, A. Hukporti, T. Jones, D. Jordan, L. Kennard, W. Kessler, J. Landale, K. Looney, T. Lyles, S. Mamukelashvili, J. McLaughlin, K. Middleton, J. Miller, L. Nance, P. Nance, J. Nurkic, N. Powell, J. Okogie, K. Oubre, Q. Post, A. Reaves, M. Robinson, K. Sanders, C. Sexton, L. Shamet, M. Smart, G. Trent, V. Wembanyama, C. White, K. Williams, M. Williams, T. Young"
2026-07-17 11:11:42,DOCS,REMOVED,"2026-27 Two-Way Signings  - REMOVED Update 1.2 (7/7/26): M. Ajayi, T. Alexander, K. Boswell, K. Brea, K. Brown, Q. Copeland, E. Harkless, F. Okpara, R. Rupert"
2026-07-17 11:11:42,DOCS,ADDED,"2026-27 Two-Way Signings  + ADDED  Update 1.2 (7/7/26 - 7/17/26): M. Ajayi, T. Alexander, K. Boswell, K. Brea, K. Brown, Q. Copeland, E. Harkless, F. Okpara, R. Rupert"
2026-07-17 11:11:42,DOCS,REMOVED,"2026-27 Rookie Signings  - REMOVED Update 1.2 (7/7/26): C. Boozer, N. Ament, J. Jefferson, B. Thornton, I. Evans, T. Brazile, B. Miller, T. Biberovic, N. Battle, A. Diallo, T. DeVries, D. Miles"
2026-07-17 11:11:42,DOCS,ADDED,"2026-27 Rookie Signings  + ADDED  Update 1.2 (7/7/26 - 7/17/26): C. Boozer, N. Ament, J. Jefferson, B. Thornton, I. Evans, T. Brazile, B. Miller, T. Biberovic, N. Battle, A. Diallo, T. DeVries, D. Miles"
2026-07-16 16:52:55,PLAYERS,CHANGED,~ CHANGED Joshua Jefferson  number: - -> 9
2026-07-16 16:52:42,PLAYERS,CHANGED,~ CHANGED Joshua Jefferson  number: 9 -> -
2026-07-16 16:51:41,PLAYERS,CHANGED,~ CHANGED Joshua Jefferson  number: - -> 9
2026-07-16 14:51:41,PLAYERS,REMOVED,- REMOVED Garrett Temple (TOR)
2026-07-16 14:50:54,PLAYERS,ADDED,+ ADDED   Garrett Temple (TOR)
2026-07-16 14:50:41,PLAYERS,REMOVED,- REMOVED Garrett Temple (TOR)
2026-07-16 14:49:54,PLAYERS,ADDED,+ ADDED   Garrett Temple (TOR)
2026-07-16 14:49:41,PLAYERS,REMOVED,- REMOVED Garrett Temple (TOR)
2026-07-16 12:27:42,TRANSACTIONS,Signing,2026-07-16  Miami Heat re-signed center Vladislav Goldin to a Two-Way Contract.
2026-07-16 11:36:42,DOCS,REMOVED,"2026-27 Veteran Signings  - REMOVED 4 Years for $64,250,000. Bird Exception. Team option to extend the contract to include the 2028-29 Season. Skill; Injury or Illness; Mental. Love of the Game. Physical Exam. Alt. 7(b)."
2026-07-16 11:36:42,DOCS,REMOVED,2026-27 Veteran Signings  - REMOVED Execution Date: 7/9/26
2026-07-16 11:36:42,DOCS,ADDED,"2026-27 Veteran Signings  + ADDED  4 Years for $64,000,000. Bird Exception. Insurance Premium Reimbursement. Skill; Injury or Illness; Mental. Love of the Game. Physical Exam. Alt. 7(b)."
2026-07-16 11:36:42,DOCS,ADDED,2026-27 Veteran Signings  + ADDED  Execution Date: 7/15/26
2026-07-16 11:35:55,DOCS,REMOVED,"2026-27 Veteran Signings  - REMOVED 28-29 $5,750,000 (Team Option)"
2026-07-16 11:35:55,DOCS,REMOVED,"2026-27 Veteran Signings  - REMOVED 3 Years for $17,250,000. Bird Exception. Team option to extend the contract to include the 2028-29 Season. Skill; Injury or Illness; Mental. Love of the Game. Physical Exam. Alt. 7(b)."
2026-07-16 11:35:55,DOCS,ADDED,"2026-27 Veteran Signings  + ADDED  28-29 $16,400,000"
2026-07-16 11:35:55,DOCS,ADDED,"2026-27 Veteran Signings  + ADDED  29-30 $16,000,000"
2026-07-16 11:35:55,DOCS,ADDED,"2026-27 Veteran Signings  + ADDED  4 Years for $64,250,000. Bird Exception. Team option to extend the contract to include the 2028-29 Season. Skill; Injury or Illness; Mental. Love of the Game. Physical Exam. Alt. 7(b)."
2026-07-16 11:35:42,DOCS,ADDED,2026-27 Veteran Signings  + ADDED  Gary Trent Jr. Milwaukee Bucks
2026-07-16 11:35:42,DOCS,ADDED,"2026-27 Veteran Signings  + ADDED  26-27 $15,200,000"
2026-07-16 11:35:42,DOCS,ADDED,"2026-27 Veteran Signings  + ADDED  27-28 $16,400,000"
2026-07-16 11:35:42,DOCS,ADDED,"2026-27 Veteran Signings  + ADDED  28-29 $5,750,000 (Team Option)"
2026-07-16 11:35:42,DOCS,ADDED,"2026-27 Veteran Signings  + ADDED  3 Years for $17,250,000. Bird Exception. Team option to extend the contract to include the 2028-29 Season. Skill; Injury or Illness; Mental. Love of the Game. Physical Exam. Alt. 7(b)."
2026-07-16 11:35:42,DOCS,ADDED,2026-27 Veteran Signings  + ADDED  Execution Date: 7/9/26
2026-07-16 11:34:55,DOCS,REMOVED,"2026-27 Veteran Signings  - REMOVED Update 1.2 (7/7/26): P. Achiuwa, J. Alvarado, K. Anderson, M. Bagley, M. Bamba, H. Barnes, C. Bassey, B. Bogdanovic, T. Bryant, J. Clark, J. Clarkson, J. Collins, M. Conley, M. Diawara, O. Dieng, A. Dosunmu, A. Drummond, T. Eason, K. Ellis, C. Gillespie, J. Green, Q. Grimes, J. Goodwin, R. Hachimura, T. Hardaway Jr., T. Harris, I. Hartenstein, J. Hayes, K. Huerter, A. Hukporti, T. Jones, D. Jordan, L. Kennard, W. Kessler, J. Landale, K. Looney, T. Lyles, S. Mamukelashvili, J. McLaughlin, K. Middleton, J. Miller, L. Nance, P. Nance, J. Nurkic, N. Powell, J. Okogie, K. Oubre, Q. Post, A. Reaves, M. Robinson, K. Sanders, C. Sexton, L. Shamet, M. Smart, V. Wembanyama, C. White, K. Williams, M. Williams, T. Young"
2026-07-16 11:34:55,DOCS,ADDED,"2026-27 Veteran Signings  + ADDED  Update 1.2 (7/7/26): P. Achiuwa, J. Alvarado, K. Anderson, M. Bagley, M. Bamba, H. Barnes, C. Bassey, B. Bogdanovic, T. Bryant, J. Clark, J. Clarkson, J. Collins, M. Conley, M. Diawara, O. Dieng, A. Dosunmu, A. Drummond, T. Eason, K. Ellis, C. Gillespie, J. Green, Q. Grimes, J. Goodwin, R. Hachimura, T. Hardaway Jr., T. Harris, I. Hartenstein, J. Hayes, K. Huerter, A. Hukporti, T. Jones, D. Jordan, L. Kennard, W. Kessler, J. Landale, K. Looney, T. Lyles, S. Mamukelashvili, J. McLaughlin, K. Middleton, J. Miller, L. Nance, P. Nance, J. Nurkic, N. Powell, J. Okogie, K. Oubre, Q. Post, A. Reaves, M. Robinson, K. Sanders, C. Sexton, L. Shamet, M. Smart, G. Trent, V. Wembanyama, C. White, K. Williams, M. Williams, T. Young"
2026-07-16 11:33:57,SHEETS,CHANGED,"MIL  CHANGED Trent Jr., Gary  -  TEAM SALARY CAP REPORT
       -  MILWAUKEE BUCKS: 4 - CAP HOLD -> 1 - FULL SEASON"
2026-07-16 11:33:57,SHEETS,CHANGED,"MIL  CHANGED Players Under Contract  -  col3: 153120595.4 -> 168320595.4, col4: 77175286.36 -> 93575286.36, col5: 68528545 -> 84928545, col6: 33021713.8 -> 49021713.8"
2026-07-16 11:33:57,SHEETS,CHANGED,"MIL  CHANGED Full Season Contracts  -  col3: 153120595.4 -> 168320595.4, col4: 77175286.36 -> 93575286.36, col5: 68528545 -> 84928545, col6: 33021713.8 -> 49021713.8"
2026-07-16 11:33:57,SHEETS,CHANGED,"MIL  CHANGED Cap Holds  -  col3: 20098842 -> 4898842, col4: 16400000 -> 0, col5: 16400000 -> 0, col6: 16000000 -> 0"
2026-07-16 11:33:57,SHEETS,CHANGED,"MIL  CHANGED Avg, Salary (Mean) (ALL Compensation Obligations)  -  col6: 16 -> 17"
2026-07-16 11:32:58,SHEETS,CHANGED,"MIL  CHANGED Trent Jr., Gary  -  col4: - -> 16400000.0, col5: - -> 16400000.0, col6: - -> 16000000.0, col9: 15200000 -> 64000000"
2026-07-16 11:32:58,SHEETS,CHANGED,"MIL  CHANGED TEAM SALARY (Art, I §1 (nnn)):  -  col4: 100358556.2 -> 116758556.2, col5: 91045148.2 -> 107445148.2, col6: 55538317 -> 71538317, col9: 443344728.6 -> 492144728.6"
2026-07-16 11:32:58,SHEETS,CHANGED,"MIL  CHANGED Cap Holds  -  col4: 0 -> 16400000, col5: 0 -> 16400000, col6: 0 -> 16000000"
2026-07-16 11:32:45,SHEETS,CHANGED,"MIL  CHANGED Trent Jr., Gary  -  col3: 2449421.0 -> 15200000.0, col9: 2449421 -> 15200000"
2026-07-16 11:32:45,SHEETS,CHANGED,"MIL  CHANGED TEAM SALARY (Art, I §1 (nnn)):  -  col3: 183652128.2 -> 196402707.2, col9: 430594149.6 -> 443344728.6"
2026-07-16 11:32:45,SHEETS,CHANGED,MIL  CHANGED Cap Holds  -  col3: 7348263 -> 20098842
2026-07-16 11:31:56,DOCS,REMOVED,2026-27 Veteran Signings  - REMOVED Minimum Salary Exception. Player Trade Consent. Insurance Premium Reimbursement. Skill; Injury or Illness. Love of the Game. Physical Exam. Alt. 7(b).
2026-07-16 11:31:56,DOCS,REMOVED,2026-27 Veteran Signings  - REMOVED Execution Date: 7/1/26
2026-07-16 11:31:56,DOCS,ADDED,2026-27 Veteran Signings  + ADDED  Minimum Salary Exception. Skill; Injury or Illness; Mental; Death. Love of the Game. Physical Exam. Alt. 7(b).
2026-07-16 11:31:56,DOCS,ADDED,2026-27 Veteran Signings  + ADDED  Execution Date: 7/14/26
2026-07-16 11:31:45,SHEETS,REMOVED,"DEN  - REMOVED Jones, Tyus #2"
2026-07-16 11:31:45,SHEETS,CHANGED,"DEN  CHANGED TEAM SALARY (Art, I §1 (nnn)):  -  col3: 248510423.4 -> 246061002.4, col9: 647146005.7 -> 644696584.7"
2026-07-16 11:31:45,SHEETS,CHANGED,DEN  CHANGED Players Under Contract  -  col3: 211460512 -> 209011091
2026-07-16 11:31:45,SHEETS,CHANGED,DEN  CHANGED Full Season Contracts  -  col3: 211460512 -> 209011091
2026-07-16 11:31:45,SHEETS,CHANGED,"DEN  CHANGED Avg, Salary (Mean) (ALL Compensation Obligations)  -  col6: 13 -> 12"
2026-07-16 11:31:45,SHEETS,CHANGED,"DEN  CHANGED Avg, Salary (Mean) (No 10-Day K's)  -  col6: 2 -> 3"
2026-07-16 11:31:45,SHEETS,CHANGED,"DEN  CHANGED Avg, Salary (Mean) (No 10-Day K's & ROS)  -  col6: 0 -> 1"
2026-07-16 11:31:45,SHEETS,CHANGED,Luxury Tax Calculator  CHANGED Luxury Tax  -  col9: 13032512 -> 10583091
2026-07-16 11:31:45,SHEETS,CHANGED,Luxury Tax Calculator  CHANGED 2nd Incremental Tax Bracket  -  col9: 18476250 -> 15918795.75
2026-07-16 11:31:45,SHEETS,CHANGED,Luxury Tax Calculator  CHANGED 3rd Incremental Tax Bracket  -  col9: 9143816 -> 0
2026-07-16 11:31:45,SHEETS,CHANGED,Luxury Tax Calculator  CHANGED Tax Liability  -  col9: 44675066 -> 32973795.75
2026-07-16 11:31:42,DOCS,ADDED,2026-27 Veteran Signings  + ADDED  Marvin Bagley Denver Nuggets
2026-07-16 11:31:42,DOCS,ADDED,"2026-27 Veteran Signings  + ADDED  26-27 $3,506,659"
2026-07-16 11:31:42,DOCS,ADDED,2026-27 Veteran Signings  + ADDED  Minimum Salary Exception. Player Trade Consent. Insurance Premium Reimbursement. Skill; Injury or Illness. Love of the Game. Physical Exam. Alt. 7(b).
2026-07-16 11:31:42,DOCS,ADDED,2026-27 Veteran Signings  + ADDED  Execution Date: 7/1/26
2026-07-16 11:31:07,SHEETS,ADDED,"DEN  + ADDED  Jones, Tyus #2"
2026-07-16 11:31:07,SHEETS,ADDED,"DEN  + ADDED  Bagley, Marvin"
2026-07-16 11:31:07,SHEETS,CHANGED,"DEN  CHANGED TEAM SALARY (Art, I §1 (nnn)):  -  col3: 246061002.4 -> 248510423.4, col9: 644696584.7 -> 647146005.7"
2026-07-16 11:31:07,SHEETS,CHANGED,DEN  CHANGED Players Under Contract  -  col3: 206561670 -> 211460512
2026-07-16 11:31:07,SHEETS,CHANGED,DEN  CHANGED Full Season Contracts  -  col3: 206561670 -> 211460512
2026-07-16 11:31:07,SHEETS,CHANGED,DEN  CHANGED Cap Holds  -  col3: 34849911.4 -> 32400490.4
2026-07-16 11:31:07,SHEETS,CHANGED,"DEN  CHANGED Avg, Salary (Mean) (ALL Compensation Obligations)  -  col6: 11 -> 13"
2026-07-16 11:31:07,SHEETS,CHANGED,"DEN  CHANGED Avg, Salary (Mean) (No 10-Day K's)  -  col6: 4 -> 2"
2026-07-16 11:31:07,SHEETS,CHANGED,"DEN  CHANGED Avg, Salary (Mean) (No 10-Day K's & ROS)  -  col6: 2 -> 0"
2026-07-16 11:31:07,SHEETS,CHANGED,Luxury Tax Calculator  CHANGED Luxury Tax  -  col9: 8133670 -> 13032512
2026-07-16 11:31:07,SHEETS,CHANGED,Luxury Tax Calculator  CHANGED 2nd Incremental Tax Bracket  -  col9: 7958177.5 -> 18476250
2026-07-16 11:31:07,SHEETS,CHANGED,Luxury Tax Calculator  CHANGED 3rd Incremental Tax Bracket  -  col9: 0 -> 9143816
2026-07-16 11:31:07,SHEETS,CHANGED,Luxury Tax Calculator  CHANGED Tax Liability  -  col9: 25013177.5 -> 44675066
2026-07-16 11:30:46,SHEETS,CHANGED,"DEN  CHANGED TEAM SALARY (Art, I §1 (nnn)):  -  col3: 243611581.4 -> 246061002.4, col9: 642247163.7 -> 644696584.7"
2026-07-16 11:30:46,SHEETS,CHANGED,DEN  CHANGED Cap Holds  -  col3: 32400490.4 -> 34849911.4
2026-07-16 11:30:43,DOCS,REMOVED,"2026-27 Veteran Signings  - REMOVED Update 1.2 (7/7/26): P. Achiuwa, J. Alvarado, K. Anderson, M. Bamba, H. Barnes, C. Bassey, B. Bogdanovic, T. Bryant, J. Clark, J. Clarkson, J. Collins, M. Conley, M. Diawara, O. Dieng, A. Dosunmu, A. Drummond, T. Eason, K. Ellis, C. Gillespie, J. Green, Q. Grimes, J. Goodwin, R. Hachimura, T. Hardaway Jr., T. Harris, I. Hartenstein, J. Hayes, K. Huerter, A. Hukporti, T. Jones, D. Jordan, L. Kennard, W. Kessler, J. Landale, K. Looney, T. Lyles, S. Mamukelashvili, J. McLaughlin, K. Middleton, J. Miller, L. Nance, P. Nance, J. Nurkic, N. Powell, J. Okogie, K. Oubre, Q. Post, A. Reaves, M. Robinson, K. Sanders, C. Sexton, L. Shamet, M. Smart, V. Wembanyama, C. White, K. Williams, M. Williams, T. Young"
2026-07-16 11:30:43,DOCS,ADDED,"2026-27 Veteran Signings  + ADDED  Update 1.2 (7/7/26): P. Achiuwa, J. Alvarado, K. Anderson, M. Bagley, M. Bamba, H. Barnes, C. Bassey, B. Bogdanovic, T. Bryant, J. Clark, J. Clarkson, J. Collins, M. Conley, M. Diawara, O. Dieng, A. Dosunmu, A. Drummond, T. Eason, K. Ellis, C. Gillespie, J. Green, Q. Grimes, J. Goodwin, R. Hachimura, T. Hardaway Jr., T. Harris, I. Hartenstein, J. Hayes, K. Huerter, A. Hukporti, T. Jones, D. Jordan, L. Kennard, W. Kessler, J. Landale, K. Looney, T. Lyles, S. Mamukelashvili, J. McLaughlin, K. Middleton, J. Miller, L. Nance, P. Nance, J. Nurkic, N. Powell, J. Okogie, K. Oubre, Q. Post, A. Reaves, M. Robinson, K. Sanders, C. Sexton, L. Shamet, M. Smart, V. Wembanyama, C. White, K. Williams, M. Williams, T. Young"
2026-07-16 09:46:55,TRANSACTIONS,Signing,2026-07-15  Milwaukee Bucks re-signed guard Gary Trent Jr. to a Contract.
2026-07-16 08:57:44,SHEETS,CHANGED,"CHA  CHANGED Finney-Smith, Dorian  -  col3: 13335000.0 -> 14196974.4, col9: 40005000 -> 40866974.4"
2026-07-16 08:57:44,SHEETS,CHANGED,"CHA  CHANGED TEAM SALARY (Art, I §1 (nnn)):  -  col3: 189161966.6 -> 190023941, col9: 472754954 -> 473616928.4"
2026-07-16 08:57:44,SHEETS,CHANGED,CHA  CHANGED Players Under Contract  -  col3: 186712545.6 -> 187574520
2026-07-16 08:57:44,SHEETS,CHANGED,CHA  CHANGED Full Season Contracts  -  col3: 186712545.6 -> 187574520
2026-07-16 07:47:42,TRANSACTIONS,Signing,2026-07-13  Denver Nuggets signed  Alpha Diallo to a Contract.
2026-07-15 18:02:55,PLAYERS,ADDED,+ ADDED   Alpha Diallo (DEN)
2026-07-15 18:02:55,PLAYERS,CHANGED,~ CHANGED Marvin Bagley III  team: DAL -> DEN
2026-07-15 17:30:01,TRANSACTIONS,Signing,2026-07-15  Denver Nuggets signed forward Marvin Bagley III to a Contract.
2026-07-15 17:21:58,TRANSACTIONS,Signing,2026-07-15  Denver Nuggets signed  Alpha Diallo to a Contract.
2026-07-15 16:04:56,DOCS,REMOVED,2026-27 Veteran Signings  - REMOVED Quinten Post Los Angeles Clippers
2026-07-15 16:04:56,DOCS,ADDED,2026-27 Veteran Signings  + ADDED  Quinten Post Memphis Grizzlies
2026-07-15 11:49:54,PLAYERS,CHANGED,~ CHANGED Alex Morales  number: - -> 30
2026-07-15 11:49:54,PLAYERS,CHANGED,~ CHANGED Marcus Sasser  number: 25 -> 8
2026-07-15 11:49:54,PLAYERS,CHANGED,~ CHANGED Izaiyah Nelson  number: - -> 25
2026-07-15 11:49:54,PLAYERS,CHANGED,~ CHANGED Nic Claxton  number: 33 -> 9
2026-07-15 10:53:58,SHEETS,ADDED,"BOS  + ADDED  DeVries, Tucker"
2026-07-15 10:53:58,SHEETS,CHANGED,"BOS  CHANGED TEAM SALARY (Art, I §1 (nnn)):  -  col3: 209349243 -> 210707006, col9: 691934302.8 -> 693292065.8"
2026-07-15 10:53:58,SHEETS,CHANGED,BOS  CHANGED Players Under Contract  -  col3: 200080169 -> 201437932
2026-07-15 10:53:58,SHEETS,CHANGED,BOS  CHANGED Full Season Contracts  -  col3: 200080169 -> 201437932
2026-07-15 10:53:58,SHEETS,CHANGED,"BOS  CHANGED Avg, Salary (Mean) (ALL Compensation Obligations)  -  col6: 15 -> 16"
2026-07-15 10:53:58,SHEETS,CHANGED,Luxury Tax Calculator  CHANGED Luxury Tax  -  col3: 0 -> 1009932
2026-07-15 10:53:58,SHEETS,CHANGED,Luxury Tax Calculator  CHANGED 1st Incremental Tax Bracket  -  col3: 0 -> 3029796
2026-07-15 10:53:58,SHEETS,CHANGED,Luxury Tax Calculator  CHANGED Tax Liability  -  col3: 0 -> 3029796
2026-07-15 10:53:55,DOCS,REMOVED,"2026-27 Rookie Signings  - REMOVED Update 1.2 (7/7/26): C. Boozer, N. Ament, J. Jefferson, B. Thornton, I. Evans, T. Brazile, B. Miller, T. Biberovic, N. Battle, A. Diallo, D. Miles"
2026-07-15 10:53:55,DOCS,ADDED,"2026-27 Rookie Signings  + ADDED  Update 1.2 (7/7/26): C. Boozer, N. Ament, J. Jefferson, B. Thornton, I. Evans, T. Brazile, B. Miller, T. Biberovic, N. Battle, A. Diallo, T. DeVries, D. Miles"
2026-07-15 10:53:55,DOCS,ADDED,2026-27 Rookie Signings  + ADDED  Tucker DeVries Boston Celtics
2026-07-15 10:53:55,DOCS,ADDED,"2026-27 Rookie Signings  + ADDED  26-27 $1,357,763"
2026-07-15 10:53:55,DOCS,ADDED,"2026-27 Rookie Signings  + ADDED  Minimum Salary Exception. Physical Exam. Exh. 9 - Training Camp. Exh. 10 - Affiliate Player ($91,000)."
2026-07-15 10:53:55,DOCS,ADDED,2026-27 Rookie Signings  + ADDED  Execution Date: 7/14/26
2026-07-15 10:49:55,DOCS,REMOVED,2026-27 Rookie Signings  - REMOVED Execution Date: 7/7/26
2026-07-15 10:49:55,DOCS,ADDED,2026-27 Rookie Signings  + ADDED  Execution Date: 7/14/26
2026-07-15 10:48:55,DOCS,ADDED,2026-27 Rookie Signings  + ADDED  Milos Uzan Boston Celtics
2026-07-15 10:48:55,DOCS,ADDED,"2026-27 Rookie Signings  + ADDED  26-27 $1,357,763"
2026-07-15 10:48:55,DOCS,ADDED,"2026-27 Rookie Signings  + ADDED  Minimum Salary Exception. Physical Exam. Exh. 9 - Training Camp. Exh. 10 - Affiliate Player ($91,000)."
2026-07-15 10:48:55,DOCS,ADDED,2026-27 Rookie Signings  + ADDED  Execution Date: 7/7/26
2026-07-15 10:46:58,SHEETS,ADDED,"BOS  + ADDED  Uzan, Milos"
2026-07-15 10:46:58,SHEETS,CHANGED,"BOS  CHANGED TEAM SALARY (Art, I §1 (nnn)):  -  col3: 207991480 -> 209349243, col9: 690576539.8 -> 691934302.8"
2026-07-15 10:46:58,SHEETS,CHANGED,BOS  CHANGED Players Under Contract  -  col3: 198722406 -> 200080169
2026-07-15 10:46:58,SHEETS,CHANGED,BOS  CHANGED Full Season Contracts  -  col3: 198722406 -> 200080169
2026-07-15 10:46:58,SHEETS,CHANGED,"BOS  CHANGED Avg, Salary (Mean) (ALL Compensation Obligations)  -  col6: 14 -> 15"
2026-07-15 10:46:58,SHEETS,CHANGED,"BOS  CHANGED Avg, Salary (Mean) (No 10-Day K's)  -  col6: 1 -> 0"
2026-07-15 10:44:56,DOCS,REMOVED,"2026-27 Rookie Signings  - REMOVED Minimum Salary Exception. Skill; Injury oPhysical Exam. Exh. 9 - Training Camp. Exh. 10 - Affiliate Player ($91,000)."
2026-07-15 10:44:56,DOCS,REMOVED,2026-27 Rookie Signings  - REMOVED Execution Date: 7/7/26
2026-07-15 10:44:56,DOCS,ADDED,2026-27 Rookie Signings  + ADDED  Minimum Salary Exception. Skill; Injury or Illness; Mental; Death. Love of the Game. Physical Exam. Alt. 7(b).
2026-07-15 10:44:56,DOCS,ADDED,2026-27 Rookie Signings  + ADDED  Execution Date: 7/12/26
2026-07-15 10:43:56,DOCS,REMOVED,"2026-27 Rookie Signings  - REMOVED Update 1.2 (7/7/26): C. Boozer, N. Ament, J. Jefferson, B. Thornton, I. Evans, T. Brazile, B. Miller, T. Biberovic, N. Bittle"
2026-07-15 10:43:56,DOCS,ADDED,"2026-27 Rookie Signings  + ADDED  Update 1.2 (7/7/26): C. Boozer, N. Ament, J. Jefferson, B. Thornton, I. Evans, T. Brazile, B. Miller, T. Biberovic, N. Battle, A. Diallo, D. Miles"
2026-07-15 10:43:56,DOCS,ADDED,2026-27 Rookie Signings  + ADDED  Alpha Diallo Denver Nuggets
2026-07-15 10:43:56,DOCS,ADDED,"2026-27 Rookie Signings  + ADDED  26-27 $1,357,763"
2026-07-15 10:43:56,DOCS,ADDED,"2026-27 Rookie Signings  + ADDED  Minimum Salary Exception. Skill; Injury oPhysical Exam. Exh. 9 - Training Camp. Exh. 10 - Affiliate Player ($91,000)."
2026-07-15 10:43:56,DOCS,ADDED,2026-27 Rookie Signings  + ADDED  Execution Date: 7/7/26
2026-07-15 10:42:59,SHEETS,ADDED,"DEN  + ADDED  Diallo, Alpha"
2026-07-15 10:42:59,SHEETS,CHANGED,"DEN  CHANGED TEAM SALARY (Art, I §1 (nnn)):  -  col3: 242253818.4 -> 243611581.4, col9: 640889400.7 -> 642247163.7"
2026-07-15 10:42:59,SHEETS,CHANGED,DEN  CHANGED Players Under Contract  -  col3: 205203907 -> 206561670
2026-07-15 10:42:59,SHEETS,CHANGED,DEN  CHANGED Full Season Contracts  -  col3: 205203907 -> 206561670
2026-07-15 10:42:59,SHEETS,CHANGED,"DEN  CHANGED Avg, Salary (Mean) (ALL Compensation Obligations)  -  col6: 10 -> 11"
2026-07-15 10:42:59,SHEETS,CHANGED,"DEN  CHANGED Avg, Salary (Mean) (No 10-Day K's)  -  col6: 5 -> 4"
2026-07-15 10:42:59,SHEETS,CHANGED,"DEN  CHANGED Avg, Salary (Mean) (No 10-Day K's & ROS)  -  col6: 3 -> 2"
2026-07-15 10:42:59,SHEETS,CHANGED,Luxury Tax Calculator  CHANGED Luxury Tax  -  col9: 6775907 -> 8133670
2026-07-15 10:42:59,SHEETS,CHANGED,Luxury Tax Calculator  CHANGED 2nd Incremental Tax Bracket  -  col9: 3545447.75 -> 7958177.5
2026-07-15 10:42:59,SHEETS,CHANGED,Luxury Tax Calculator  CHANGED Tax Liability  -  col9: 20600447.75 -> 25013177.5
2026-07-15 09:27:55,DOCS,REMOVED,2026-27 Rookie Signings  - REMOVED 120%. Rookie Scale Exception. Advance Payment ($
2026-07-15 09:27:55,DOCS,REMOVED,2026-27 Rookie Signings  - REMOVED . Insurance Premium Reimbursement. Skill; Injury or Illness; Mental. Love of the Game. Physical Exam. Alt. 7(b).
2026-07-15 09:27:55,DOCS,ADDED,"2026-27 Rookie Signings  + ADDED  120%. Rookie Scale Exception. Advance Payment ($3,643,740). Insurance Premium Reimbursement. Skill; Injury or Illness; Mental. Love of the Game. Physical Exam. Alt. 7(b)."
2026-07-15 09:25:57,DOCS,REMOVED,2026-27 Rookie Signings  - REMOVED Execution Date: 7/1/26
2026-07-15 09:25:57,DOCS,ADDED,2026-27 Rookie Signings  + ADDED  Execution Date: 7/13/26
2026-07-15 09:24:57,DOCS,REMOVED,"2026-27 Rookie Signings  - REMOVED Update 1.2 (7/7/26): N. Ament, J. Jefferson, B. Thornton, I. Evans, T. Brazile, B. Miller, T. Biberovic, N. Bittle"
2026-07-15 09:24:57,DOCS,ADDED,"2026-27 Rookie Signings  + ADDED  Update 1.2 (7/7/26): C. Boozer, N. Ament, J. Jefferson, B. Thornton, I. Evans, T. Brazile, B. Miller, T. Biberovic, N. Bittle"
2026-07-15 09:24:57,DOCS,ADDED,2026-27 Rookie Signings  + ADDED  Execution Date: 7/1/26
2026-07-15 09:24:57,DOCS,ADDED,2026-27 Rookie Signings  + ADDED  #3 Cameron Boozer Memphis Grizzlies
2026-07-15 09:24:57,DOCS,ADDED,"2026-27 Rookie Signings  + ADDED  26-27 $11,849,760"
2026-07-15 09:24:57,DOCS,ADDED,"2026-27 Rookie Signings  + ADDED  27-28 $12,441,840"
2026-07-15 09:24:57,DOCS,ADDED,"2026-27 Rookie Signings  + ADDED  28-29 $13,034,880 (Team Option)"
2026-07-15 09:24:57,DOCS,ADDED,"2026-27 Rookie Signings  + ADDED  29-30 $16,476,088 (Team Option)"
2026-07-15 09:24:57,DOCS,ADDED,2026-27 Rookie Signings  + ADDED  120%. Rookie Scale Exception. Advance Payment ($
2026-07-15 09:24:57,DOCS,ADDED,2026-27 Rookie Signings  + ADDED  . Insurance Premium Reimbursement. Skill; Injury or Illness; Mental. Love of the Game. Physical Exam. Alt. 7(b).
2026-07-15 09:23:59,SHEETS,CHANGED,"MEM  CHANGED Boozer, Cameron  -  TEAM SALARY CAP REPORT
       -  MEMPHIS GRIZZLIES: 6 - DRAFT PICK -> 1 - FULL SEASON"
2026-07-15 09:23:59,SHEETS,CHANGED,"MEM  CHANGED Players Under Contract  -  col3: 143788782.9 -> 155638542.9, col4: 101754422.9 -> 114196262.9, col5: 26475740 -> 39510620, col6: 0 -> 16476088.32"
2026-07-15 09:23:59,SHEETS,CHANGED,"MEM  CHANGED Full Season Contracts  -  col3: 143788782.9 -> 155638542.9, col4: 101754422.9 -> 114196262.9, col5: 26475740 -> 39510620, col6: 0 -> 16476088.32"
2026-07-15 09:23:59,SHEETS,CHANGED,"MEM  CHANGED Draft Picks  -  col3: 15596520 -> 3746760, col4: 16376160 -> 3934320, col5: 17156640 -> 4121760, col6: 23042052 -> 6565963.68"
2026-07-15 09:23:59,SHEETS,CHANGED,"MEM  CHANGED Avg, Salary (Mean) (ALL Compensation Obligations)  -  col6: 18 -> 19"
2026-07-15 09:23:56,DOCS,REMOVED,2026-27 Veteran Signings  - REMOVED Marcus Smart Houston Rockets
2026-07-15 09:23:56,DOCS,ADDED,2026-27 Veteran Signings  + ADDED  Luke Kennard Phoenix Suns
2026-07-15 09:16:56,DOCS,REMOVED,"2026-27 Veteran Signings  - REMOVED 2 Years for $12,431,200. Taxpayer Mid-Level Exception. Player option to extend the contract to include the 2027-28 Season. Skill; Injury or Illness; Mental; Death. Love of the Game. Physical Exam. Alt. 7(b)."
2026-07-15 09:16:56,DOCS,REMOVED,2026-27 Veteran Signings  - REMOVED Execution Date: 7/10/26
2026-07-15 09:16:56,DOCS,ADDED,"2026-27 Veteran Signings  + ADDED  2 Years for $12,431,200. Taxpayer Mid-Level Exception. Player option to extend the contract to include the 2027-28 Season. Insurance Premium Reimbursement. Skill; Injury or Illness; Mental. Love of the Game. Physical Exam. Alt. 7(b)."
2026-07-15 09:16:56,DOCS,ADDED,2026-27 Veteran Signings  + ADDED  Execution Date: 7/14/26
2026-07-15 09:16:56,DOCS,REMOVED,"2026-27 Veteran Signings  - REMOVED 2 Years for $12,431,200. Taxpayer Mid-Level Exception (Partial). Player option to extend the contract to include the 2027-28 Season. Skill; Injury or Illness; Mental; Death. Love of the Game. Physical Exam. Alt. 7(b)."
2026-07-15 09:16:56,DOCS,ADDED,"2026-27 Veteran Signings  + ADDED  2 Years for $12,431,200. Taxpayer Mid-Level Exception. Player option to extend the contract to include the 2027-28 Season. Skill; Injury or Illness; Mental; Death. Love of the Game. Physical Exam. Alt. 7(b)."
2026-07-15 09:15:56,DOCS,ADDED,2026-27 Veteran Signings  + ADDED  Marcus Smart Houston Rockets
2026-07-15 09:15:56,DOCS,ADDED,"2026-27 Veteran Signings  + ADDED  26-27 $6,064,000"
2026-07-15 09:15:56,DOCS,ADDED,"2026-27 Veteran Signings  + ADDED  27-28 $6,367,200 (Player Option)"
2026-07-15 09:15:56,DOCS,ADDED,"2026-27 Veteran Signings  + ADDED  2 Years for $12,431,200. Taxpayer Mid-Level Exception. Player option to extend the contract to include the 2027-28 Season. Skill; Injury or Illness; Mental; Death. Love of the Game. Physical Exam. Alt. 7(b)."
2026-07-15 09:15:56,DOCS,ADDED,2026-27 Veteran Signings  + ADDED  Execution Date: 7/10/26
2026-07-15 09:15:00,SHEETS,CHANGED,"DEN  CHANGED Jones, Tyus  -  TEAM SALARY CAP REPORT
       -  DENVER NUGGETS: 4 - CAP HOLD -> 1 - FULL SEASON"
2026-07-15 09:15:00,SHEETS,CHANGED,DEN  CHANGED Players Under Contract  -  col3: 202754486 -> 205203907
2026-07-15 09:15:00,SHEETS,CHANGED,DEN  CHANGED Full Season Contracts  -  col3: 202754486 -> 205203907
2026-07-15 09:15:00,SHEETS,CHANGED,DEN  CHANGED Cap Holds  -  col3: 34849911.4 -> 32400490.4
2026-07-15 09:15:00,SHEETS,CHANGED,"DEN  CHANGED Avg, Salary (Mean) (ALL Compensation Obligations)  -  col6: 9 -> 10"
2026-07-15 09:15:00,SHEETS,CHANGED,"DEN  CHANGED Avg, Salary (Mean) (No 10-Day K's)  -  col6: 6 -> 5"
2026-07-15 09:15:00,SHEETS,CHANGED,"DEN  CHANGED Avg, Salary (Mean) (No 10-Day K's & ROS)  -  col6: 4 -> 3"
2026-07-15 09:15:00,SHEETS,ADDED,"PHX  + ADDED  Kennard, Luke"
2026-07-15 09:15:00,SHEETS,CHANGED,"PHX  CHANGED TEAM SALARY (Art, I §1 (nnn)):  -  col3: 234167232.5 -> 240231232.5, col4: 169805463.1 -> 176172663.1, col9: 668234058.4 -> 680665258.4"
2026-07-15 09:15:00,SHEETS,CHANGED,"PHX  CHANGED Players Under Contract  -  col3: 187533192 -> 193597192, col4: 147315310.2 -> 153682510.2"
2026-07-15 09:15:00,SHEETS,CHANGED,"PHX  CHANGED Full Season Contracts  -  col3: 187533192 -> 193597192, col4: 147315310.2 -> 153682510.2"
2026-07-15 09:15:00,SHEETS,CHANGED,"PHX  CHANGED Avg, Salary (Mean) (ALL Compensation Obligations)  -  col6: 14 -> 15"
2026-07-15 09:15:00,SHEETS,CHANGED,"PHX  CHANGED Avg, Salary (Mean) (No 10-Day K's)  -  col6: 1 -> 0"
2026-07-15 09:15:00,SHEETS,CHANGED,"Luxury Tax Calculator  CHANGED Luxury Tax  -  col9: 4326486 -> 6775907, col25: 10302242.52 -> 16366242.52"
2026-07-15 09:15:00,SHEETS,CHANGED,Luxury Tax Calculator  CHANGED 1st Incremental Tax Bracket  -  col9: 12979458 -> 17055000
2026-07-15 09:15:00,SHEETS,CHANGED,"Luxury Tax Calculator  CHANGED 2nd Incremental Tax Bracket  -  col9: 0 -> 3545447.75, col25: 15006038.2 -> 18476250"
2026-07-15 09:15:00,SHEETS,CHANGED,Luxury Tax Calculator  CHANGED 3rd Incremental Tax Bracket  -  col25: 0 -> 27479333.88
2026-07-15 09:15:00,SHEETS,CHANGED,"Luxury Tax Calculator  CHANGED Tax Liability  -  col9: 12979458 -> 20600447.75, col25: 32061038.2 -> 63010583.88"
2026-07-15 09:13:56,DOCS,REMOVED,"2026-27 Veteran Signings  - REMOVED Update 1.2 (7/7/26): P. Achiuwa, J. Alvarado, K. Anderson, M. Bamba, H. Barnes, C. Bassey, B. Bogdanovic, T. Bryant, J. Clark, J. Clarkson, J. Collins, M. Conley, M. Diawara, O. Dieng, A. Dosunmu, A. Drummond, T. Eason, K. Ellis, C. Gillespie, J. Green, Q. Grimes, J. Goodwin, R. Hachimura, T. Hardaway Jr., T. Harris, I. Hartenstein, J. Hayes, K. Huerter, A. Hukporti, T. Jones, D. Jordan, W. Kessler, J. Landale, K. Looney, T. Lyles, S. Mamukelashvili, J. McLaughlin, K. Middleton, J. Miller, L. Nance, P. Nance, J. Nurkic, N. Powell, J. Okogie, K. Oubre, Q. Post, A. Reaves, M. Robinson, K. Sanders, C. Sexton, L. Shamet, M. Smart, V. Wembanyama, C. White, K. Williams, M. Williams, T. Young"
2026-07-15 09:13:56,DOCS,ADDED,"2026-27 Veteran Signings  + ADDED  Update 1.2 (7/7/26): P. Achiuwa, J. Alvarado, K. Anderson, M. Bamba, H. Barnes, C. Bassey, B. Bogdanovic, T. Bryant, J. Clark, J. Clarkson, J. Collins, M. Conley, M. Diawara, O. Dieng, A. Dosunmu, A. Drummond, T. Eason, K. Ellis, C. Gillespie, J. Green, Q. Grimes, J. Goodwin, R. Hachimura, T. Hardaway Jr., T. Harris, I. Hartenstein, J. Hayes, K. Huerter, A. Hukporti, T. Jones, D. Jordan, L. Kennard, W. Kessler, J. Landale, K. Looney, T. Lyles, S. Mamukelashvili, J. McLaughlin, K. Middleton, J. Miller, L. Nance, P. Nance, J. Nurkic, N. Powell, J. Okogie, K. Oubre, Q. Post, A. Reaves, M. Robinson, K. Sanders, C. Sexton, L. Shamet, M. Smart, V. Wembanyama, C. White, K. Williams, M. Williams, T. Young"
2026-07-15 09:12:57,DOCS,REMOVED,"2026-27 Veteran Signings  - REMOVED Update 1.2 (7/7/26): P. Achiuwa, J. Alvarado, K. Anderson, M. Bamba, H. Barnes, C. Bassey, B. Bogdanovic, T. Bryant, J. Clark, J. Clarkson, J. Collins, M. Conley, M. Diawara, O. Dieng, A. Dosunmu, A. Drummond, T. Eason, K. Ellis, C. Gillespie, J. Green, Q. Grimes, J. Goodwin, R. Hachimura, T. Hardaway Jr., T. Harris, I. Hartenstein, J. Hayes, K. Huerter, A. Hukporti, D. Jordan, W. Kessler, J. Landale, K. Looney, T. Lyles, S. Mamukelashvili, J. McLaughlin, K. Middleton, J. Miller, L. Nance, P. Nance, J. Nurkic, N. Powell, J. Okogie, K. Oubre, Q. Post, A. Reaves, M. Robinson, K. Sanders, C. Sexton, L. Shamet, M. Smart, V. Wembanyama, C. White, K. Williams, M. Williams, T. Young"
2026-07-15 09:12:57,DOCS,ADDED,"2026-27 Veteran Signings  + ADDED  Update 1.2 (7/7/26): P. Achiuwa, J. Alvarado, K. Anderson, M. Bamba, H. Barnes, C. Bassey, B. Bogdanovic, T. Bryant, J. Clark, J. Clarkson, J. Collins, M. Conley, M. Diawara, O. Dieng, A. Dosunmu, A. Drummond, T. Eason, K. Ellis, C. Gillespie, J. Green, Q. Grimes, J. Goodwin, R. Hachimura, T. Hardaway Jr., T. Harris, I. Hartenstein, J. Hayes, K. Huerter, A. Hukporti, T. Jones, D. Jordan, W. Kessler, J. Landale, K. Looney, T. Lyles, S. Mamukelashvili, J. McLaughlin, K. Middleton, J. Miller, L. Nance, P. Nance, J. Nurkic, N. Powell, J. Okogie, K. Oubre, Q. Post, A. Reaves, M. Robinson, K. Sanders, C. Sexton, L. Shamet, M. Smart, V. Wembanyama, C. White, K. Williams, M. Williams, T. Young"
2026-07-15 09:12:57,DOCS,ADDED,2026-27 Veteran Signings  + ADDED  Tyus Jones Denver Nuggets
2026-07-15 09:12:57,DOCS,ADDED,"2026-27 Veteran Signings  + ADDED  26-27 $3,876,529"
2026-07-15 09:12:57,DOCS,ADDED,2026-27 Veteran Signings  + ADDED  Minimum Salary Exception. Player Trade Consent. Skill; Injury or Illness; Mental; Death. Love of the Game. Physical Exam. Alt. 7(b).
2026-07-15 09:12:57,DOCS,ADDED,2026-27 Veteran Signings  + ADDED  Execution Date: 7/14/26
2026-07-15 09:11:58,DOCS,ADDED,2026-27 Veteran Signings  + ADDED  Jordan McLaughlin San Antonio Spurs
2026-07-15 09:11:58,DOCS,ADDED,"2026-27 Veteran Signings  + ADDED  26-27 $3,286,399"
2026-07-15 09:11:58,DOCS,ADDED,2026-27 Veteran Signings  + ADDED  Minimum Salary Exception. Player Trade Consent. Skill; Injury or Illness. Love of the Game. Physical Exam. Alt. 7(b).
2026-07-15 09:11:58,DOCS,ADDED,2026-27 Veteran Signings  + ADDED  Execution Date: 7/13/26
2026-07-15 09:10:58,SHEETS,CHANGED,"SAN  CHANGED McLaughlin, Jordan  -  TEAM SALARY CAP REPORT
       -  SAN ANTONIO SPURS: 4 - CAP HOLD -> 1 - FULL SEASON"
2026-07-15 09:10:58,SHEETS,CHANGED,SAN  CHANGED Players Under Contract  -  col3: 195830545.7 -> 198279966.7
2026-07-15 09:10:58,SHEETS,CHANGED,SAN  CHANGED Full Season Contracts  -  col3: 195830545.7 -> 198279966.7
2026-07-15 09:10:58,SHEETS,CHANGED,SAN  CHANGED Cap Holds  -  col3: 35343415.81 -> 32893994.81
2026-07-15 09:10:58,SHEETS,CHANGED,"SAN  CHANGED Avg, Salary (Mean) (ALL Compensation Obligations)  -  col6: 13 -> 14"
2026-07-15 09:10:58,SHEETS,CHANGED,"SAN  CHANGED Avg, Salary (Mean) (No 10-Day K's)  -  col6: 2 -> 1"
2026-07-15 09:10:56,DOCS,REMOVED,"2026-27 Veteran Signings  - REMOVED Update 1.2 (7/7/26): P. Achiuwa, J. Alvarado, K. Anderson, M. Bamba, H. Barnes, C. Bassey, B. Bogdanovic, T. Bryant, J. Clark, J. Clarkson, J. Collins, M. Conley, M. Diawara, O. Dieng, A. Dosunmu, A. Drummond, T. Eason, K. Ellis, C. Gillespie, J. Green, Q. Grimes, J. Goodwin, R. Hachimura, T. Hardaway Jr., T. Harris, I. Hartenstein, J. Hayes, K. Huerter, A. Hukporti, D. Jordan, W. Kessler, J. Landale, K. Looney, T. Lyles, S. Mamukelashvili, K. Middleton, J. Miller, L. Nance, P. Nance, J. Nurkic, N. Powell, J. Okogie, K. Oubre, Q. Post, A. Reaves, M. Robinson, K. Sanders, C. Sexton, L. Shamet, M. Smart, V. Wembanyama, C. White, K. Williams, M. Williams, T. Young"
2026-07-15 09:10:56,DOCS,ADDED,"2026-27 Veteran Signings  + ADDED  Update 1.2 (7/7/26): P. Achiuwa, J. Alvarado, K. Anderson, M. Bamba, H. Barnes, C. Bassey, B. Bogdanovic, T. Bryant, J. Clark, J. Clarkson, J. Collins, M. Conley, M. Diawara, O. Dieng, A. Dosunmu, A. Drummond, T. Eason, K. Ellis, C. Gillespie, J. Green, Q. Grimes, J. Goodwin, R. Hachimura, T. Hardaway Jr., T. Harris, I. Hartenstein, J. Hayes, K. Huerter, A. Hukporti, D. Jordan, W. Kessler, J. Landale, K. Looney, T. Lyles, S. Mamukelashvili, J. McLaughlin, K. Middleton, J. Miller, L. Nance, P. Nance, J. Nurkic, N. Powell, J. Okogie, K. Oubre, Q. Post, A. Reaves, M. Robinson, K. Sanders, C. Sexton, L. Shamet, M. Smart, V. Wembanyama, C. White, K. Williams, M. Williams, T. Young"
2026-07-14 16:49:54,PLAYERS,ADDED,+ ADDED   Milos Uzan (BOS)
2026-07-14 16:49:54,PLAYERS,ADDED,+ ADDED   Tucker DeVries (BOS)
2026-07-14 16:26:55,TRANSACTIONS,Signing,2026-07-14  Denver Nuggets re-signed guard Tyus Jones to a Contract.
2026-07-14 12:50:54,PLAYERS,ADDED,+ ADDED   Luke Kennard (PHX)
2026-07-14 12:15:55,TRANSACTIONS,Signing,2026-07-14  Phoenix Suns signed guard Luke Kennard to a Contract.
2026-07-14 09:58:59,SHEETS,CHANGED,"Luxury Tax Calculator  CHANGED Luxury Tax  -  col2: 2339892 -> 0, col3: 10827406 -> 0, col9: 16859486 -> 4326486, col12: 10204620 -> 0, col13: 18404932.6 -> 5871932.6, col15: 9648780 -> 0, (+13 more)"
2026-07-14 09:58:59,SHEETS,CHANGED,"Luxury Tax Calculator  CHANGED 1st Incremental Tax Bracket  -  col2: 2339892 -> 0, col3: 17055000 -> 0, col9: 17055000 -> 12979458, col12: 5685000 -> 0, col15: 17055000 -> 0, col17: 5685000 -> 0, (+7 more)"
2026-07-14 09:58:59,SHEETS,CHANGED,"Luxury Tax Calculator  CHANGED 2nd Incremental Tax Bracket  -  col3: 16712819.5 -> 0, col9: 18476250 -> 0, col12: 5649525 -> 0, col13: 7106250 -> 233665.75, col15: 12882285 -> 0, col17: 5699793.75 -> 0, (+7 more)"
2026-07-14 09:58:59,SHEETS,CHANGED,"Luxury Tax Calculator  CHANGED 3rd Incremental Tax Bracket  -  col9: 30192173 -> 0, col13: 19897500 -> 0, col19: 13798557.5 -> 0, Luxury Tax Calculator: 19897500 -> 0, col25: 31267500 -> 0"
2026-07-14 09:58:59,SHEETS,CHANGED,"Luxury Tax Calculator  CHANGED 4th Incremental Tax Bracket  -  col13: 6412179.85 -> 0, col21: 27003750 -> 4413852, col23: 27003750 -> 1816020.19, Luxury Tax Calculator: 9517771.175 -> 0, col25: 38373750 -> 0"
2026-07-14 09:58:59,SHEETS,CHANGED,"Luxury Tax Calculator  CHANGED 5th Incremental Tax Bracket  -  col21: 29846250 -> 0, col23: 29846250 -> 0, col25: 690508.2976 -> 0"
2026-07-14 09:58:59,SHEETS,CHANGED,"Luxury Tax Calculator  CHANGED 6th Incremental Tax Bracket  -  col21: 12030334 -> 0, col22: 32688750 -> 18105105.5, col23: 8885590.23 -> 0"
2026-07-14 09:58:59,SHEETS,CHANGED,Luxury Tax Calculator  CHANGED 7th Incremental Tax Bracket  -  col22: 35531250 -> 0
2026-07-14 09:58:59,SHEETS,CHANGED,Luxury Tax Calculator  CHANGED 8th Incremental Tax Bracket  -  col22: 29104069.5 -> 0
2026-07-14 09:58:59,SHEETS,CHANGED,"Luxury Tax Calculator  CHANGED Tax Liability  -  col2: 2339892 -> 0, col3: 33767819.5 -> 0, col9: 65723423 -> 12979458, col12: 11334525 -> 0, col13: 39100929.85 -> 5918665.75, col15: 29937285 -> 0, (+13 more)"
2026-07-13 18:45:55,PLAYERS,CHANGED,~ CHANGED Jordan McLaughlin  school: USC -> Southern California
2026-07-13 18:35:54,PLAYERS,CHANGED,~ CHANGED Jordan McLaughlin  school: Southern California -> USC
2026-07-13 18:28:55,TRANSACTIONS,Signing,2026-07-13  San Antonio Spurs re-signed guard Jordan McLaughlin to a Contract.
2026-07-13 18:20:55,TRANSACTIONS,Signing,2026-07-13  Memphis Grizzlies signed forward Cameron Boozer to a Rookie Scale Contract.
2026-07-13 17:46:58,SHEETS,CHANGED,"MIN  CHANGED Turner, Evan  -  col3: - -> 27909834.0, col9: 0 -> 27909834"
2026-07-13 17:46:58,SHEETS,CHANGED,"MIN  CHANGED Brooks, Aaron  -  col3: - -> 2449421.0, col9: 0 -> 2449421"
2026-07-13 17:46:58,SHEETS,CHANGED,"MIN  CHANGED Ingles, Joe  -  col3: - -> 2449421.0, col9: 0 -> 2449421"
2026-07-13 17:46:58,SHEETS,CHANGED,"MIN  CHANGED Monroe, Greg  -  col3: - -> 2449421.0, col9: 0 -> 2449421"
2026-07-13 17:46:58,SHEETS,CHANGED,"MIN  CHANGED Phillips, Julian  -  col3: - -> 2449421.0, col9: 0 -> 2449421"
2026-07-13 17:46:58,SHEETS,CHANGED,"MIN  CHANGED Rivers, Austin  -  col3: - -> 2449421.0, col9: 0 -> 2449421"
2026-07-13 17:46:58,SHEETS,CHANGED,"MIN  CHANGED TEAM SALARY (Art, I §1 (nnn)):  -  col3: 203207445 -> 243364384, col9: 621259678.6 -> 661416617.6"
2026-07-13 17:46:58,SHEETS,CHANGED,MIN  CHANGED Cap Holds  -  col3: 0 -> 40156939
2026-07-13 17:45:59,SHEETS,CHANGED,"MIN  CHANGED Turner, Evan  -  col3: 27909834.0 -> -, col9: 27909834 -> 0"
2026-07-13 17:45:59,SHEETS,CHANGED,"MIN  CHANGED Brooks, Aaron  -  col3: 2449421.0 -> -, col9: 2449421 -> 0"
2026-07-13 17:45:59,SHEETS,CHANGED,"MIN  CHANGED Ingles, Joe  -  col3: 2449421.0 -> -, col9: 2449421 -> 0"
2026-07-13 17:45:59,SHEETS,CHANGED,"MIN  CHANGED Monroe, Greg  -  col3: 2449421.0 -> -, col9: 2449421 -> 0"
2026-07-13 17:45:59,SHEETS,CHANGED,"MIN  CHANGED Phillips, Julian  -  col3: 2449421.0 -> -, col9: 2449421 -> 0"
2026-07-13 17:45:59,SHEETS,CHANGED,"MIN  CHANGED Rivers, Austin  -  col3: 2449421.0 -> -, col9: 2449421 -> 0"
2026-07-13 17:45:59,SHEETS,CHANGED,"MIN  CHANGED TEAM SALARY (Art, I §1 (nnn)):  -  col3: 243364384 -> 203207445, col9: 661416617.6 -> 621259678.6"
2026-07-13 17:45:59,SHEETS,CHANGED,MIN  CHANGED Cap Holds  -  col3: 40156939 -> 0
2026-07-13 17:44:58,SHEETS,CHANGED,"WAS  CHANGED Mahinmi, Ian  -  col3: - -> 23175076.5, col9: 0 -> 23175076.5"
2026-07-13 17:44:58,SHEETS,CHANGED,"WAS  CHANGED Nunn, Kendrick  -  col3: - -> 6825000, col9: 0 -> 6825000"
2026-07-13 17:44:58,SHEETS,CHANGED,"WAS  CHANGED Gill, Anthony  -  col3: - -> 2449421.0, col9: 0 -> 2449421"
2026-07-13 17:44:58,SHEETS,CHANGED,"WAS  CHANGED Lawson, Ty  -  col3: - -> 2449421.0, col9: 0 -> 2449421"
2026-07-13 17:44:58,SHEETS,CHANGED,"WAS  CHANGED Napier, Shabazz  -  col3: - -> 2449421.0, col9: 0 -> 2449421"
2026-07-13 17:44:58,SHEETS,CHANGED,"WAS  CHANGED Satoransky, Tomas  -  col3: - -> 2449421.0, col9: 0 -> 2449421"
2026-07-13 17:44:58,SHEETS,CHANGED,"WAS  CHANGED Sessions, Ramon  -  col3: - -> 2449421.0, col9: 0 -> 2449421"
2026-07-13 17:44:58,SHEETS,CHANGED,"WAS  CHANGED Thor, JT  -  col3: - -> 2185116.0, col9: 0 -> 2185116"
2026-07-13 17:44:58,SHEETS,CHANGED,"WAS  CHANGED TEAM SALARY (Art, I §1 (nnn)):  -  col3: 191656519.9 -> 236088817.4, col9: 546823303.9 -> 591255601.4"
2026-07-13 17:44:58,SHEETS,CHANGED,WAS  CHANGED Cap Holds  -  col3: 2185116 -> 46617413.5
2026-07-13 17:43:58,SHEETS,CHANGED,"WAS  CHANGED Mahinmi, Ian  -  col3: 23175076.5 -> -, col9: 23175076.5 -> 0"
2026-07-13 17:43:58,SHEETS,CHANGED,"WAS  CHANGED Nunn, Kendrick  -  col3: 6825000 -> -, col9: 6825000 -> 0"
2026-07-13 17:43:58,SHEETS,CHANGED,"WAS  CHANGED Gill, Anthony  -  col3: 2449421.0 -> -, col9: 2449421 -> 0"
2026-07-13 17:43:58,SHEETS,CHANGED,"WAS  CHANGED Lawson, Ty  -  col3: 2449421.0 -> -, col9: 2449421 -> 0"
2026-07-13 17:43:58,SHEETS,CHANGED,"WAS  CHANGED Napier, Shabazz  -  col3: 2449421.0 -> -, col9: 2449421 -> 0"
2026-07-13 17:43:58,SHEETS,CHANGED,"WAS  CHANGED Satoransky, Tomas  -  col3: 2449421.0 -> -, col9: 2449421 -> 0"
2026-07-13 17:43:58,SHEETS,CHANGED,"WAS  CHANGED Sessions, Ramon  -  col3: 2449421.0 -> -, col9: 2449421 -> 0"
2026-07-13 17:43:58,SHEETS,CHANGED,"WAS  CHANGED Thor, JT  -  col3: 2185116.0 -> -, col9: 2185116 -> 0"
2026-07-13 17:43:58,SHEETS,CHANGED,"WAS  CHANGED TEAM SALARY (Art, I §1 (nnn)):  -  col3: 236088817.4 -> 191656519.9, col9: 591255601.4 -> 546823303.9"
2026-07-13 17:43:58,SHEETS,CHANGED,WAS  CHANGED Cap Holds  -  col3: 46617413.5 -> 2185116
2026-07-13 15:42:55,PLAYERS,CHANGED,~ CHANGED Grayson Allen  team: PHX -> CHA
2026-07-13 15:42:55,PLAYERS,CHANGED,~ CHANGED Royce O'Neale  team: PHX -> CHA
2026-07-13 15:42:55,PLAYERS,CHANGED,~ CHANGED Miles Bridges  team: CHA -> PHX
2026-07-13 14:56:55,TRANSACTIONS,Trade,2026-07-13  Phoenix Suns received forward Miles Bridges from Charlotte Hornets.
2026-07-13 14:56:55,TRANSACTIONS,Trade,2026-07-13  Phoenix Suns received draft consideration from Charlotte Hornets.
2026-07-13 14:56:55,TRANSACTIONS,Trade,2026-07-13  Charlotte Hornets received guard Grayson Allen from Phoenix Suns.
2026-07-13 14:56:55,TRANSACTIONS,Trade,2026-07-13  Charlotte Hornets received forward Royce O'Neale from Phoenix Suns.
2026-07-13 14:56:55,TRANSACTIONS,Trade,2026-07-13  Charlotte Hornets received draft consideration from Phoenix Suns.
2026-07-13 13:14:56,DOCS,REMOVED,"2026-27 Veteran Signings  - REMOVED 2 Years for $7,206,979. Minimum Salary Exception. Player Trade Consent. Team option to extend the contract to include the 2027-28 Season. Skill; Injury or Illness; Mental; Death. Compensation protection for 2026-27 Season is none but will increase to $200,000 if team has not requested waivers on player on or before 7/15/2026, and increase to $500,000 if team has not requested waivers on player on or before the first day of the 2026-27 Regular Season. Compensation protection for 2027-28 Season is none but will increase to $211,045 if team has not requested waivers on player on or before 7/15/2027, and increase to $527,000 if team has not requested waivers on player on or before the first day of the 2027-28 Regular Season. Love of the Game. Physical Exam. Alt. 7(b)."
2026-07-13 13:14:56,DOCS,ADDED,"2026-27 Veteran Signings  + ADDED  2 Years for $7,206,979. Minimum Salary Exception. Player Trade Consent. Team option to extend the contract to include the 2027-28 Season. Skill; Injury or Illness; Mental; Death. Compensation protection for 2026-27 Season is none but will increase to $200,000 if team has not requested waivers on player on or before 7/15/2026, and increase to $500,000 if team has not requested waivers on player on or before the first day of the 2026-27 Regular Season. Compensation protection for 2027-28 Season is none but will increase to $211,045 if team has not requested waivers on player on or before 7/15/2027, and increase to $527,613 if team has not requested waivers on player on or before the first day of the 2027-28 Regular Season. Love of the Game. Physical Exam. Alt. 7(b)."
2026-07-13 13:13:55,DOCS,REMOVED,"2026-27 Veteran Signings  - REMOVED 2 Years for $7,206,979. Minimum Salary Exception. Player Trade Consent. Team option to extend the contract to include the 2027-28 Season. Skill; Injury or Illness; Mental; Death. Compensation protection for 2026-27 Season is none but will increase to $200,000 if team has not requested waivers on player on or before 7/15/2026, and increase to $500,000 if team has not requested waivers on player on or before the first day of the 2026-27 Regular Season. Compensation protection for 2027-28 Season is none but will increase to $200,000 if team has not requested waivers on player on or before 7/15/2027, and increase to $500,000 if team has not requested waivers on player on or before the first day of the 2027-28 Regular Season. Love of the Game. Physical Exam. Alt. 7(b)."
2026-07-13 13:13:55,DOCS,ADDED,"2026-27 Veteran Signings  + ADDED  2 Years for $7,206,979. Minimum Salary Exception. Player Trade Consent. Team option to extend the contract to include the 2027-28 Season. Skill; Injury or Illness; Mental; Death. Compensation protection for 2026-27 Season is none but will increase to $200,000 if team has not requested waivers on player on or before 7/15/2026, and increase to $500,000 if team has not requested waivers on player on or before the first day of the 2026-27 Regular Season. Compensation protection for 2027-28 Season is none but will increase to $211,045 if team has not requested waivers on player on or before 7/15/2027, and increase to $527,000 if team has not requested waivers on player on or before the first day of the 2027-28 Regular Season. Love of the Game. Physical Exam. Alt. 7(b)."
2026-07-13 12:50:58,SHEETS,ADDED,"POR  + ADDED  Potter, Micah"
2026-07-13 12:50:58,SHEETS,CHANGED,"POR  CHANGED TEAM SALARY (Art, I §1 (nnn)):  -  col3: 230455741.3 -> 233257087.3, col9: 526003148.4 -> 528804494.4"
2026-07-13 12:50:58,SHEETS,CHANGED,POR  CHANGED Players Under Contract  -  col3: 194339098.6 -> 197140444.6
2026-07-13 12:50:58,SHEETS,CHANGED,POR  CHANGED Full Season Contracts  -  col3: 194339098.6 -> 197140444.6
2026-07-13 12:50:58,SHEETS,CHANGED,"POR  CHANGED Avg, Salary (Mean) (ALL Compensation Obligations)  -  col6: 14 -> 15"
2026-07-13 12:50:58,SHEETS,CHANGED,"POR  CHANGED Avg, Salary (Mean) (No 10-Day K's)  -  col6: 1 -> 0"
2026-07-13 12:50:58,SHEETS,CHANGED,Luxury Tax Calculator  CHANGED Luxury Tax  -  col26: 6712130.274 -> 9513476.274
2026-07-13 12:50:58,SHEETS,CHANGED,Luxury Tax Calculator  CHANGED 2nd Incremental Tax Bracket  -  col26: 1283912.843 -> 4785595.343
2026-07-13 12:50:58,SHEETS,CHANGED,Luxury Tax Calculator  CHANGED Tax Liability  -  col26: 6968912.843 -> 10470595.34
2026-07-13 12:35:58,SHEETS,ADDED,"PHL  + ADDED  Miles, De'Marquiese"
2026-07-13 12:35:58,SHEETS,CHANGED,"PHL  CHANGED TEAM SALARY (Art, I §1 (nnn)):  -  col3: 217314473.3 -> 218672236.3, col9: 652734426.7 -> 654092189.7"
2026-07-13 12:35:58,SHEETS,CHANGED,PHL  CHANGED Players Under Contract  -  col3: 205595978.3 -> 206953741.3
2026-07-13 12:35:58,SHEETS,CHANGED,PHL  CHANGED Full Season Contracts  -  col3: 205595978.3 -> 206953741.3
2026-07-13 12:35:58,SHEETS,CHANGED,"PHL  CHANGED Avg, Salary (Mean) (ALL Compensation Obligations)  -  col6: 14 -> 15"
2026-07-13 12:35:58,SHEETS,CHANGED,"PHL  CHANGED Avg, Salary (Mean) (No 10-Day K's)  -  col6: 1 -> 0"
2026-07-13 12:35:58,SHEETS,CHANGED,Luxury Tax Calculator  CHANGED Luxury Tax  -  Luxury Tax Calculator: 17700978.3 -> 19058741.3
2026-07-13 12:35:58,SHEETS,CHANGED,Luxury Tax Calculator  CHANGED 4th Incremental Tax Bracket  -  Luxury Tax Calculator: 3068396.925 -> 9517771.175
2026-07-13 12:35:58,SHEETS,CHANGED,Luxury Tax Calculator  CHANGED Tax Liability  -  Luxury Tax Calculator: 35757146.93 -> 42206521.18
2026-07-13 12:35:56,DOCS,REMOVED,"2026-27 Rookie Signings  - REMOVED Minimum Salary Exception. Physical Exam. Alt. 7(b). Exh. 9 - Training Camp. Exh. 10 - Affiliate Player ($91,000)."
2026-07-13 12:35:56,DOCS,ADDED,"2026-27 Rookie Signings  + ADDED  Minimum Salary Exception. Physical Exam. Exh. 9 - Training Camp. Exh. 10 - Affiliate Player ($91,000)."
2026-07-13 12:34:55,DOCS,REMOVED,"2026-27 Rookie Signings  - REMOVED Minimum Salary Exception. Love of the Game. Physical Exam. Alt. 7(b). Exh. 9 - Training Camp. Exh. 10 - Affiliate Player ($91,000)."
2026-07-13 12:34:55,DOCS,REMOVED,2026-27 Rookie Signings  - REMOVED Execution Date: 7/9/26
2026-07-13 12:34:55,DOCS,ADDED,"2026-27 Rookie Signings  + ADDED  Minimum Salary Exception. Physical Exam. Alt. 7(b). Exh. 9 - Training Camp. Exh. 10 - Affiliate Player ($91,000)."
2026-07-13 12:34:55,DOCS,ADDED,2026-27 Rookie Signings  + ADDED  Execution Date: 7/7/26
2026-07-13 12:33:56,DOCS,REMOVED,"2026-27 Rookie Signings  - REMOVED 25-26 $1,357,763"
2026-07-13 12:33:56,DOCS,ADDED,"2026-27 Rookie Signings  + ADDED  26-27 $1,357,763"
2026-07-13 12:33:56,DOCS,ADDED,2026-27 Rookie Signings  + ADDED  De’Marquiese Miles Philadelphia 76ers
2026-07-13 12:33:56,DOCS,ADDED,"2026-27 Rookie Signings  + ADDED  26-27 $1,357,763"
2026-07-13 12:33:56,DOCS,ADDED,"2026-27 Rookie Signings  + ADDED  Minimum Salary Exception. Love of the Game. Physical Exam. Alt. 7(b). Exh. 9 - Training Camp. Exh. 10 - Affiliate Player ($91,000)."
2026-07-13 12:33:56,DOCS,ADDED,2026-27 Rookie Signings  + ADDED  Execution Date: 7/9/26
2026-07-13 12:32:59,SHEETS,ADDED,"TOR  + ADDED  Bittle, Nathan"
2026-07-13 12:32:59,SHEETS,CHANGED,"TOR  CHANGED TEAM SALARY (Art, I §1 (nnn)):  -  col3: 215410898.1 -> 211068661.1, col9: 590133506.5 -> 585791269.5"
2026-07-13 12:32:59,SHEETS,CHANGED,TOR  CHANGED Players Under Contract  -  col3: 202362635.1 -> 198020398.1
2026-07-13 12:32:59,SHEETS,CHANGED,TOR  CHANGED Full Season Contracts  -  col3: 202362635.1 -> 198020398.1
2026-07-13 12:32:59,SHEETS,CHANGED,Luxury Tax Calculator  CHANGED Luxury Tax  -  col29: 14467635.14 -> 10125398.14
2026-07-13 12:32:59,SHEETS,CHANGED,Luxury Tax Calculator  CHANGED 2nd Incremental Tax Bracket  -  col29: 7106250 -> 5550497.675
2026-07-13 12:32:59,SHEETS,CHANGED,Luxury Tax Calculator  CHANGED 3rd Incremental Tax Bracket  -  col29: 10841722.99 -> 0
2026-07-13 12:32:59,SHEETS,CHANGED,Luxury Tax Calculator  CHANGED Tax Liability  -  col29: 23632972.99 -> 11235497.68
2026-07-13 12:31:57,SHEETS,CHANGED,"TOR  CHANGED TEAM SALARY (Art, I §1 (nnn)):  -  col3: 209710898.1 -> 215410898.1, col9: 584433506.5 -> 590133506.5"
2026-07-13 12:31:57,SHEETS,CHANGED,TOR  CHANGED Players Under Contract  -  col3: 196662635.1 -> 202362635.1
2026-07-13 12:31:57,SHEETS,CHANGED,TOR  CHANGED Full Season Contracts  -  col3: 196662635.1 -> 202362635.1
2026-07-13 12:31:57,SHEETS,CHANGED,"TOR  CHANGED Avg, Salary (Mean) (ALL Compensation Obligations)  -  col6: 14 -> 15"
2026-07-13 12:31:57,SHEETS,CHANGED,"TOR  CHANGED Avg, Salary (Mean) (No 10-Day K's)  -  col6: 1 -> 0"
2026-07-13 12:31:57,SHEETS,CHANGED,Luxury Tax Calculator  CHANGED Luxury Tax  -  col29: 8767635.14 -> 14467635.14
2026-07-13 12:31:57,SHEETS,CHANGED,Luxury Tax Calculator  CHANGED 2nd Incremental Tax Bracket  -  col29: 3853293.925 -> 7106250
2026-07-13 12:31:57,SHEETS,CHANGED,Luxury Tax Calculator  CHANGED 3rd Incremental Tax Bracket  -  col29: 0 -> 10841722.99
2026-07-13 12:31:57,SHEETS,CHANGED,Luxury Tax Calculator  CHANGED Tax Liability  -  col29: 9538293.925 -> 23632972.99
2026-07-13 12:31:55,DOCS,REMOVED,"2026-27 Rookie Signings  - REMOVED Minimum Salary Exception. Physical Exam. Exh. 9 - Training Camp. Exh. 10 - Affiliate Player ($10,000)."
2026-07-13 12:31:55,DOCS,REMOVED,2026-27 Rookie Signings  - REMOVED Execution Date: 9/23/25
2026-07-13 12:31:55,DOCS,ADDED,"2026-27 Rookie Signings  + ADDED  Minimum Salary Exception. Love of the Game. Physical Exam. Alt. 7(b). Exh. 9 - Training Camp. Exh. 10 - Affiliate Player ($91,000)."
2026-07-13 12:31:55,DOCS,ADDED,2026-27 Rookie Signings  + ADDED  Execution Date: 7/9/26
2026-07-13 12:30:56,DOCS,ADDED,2026-27 Rookie Signings  + ADDED  Nathan Bittle Toronto Raptors
2026-07-13 12:30:56,DOCS,ADDED,"2026-27 Rookie Signings  + ADDED  25-26 $1,357,763"
2026-07-13 12:30:56,DOCS,ADDED,"2026-27 Rookie Signings  + ADDED  Minimum Salary Exception. Physical Exam. Exh. 9 - Training Camp. Exh. 10 - Affiliate Player ($10,000)."
2026-07-13 12:30:56,DOCS,ADDED,2026-27 Rookie Signings  + ADDED  Execution Date: 9/23/25
2026-07-13 12:29:57,SHEETS,REMOVED,"TOR  - REMOVED Mamukelashvili, Sandro"
2026-07-13 12:29:57,SHEETS,CHANGED,"TOR  CHANGED TEAM SALARY (Art, I §1 (nnn)):  -  col3: 212160319.1 -> 209710898.1, col9: 586882927.5 -> 584433506.5"
2026-07-13 12:29:57,SHEETS,CHANGED,TOR  CHANGED Cap Holds  -  col3: 15497684 -> 13048263
2026-07-13 12:29:55,DOCS,REMOVED,"2026-27 Rookie Signings  - REMOVED Update 1.2 (7/7/26): N. Ament, J. Jefferson, B. Thornton, I. Evans, T. Brazile, B. Miller, T. Biberovic"
2026-07-13 12:29:55,DOCS,ADDED,"2026-27 Rookie Signings  + ADDED  Update 1.2 (7/7/26): N. Ament, J. Jefferson, B. Thornton, I. Evans, T. Brazile, B. Miller, T. Biberovic, N. Bittle"
2026-07-13 12:28:04,DOCS,REMOVED,"2026-27 Rookie Signings  - REMOVED 2 Years for $6,000,000. Non-Taxpayer Mid-Level Exception. Team option to extend the contract to include the 2029-30 Season. Insurance Premium Reimbursement. Skill; Injury or Illness. Compensation protection for 2028-29 Season is none but will increase to full if team has not requested waivers on player on or before 7/10/2028. Compensation protection for 2029-30 Season is none. Love of the Game. Physical Exam. Alt. 7(b)."
2026-07-13 12:28:04,DOCS,REMOVED,2026-27 Rookie Signings  - REMOVED Execution Date: 7/1/26
2026-07-13 12:28:04,DOCS,ADDED,"2026-27 Rookie Signings  + ADDED  2 Years for $6,000,000. Non-Taxpayer Mid-Level Exception (Partial). Advance Payment ($450,000). Team option to extend the contract to include the 2027-28 Season. Skill; Injury or Illness; Mental; Death. Love of the Game. Physical Exam. Alt. 7(b)."
2026-07-13 12:28:04,DOCS,ADDED,2026-27 Rookie Signings  + ADDED  Execution Date: 7/10/26
2026-07-13 12:27:04,DOCS,REMOVED,"2026-27 Rookie Signings  - REMOVED Update 1.2 (7/7/26): N. Ament, J. Jefferson, B. Thornton, I. Evans, T. Brazile, B. Miller"
2026-07-13 12:27:04,DOCS,ADDED,"2026-27 Rookie Signings  + ADDED  Update 1.2 (7/7/26): N. Ament, J. Jefferson, B. Thornton, I. Evans, T. Brazile, B. Miller, T. Biberovic"
2026-07-13 12:27:04,DOCS,REMOVED,2026-27 Rookie Signings  - REMOVED #56 Tarik Biberovic Dallas Mavericks
2026-07-13 12:27:04,DOCS,REMOVED,"2026-27 Rookie Signings  - REMOVED 26-27 $1,357,763"
2026-07-13 12:27:04,DOCS,REMOVED,"2026-27 Rookie Signings  - REMOVED 27-28 $2,294,370 (Team Option)"
2026-07-13 12:27:04,DOCS,REMOVED,"2026-27 Rookie Signings  - REMOVED 4 Years for $9,264,648. Second Round Pick Exception. Team option to extend the contract to include the 2029-30 Season. Insurance Premium Reimbursement. Skill; Injury or Illness. Compensation protection for 2028-29 Season is none but will increase to full if team has not requested waivers on player on or before 7/10/2028. Compensation protection for 2029-30 Season is none. Love of the Game. Physical Exam. Alt. 7(b)."
2026-07-13 12:27:04,DOCS,ADDED,2026-27 Rookie Signings  + ADDED  #56 Tarik Biberovic (2023 NBA DRAFT) Dallas Mavericks
2026-07-13 12:27:04,DOCS,ADDED,"2026-27 Rookie Signings  + ADDED  26-27 $3,000,000"
2026-07-13 12:27:04,DOCS,ADDED,"2026-27 Rookie Signings  + ADDED  27-28 $3,000,000 (Team Option)"
2026-07-13 12:27:04,DOCS,ADDED,"2026-27 Rookie Signings  + ADDED  2 Years for $6,000,000. Non-Taxpayer Mid-Level Exception. Team option to extend the contract to include the 2029-30 Season. Insurance Premium Reimbursement. Skill; Injury or Illness. Compensation protection for 2028-29 Season is none but will increase to full if team has not requested waivers on player on or before 7/10/2028. Compensation protection for 2029-30 Season is none. Love of the Game. Physical Exam. Alt. 7(b)."
2026-07-13 12:25:57,SHEETS,ADDED,"DAL  + ADDED  Biberovic, Tarik"
2026-07-13 12:25:57,SHEETS,CHANGED,"DAL  CHANGED TEAM SALARY (Art, I §1 (nnn)):  -  col3: 207311827.8 -> 210311827.8, col4: 146031206.2 -> 149031206.2, col9: 465765669.2 -> 471765669.2"
2026-07-13 12:25:57,SHEETS,CHANGED,"DAL  CHANGED Players Under Contract  -  col3: 177794638.8 -> 180794638.8, col4: 142819990 -> 145819990"
2026-07-13 12:25:57,SHEETS,CHANGED,"DAL  CHANGED Full Season Contracts  -  col3: 177794638.8 -> 180794638.8, col4: 142819990 -> 145819990"
2026-07-13 12:25:57,SHEETS,CHANGED,"DAL  CHANGED Avg, Salary (Mean) (ALL Compensation Obligations)  -  col6: 14 -> 15"
2026-07-13 12:25:57,SHEETS,CHANGED,"DAL  CHANGED Avg, Salary (Mean) (No 10-Day K's)  -  col6: 1 -> 0"
2026-07-13 12:25:55,DOCS,ADDED,2026-27 Rookie Signings  + ADDED  #56 Tarik Biberovic Dallas Mavericks
2026-07-13 12:25:55,DOCS,ADDED,"2026-27 Rookie Signings  + ADDED  26-27 $1,357,763"
2026-07-13 12:25:55,DOCS,ADDED,"2026-27 Rookie Signings  + ADDED  27-28 $2,294,370 (Team Option)"
2026-07-13 12:25:55,DOCS,ADDED,"2026-27 Rookie Signings  + ADDED  4 Years for $9,264,648. Second Round Pick Exception. Team option to extend the contract to include the 2029-30 Season. Insurance Premium Reimbursement. Skill; Injury or Illness. Compensation protection for 2028-29 Season is none but will increase to full if team has not requested waivers on player on or before 7/10/2028. Compensation protection for 2029-30 Season is none. Love of the Game. Physical Exam. Alt. 7(b)."
2026-07-13 12:25:55,DOCS,ADDED,2026-27 Rookie Signings  + ADDED  Execution Date: 7/1/26
2026-07-13 12:23:55,DOCS,REMOVED,"2026-27 Veteran Signings  - REMOVED 2 Years for $7,206,979. Minimum Salary Exception. Player Trade Consent. Team option to extend the contract to include the 2027-28 Season. Skill; Injury or Illness; Mental; Death. Compensation protection for 2026-27 Season is none but will increase to $200,000 if team has not requested waivers on player on or before 7/15/2026, and increase to $500,000 if team has not requested waivers on player on or before the first dat of the 2026-27"
2026-07-13 12:23:55,DOCS,REMOVED,2026-27 Veteran Signings  - REMOVED Love of the Game. Physical Exam. Alt. 7(b).
2026-07-13 12:23:55,DOCS,ADDED,"2026-27 Veteran Signings  + ADDED  2 Years for $7,206,979. Minimum Salary Exception. Player Trade Consent. Team option to extend the contract to include the 2027-28 Season. Skill; Injury or Illness; Mental; Death. Compensation protection for 2026-27 Season is none but will increase to $200,000 if team has not requested waivers on player on or before 7/15/2026, and increase to $500,000 if team has not requested waivers on player on or before the first day of the 2026-27 Regular Season. Compensation protection for 2027-28 Season is none but will increase to $200,000 if team has not requested waivers on player on or before 7/15/2027, and increase to $500,000 if team has not requested waivers on player on or before the first day of the 2027-28 Regular Season. Love of the Game. Physical Exam. Alt. 7(b)."
2026-07-13 12:22:56,DOCS,REMOVED,"2026-27 Veteran Signings  - REMOVED 2 Years for $7,206,979. Minimum Salary Exception. Player Trade Consent. Team option to extend the contract to include the 2027-28 Season. Skill; Injury or Illness; Mental; Death. Compensation protection for 2026-27 Season is none but will increase to $200,000 if team has not requested waivers on player on or before 7/15/2026, and increase to $500,000 if team has not requested waivers on player on or before"
2026-07-13 12:22:56,DOCS,ADDED,"2026-27 Veteran Signings  + ADDED  2 Years for $7,206,979. Minimum Salary Exception. Player Trade Consent. Team option to extend the contract to include the 2027-28 Season. Skill; Injury or Illness; Mental; Death. Compensation protection for 2026-27 Season is none but will increase to $200,000 if team has not requested waivers on player on or before 7/15/2026, and increase to $500,000 if team has not requested waivers on player on or before the first dat of the 2026-27"
2026-07-13 12:17:55,DOCS,REMOVED,"2026-27 Veteran Signings  - REMOVED 2 Years for $7,206,979. Minimum Salary Exception. Player Trade Consent. Team option to extend the contract to include the 2027-28 Season. Skill; Injury or Illness; Mental; Death. Compensation protection for 2026-27 Season is none but will increase to $200,000 if team has not requested waivers on player on or before 7/15/2026"
2026-07-13 12:17:55,DOCS,ADDED,"2026-27 Veteran Signings  + ADDED  2 Years for $7,206,979. Minimum Salary Exception. Player Trade Consent. Team option to extend the contract to include the 2027-28 Season. Skill; Injury or Illness; Mental; Death. Compensation protection for 2026-27 Season is none but will increase to $200,000 if team has not requested waivers on player on or before 7/15/2026, and increase to $500,000 if team has not requested waivers on player on or before"
2026-07-13 12:16:56,DOCS,REMOVED,"2026-27 Veteran Signings  - REMOVED 27-28 $3,700,320 (Team"
2026-07-13 12:16:56,DOCS,REMOVED,"2026-27 Veteran Signings  - REMOVED 2 Years for $7,206,979. Minimum Salary Exception. Player Trade Consent. Skill; Injury or Illness. Love of the Game. Physical Exam. Alt. 7(b)."
2026-07-13 12:16:56,DOCS,ADDED,"2026-27 Veteran Signings  + ADDED  27-28 $3,700,320 (Team Option)"
2026-07-13 12:16:56,DOCS,ADDED,"2026-27 Veteran Signings  + ADDED  2 Years for $7,206,979. Minimum Salary Exception. Player Trade Consent. Team option to extend the contract to include the 2027-28 Season. Skill; Injury or Illness; Mental; Death. Compensation protection for 2026-27 Season is none but will increase to $200,000 if team has not requested waivers on player on or before 7/15/2026"
2026-07-13 12:16:56,DOCS,ADDED,2026-27 Veteran Signings  + ADDED  Love of the Game. Physical Exam. Alt. 7(b).
2026-07-13 12:15:56,DOCS,ADDED,2026-27 Veteran Signings  + ADDED  Mohamed Bamba Utah jazz
2026-07-13 12:15:56,DOCS,ADDED,"2026-27 Veteran Signings  + ADDED  26-27 $3,506,659"
2026-07-13 12:15:56,DOCS,ADDED,"2026-27 Veteran Signings  + ADDED  27-28 $3,700,320 (Team"
2026-07-13 12:15:56,DOCS,ADDED,"2026-27 Veteran Signings  + ADDED  2 Years for $7,206,979. Minimum Salary Exception. Player Trade Consent. Skill; Injury or Illness. Love of the Game. Physical Exam. Alt. 7(b)."
2026-07-13 12:15:56,DOCS,ADDED,2026-27 Veteran Signings  + ADDED  Execution Date: 7/10/26
2026-07-13 12:14:57,DOCS,REMOVED,"2026-27 Veteran Signings  - REMOVED Update 1.2 (7/7/26): P. Achiuwa, J. Alvarado, K. Anderson, H. Barnes, C. Bassey, B. Bogdanovic, T. Bryant, J. Clark, J. Clarkson, J. Collins, M. Conley, M. Diawara, O. Dieng, A. Dosunmu, A. Drummond, T. Eason, K. Ellis, C. Gillespie, J. Green, Q. Grimes, J. Goodwin, R. Hachimura, T. Hardaway Jr., T. Harris, I. Hartenstein, J. Hayes, K. Huerter, A. Hukporti, D. Jordan, W. Kessler, J. Landale, K. Looney, T. Lyles, S. Mamukelashvili, K. Middleton, J. Miller, L. Nance, P. Nance, J. Nurkic, N. Powell, J. Okogie, K. Oubre, Q. Post, A. Reaves, M. Robinson, K. Sanders, C. Sexton, L. Shamet, M. Smart, V. Wembanyama, C. White, K. Williams, M. Williams, T. Young"
2026-07-13 12:14:57,DOCS,ADDED,"2026-27 Veteran Signings  + ADDED  Update 1.2 (7/7/26): P. Achiuwa, J. Alvarado, K. Anderson, M. Bamba, H. Barnes, C. Bassey, B. Bogdanovic, T. Bryant, J. Clark, J. Clarkson, J. Collins, M. Conley, M. Diawara, O. Dieng, A. Dosunmu, A. Drummond, T. Eason, K. Ellis, C. Gillespie, J. Green, Q. Grimes, J. Goodwin, R. Hachimura, T. Hardaway Jr., T. Harris, I. Hartenstein, J. Hayes, K. Huerter, A. Hukporti, D. Jordan, W. Kessler, J. Landale, K. Looney, T. Lyles, S. Mamukelashvili, K. Middleton, J. Miller, L. Nance, P. Nance, J. Nurkic, N. Powell, J. Okogie, K. Oubre, Q. Post, A. Reaves, M. Robinson, K. Sanders, C. Sexton, L. Shamet, M. Smart, V. Wembanyama, C. White, K. Williams, M. Williams, T. Young"
2026-07-13 12:13:58,SHEETS,ADDED,"UTH  + ADDED  Bamba, Mo"
2026-07-13 12:13:58,SHEETS,CHANGED,"UTH  CHANGED TEAM SALARY (Art, I §1 (nnn)):  -  col3: 186765840.4 -> 190272499.4, col4: 166382065.8 -> 170082385.8, col9: 557658071.1 -> 564865050.1"
2026-07-13 12:13:58,SHEETS,CHANGED,"UTH  CHANGED Players Under Contract  -  col3: 174510608.4 -> 178017267.4, col4: 166382065.8 -> 170082385.8"
2026-07-13 12:13:58,SHEETS,CHANGED,"UTH  CHANGED Full Season Contracts  -  col3: 174510608.4 -> 178017267.4, col4: 166382065.8 -> 170082385.8"
2026-07-13 12:13:58,SHEETS,CHANGED,"UTH  CHANGED Avg, Salary (Mean) (ALL Compensation Obligations)  -  col6: 14 -> 15"
2026-07-13 12:13:58,SHEETS,CHANGED,"UTH  CHANGED Avg, Salary (Mean) (No 10-Day K's)  -  col6: 1 -> 0"
2026-07-13 12:10:55,DOCS,REMOVED,"2026-27 Veteran Signings  - REMOVED 5 Years for MAXIMUM SALARY (TBD). Rookie Scale Extension. Max Contract. Advance Payment (50% of Base Compensation in Y1, 25% of Base Compensation in Y2-5). Player option to extend the contract to include the 2031-32 Season. Insurance Premium Reimbursement. Skill; Injury or Illness; Mental; Death."
2026-07-13 12:10:55,DOCS,REMOVED,2026-27 Veteran Signings  - REMOVED Execution Date: 7/7/25
2026-07-13 12:10:55,DOCS,ADDED,"2026-27 Veteran Signings  + ADDED  5 Years for MAXIMUM SALARY (TBD). Rookie Scale Extension. Max Contract. Advance Payment (50% of Base Compensation in Y1, 25% of Base Compensation in Y2-5). Player option to extend the contract to include the 2031-32 Season. Insurance Premium Reimbursement. Skill; Injury or Illness; Mental; Death. Trade Kicker (15%)."
2026-07-13 12:10:55,DOCS,ADDED,2026-27 Veteran Signings  + ADDED  Execution Date: 7/10/26
2026-07-13 12:09:55,DOCS,REMOVED,2026-27 Veteran Signings  - REMOVED Victor Wembanyama Orlando Magic
2026-07-13 12:09:55,DOCS,REMOVED,2026-27 Veteran Signings  - REMOVED 26-27 MAXIMUM SALARY (25% or 30%)
2026-07-13 12:09:55,DOCS,REMOVED,2026-27 Veteran Signings  - REMOVED 27-28 MAXIMUM SALARY
2026-07-13 12:09:55,DOCS,ADDED,2026-27 Veteran Signings  + ADDED  Victor Wembanyama San Antonio Spurs
2026-07-13 12:09:55,DOCS,ADDED,2026-27 Veteran Signings  + ADDED  27-28 MAXIMUM SALARY (25%)
2026-07-13 12:09:55,DOCS,REMOVED,2026-27 Veteran Signings  - REMOVED 30-31 MAXIMUM SALARY (Player Option)
2026-07-13 12:09:55,DOCS,REMOVED,"2026-27 Veteran Signings  - REMOVED 5 Years for MAXIMUM SALARY (TBD). Rookie Scale Extension. Max Contract. Advance Payment (50% of Base Compensation in Y1, 20% of Base Compensation in Y2-5). Player option to extend the contract to include the 2030-31 Season. Insurance Premium Reimbursement. Skill; Injury or Illness; Mental; Death. Love of the Game."
2026-07-13 12:09:55,DOCS,ADDED,2026-27 Veteran Signings  + ADDED  30-31 MAXIMUM SALARY
2026-07-13 12:09:55,DOCS,ADDED,2026-27 Veteran Signings  + ADDED  31-32 MAXIMUM SALARY (Player Option)
2026-07-13 12:09:55,DOCS,ADDED,"2026-27 Veteran Signings  + ADDED  5 Years for MAXIMUM SALARY (TBD). Rookie Scale Extension. Max Contract. Advance Payment (50% of Base Compensation in Y1, 25% of Base Compensation in Y2-5). Player option to extend the contract to include the 2031-32 Season. Insurance Premium Reimbursement. Skill; Injury or Illness; Mental; Death."
2026-07-13 12:08:56,DOCS,ADDED,2026-27 Veteran Signings  + ADDED  Victor Wembanyama Orlando Magic
2026-07-13 12:08:56,DOCS,ADDED,2026-27 Veteran Signings  + ADDED  26-27 MAXIMUM SALARY (25% or 30%)
2026-07-13 12:08:56,DOCS,ADDED,2026-27 Veteran Signings  + ADDED  27-28 MAXIMUM SALARY
2026-07-13 12:08:56,DOCS,ADDED,2026-27 Veteran Signings  + ADDED  28-29 MAXIMUM SALARY
2026-07-13 12:08:56,DOCS,ADDED,2026-27 Veteran Signings  + ADDED  29-30 MAXIMUM SALARY
2026-07-13 12:08:56,DOCS,ADDED,2026-27 Veteran Signings  + ADDED  30-31 MAXIMUM SALARY (Player Option)
2026-07-13 12:08:56,DOCS,ADDED,"2026-27 Veteran Signings  + ADDED  5 Years for MAXIMUM SALARY (TBD). Rookie Scale Extension. Max Contract. Advance Payment (50% of Base Compensation in Y1, 20% of Base Compensation in Y2-5). Player option to extend the contract to include the 2030-31 Season. Insurance Premium Reimbursement. Skill; Injury or Illness; Mental; Death. Love of the Game."
2026-07-13 12:08:56,DOCS,ADDED,2026-27 Veteran Signings  + ADDED  Execution Date: 7/7/25
2026-07-13 12:07:55,DOCS,REMOVED,"2026-27 Veteran Signings  - REMOVED Update 1.2 (7/7/26): P. Achiuwa, J. Alvarado, K. Anderson, H. Barnes, C. Bassey, B. Bogdanovic, T. Bryant, J. Clark, J. Clarkson, J. Collins, M. Conley, M. Diawara, O. Dieng, A. Dosunmu, A. Drummond, T. Eason, K. Ellis, C. Gillespie, J. Green, Q. Grimes, J. Goodwin, R. Hachimura, T. Hardaway Jr., T. Harris, I. Hartenstein, J. Hayes, K. Huerter, A. Hukporti, D. Jordan, W. Kessler, J. Landale, K. Looney, T. Lyles, S. Mamukelashvili, K. Middleton, J. Miller, L. Nance, P. Nance, J. Nurkic, N. Powell, J. Okogie, K. Oubre, Q. Post, A. Reaves, M. Robinson, K. Sanders, C. Sexton, L. Shamet, M. Smart, C. White, K. Williams, M. Williams, T. Young"
2026-07-13 12:07:55,DOCS,ADDED,"2026-27 Veteran Signings  + ADDED  Update 1.2 (7/7/26): P. Achiuwa, J. Alvarado, K. Anderson, H. Barnes, C. Bassey, B. Bogdanovic, T. Bryant, J. Clark, J. Clarkson, J. Collins, M. Conley, M. Diawara, O. Dieng, A. Dosunmu, A. Drummond, T. Eason, K. Ellis, C. Gillespie, J. Green, Q. Grimes, J. Goodwin, R. Hachimura, T. Hardaway Jr., T. Harris, I. Hartenstein, J. Hayes, K. Huerter, A. Hukporti, D. Jordan, W. Kessler, J. Landale, K. Looney, T. Lyles, S. Mamukelashvili, K. Middleton, J. Miller, L. Nance, P. Nance, J. Nurkic, N. Powell, J. Okogie, K. Oubre, Q. Post, A. Reaves, M. Robinson, K. Sanders, C. Sexton, L. Shamet, M. Smart, V. Wembanyama, C. White, K. Williams, M. Williams, T. Young"
2026-07-13 12:07:05,DOCS,REMOVED,"2026-27 Veteran Signings  - REMOVED 26-27 $5,300,00"
2026-07-13 12:07:05,DOCS,ADDED,"2026-27 Veteran Signings  + ADDED  26-27 $5,300,000"
2026-07-13 12:04:56,DOCS,REMOVED,"2026-27 Veteran Signings  - REMOVED 3 Years for $15,300,000. Bird Exception. Advance Payment ($300,000). Team option to extend the contract to include the 2028-29 Season. Insurance Premium Reimbursement. Skill; Injury or Illness; Mental. Compensation protection for 202"
2026-07-13 12:04:56,DOCS,REMOVED,2026-27 Veteran Signings  - REMOVED Love of the Game. Physical Exam. Alt. 7(b).
2026-07-13 12:04:56,DOCS,REMOVED,2026-27 Veteran Signings  - REMOVED Execution Date: 7/10/26
2026-07-13 12:04:56,DOCS,ADDED,"2026-27 Veteran Signings  + ADDED  3 Years for $15,300,000. Bird Exception. Advance Payment ($300,000). Team option to extend the contract to include the 2028-29 Season. Insurance Premium Reimbursement. Skill; Injury or Illness; Mental. Compensation protection for 2027-28 Season is none but will increase to full if team has not requested waivers on player on or before 7/15/2027. Compensation protection for 2028-29 Season is none but will increase to full if team has not requested waivers on player on or before 7/15/2028. Trade Kicker (3%). Love of the Game. Physical Exam. Alt. 7(b)."
2026-07-13 12:04:56,DOCS,ADDED,2026-27 Veteran Signings  + ADDED  Execution Date: 7/9/26
2026-07-13 12:03:56,DOCS,REMOVED,2026-27 Veteran Signings  - REMOVED 27-28 $5
2026-07-13 12:03:56,DOCS,REMOVED,"2026-27 Veteran Signings  - REMOVED 28-29 $3,580,246"
2026-07-13 12:03:56,DOCS,REMOVED,"2026-27 Veteran Signings  - REMOVED 3 Years for $10,000,000. Bird Exception. Insurance Premium Reimbursement. Skill; Injury or Illness; Mental. Love of the Game. Physical Exam. Alt. 7(b)."
2026-07-13 12:03:56,DOCS,ADDED,"2026-27 Veteran Signings  + ADDED  27-28 $5,000,000"
2026-07-13 12:03:56,DOCS,ADDED,"2026-27 Veteran Signings  + ADDED  28-29 $5,000,000 (Team Option)"
2026-07-13 12:03:56,DOCS,ADDED,"2026-27 Veteran Signings  + ADDED  3 Years for $15,300,000. Bird Exception. Advance Payment ($300,000). Team option to extend the contract to include the 2028-29 Season. Insurance Premium Reimbursement. Skill; Injury or Illness; Mental. Compensation protection for 202"
2026-07-13 12:03:56,DOCS,ADDED,2026-27 Veteran Signings  + ADDED  Love of the Game. Physical Exam. Alt. 7(b).
2026-07-13 12:02:55,DOCS,ADDED,2026-27 Veteran Signings  + ADDED  Jordan Miller Los Angeles Clippers
2026-07-13 12:02:55,DOCS,ADDED,"2026-27 Veteran Signings  + ADDED  26-27 $5,300,00"
2026-07-13 12:02:55,DOCS,ADDED,2026-27 Veteran Signings  + ADDED  27-28 $5
2026-07-13 12:02:55,DOCS,ADDED,"2026-27 Veteran Signings  + ADDED  28-29 $3,580,246"
2026-07-13 12:02:55,DOCS,ADDED,"2026-27 Veteran Signings  + ADDED  3 Years for $10,000,000. Bird Exception. Insurance Premium Reimbursement. Skill; Injury or Illness; Mental. Love of the Game. Physical Exam. Alt. 7(b)."
2026-07-13 12:02:55,DOCS,ADDED,2026-27 Veteran Signings  + ADDED  Execution Date: 7/10/26
2026-07-13 12:00:56,DOCS,REMOVED,"2026-27 Veteran Signings  - REMOVED Update 1.2 (7/7/26): P. Achiuwa, J. Alvarado, K. Anderson, H. Barnes, C. Bassey, B. Bogdanovic, T. Bryant, J. Clark, J. Clarkson, J. Collins, M. Conley, M. Diawara, O. Dieng, A. Dosunmu, A. Drummond, T. Eason, K. Ellis, C. Gillespie, J. Green, Q. Grimes, J. Goodwin, R. Hachimura, T. Hardaway Jr., T. Harris, I. Hartenstein, J. Hayes, K. Huerter, A. Hukporti, D. Jordan, W. Kessler, J. Landale, K. Looney, T. Lyles, S. Mamukelashvili, K. Middleton, L. Nance, P. Nance, J. Nurkic, N. Powell, J. Okogie, K. Oubre, Q. Post, A. Reaves, M. Robinson, K. Sanders, C. Sexton, L. Shamet, M. Smart, C. White, K. Williams, M. Williams, T. Young"
2026-07-13 12:00:56,DOCS,ADDED,"2026-27 Veteran Signings  + ADDED  Update 1.2 (7/7/26): P. Achiuwa, J. Alvarado, K. Anderson, H. Barnes, C. Bassey, B. Bogdanovic, T. Bryant, J. Clark, J. Clarkson, J. Collins, M. Conley, M. Diawara, O. Dieng, A. Dosunmu, A. Drummond, T. Eason, K. Ellis, C. Gillespie, J. Green, Q. Grimes, J. Goodwin, R. Hachimura, T. Hardaway Jr., T. Harris, I. Hartenstein, J. Hayes, K. Huerter, A. Hukporti, D. Jordan, W. Kessler, J. Landale, K. Looney, T. Lyles, S. Mamukelashvili, K. Middleton, J. Miller, L. Nance, P. Nance, J. Nurkic, N. Powell, J. Okogie, K. Oubre, Q. Post, A. Reaves, M. Robinson, K. Sanders, C. Sexton, L. Shamet, M. Smart, C. White, K. Williams, M. Williams, T. Young"
2026-07-13 11:59:57,SHEETS,CHANGED,"LAC  CHANGED Miller, Jordan  -  TEAM SALARY CAP REPORT
       -  LOS ANGELES CLIPPERS: 5 - QUAL OFFER -> 1 - FULL SEASON, col3: 2738125.860831442 -> 5300000.0, col4: - -> 5000000.0, col5: - -> 5000000.0, col9: 2738125.861 -> 15300000"
2026-07-13 11:59:57,SHEETS,CHANGED,"LAC  CHANGED TEAM SALARY (Art, I §1 (nnn)):  -  col3: 211535863.7 -> 214097737.9, col4: 85998261 -> 90998261, col5: 21669032 -> 26669032, col9: 338624146.1 -> 351186020.2"
2026-07-13 11:59:57,SHEETS,CHANGED,"LAC  CHANGED Players Under Contract  -  col3: 157994760 -> 163294760, col4: 85998261 -> 90998261, col5: 21669032 -> 26669032"
2026-07-13 11:59:57,SHEETS,CHANGED,"LAC  CHANGED Full Season Contracts  -  col3: 157994760 -> 163294760, col4: 85998261 -> 90998261, col5: 21669032 -> 26669032"
2026-07-13 11:59:57,SHEETS,CHANGED,LAC  CHANGED Qualifying Offers  -  col3: 2738125.861 -> 0
2026-07-13 11:59:57,SHEETS,CHANGED,"LAC  CHANGED Avg, Salary (Mean) (ALL Compensation Obligations)  -  col6: 12 -> 13"
2026-07-13 11:59:57,SHEETS,CHANGED,"LAC  CHANGED Avg, Salary (Mean) (No 10-Day K's)  -  col6: 3 -> 2"
2026-07-13 11:59:57,SHEETS,CHANGED,"LAC  CHANGED Avg, Salary (Mean) (No 10-Day K's & ROS)  -  col6: 1 -> 0"
2026-07-13 11:55:55,DOCS,REMOVED,2026-27 Rookie Signings  - REMOVED #35 Trevon Brazile Denver Nuggets
2026-07-13 11:55:55,DOCS,REMOVED,"2026-27 Rookie Signings  - REMOVED 26-27 $1,357,763"
2026-07-13 11:55:55,DOCS,ADDED,2026-27 Rookie Signings  + ADDED  #36 Baba Miller Los Angeles Clippers
2026-07-13 11:55:55,DOCS,ADDED,"2026-27 Rookie Signings  + ADDED  26-27 $1,705,630"
2026-07-13 11:55:55,DOCS,REMOVED,"2026-27 Rookie Signings  - REMOVED 4 Years for $9,264,648. Second Round Pick Exception. Advance Payment ($101,832). Team option to extend the contract to include the 2029-30 Season. Skill; Injury or Illness; Mental; Death. Compensation protection for 2028-29 Season is none but will increase to full if team has not requested waivers on player on or before 7/7/2028. Compensation protection for 2029-30 Season is none but will increase to full if team has not requested waivers on player on or before 7/7/2029. Love of the Game. Physical Exam. Alt. 7(b)."
2026-07-13 11:55:55,DOCS,REMOVED,2026-27 Rookie Signings  - REMOVED Execution Date: 7/10/26
2026-07-13 11:55:55,DOCS,ADDED,"2026-27 Rookie Signings  + ADDED  4 Years for $9,612,515. Second Round Pick Exception. Advance Payment ($100,000). Team option to extend the contract to include the 2029-30 Season. Skill; Injury or Illness; Mental. Compensation protection for 2028-29 Season is none but will increase to full if team has not requested waivers on player on or before 6/30/2028. Compensation protection for 2029-30 Season is none but will increase to full if team has not requested waivers on player on or before 6/30/2029. Love of the Game. Physical Exam. Alt. 7(b)."
2026-07-13 11:55:55,DOCS,ADDED,2026-27 Rookie Signings  + ADDED  Execution Date: 7/9/26
2026-07-13 11:54:57,DOCS,REMOVED,"2026-27 Rookie Signings  - REMOVED Update 1.2 (7/7/26): N. Ament, J. Jefferson, B. Thornton, I. Evans, T. Brazile"
2026-07-13 11:54:57,DOCS,ADDED,"2026-27 Rookie Signings  + ADDED  Update 1.2 (7/7/26): N. Ament, J. Jefferson, B. Thornton, I. Evans, T. Brazile, B. Miller"
2026-07-13 11:54:57,DOCS,ADDED,2026-27 Rookie Signings  + ADDED  #35 Trevon Brazile Denver Nuggets
2026-07-13 11:54:57,DOCS,ADDED,"2026-27 Rookie Signings  + ADDED  26-27 $1,357,763"
2026-07-13 11:54:57,DOCS,ADDED,"2026-27 Rookie Signings  + ADDED  27-28 $2,294,370"
2026-07-13 11:54:57,DOCS,ADDED,"2026-27 Rookie Signings  + ADDED  28-29 $2,694,363"
2026-07-13 11:54:57,DOCS,ADDED,"2026-27 Rookie Signings  + ADDED  29-30 $2,918,152 (Team Option)"
2026-07-13 11:54:57,DOCS,ADDED,"2026-27 Rookie Signings  + ADDED  4 Years for $9,264,648. Second Round Pick Exception. Advance Payment ($101,832). Team option to extend the contract to include the 2029-30 Season. Skill; Injury or Illness; Mental; Death. Compensation protection for 2028-29 Season is none but will increase to full if team has not requested waivers on player on or before 7/7/2028. Compensation protection for 2029-30 Season is none but will increase to full if team has not requested waivers on player on or before 7/7/2029. Love of the Game. Physical Exam. Alt. 7(b)."
2026-07-13 11:54:57,DOCS,ADDED,2026-27 Rookie Signings  + ADDED  Execution Date: 7/10/26
2026-07-13 11:53:58,SHEETS,ADDED,"LAC  + ADDED  Miller, Baba"
2026-07-13 11:53:58,SHEETS,CHANGED,"LAC  CHANGED Players Under Contract  -  col3: 156289130 -> 157994760, col4: 83703891 -> 85998261, col5: 18974669 -> 21669032, col6: 16502837.32 -> 19420989.32"
2026-07-13 11:53:58,SHEETS,CHANGED,"LAC  CHANGED Full Season Contracts  -  col3: 156289130 -> 157994760, col4: 83703891 -> 85998261, col5: 18974669 -> 21669032, col6: 16502837.32 -> 19420989.32"
2026-07-13 11:53:58,SHEETS,CHANGED,"LAC  CHANGED Avg, Salary (Mean) (ALL Compensation Obligations)  -  col6: 11 -> 12"
2026-07-13 11:53:58,SHEETS,CHANGED,"LAC  CHANGED Avg, Salary (Mean) (No 10-Day K's)  -  col6: 4 -> 3"
2026-07-13 11:53:58,SHEETS,CHANGED,"LAC  CHANGED Avg, Salary (Mean) (No 10-Day K's & ROS)  -  col6: 2 -> 1"
2026-07-13 11:52:58,SHEETS,CHANGED,"LAC  CHANGED TEAM SALARY (Art, I §1 (nnn)):  -  col3: 209830233.7 -> 211535863.7, col4: 83703891 -> 85998261, col5: 18974669 -> 21669032, col6: 16502837.32 -> 19420989.32, col9: 329011631.1 -> 338624146.1"
2026-07-13 11:52:02,DOCS,REMOVED,"2026-27 Veteran Signings  - REMOVED 4 Years for $180,000,000. Room. Advance Payment ($45,000,000). Player option to extend the contract to include the 2029-30 Season. Insurance Premium Reimbursement. Skill; Injury or Illness; Mental; Death. Love of the Game. Physical Exam. Alt. 7(b)."
2026-07-13 11:52:02,DOCS,ADDED,"2026-27 Veteran Signings  + ADDED  4 Years for $180,000,000. Bird Exception. Advance Payment ($45,000,000). Player option to extend the contract to include the 2029-30 Season. Insurance Premium Reimbursement. Skill; Injury or Illness; Mental; Death. Love of the Game. Physical Exam. Alt. 7(b)."
2026-07-13 11:52:02,DOCS,REMOVED,"2026-27 Veteran Signings  - REMOVED 2 Years for $19,200,300. Room. Advance Payment ($45,000,000). Player option to extend the contract to include the 2029-30 Season. Insurance Premium Reimbursement. Skill; Injury or Illness; Mental; Death. Love of the Game. Physical Exam. Alt. 7(b)."
2026-07-13 11:52:02,DOCS,REMOVED,2026-27 Veteran Signings  - REMOVED Execution Date: 7/12/26
2026-07-13 11:52:02,DOCS,ADDED,"2026-27 Veteran Signings  + ADDED  2 Years for $19,200,300. Room Exception. Advance Payment ($2,000,000). Player option to extend the contract to include the 2027-28 Season. Skill; Injury or Illness; Mental; Death. Love of the Game. Physical Exam. Alt. 7(b)."
2026-07-13 11:52:02,DOCS,ADDED,2026-27 Veteran Signings  + ADDED  Execution Date: 7/11/26
2026-07-13 11:50:56,DOCS,REMOVED,"2026-27 Veteran Signings  - REMOVED Update 1.2 (7/7/26): P. Achiuwa, J. Alvarado, K. Anderson, H. Barnes, C. Bassey, B. Bogdanovic, T. Bryant, J. Clark, J. Clarkson, J. Collins, M. Conley, M. Diawara, O. Dieng, A. Dosunmu, A. Drummond, T. Eason, K. Ellis, C. Gillespie, J. Green, Q. Grimes, J. Goodwin, R. Hachimura, T. Hardaway Jr., T. Harris, I. Hartenstein, J. Hayes, K. Huerter, A. Hukporti, D. Jordan, W. Kessler, J. Landale, K. Looney, T. Lyles, S. Mamukelashvili, K. Middleton, L. Nance, P. Nance, J. Nurkic, N. Powell, J. Okogie, K. Oubre, Q. Post, A. Reaves, M. Robinson, K. Sanders, L. Shamet, M. Smart, C. White, K. Williams, M. Williams, T. Young"
2026-07-13 11:50:56,DOCS,ADDED,"2026-27 Veteran Signings  + ADDED  Update 1.2 (7/7/26): P. Achiuwa, J. Alvarado, K. Anderson, H. Barnes, C. Bassey, B. Bogdanovic, T. Bryant, J. Clark, J. Clarkson, J. Collins, M. Conley, M. Diawara, O. Dieng, A. Dosunmu, A. Drummond, T. Eason, K. Ellis, C. Gillespie, J. Green, Q. Grimes, J. Goodwin, R. Hachimura, T. Hardaway Jr., T. Harris, I. Hartenstein, J. Hayes, K. Huerter, A. Hukporti, D. Jordan, W. Kessler, J. Landale, K. Looney, T. Lyles, S. Mamukelashvili, K. Middleton, L. Nance, P. Nance, J. Nurkic, N. Powell, J. Okogie, K. Oubre, Q. Post, A. Reaves, M. Robinson, K. Sanders, C. Sexton, L. Shamet, M. Smart, C. White, K. Williams, M. Williams, T. Young"
2026-07-13 11:50:56,DOCS,ADDED,2026-27 Veteran Signings  + ADDED  Collin Sexton Los Angeles Lakers
2026-07-13 11:50:56,DOCS,ADDED,"2026-27 Veteran Signings  + ADDED  26-27 $9,366,000"
2026-07-13 11:50:56,DOCS,ADDED,"2026-27 Veteran Signings  + ADDED  27-28 $9,834,000 (Player Option)"
2026-07-13 11:50:56,DOCS,ADDED,"2026-27 Veteran Signings  + ADDED  2 Years for $19,200,300. Room. Advance Payment ($45,000,000). Player option to extend the contract to include the 2029-30 Season. Insurance Premium Reimbursement. Skill; Injury or Illness; Mental; Death. Love of the Game. Physical Exam. Alt. 7(b)."
2026-07-13 11:50:56,DOCS,ADDED,2026-27 Veteran Signings  + ADDED  Execution Date: 7/12/26
2026-07-13 11:49:57,SHEETS,CHANGED,"LAL  CHANGED Sexton, Collin  -  col4: - -> 9834300.0, col9: 9366000 -> 19200300"
2026-07-13 11:49:57,SHEETS,CHANGED,"LAL  CHANGED TEAM SALARY (Art, I §1 (nnn)):  -  col4: 190918292.3 -> 200752592.3, col9: 679282016.5 -> 689116316.5"
2026-07-13 11:49:57,SHEETS,CHANGED,LAL  CHANGED Players Under Contract  -  col4: 190918292.3 -> 200752592.3
2026-07-13 11:49:57,SHEETS,CHANGED,LAL  CHANGED Full Season Contracts  -  col4: 190918292.3 -> 200752592.3
2026-07-13 11:48:57,SHEETS,ADDED,"LAL  + ADDED  Sexton, Collin"
2026-07-13 11:48:57,SHEETS,CHANGED,"LAL  CHANGED TEAM SALARY (Art, I §1 (nnn)):  -  col3: 188177780 -> 197543780, col9: 669916016.5 -> 679282016.5"
2026-07-13 11:48:57,SHEETS,CHANGED,LAL  CHANGED Players Under Contract  -  col3: 188177780 -> 197543780
2026-07-13 11:48:57,SHEETS,CHANGED,LAL  CHANGED Full Season Contracts  -  col3: 188177780 -> 197543780
2026-07-13 11:48:57,SHEETS,CHANGED,"LAL  CHANGED Avg, Salary (Mean) (ALL Compensation Obligations)  -  col6: 13 -> 14"
2026-07-13 11:48:57,SHEETS,CHANGED,"LAL  CHANGED Avg, Salary (Mean) (No 10-Day K's)  -  col6: 2 -> 1"
2026-07-13 11:48:57,SHEETS,CHANGED,Luxury Tax Calculator  CHANGED Luxury Tax  -  col15: 282780 -> 9648780
2026-07-13 11:48:57,SHEETS,CHANGED,Luxury Tax Calculator  CHANGED 1st Incremental Tax Bracket  -  col15: 848340 -> 17055000
2026-07-13 11:48:57,SHEETS,CHANGED,Luxury Tax Calculator  CHANGED 2nd Incremental Tax Bracket  -  col15: 0 -> 12882285
2026-07-13 11:48:57,SHEETS,CHANGED,Luxury Tax Calculator  CHANGED Tax Liability  -  col15: 848340 -> 29937285
2026-07-13 11:47:55,DOCS,REMOVED,"2026-27 Veteran Signings  - REMOVED 4 Years for $180,000,000. Room. Advance Payment ($45,000,000)"
2026-07-13 11:47:55,DOCS,REMOVED,"2026-27 Veteran Signings  - REMOVED ,000,000). Player option to extend the contract to include the 2029-30 Season. Insurance Premium Reimbursement. Skill; Injury or Illness; Mental; Death. Love of the Game. Physical Exam. Alt. 7(b)."
2026-07-13 11:47:55,DOCS,REMOVED,2026-27 Veteran Signings  - REMOVED Execution Date: 7/6/26
2026-07-13 11:47:55,DOCS,ADDED,"2026-27 Veteran Signings  + ADDED  4 Years for $180,000,000. Room. Advance Payment ($45,000,000). Player option to extend the contract to include the 2029-30 Season. Insurance Premium Reimbursement. Skill; Injury or Illness; Mental; Death. Love of the Game. Physical Exam. Alt. 7(b)."
2026-07-13 11:47:55,DOCS,ADDED,2026-27 Veteran Signings  + ADDED  Execution Date: 7/12/26
2026-07-13 11:47:08,DOCS,ADDED,2026-27 Veteran Signings  + ADDED  Austin Reaves Los Angeles Lakers
2026-07-13 11:47:08,DOCS,ADDED,"2026-27 Veteran Signings  + ADDED  26-27 $41,240,250"
2026-07-13 11:47:08,DOCS,ADDED,"2026-27 Veteran Signings  + ADDED  27-28 $42,954,030"
2026-07-13 11:47:08,DOCS,ADDED,"2026-27 Veteran Signings  + ADDED  28-29 $46,253,250"
2026-07-13 11:47:08,DOCS,ADDED,"2026-27 Veteran Signings  + ADDED  29-30 $49,552,470 (Player Option)"
2026-07-13 11:47:08,DOCS,ADDED,"2026-27 Veteran Signings  + ADDED  4 Years for $180,000,000. Room. Advance Payment ($45,000,000)"
2026-07-13 11:47:08,DOCS,ADDED,"2026-27 Veteran Signings  + ADDED  ,000,000). Player option to extend the contract to include the 2029-30 Season. Insurance Premium Reimbursement. Skill; Injury or Illness; Mental; Death. Love of the Game. Physical Exam. Alt. 7(b)."
2026-07-13 11:47:08,DOCS,ADDED,2026-27 Veteran Signings  + ADDED  Execution Date: 7/6/26
2026-07-13 11:45:59,SHEETS,REMOVED,"LAL  - REMOVED Reaves, Austin #2"
2026-07-13 11:45:59,SHEETS,CHANGED,"LAL  CHANGED TEAM SALARY (Art, I §1 (nnn)):  -  col3: 229418030 -> 188177780, col4: 233872322.3 -> 190918292.3, col5: 216820816 -> 170567566, col6: 169804848.2 -> 120252378.2, col9: 849916016.5 -> 669916016.5"
2026-07-13 11:45:59,SHEETS,CHANGED,"LAL  CHANGED Players Under Contract  -  col3: 229418030 -> 188177780, col4: 233872322.3 -> 190918292.3, col5: 216820816 -> 170567566, col6: 169804848.2 -> 120252378.2"
2026-07-13 11:45:59,SHEETS,CHANGED,"LAL  CHANGED Full Season Contracts  -  col3: 229418030 -> 188177780, col4: 233872322.3 -> 190918292.3, col5: 216820816 -> 170567566, col6: 169804848.2 -> 120252378.2"
2026-07-13 11:45:59,SHEETS,CHANGED,"LAL  CHANGED Avg, Salary (Mean) (ALL Compensation Obligations)  -  col6: 14 -> 13"
2026-07-13 11:45:59,SHEETS,CHANGED,"LAL  CHANGED Avg, Salary (Mean) (No 10-Day K's)  -  col6: 1 -> 2"
2026-07-13 11:45:59,SHEETS,CHANGED,Luxury Tax Calculator  CHANGED Luxury Tax  -  col15: 41523030 -> 282780
2026-07-13 11:45:59,SHEETS,CHANGED,Luxury Tax Calculator  CHANGED 1st Incremental Tax Bracket  -  col15: 17055000 -> 848340
2026-07-13 11:45:59,SHEETS,CHANGED,Luxury Tax Calculator  CHANGED 2nd Incremental Tax Bracket  -  col15: 18476250 -> 0
2026-07-13 11:45:59,SHEETS,CHANGED,Luxury Tax Calculator  CHANGED 3rd Incremental Tax Bracket  -  col15: 31267500 -> 0
2026-07-13 11:45:59,SHEETS,CHANGED,Luxury Tax Calculator  CHANGED 4th Incremental Tax Bracket  -  col15: 38373750 -> 0
2026-07-13 11:45:59,SHEETS,CHANGED,Luxury Tax Calculator  CHANGED 5th Incremental Tax Bracket  -  col15: 41216250 -> 0
2026-07-13 11:45:59,SHEETS,CHANGED,Luxury Tax Calculator  CHANGED 6th Incremental Tax Bracket  -  col15: 44058750 -> 0
2026-07-13 11:45:59,SHEETS,CHANGED,Luxury Tax Calculator  CHANGED 7th Incremental Tax Bracket  -  col15: 46901250 -> 0
2026-07-13 11:45:59,SHEETS,CHANGED,Luxury Tax Calculator  CHANGED 8th Incremental Tax Bracket  -  col15: 15120262.5 -> 0
2026-07-13 11:45:59,SHEETS,CHANGED,Luxury Tax Calculator  CHANGED Tax Liability  -  col15: 252469012.5 -> 848340
2026-07-13 11:45:55,DOCS,REMOVED,"2026-27 Veteran Signings  - REMOVED Update 1.2 (7/7/26): P. Achiuwa, J. Alvarado, K. Anderson, H. Barnes, C. Bassey, B. Bogdanovic, T. Bryant, J. Clark, J. Clarkson, J. Collins, M. Conley, M. Diawara, O. Dieng, A. Dosunmu, A. Drummond, T. Eason, K. Ellis, C. Gillespie, J. Green, Q. Grimes, J. Goodwin, R. Hachimura, T. Hardaway Jr., T. Harris, I. Hartenstein, J. Hayes, K. Huerter, A. Hukporti, D. Jordan, W. Kessler, J. Landale, K. Looney, T. Lyles, S. Mamukelashvili, K. Middleton, L. Nance, P. Nance, J. Nurkic, N. Powell, J. Okogie, K. Oubre, Q. Post, M. Robinson, K. Sanders, L. Shamet, M. Smart, C. White, K. Williams, M. Williams, T. Young"
2026-07-13 11:45:55,DOCS,ADDED,"2026-27 Veteran Signings  + ADDED  Update 1.2 (7/7/26): P. Achiuwa, J. Alvarado, K. Anderson, H. Barnes, C. Bassey, B. Bogdanovic, T. Bryant, J. Clark, J. Clarkson, J. Collins, M. Conley, M. Diawara, O. Dieng, A. Dosunmu, A. Drummond, T. Eason, K. Ellis, C. Gillespie, J. Green, Q. Grimes, J. Goodwin, R. Hachimura, T. Hardaway Jr., T. Harris, I. Hartenstein, J. Hayes, K. Huerter, A. Hukporti, D. Jordan, W. Kessler, J. Landale, K. Looney, T. Lyles, S. Mamukelashvili, K. Middleton, L. Nance, P. Nance, J. Nurkic, N. Powell, J. Okogie, K. Oubre, Q. Post, A. Reaves, M. Robinson, K. Sanders, L. Shamet, M. Smart, C. White, K. Williams, M. Williams, T. Young"
2026-07-13 11:44:58,SHEETS,ADDED,"LAL  + ADDED  Reaves, Austin #2"
2026-07-13 11:44:58,SHEETS,CHANGED,"LAL  CHANGED Reaves, Austin  -  TEAM SALARY CAP REPORT
       -  LOS ANGELES LAKERS: 4 - CAP HOLD -> 1 - FULL SEASON, col4: - -> 42954030.0, col5: - -> 46253250.0, col6: - -> 49552470.0, col9: 41240250 -> 180000000"
2026-07-13 11:44:58,SHEETS,CHANGED,"LAL  CHANGED TEAM SALARY (Art, I §1 (nnn)):  -  col3: 188177780 -> 229418030, col4: 147964262.3 -> 233872322.3, col5: 124314316 -> 216820816, col6: 70699908.2 -> 169804848.2, col9: 531156266.5 -> 849916016.5"
2026-07-13 11:44:58,SHEETS,CHANGED,"LAL  CHANGED Players Under Contract  -  col3: 146937530 -> 229418030, col4: 147964262.3 -> 233872322.3, col5: 124314316 -> 216820816, col6: 70699908.2 -> 169804848.2"
2026-07-13 11:44:58,SHEETS,CHANGED,"LAL  CHANGED Full Season Contracts  -  col3: 146937530 -> 229418030, col4: 147964262.3 -> 233872322.3, col5: 124314316 -> 216820816, col6: 70699908.2 -> 169804848.2"
2026-07-13 11:44:58,SHEETS,CHANGED,LAL  CHANGED Cap Holds  -  col3: 41240250 -> 0
2026-07-13 11:44:58,SHEETS,CHANGED,"LAL  CHANGED Avg, Salary (Mean) (ALL Compensation Obligations)  -  col6: 12 -> 14"
2026-07-13 11:44:58,SHEETS,CHANGED,"LAL  CHANGED Avg, Salary (Mean) (No 10-Day K's)  -  col6: 3 -> 1"
2026-07-13 11:44:58,SHEETS,CHANGED,"LAL  CHANGED Avg, Salary (Mean) (No 10-Day K's & ROS)  -  col6: 1 -> 0"
2026-07-13 11:44:58,SHEETS,CHANGED,Luxury Tax Calculator  CHANGED Luxury Tax  -  col15: 0 -> 41523030
2026-07-13 11:44:58,SHEETS,CHANGED,Luxury Tax Calculator  CHANGED 1st Incremental Tax Bracket  -  col15: 0 -> 17055000
2026-07-13 11:44:58,SHEETS,CHANGED,Luxury Tax Calculator  CHANGED 2nd Incremental Tax Bracket  -  col15: 0 -> 18476250
2026-07-13 11:44:58,SHEETS,CHANGED,Luxury Tax Calculator  CHANGED 3rd Incremental Tax Bracket  -  col15: 0 -> 31267500
2026-07-13 11:44:58,SHEETS,CHANGED,Luxury Tax Calculator  CHANGED 4th Incremental Tax Bracket  -  col15: 0 -> 38373750
2026-07-13 11:44:58,SHEETS,CHANGED,Luxury Tax Calculator  CHANGED 5th Incremental Tax Bracket  -  col15: 0 -> 41216250
2026-07-13 11:44:58,SHEETS,CHANGED,Luxury Tax Calculator  CHANGED 6th Incremental Tax Bracket  -  col15: 0 -> 44058750
2026-07-13 11:44:58,SHEETS,CHANGED,Luxury Tax Calculator  CHANGED 7th Incremental Tax Bracket  -  col15: 0 -> 46901250
2026-07-13 11:44:58,SHEETS,CHANGED,Luxury Tax Calculator  CHANGED 8th Incremental Tax Bracket  -  col15: 0 -> 15120262.5
2026-07-13 11:44:58,SHEETS,CHANGED,Luxury Tax Calculator  CHANGED Tax Liability  -  col15: 0 -> 252469012.5
2026-07-13 11:43:57,SHEETS,CHANGED,"LAL  CHANGED Reaves, Austin  -  col3: 20906361.0 -> 41240250.0, col9: 20906361 -> 41240250"
2026-07-13 11:43:57,SHEETS,CHANGED,"LAL  CHANGED TEAM SALARY (Art, I §1 (nnn)):  -  col3: 167843891 -> 188177780, col9: 510822377.5 -> 531156266.5"
2026-07-13 11:43:57,SHEETS,CHANGED,LAL  CHANGED Cap Holds  -  col3: 20906361 -> 41240250
2026-07-13 11:41:56,DOCS,REMOVED,"2026-27 Rookie Signings  - REMOVED Update 1.2 (7/7/26): N. Ament, J. Jefferson, B. Thornton, I. Evans"
2026-07-13 11:41:56,DOCS,ADDED,"2026-27 Rookie Signings  + ADDED  Update 1.2 (7/7/26): N. Ament, J. Jefferson, B. Thornton, I. Evans, T. Brazile"
2026-07-13 11:38:56,DOCS,REMOVED,"2026-27 Rookie Signings  - REMOVED 4 Years for $9,264,648. Second Round Pick Exception. Advance Payment ($101,832). Team option to extend the contract to include the 2029-30 Season. Skill; Injury or Illness; Mental; Death. Compensation protection for 2028-29 Season is none but will increase to full if team has not requested waivers on player on or before 7/7/2028. Compensation protection for 2029-30 Season is none but will increase to full if team has not requested waivers on player on or before 7/7/2029."
2026-07-13 11:38:56,DOCS,REMOVED,2026-27 Rookie Signings  - REMOVED Compensation protection for 2029-30 Season is none. Love of the Game. Physical Exam. Alt. 7(b).
2026-07-13 11:38:56,DOCS,REMOVED,2026-27 Rookie Signings  - REMOVED Execution Date: 7/1/26
2026-07-13 11:38:56,DOCS,ADDED,"2026-27 Rookie Signings  + ADDED  4 Years for $9,264,648. Second Round Pick Exception. Advance Payment ($101,832). Team option to extend the contract to include the 2029-30 Season. Skill; Injury or Illness; Mental; Death. Compensation protection for 2028-29 Season is none but will increase to full if team has not requested waivers on player on or before 7/7/2028. Compensation protection for 2029-30 Season is none but will increase to full if team has not requested waivers on player on or before 7/7/2029. Love of the Game. Physical Exam. Alt. 7(b)."
2026-07-13 11:38:56,DOCS,ADDED,2026-27 Rookie Signings  + ADDED  Execution Date: 7/10/26
2026-07-13 11:37:56,DOCS,REMOVED,"2026-27 Rookie Signings  - REMOVED 4 Years for $9,264,648. Second Round Pick Exception. Advance Payment ($101,832). Team option to extend the contract to include the 2029-30 Season. Skill; Injury or Illness; Mental; Death. Compensation protection for 2028-29 Season is none but will increase to full if team has not reques"
2026-07-13 11:37:56,DOCS,ADDED,"2026-27 Rookie Signings  + ADDED  4 Years for $9,264,648. Second Round Pick Exception. Advance Payment ($101,832). Team option to extend the contract to include the 2029-30 Season. Skill; Injury or Illness; Mental; Death. Compensation protection for 2028-29 Season is none but will increase to full if team has not requested waivers on player on or before 7/7/2028. Compensation protection for 2029-30 Season is none but will increase to full if team has not requested waivers on player on or before 7/7/2029."
2026-07-13 11:36:56,DOCS,REMOVED,"2026-27 Rookie Signings  - REMOVED 4 Years for $9,264,648. Second Round Pick Exception. Advance Payment ($101,832). Team option to extend the contract to include the 2029-30 Season. Skill; Injury or Illness; Mental; Death."
2026-07-13 11:36:56,DOCS,ADDED,"2026-27 Rookie Signings  + ADDED  4 Years for $9,264,648. Second Round Pick Exception. Advance Payment ($101,832). Team option to extend the contract to include the 2029-30 Season. Skill; Injury or Illness; Mental; Death. Compensation protection for 2028-29 Season is none but will increase to full if team has not reques"
2026-07-13 11:35:56,DOCS,REMOVED,"2026-27 Rookie Signings  - REMOVED 4 Years for $9,264,648. Second Round Pick Exception. Advance Payment ($273,909). Team option to extend the contract to include the 2029-30 Season. Skill; Injury or Illness; Mental; Death. Compensation protection for 2029-30 Season is none. Love of the Game. Physical Exam. Alt. 7(b)."
2026-07-13 11:35:56,DOCS,ADDED,"2026-27 Rookie Signings  + ADDED  4 Years for $9,264,648. Second Round Pick Exception. Advance Payment ($101,832). Team option to extend the contract to include the 2029-30 Season. Skill; Injury or Illness; Mental; Death."
2026-07-13 11:35:56,DOCS,ADDED,2026-27 Rookie Signings  + ADDED  Compensation protection for 2029-30 Season is none. Love of the Game. Physical Exam. Alt. 7(b).
2026-07-13 11:31:55,DOCS,ADDED,2026-27 Rookie Signings  + ADDED  #35 Trevon Brazile Denver Nuggets
2026-07-13 11:31:55,DOCS,ADDED,"2026-27 Rookie Signings  + ADDED  26-27 $1,357,763"
2026-07-13 11:31:55,DOCS,ADDED,"2026-27 Rookie Signings  + ADDED  27-28 $2,294,370"
2026-07-13 11:31:55,DOCS,ADDED,"2026-27 Rookie Signings  + ADDED  28-29 $2,694,363"
2026-07-13 11:31:55,DOCS,ADDED,"2026-27 Rookie Signings  + ADDED  29-30 $2,918,152 (Team Option)"
2026-07-13 11:31:55,DOCS,ADDED,"2026-27 Rookie Signings  + ADDED  4 Years for $9,264,648. Second Round Pick Exception. Advance Payment ($273,909). Team option to extend the contract to include the 2029-30 Season. Skill; Injury or Illness; Mental; Death. Compensation protection for 2029-30 Season is none. Love of the Game. Physical Exam. Alt. 7(b)."
2026-07-13 11:31:55,DOCS,ADDED,2026-27 Rookie Signings  + ADDED  Execution Date: 7/1/26
2026-07-13 11:30:59,SHEETS,CHANGED,"DEN  CHANGED Brazile, Trevon  -  col3: - -> 1357763.0, col4: - -> 2294370.0, col5: - -> 2694363.0, col6: - -> 2918152.0, col9: 0 -> 9264648"
2026-07-13 11:30:59,SHEETS,CHANGED,"DEN  CHANGED TEAM SALARY (Art, I §1 (nnn)):  -  col3: 240896055.4 -> 242253818.4, col4: 187484805.4 -> 189779175.4, col5: 119623206.9 -> 122317569.9, col6: 26724137 -> 29642289, col9: 631624752.7 -> 640889400.7"
2026-07-13 11:30:59,SHEETS,CHANGED,"DEN  CHANGED Players Under Contract  -  col3: 201396723 -> 202754486, col4: 187484805.4 -> 189779175.4, col5: 119623206.9 -> 122317569.9, col6: 26724137 -> 29642289"
2026-07-13 11:30:59,SHEETS,CHANGED,"DEN  CHANGED Full Season Contracts  -  col3: 201396723 -> 202754486, col4: 187484805.4 -> 189779175.4, col5: 119623206.9 -> 122317569.9, col6: 26724137 -> 29642289"
2026-07-13 11:30:59,SHEETS,CHANGED,Luxury Tax Calculator  CHANGED Luxury Tax  -  col9: 15501723 -> 16859486
2026-07-13 11:30:59,SHEETS,CHANGED,Luxury Tax Calculator  CHANGED 3rd Incremental Tax Bracket  -  col9: 22724476.5 -> 30192173
2026-07-13 11:30:59,SHEETS,CHANGED,Luxury Tax Calculator  CHANGED Tax Liability  -  col9: 58255726.5 -> 65723423
2026-07-13 11:29:57,SHEETS,ADDED,"DEN  + ADDED  Brazile, Trevon"
2026-07-13 11:29:57,SHEETS,CHANGED,"DEN  CHANGED Avg, Salary (Mean) (ALL Compensation Obligations)  -  col6: 8 -> 9"
2026-07-13 11:29:57,SHEETS,CHANGED,"DEN  CHANGED Avg, Salary (Mean) (No 10-Day K's)  -  col6: 7 -> 6"
2026-07-13 11:29:57,SHEETS,CHANGED,"DEN  CHANGED Avg, Salary (Mean) (No 10-Day K's & ROS)  -  col6: 5 -> 4"
2026-07-13 11:22:57,SHEETS,ADDED,"ATL  + ADDED  Carter, Devin"
2026-07-13 11:22:57,SHEETS,CHANGED,"ATL  CHANGED TEAM SALARY (Art, I §1 (nnn)):  -  col3: 245909612 -> 251067692, col4: 152989752.4 -> 160360648.8, col9: 599353106.3 -> 611882082.6"
2026-07-13 11:22:57,SHEETS,CHANGED,"ATL  CHANGED Players Under Contract  -  col3: 185076812 -> 190234892, col4: 152989752.4 -> 160360648.8"
2026-07-13 11:22:57,SHEETS,CHANGED,"ATL  CHANGED Full Season Contracts  -  col3: 185076812 -> 190234892, col4: 152989752.4 -> 160360648.8"
2026-07-13 11:22:57,SHEETS,CHANGED,"ATL  CHANGED Avg, Salary (Mean) (ALL Compensation Obligations)  -  col6: 15 -> 16"
2026-07-13 11:22:57,SHEETS,REMOVED,"SAC  - REMOVED Carter, Devin"
2026-07-13 11:22:57,SHEETS,CHANGED,"SAC  CHANGED TEAM SALARY (Art, I §1 (nnn)):  -  col3: 223008515 -> 217850435, col4: 131664694.3 -> 124293798, col9: 485002373.9 -> 472473397.6"
2026-07-13 11:22:57,SHEETS,CHANGED,"SAC  CHANGED Players Under Contract  -  col3: 194206062 -> 189047982, col4: 131664694.3 -> 124293798"
2026-07-13 11:22:57,SHEETS,CHANGED,"SAC  CHANGED Full Season Contracts  -  col3: 194206062 -> 189047982, col4: 131664694.3 -> 124293798"
2026-07-13 11:22:57,SHEETS,CHANGED,"SAC  CHANGED Avg, Salary (Mean) (ALL Compensation Obligations)  -  col6: 13 -> 12"
2026-07-13 11:22:57,SHEETS,CHANGED,"SAC  CHANGED Avg, Salary (Mean) (No 10-Day K's)  -  col6: 2 -> 3"
2026-07-13 11:22:57,SHEETS,CHANGED,"SAC  CHANGED Avg, Salary (Mean) (No 10-Day K's & ROS)  -  col6: 0 -> 1"
2026-07-13 11:22:57,SHEETS,CHANGED,"Luxury Tax Calculator  CHANGED Luxury Tax  -  col2: 0 -> 2339892, col27: 16311062 -> 11152982"
2026-07-13 11:22:57,SHEETS,CHANGED,Luxury Tax Calculator  CHANGED 1st Incremental Tax Bracket  -  col2: 0 -> 2339892
2026-07-13 11:22:57,SHEETS,CHANGED,Luxury Tax Calculator  CHANGED 2nd Incremental Tax Bracket  -  col27: 7106250 -> 6834977.5
2026-07-13 11:22:57,SHEETS,CHANGED,Luxury Tax Calculator  CHANGED 3rd Incremental Tax Bracket  -  col27: 17293717 -> 0
2026-07-13 11:22:57,SHEETS,CHANGED,"Luxury Tax Calculator  CHANGED Tax Liability  -  col2: 0 -> 2339892, col27: 30084967 -> 12519977.5"
2026-07-13 11:20:57,DOCS,REMOVED,2026-27 Two-Way Signings  - REMOVED Execution Date: 7/6/26
2026-07-13 11:20:57,DOCS,ADDED,2026-27 Two-Way Signings  + ADDED  Execution Date: 7/9/26
2026-07-13 11:19:57,DOCS,ADDED,2026-27 Two-Way Signings  + ADDED  Execution Date: 7/6/26
2026-07-13 11:19:57,DOCS,ADDED,2026-27 Two-Way Signings  + ADDED  Kobe Brown Indiana Pacers
2026-07-13 11:19:57,DOCS,ADDED,"2026-27 Two-Way Signings  + ADDED  1 Year. Skill; Injury or Illness. Compensation protection for 2026-27 Season is for $91,000 but will increase to 50% if team has not requested waivers on player on or before the first day of the 2026-27 Regular Season. Love of the Game. Physical Exam. Alt. 7(b)."
2026-07-13 11:18:56,DOCS,REMOVED,"2026-27 Two-Way Signings  - REMOVED Update 1.2 (7/7/26): M. Ajayi, T. Alexander, K. Boswell, K. Brea, Q. Copeland, E. Harkless, F. Okpara, R. Rupert"
2026-07-13 11:18:56,DOCS,ADDED,"2026-27 Two-Way Signings  + ADDED  Update 1.2 (7/7/26): M. Ajayi, T. Alexander, K. Boswell, K. Brea, K. Brown, Q. Copeland, E. Harkless, F. Okpara, R. Rupert"
2026-07-13 10:34:59,SHEETS,REMOVED,"DAL  - REMOVED Bagley, Marvin"
2026-07-13 10:34:59,SHEETS,CHANGED,"DAL  CHANGED TEAM SALARY (Art, I §1 (nnn)):  -  col3: 209761248.8 -> 207311827.8, col9: 468215090.2 -> 465765669.2"
2026-07-13 10:34:59,SHEETS,CHANGED,DAL  CHANGED Cap Holds  -  col3: 28755393.8 -> 26305972.8
2026-07-13 10:30:56,DOCS,REMOVED,"2026-27 Rookie Signings  - REMOVED 4 Years for $9,264,648. Second Round Pick Exception. Advance Payment ($273,909). Team option to extend the contract to include the 2029-30 Season. Skill; Injury or Illness; Mental; Death. Compensation protection for 2029-30 Season is none. Love of the Game. Physical Exam. Alt. 7(b)."
2026-07-13 10:30:56,DOCS,REMOVED,2026-27 Rookie Signings  - REMOVED Execution Date: 7/1/26
2026-07-13 10:30:56,DOCS,ADDED,"2026-27 Rookie Signings  + ADDED  4 Years for $9,264,648. Second Round Pick Exception. Team option to extend the contract to include the 2029-30 Season. Insurance Premium Reimbursement. Skill; Injury or Illness; Mental. Compensation protection for 2029-30 Season is none. Love of the Game. Physical Exam. Alt. 7(b)."
2026-07-13 10:30:56,DOCS,ADDED,2026-27 Rookie Signings  + ADDED  Execution Date: 7/11/26
2026-07-13 10:29:56,DOCS,ADDED,2026-27 Rookie Signings  + ADDED  #33 Isaiah Evans Minnesota Timberwolves
2026-07-13 10:29:56,DOCS,ADDED,"2026-27 Rookie Signings  + ADDED  26-27 $1,357,763"
2026-07-13 10:29:56,DOCS,ADDED,"2026-27 Rookie Signings  + ADDED  27-28 $2,294,370"
2026-07-13 10:29:56,DOCS,ADDED,"2026-27 Rookie Signings  + ADDED  28-29 $2,694,363"
2026-07-13 10:29:56,DOCS,ADDED,"2026-27 Rookie Signings  + ADDED  29-30 $2,918,152 (Team Option)"
2026-07-13 10:29:56,DOCS,ADDED,"2026-27 Rookie Signings  + ADDED  4 Years for $9,264,648. Second Round Pick Exception. Advance Payment ($273,909). Team option to extend the contract to include the 2029-30 Season. Skill; Injury or Illness; Mental; Death. Compensation protection for 2029-30 Season is none. Love of the Game. Physical Exam. Alt. 7(b)."
2026-07-13 10:29:56,DOCS,ADDED,2026-27 Rookie Signings  + ADDED  Execution Date: 7/1/26
2026-07-13 10:28:56,DOCS,REMOVED,"2026-27 Rookie Signings  - REMOVED Update 1.2 (7/7/26): N. Ament, J. Jefferson, B. Thornton"
2026-07-13 10:28:56,DOCS,ADDED,"2026-27 Rookie Signings  + ADDED  Update 1.2 (7/7/26): N. Ament, J. Jefferson, B. Thornton, I. Evans"
2026-07-13 10:27:58,SHEETS,ADDED,"MIN  + ADDED  Evans, Isaiah"
2026-07-13 10:27:58,SHEETS,CHANGED,"MIN  CHANGED TEAM SALARY (Art, I §1 (nnn)):  -  col3: 242006621 -> 243364384, col4: 195751779.6 -> 198046149.6, col5: 164959088 -> 167653451, col6: 23944829 -> 26862981, col9: 652151969.6 -> 661416617.6"
2026-07-13 10:27:58,SHEETS,CHANGED,"MIN  CHANGED Players Under Contract  -  col3: 201849682 -> 203207445, col4: 195751779.6 -> 198046149.6, col5: 164959088 -> 167653451, col6: 23944829 -> 26862981"
2026-07-13 10:27:58,SHEETS,CHANGED,"MIN  CHANGED Full Season Contracts  -  col3: 201849682 -> 203207445, col4: 195751779.6 -> 198046149.6, col5: 164959088 -> 167653451, col6: 23944829 -> 26862981"
2026-07-13 10:27:58,SHEETS,CHANGED,"MIN  CHANGED Avg, Salary (Mean) (ALL Compensation Obligations)  -  col6: 12 -> 13"
2026-07-13 10:27:58,SHEETS,CHANGED,"MIN  CHANGED Avg, Salary (Mean) (No 10-Day K's)  -  col6: 3 -> 2"
2026-07-13 10:27:58,SHEETS,CHANGED,"MIN  CHANGED Avg, Salary (Mean) (No 10-Day K's & ROS)  -  col6: 1 -> 0"
2026-07-13 10:27:58,SHEETS,CHANGED,Luxury Tax Calculator  CHANGED Luxury Tax  -  col19: 13954682 -> 15312445
2026-07-13 10:27:58,SHEETS,CHANGED,Luxury Tax Calculator  CHANGED 3rd Incremental Tax Bracket  -  col19: 9046387 -> 13798557.5
2026-07-13 10:27:58,SHEETS,CHANGED,Luxury Tax Calculator  CHANGED Tax Liability  -  col19: 21837637 -> 26589807.5
2026-07-13 10:18:56,DOCS,REMOVED,2026-27 Veteran Signings  - REMOVED Charles Bassey Minnesota Timberwolves
2026-07-13 10:18:56,DOCS,REMOVED,"2026-27 Veteran Signings  - REMOVED 26-27 $3,876,529"
2026-07-13 10:18:56,DOCS,REMOVED,"2026-27 Veteran Signings  - REMOVED Minimum Salary Exception. Skill; Injury or Illness. Compensation protection for 2026-27 Season is for $1,500,000. Physical Exam."
2026-07-13 10:18:56,DOCS,REMOVED,2026-27 Veteran Signings  - REMOVED Execution Date: 7/10/26
2026-07-13 10:18:56,DOCS,ADDED,2026-27 Veteran Signings  + ADDED  Charles Bassey Golden State Warriors
2026-07-13 10:18:56,DOCS,ADDED,"2026-27 Veteran Signings  + ADDED  26-27 $2,845,883"
2026-07-13 10:18:56,DOCS,ADDED,"2026-27 Veteran Signings  + ADDED  Minimum Salary Exception. Player Trade Consent. Skill; Injury or Illness. Compensation protection for 2026-27 Season is for $1,400,000. Love of the Game. Physical Exam. Alt. 7(b)."
2026-07-13 10:18:56,DOCS,ADDED,2026-27 Veteran Signings  + ADDED  Execution Date: 7/9/26
2026-07-13 10:17:56,DOCS,REMOVED,"2026-27 Veteran Signings  - REMOVED Update 1.2 (7/7/26): P. Achiuwa, J. Alvarado, K. Anderson, H. Barnes, B. Bogdanovic, T. Bryant, J. Clark, J. Clarkson, J. Collins, M. Conley, M. Diawara, O. Dieng, A. Dosunmu, A. Drummond, T. Eason, K. Ellis, C. Gillespie, J. Green, Q. Grimes, J. Goodwin, R. Hachimura, T. Hardaway Jr., T. Harris, I. Hartenstein, J. Hayes, K. Huerter, A. Hukporti, D. Jordan, W. Kessler, J. Landale, K. Looney, T. Lyles, S. Mamukelashvili, K. Middleton, L. Nance, P. Nance, J. Nurkic, N. Powell, J. Okogie, K. Oubre, Q. Post, M. Robinson, K. Sanders, L. Shamet, M. Smart, C. White, K. Williams, M. Williams, T. Young"
2026-07-13 10:17:56,DOCS,ADDED,"2026-27 Veteran Signings  + ADDED  Update 1.2 (7/7/26): P. Achiuwa, J. Alvarado, K. Anderson, H. Barnes, C. Bassey, B. Bogdanovic, T. Bryant, J. Clark, J. Clarkson, J. Collins, M. Conley, M. Diawara, O. Dieng, A. Dosunmu, A. Drummond, T. Eason, K. Ellis, C. Gillespie, J. Green, Q. Grimes, J. Goodwin, R. Hachimura, T. Hardaway Jr., T. Harris, I. Hartenstein, J. Hayes, K. Huerter, A. Hukporti, D. Jordan, W. Kessler, J. Landale, K. Looney, T. Lyles, S. Mamukelashvili, K. Middleton, L. Nance, P. Nance, J. Nurkic, N. Powell, J. Okogie, K. Oubre, Q. Post, M. Robinson, K. Sanders, L. Shamet, M. Smart, C. White, K. Williams, M. Williams, T. Young"
2026-07-13 10:17:56,DOCS,ADDED,2026-27 Veteran Signings  + ADDED  Charles Bassey Minnesota Timberwolves
2026-07-13 10:17:56,DOCS,ADDED,"2026-27 Veteran Signings  + ADDED  26-27 $3,876,529"
2026-07-13 10:17:56,DOCS,ADDED,"2026-27 Veteran Signings  + ADDED  Minimum Salary Exception. Skill; Injury or Illness. Compensation protection for 2026-27 Season is for $1,500,000. Physical Exam."
2026-07-13 10:17:56,DOCS,ADDED,2026-27 Veteran Signings  + ADDED  Execution Date: 7/10/26
2026-07-13 10:16:58,SHEETS,CHANGED,"GOS  CHANGED Bassey, Charles  -  TEAM SALARY CAP REPORT
       -  GOLDEN STATE WARRIORS: 4 - CAP HOLD -> 1 - FULL SEASON"
2026-07-13 10:16:58,SHEETS,CHANGED,GOS  CHANGED Players Under Contract  -  col3: 177298176.3 -> 179747597.3
2026-07-13 10:16:58,SHEETS,CHANGED,GOS  CHANGED Full Season Contracts  -  col3: 177298176.3 -> 179747597.3
2026-07-13 10:16:58,SHEETS,CHANGED,GOS  CHANGED Cap Holds  -  col3: 77237106.5 -> 74787685.5
2026-07-13 10:16:58,SHEETS,CHANGED,"GOS  CHANGED Avg, Salary (Mean) (ALL Compensation Obligations)  -  col6: 9 -> 10"
2026-07-13 10:16:58,SHEETS,CHANGED,"GOS  CHANGED Avg, Salary (Mean) (No 10-Day K's)  -  col6: 6 -> 5"
2026-07-13 10:16:58,SHEETS,CHANGED,"GOS  CHANGED Avg, Salary (Mean) (No 10-Day K's & ROS)  -  col6: 4 -> 3"
2026-07-13 10:15:56,DOCS,REMOVED,"2026-27 Veteran Signings  - REMOVED 28-29 $5,750,000"
2026-07-13 10:15:56,DOCS,REMOVED,"2026-27 Veteran Signings  - REMOVED 3 Years for $17,250,000. Bird Exception. Team option to extSkill; Injury or Illness; Death. Compensation protection for 2028-29 Season is for $2,765,516 but will increase to full if team has not requested waivers on player on or before 6/30/2028. Love of the Game. Physical Exam. Alt. 7(b)."
2026-07-13 10:15:56,DOCS,REMOVED,2026-27 Veteran Signings  - REMOVED Execution Date: 7/6/26
2026-07-13 10:15:56,DOCS,ADDED,"2026-27 Veteran Signings  + ADDED  28-29 $5,750,000 (Team Option)"
2026-07-13 10:15:56,DOCS,ADDED,"2026-27 Veteran Signings  + ADDED  3 Years for $17,250,000. Bird Exception. Team option to extend the contract to include the 2028-29 Season. Skill; Injury or Illness; Mental. Love of the Game. Physical Exam. Alt. 7(b)."
2026-07-13 10:15:56,DOCS,ADDED,2026-27 Veteran Signings  + ADDED  Execution Date: 7/9/26
2026-07-13 10:14:56,DOCS,REMOVED,"2026-27 Veteran Signings  - REMOVED Update 1.2 (7/7/26): P. Achiuwa, J. Alvarado, K. Anderson, H. Barnes, B. Bogdanovic, T. Bryant, J. Clark, J. Clarkson, J. Collins, M. Conley, M. Diawara, A. Dosunmu, A. Drummond, T. Eason, K. Ellis, C. Gillespie, J. Green, Q. Grimes, J. Goodwin, R. Hachimura, T. Hardaway Jr., T. Harris, I. Hartenstein, J. Hayes, K. Huerter, A. Hukporti, D. Jordan, W. Kessler, J. Landale, K. Looney, T. Lyles, S. Mamukelashvili, K. Middleton, L. Nance, P. Nance, J. Nurkic, N. Powell, J. Okogie, K. Oubre, Q. Post, M. Robinson, K. Sanders, L. Shamet, M. Smart, C. White, K. Williams, M. Williams, T. Young"
2026-07-13 10:14:56,DOCS,ADDED,"2026-27 Veteran Signings  + ADDED  Update 1.2 (7/7/26): P. Achiuwa, J. Alvarado, K. Anderson, H. Barnes, B. Bogdanovic, T. Bryant, J. Clark, J. Clarkson, J. Collins, M. Conley, M. Diawara, O. Dieng, A. Dosunmu, A. Drummond, T. Eason, K. Ellis, C. Gillespie, J. Green, Q. Grimes, J. Goodwin, R. Hachimura, T. Hardaway Jr., T. Harris, I. Hartenstein, J. Hayes, K. Huerter, A. Hukporti, D. Jordan, W. Kessler, J. Landale, K. Looney, T. Lyles, S. Mamukelashvili, K. Middleton, L. Nance, P. Nance, J. Nurkic, N. Powell, J. Okogie, K. Oubre, Q. Post, M. Robinson, K. Sanders, L. Shamet, M. Smart, C. White, K. Williams, M. Williams, T. Young"
2026-07-13 10:14:56,DOCS,ADDED,2026-27 Veteran Signings  + ADDED  Execution Date: 7/6/26
2026-07-13 10:14:56,DOCS,ADDED,2026-27 Veteran Signings  + ADDED  Ousmane Dieng Milwaukee Bucks
2026-07-13 10:14:56,DOCS,ADDED,"2026-27 Veteran Signings  + ADDED  26-27 $5,750,000"
2026-07-13 10:14:56,DOCS,ADDED,"2026-27 Veteran Signings  + ADDED  27-28 $5,750,000"
2026-07-13 10:14:56,DOCS,ADDED,"2026-27 Veteran Signings  + ADDED  28-29 $5,750,000"
2026-07-13 10:14:56,DOCS,ADDED,"2026-27 Veteran Signings  + ADDED  3 Years for $17,250,000. Bird Exception. Team option to extSkill; Injury or Illness; Death. Compensation protection for 2028-29 Season is for $2,765,516 but will increase to full if team has not requested waivers on player on or before 6/30/2028. Love of the Game. Physical Exam. Alt. 7(b)."
2026-07-13 10:13:57,SHEETS,CHANGED,"MIL  CHANGED Dieng, Ousmane  -  TEAM SALARY CAP REPORT
       -  MILWAUKEE BUCKS: 4 - CAP HOLD -> 1 - FULL SEASON, col5: - -> 5750000.0, col9: 11500000 -> 17250000"
2026-07-13 10:13:57,SHEETS,CHANGED,"MIL  CHANGED TEAM SALARY (Art, I §1 (nnn)):  -  col5: 85295148.2 -> 91045148.2, col9: 424844149.6 -> 430594149.6"
2026-07-13 10:13:57,SHEETS,CHANGED,"MIL  CHANGED Players Under Contract  -  col3: 147370595.4 -> 153120595.4, col4: 71425286.36 -> 77175286.36, col5: 62778545 -> 68528545"
2026-07-13 10:13:57,SHEETS,CHANGED,"MIL  CHANGED Full Season Contracts  -  col3: 147370595.4 -> 153120595.4, col4: 71425286.36 -> 77175286.36, col5: 62778545 -> 68528545"
2026-07-13 10:13:57,SHEETS,CHANGED,"MIL  CHANGED Cap Holds  -  col3: 13098263 -> 7348263, col4: 5750000 -> 0"
2026-07-13 10:13:57,SHEETS,CHANGED,"MIL  CHANGED Avg, Salary (Mean) (ALL Compensation Obligations)  -  col6: 15 -> 16"
2026-07-13 10:13:28,SHEETS,CHANGED,"MIL  CHANGED Dieng, Ousmane  -  col3: 20012646.240000002 -> 5750000.0, col4: - -> 5750000.0, col9: 20012646.24 -> 11500000"
2026-07-13 10:13:28,SHEETS,CHANGED,"MIL  CHANGED TEAM SALARY (Art, I §1 (nnn)):  -  col3: 197914774.5 -> 183652128.2, col4: 94608556.23 -> 100358556.2, col9: 433356795.9 -> 424844149.6"
2026-07-13 10:13:28,SHEETS,CHANGED,"MIL  CHANGED Cap Holds  -  col3: 27360909.24 -> 13098263, col4: 0 -> 5750000"
2026-07-13 10:12:56,DOCS,REMOVED,"2026-27 Veteran Signings  - REMOVED 3 Years for $27,. Bird Exception. Advance Payment ($4,829,654). Insurance Premium Reimbursement. Skill; Injury or Illness; Death. Compensation protection for 2028-29 Season is for $2,765,516 but will increase to full if team has not requested waivers on player on or before 6/30/2028. Love of the Game. Physical Exam. Alt. 7(b)."
2026-07-13 10:12:56,DOCS,REMOVED,2026-27 Veteran Signings  - REMOVED Execution Date: 7/6/26
2026-07-13 10:12:56,DOCS,ADDED,"2026-27 Veteran Signings  + ADDED  3 Years for $27,000,000. Bird Exception. Team option to extend the contract to include the 2028-29 Season. Insurance Premium Reimbursement. Skill; Injury or Illness. Love of the Game. Physical Exam. Alt. 7(b)."
2026-07-13 10:12:56,DOCS,ADDED,2026-27 Veteran Signings  + ADDED  Execution Date: 7/9/26
2026-07-13 10:11:56,DOCS,REMOVED,"2026-27 Veteran Signings  - REMOVED Update 1.2 (7/7/26): P. Achiuwa, J. Alvarado, K. Anderson, H. Barnes, B. Bogdanovic, T. Bryant, J. Clark, J. Clarkson, J. Collins, M. Conley, M. Diawara, A. Dosunmu, A. Drummond, T. Eason, K. Ellis, C. Gillespie, J. Green, Q. Grimes, J. Goodwin, R. Hachimura, T. Hardaway Jr., T. Harris, I. Hartenstein, J. Hayes, A. Hukporti, D. Jordan, W. Kessler, J. Landale, K. Looney, T. Lyles, S. Mamukelashvili, K. Middleton, L. Nance, P. Nance, J. Nurkic, N. Powell, J. Okogie, K. Oubre, Q. Post, M. Robinson, K. Sanders, L. Shamet, M. Smart, C. White, K. Williams, M. Williams, T. Young"
2026-07-13 10:11:56,DOCS,ADDED,"2026-27 Veteran Signings  + ADDED  Update 1.2 (7/7/26): P. Achiuwa, J. Alvarado, K. Anderson, H. Barnes, B. Bogdanovic, T. Bryant, J. Clark, J. Clarkson, J. Collins, M. Conley, M. Diawara, A. Dosunmu, A. Drummond, T. Eason, K. Ellis, C. Gillespie, J. Green, Q. Grimes, J. Goodwin, R. Hachimura, T. Hardaway Jr., T. Harris, I. Hartenstein, J. Hayes, K. Huerter, A. Hukporti, D. Jordan, W. Kessler, J. Landale, K. Looney, T. Lyles, S. Mamukelashvili, K. Middleton, L. Nance, P. Nance, J. Nurkic, N. Powell, J. Okogie, K. Oubre, Q. Post, M. Robinson, K. Sanders, L. Shamet, M. Smart, C. White, K. Williams, M. Williams, T. Young"
2026-07-13 10:11:56,DOCS,ADDED,2026-27 Veteran Signings  + ADDED  Execution Date: 7/6/26
2026-07-13 10:11:56,DOCS,ADDED,2026-27 Veteran Signings  + ADDED  Kevin Huerter Detroit Pistons
2026-07-13 10:11:56,DOCS,ADDED,"2026-27 Veteran Signings  + ADDED  26-27 $9,507,042"
2026-07-13 10:11:56,DOCS,ADDED,"2026-27 Veteran Signings  + ADDED  27-28 $8,746,479"
2026-07-13 10:11:56,DOCS,ADDED,"2026-27 Veteran Signings  + ADDED  28-29 $8,746,479 (Team Option)"
2026-07-13 10:11:56,DOCS,ADDED,"2026-27 Veteran Signings  + ADDED  3 Years for $27,. Bird Exception. Advance Payment ($4,829,654). Insurance Premium Reimbursement. Skill; Injury or Illness; Death. Compensation protection for 2028-29 Season is for $2,765,516 but will increase to full if team has not requested waivers on player on or before 6/30/2028. Love of the Game. Physical Exam. Alt. 7(b)."
2026-07-13 10:10:57,SHEETS,CHANGED,"DET  CHANGED Huerter, Kevin  -  TEAM SALARY CAP REPORT
       -  DETROIT PISTONS: 4 - CAP HOLD -> 1 - FULL SEASON, col4: - -> 8746479.0, col5: - -> 8746479.0, col9: 9507042 -> 27000000"
2026-07-13 10:10:57,SHEETS,CHANGED,"DET  CHANGED TEAM SALARY (Art, I §1 (nnn)):  -  col4: 116013908.2 -> 124760387.2, col5: 82193742 -> 90940221, col9: 448006327.2 -> 465499285.2"
2026-07-13 10:10:57,SHEETS,CHANGED,"DET  CHANGED Players Under Contract  -  col3: 144830493 -> 154337535, col4: 116013908.2 -> 124760387.2, col5: 82193742 -> 90940221"
2026-07-13 10:10:57,SHEETS,CHANGED,"DET  CHANGED Full Season Contracts  -  col3: 144830493 -> 154337535, col4: 116013908.2 -> 124760387.2, col5: 82193742 -> 90940221"
2026-07-13 10:10:57,SHEETS,CHANGED,DET  CHANGED Cap Holds  -  col3: 36156475.08 -> 26649433.08
2026-07-13 10:10:57,SHEETS,CHANGED,"DET  CHANGED Avg, Salary (Mean) (ALL Compensation Obligations)  -  col6: 14 -> 15"
2026-07-13 10:10:57,SHEETS,CHANGED,"DET  CHANGED Avg, Salary (Mean) (No 10-Day K's)  -  col6: 1 -> 0"
2026-07-13 10:10:00,SHEETS,CHANGED,"DET  CHANGED Huerter, Kevin  -  col3: 26986606.5 -> 9507042.0, col9: 26986606.5 -> 9507042"
2026-07-13 10:10:00,SHEETS,CHANGED,"DET  CHANGED TEAM SALARY (Art, I §1 (nnn)):  -  col3: 198466532.6 -> 180986968.1, col9: 465485891.7 -> 448006327.2"
2026-07-13 10:10:00,SHEETS,CHANGED,DET  CHANGED Cap Holds  -  col3: 53636039.58 -> 36156475.08
2026-07-13 10:09:56,DOCS,REMOVED,2026-27 Veteran Signings  - REMOVED Kyle Anderson Toronto Raptors
2026-07-13 10:09:56,DOCS,ADDED,2026-27 Veteran Signings  + ADDED  Larry Nance Indiana Pacers
2026-07-13 10:09:56,DOCS,REMOVED,2026-27 Veteran Signings  - REMOVED Minimum Salary Exception. Skill; Injury or Illness; Death. Love of the Game. Physical Exam. Alt. 7(b).
2026-07-13 10:09:56,DOCS,REMOVED,2026-27 Veteran Signings  - REMOVED Execution Date: 7/6/26
2026-07-13 10:09:56,DOCS,ADDED,2026-27 Veteran Signings  + ADDED  Minimum Salary Exception. Insurance Premium Reimbursement. Skill; Injury or Illness. Love of the Game. Physical Exam. Alt. 7(b).
2026-07-13 10:09:56,DOCS,ADDED,2026-27 Veteran Signings  + ADDED  Execution Date: 7/9/26
2026-07-13 10:09:03,SHEETS,REMOVED,"CLE  - REMOVED Nance Jr., Larry"
2026-07-13 10:09:03,SHEETS,CHANGED,"CLE  CHANGED TEAM SALARY (Art, I §1 (nnn)):  -  col3: 247865813.3 -> 245416392.3, col9: 591670545.8 -> 589221124.8"
2026-07-13 10:09:03,SHEETS,CHANGED,CLE  CHANGED Cap Holds  -  col3: 64165178.6 -> 61715757.6
2026-07-13 10:09:03,SHEETS,ADDED,"IND  + ADDED  Nance Jr., Larry"
2026-07-13 10:09:03,SHEETS,REMOVED,"IND  - REMOVED Brown, Kobe"
2026-07-13 10:09:03,SHEETS,CHANGED,"IND  CHANGED TEAM SALARY (Art, I §1 (nnn)):  -  col3: 213277106.6 -> 210934469.6, col9: 513227308.6 -> 510884671.6"
2026-07-13 10:09:03,SHEETS,CHANGED,IND  CHANGED Players Under Contract  -  col3: 203850511.6 -> 206299932.6
2026-07-13 10:09:03,SHEETS,CHANGED,IND  CHANGED Full Season Contracts  -  col3: 203850511.6 -> 206299932.6
2026-07-13 10:09:03,SHEETS,CHANGED,IND  CHANGED Cap Holds  -  col3: 9426595 -> 4634537
2026-07-13 10:09:03,SHEETS,CHANGED,"IND  CHANGED Avg, Salary (Mean) (ALL Compensation Obligations)  -  col6: 13 -> 14"
2026-07-13 10:09:03,SHEETS,CHANGED,"IND  CHANGED Avg, Salary (Mean) (No 10-Day K's)  -  col6: 2 -> 1"
2026-07-13 10:09:03,SHEETS,CHANGED,Luxury Tax Calculator  CHANGED Luxury Tax  -  col13: 15955511.6 -> 18404932.6
2026-07-13 10:09:03,SHEETS,CHANGED,Luxury Tax Calculator  CHANGED 3rd Incremental Tax Bracket  -  col13: 16049290.6 -> 19897500
2026-07-13 10:09:03,SHEETS,CHANGED,Luxury Tax Calculator  CHANGED 4th Incremental Tax Bracket  -  col13: 0 -> 6412179.85
2026-07-13 10:09:03,SHEETS,CHANGED,Luxury Tax Calculator  CHANGED Tax Liability  -  col13: 28840540.6 -> 39100929.85
2026-07-13 10:08:57,DOCS,REMOVED,"2026-27 Veteran Signings  - REMOVED Update 1.2 (7/7/26): P. Achiuwa, J. Alvarado, K. Anderson, H. Barnes, B. Bogdanovic, T. Bryant, J. Clark, J. Clarkson, J. Collins, M. Conley, M. Diawara, A. Dosunmu, A. Drummond, T. Eason, K. Ellis, C. Gillespie, J. Green, Q. Grimes, J. Goodwin, R. Hachimura, T. Hardaway Jr., T. Harris, I. Hartenstein, J. Hayes, A. Hukporti, D. Jordan, W. Kessler, J. Landale, K. Looney, T. Lyles, S. Mamukelashvili, K. Middleton, P. Nance, J. Nurkic, N. Powell, J. Okogie, K. Oubre, Q. Post, M. Robinson, K. Sanders, L. Shamet, M. Smart, C. White, K. Williams, M. Williams, T. Young"
2026-07-13 10:08:57,DOCS,ADDED,"2026-27 Veteran Signings  + ADDED  Update 1.2 (7/7/26): P. Achiuwa, J. Alvarado, K. Anderson, H. Barnes, B. Bogdanovic, T. Bryant, J. Clark, J. Clarkson, J. Collins, M. Conley, M. Diawara, A. Dosunmu, A. Drummond, T. Eason, K. Ellis, C. Gillespie, J. Green, Q. Grimes, J. Goodwin, R. Hachimura, T. Hardaway Jr., T. Harris, I. Hartenstein, J. Hayes, A. Hukporti, D. Jordan, W. Kessler, J. Landale, K. Looney, T. Lyles, S. Mamukelashvili, K. Middleton, L. Nance, P. Nance, J. Nurkic, N. Powell, J. Okogie, K. Oubre, Q. Post, M. Robinson, K. Sanders, L. Shamet, M. Smart, C. White, K. Williams, M. Williams, T. Young"
2026-07-13 10:08:57,DOCS,ADDED,2026-27 Veteran Signings  + ADDED  Kyle Anderson Toronto Raptors
2026-07-13 10:08:57,DOCS,ADDED,"2026-27 Veteran Signings  + ADDED  26-27 $3,876,529"
2026-07-13 10:08:57,DOCS,ADDED,2026-27 Veteran Signings  + ADDED  Minimum Salary Exception. Skill; Injury or Illness; Death. Love of the Game. Physical Exam. Alt. 7(b).
2026-07-13 10:08:57,DOCS,ADDED,2026-27 Veteran Signings  + ADDED  Execution Date: 7/6/26
2026-07-13 10:07:56,DOCS,REMOVED,"2026-27 Veteran Signings  - REMOVED 2 Years for $7,946,884. Minimum Salary Exception. Player Trade Consent. Skill; Injury or Illness; Mental; Death. Love of the Game. Physical Exam. Alt. 7(b)."
2026-07-13 10:07:56,DOCS,REMOVED,2026-27 Veteran Signings  - REMOVED Execution Date: 7/3/26
2026-07-13 10:07:56,DOCS,ADDED,"2026-27 Veteran Signings  + ADDED  2 Years for $7,946,884. Minimum Salary Exception. Skill; Injury or Illness. Love of the Game. Physical Exam. Alt. 7(b)."
2026-07-13 10:07:56,DOCS,ADDED,2026-27 Veteran Signings  + ADDED  Execution Date: 7/10/26
2026-07-13 10:06:58,DOCS,REMOVED,"2026-27 Veteran Signings  - REMOVED Update 1.2 (7/7/26): P. Achiuwa, J. Alvarado, K. Anderson, H. Barnes, B. Bogdanovic, T. Bryant, J. Clark, J. Clarkson, J. Collins, M. Conley, M. Diawara, A. Dosunmu, A. Drummond, T. Eason, K. Ellis, C. Gillespie, J. Green, Q. Grimes, J. Goodwin, R. Hachimura, T. Hardaway Jr., T. Harris, I. Hartenstein, J. Hayes, A. Hukporti, W. Kessler, J. Landale, K. Looney, T. Lyles, S. Mamukelashvili, K. Middleton, P. Nance, J. Nurkic, N. Powell, J. Okogie, K. Oubre, Q. Post, M. Robinson, K. Sanders, L. Shamet, M. Smart, C. White, K. Williams, M. Williams, T. Young"
2026-07-13 10:06:58,DOCS,ADDED,"2026-27 Veteran Signings  + ADDED  Update 1.2 (7/7/26): P. Achiuwa, J. Alvarado, K. Anderson, H. Barnes, B. Bogdanovic, T. Bryant, J. Clark, J. Clarkson, J. Collins, M. Conley, M. Diawara, A. Dosunmu, A. Drummond, T. Eason, K. Ellis, C. Gillespie, J. Green, Q. Grimes, J. Goodwin, R. Hachimura, T. Hardaway Jr., T. Harris, I. Hartenstein, J. Hayes, A. Hukporti, D. Jordan, W. Kessler, J. Landale, K. Looney, T. Lyles, S. Mamukelashvili, K. Middleton, P. Nance, J. Nurkic, N. Powell, J. Okogie, K. Oubre, Q. Post, M. Robinson, K. Sanders, L. Shamet, M. Smart, C. White, K. Williams, M. Williams, T. Young"
2026-07-13 10:06:58,DOCS,ADDED,2026-27 Veteran Signings  + ADDED  DeAndre Jordan New Orleans Pelicans
2026-07-13 10:06:58,DOCS,ADDED,"2026-27 Veteran Signings  + ADDED  26-27 $3,876,529"
2026-07-13 10:06:58,DOCS,ADDED,"2026-27 Veteran Signings  + ADDED  27-28 $4,070,355"
2026-07-13 10:06:58,DOCS,ADDED,"2026-27 Veteran Signings  + ADDED  2 Years for $7,946,884. Minimum Salary Exception. Player Trade Consent. Skill; Injury or Illness; Mental; Death. Love of the Game. Physical Exam. Alt. 7(b)."
2026-07-13 10:06:58,DOCS,ADDED,2026-27 Veteran Signings  + ADDED  Execution Date: 7/3/26
2026-07-13 10:05:58,SHEETS,CHANGED,"NOL  CHANGED Jordan, DeAndre  -  TEAM SALARY CAP REPORT
       -  NEW ORLEANS PELICANS: 4 - CAP HOLD -> 1 - FULL SEASON, col3: 2449421.0 -> 3876529.0, col4: - -> 4070355.0, col9: 2449421 -> 7946884"
2026-07-13 10:05:58,SHEETS,CHANGED,"NOL  CHANGED TEAM SALARY (Art, I §1 (nnn)):  -  col3: 211511742.8 -> 212938850.8, col4: 150499003.7 -> 154569358.7, col9: 461082342.5 -> 466579805.5"
2026-07-13 10:05:58,SHEETS,CHANGED,"NOL  CHANGED Players Under Contract  -  col3: 188330790.9 -> 192207319.9, col4: 150499003.7 -> 154569358.7"
2026-07-13 10:05:58,SHEETS,CHANGED,"NOL  CHANGED Full Season Contracts  -  col3: 188330790.9 -> 192207319.9, col4: 150499003.7 -> 154569358.7"
2026-07-13 10:05:58,SHEETS,CHANGED,NOL  CHANGED Cap Holds  -  col3: 23180951.9 -> 20731530.9
2026-07-13 10:05:58,SHEETS,CHANGED,"NOL  CHANGED Avg, Salary (Mean) (ALL Compensation Obligations)  -  col6: 13 -> 14"
2026-07-13 10:05:58,SHEETS,CHANGED,"NOL  CHANGED Avg, Salary (Mean) (No 10-Day K's)  -  col6: 2 -> 1"
2026-07-13 10:05:58,SHEETS,CHANGED,Luxury Tax Calculator  CHANGED Luxury Tax  -  col20: 435790.92 -> 4312319.92
2026-07-13 10:05:58,SHEETS,CHANGED,Luxury Tax Calculator  CHANGED 1st Incremental Tax Bracket  -  col20: 435790.92 -> 4312319.92
2026-07-13 10:05:58,SHEETS,CHANGED,Luxury Tax Calculator  CHANGED Tax Liability  -  col20: 435790.92 -> 4312319.92
2026-07-13 10:04:56,DOCS,REMOVED,"2026-27 Veteran Signings  - REMOVED 2 Years for $12,43 Non-Taxpayer Mid-Level Exception (Partial). Team option to extend the contract to include the 2027-28 Season. Insurance Premium Reimbursement. Skill; Injury or Illness; Mental. Love of the Game. Physical Exam. Alt. 7(b)."
2026-07-13 10:04:56,DOCS,ADDED,"2026-27 Veteran Signings  + ADDED  2 Years for $12,431,200. Taxpayer Mid-Level Exception (Partial). Player option to extend the contract to include the 2027-28 Season. Skill; Injury or Illness; Mental; Death. Love of the Game. Physical Exam. Alt. 7(b)."
2026-07-13 10:03:57,DOCS,ADDED,2026-27 Veteran Signings  + ADDED  Marcus Smart Houston Rockets
2026-07-13 10:03:57,DOCS,ADDED,"2026-27 Veteran Signings  + ADDED  26-27 $6,064,000"
2026-07-13 10:03:57,DOCS,ADDED,"2026-27 Veteran Signings  + ADDED  27-28 $6,367,200 (Player Option)"
2026-07-13 10:03:57,DOCS,ADDED,"2026-27 Veteran Signings  + ADDED  2 Years for $12,43 Non-Taxpayer Mid-Level Exception (Partial). Team option to extend the contract to include the 2027-28 Season. Insurance Premium Reimbursement. Skill; Injury or Illness; Mental. Love of the Game. Physical Exam. Alt. 7(b)."
2026-07-13 10:03:57,DOCS,ADDED,2026-27 Veteran Signings  + ADDED  Execution Date: 7/10/26
2026-07-13 10:02:58,SHEETS,ADDED,"HOU  + ADDED  Smart, Marcus"
2026-07-13 10:02:58,SHEETS,CHANGED,"HOU  CHANGED TEAM SALARY (Art, I §1 (nnn)):  -  col3: 206467841 -> 212531841, col4: 155942135.3 -> 162309335.3, col9: 574979014.3 -> 587410214.3"
2026-07-13 10:02:58,SHEETS,CHANGED,"HOU  CHANGED Players Under Contract  -  col3: 192035620 -> 198099620, col4: 155942135.3 -> 162309335.3"
2026-07-13 10:02:58,SHEETS,CHANGED,"HOU  CHANGED Full Season Contracts  -  col3: 192035620 -> 198099620, col4: 155942135.3 -> 162309335.3"
2026-07-13 10:02:58,SHEETS,CHANGED,"HOU  CHANGED Avg, Salary (Mean) (ALL Compensation Obligations)  -  col6: 12 -> 13"
2026-07-13 10:02:58,SHEETS,CHANGED,"HOU  CHANGED Avg, Salary (Mean) (No 10-Day K's)  -  col6: 3 -> 2"
2026-07-13 10:02:58,SHEETS,CHANGED,"HOU  CHANGED Avg, Salary (Mean) (No 10-Day K's & ROS)  -  col6: 1 -> 0"
2026-07-13 10:02:58,SHEETS,CHANGED,Luxury Tax Calculator  CHANGED Luxury Tax  -  col12: 4140620 -> 10204620
2026-07-13 10:02:58,SHEETS,CHANGED,Luxury Tax Calculator  CHANGED 1st Incremental Tax Bracket  -  col12: 4140620 -> 5685000
2026-07-13 10:02:58,SHEETS,CHANGED,Luxury Tax Calculator  CHANGED 2nd Incremental Tax Bracket  -  col12: 0 -> 5649525
2026-07-13 10:02:58,SHEETS,CHANGED,Luxury Tax Calculator  CHANGED Tax Liability  -  col12: 4140620 -> 11334525
2026-07-13 10:02:56,DOCS,REMOVED,"2026-27 Veteran Signings  - REMOVED Update 1.2 (7/7/26): P. Achiuwa, J. Alvarado, K. Anderson, H. Barnes, B. Bogdanovic, T. Bryant, J. Clark, J. Clarkson, J. Collins, M. Conley, M. Diawara, A. Dosunmu, A. Drummond, T. Eason, K. Ellis, C. Gillespie, J. Green, Q. Grimes, J. Goodwin, R. Hachimura, T. Hardaway Jr., T. Harris, I. Hartenstein, J. Hayes, A. Hukporti, W. Kessler, J. Landale, K. Looney, T. Lyles, S. Mamukelashvili, K. Middleton, P. Nance, J. Nurkic, N. Powell, J. Okogie, K. Oubre, Q. Post, M. Robinson, K. Sanders, L. Shamet, C. White, K. Williams, M. Williams, T. Young"
2026-07-13 10:02:56,DOCS,ADDED,"2026-27 Veteran Signings  + ADDED  Update 1.2 (7/7/26): P. Achiuwa, J. Alvarado, K. Anderson, H. Barnes, B. Bogdanovic, T. Bryant, J. Clark, J. Clarkson, J. Collins, M. Conley, M. Diawara, A. Dosunmu, A. Drummond, T. Eason, K. Ellis, C. Gillespie, J. Green, Q. Grimes, J. Goodwin, R. Hachimura, T. Hardaway Jr., T. Harris, I. Hartenstein, J. Hayes, A. Hukporti, W. Kessler, J. Landale, K. Looney, T. Lyles, S. Mamukelashvili, K. Middleton, P. Nance, J. Nurkic, N. Powell, J. Okogie, K. Oubre, Q. Post, M. Robinson, K. Sanders, L. Shamet, M. Smart, C. White, K. Williams, M. Williams, T. Young"
2026-07-13 10:01:56,DOCS,REMOVED,"2026-27 Veteran Signings  - REMOVED 3 Years for $14,384,484. Bird Exception. Advance Payment ($1,500,000). Player option to extend the contract to include the 2030-31 Season. Insurance Premium Reimbursement. Skill; Injury or Illness; Death. Compensation protection for 2028-29 Season is for $2,765,516 but will increase to full if team has not requested waivers on player on or before 6/30/2028. Love of the Game. Physical Exam. Alt. 7(b)."
2026-07-13 10:01:56,DOCS,REMOVED,2026-27 Veteran Signings  - REMOVED Execution Date: 7/6/26
2026-07-13 10:01:56,DOCS,ADDED,"2026-27 Veteran Signings  + ADDED  3 Years for $14,384,484. Bird Exception. Advance Payment ($1,500,000). Player option to extend the contract to include the 2030-31 Season. Insurance Premium Reimbursement. Skill; Injury or Illness; Mental. Love of the Game. Physical Exam. Alt. 7(b)."
2026-07-13 10:01:56,DOCS,ADDED,2026-27 Veteran Signings  + ADDED  Execution Date: 7/10/26
2026-07-13 10:00:56,DOCS,REMOVED,"2026-27 Veteran Signings  - REMOVED 3 Years for $14,384,484. Bird Exception. Advance Payment ($4,829,654). Insurance Premium Reimbursement. Skill; Injury or Illness; Death. Compensation protection for 2028-29 Season is for $2,765,516 but will increase to full if team has not requested waivers on player on or before 6/30/2028. Love of the Game. Physical Exam. Alt. 7(b)."
2026-07-13 10:00:56,DOCS,ADDED,"2026-27 Veteran Signings  + ADDED  3 Years for $14,384,484. Bird Exception. Advance Payment ($1,500,000). Player option to extend the contract to include the 2030-31 Season. Insurance Premium Reimbursement. Skill; Injury or Illness; Death. Compensation protection for 2028-29 Season is for $2,765,516 but will increase to full if team has not requested waivers on player on or before 6/30/2028. Love of the Game. Physical Exam. Alt. 7(b)."
2026-07-13 09:59:56,DOCS,REMOVED,"2026-27 Veteran Signings  - REMOVED 27-28 $4,794,828"
2026-07-13 09:59:56,DOCS,REMOVED,"2026-27 Veteran Signings  - REMOVED 28-29 $5,150,000"
2026-07-13 09:59:56,DOCS,ADDED,"2026-27 Veteran Signings  + ADDED  27-28 $20,855,173"
2026-07-13 09:59:56,DOCS,ADDED,"2026-27 Veteran Signings  + ADDED  28-29 $22,400,001"
2026-07-13 09:59:56,DOCS,ADDED,"2026-27 Veteran Signings  + ADDED  29-30 $23,944,829"
2026-07-13 09:59:56,DOCS,ADDED,"2026-27 Veteran Signings  + ADDED  30-31 $25,489,652 (Player Option)"
2026-07-13 09:59:00,SHEETS,CHANGED,"MIN  CHANGED Dosunmu, Ayo  -  TEAM SALARY CAP REPORT
       -  MINNESOTA TIMBERWOLVES: 4 - CAP HOLD -> 1 - FULL SEASON"
2026-07-13 09:59:00,SHEETS,CHANGED,"MIN  CHANGED Players Under Contract  -  col3: 182539337 -> 201849682, col4: 174896606.6 -> 195751779.6, col5: 142559087 -> 164959088, col6: 0 -> 23944829, col7: 0 -> 25489652"
2026-07-13 09:59:00,SHEETS,CHANGED,"MIN  CHANGED Full Season Contracts  -  col3: 182539337 -> 201849682, col4: 174896606.6 -> 195751779.6, col5: 142559087 -> 164959088, col6: 0 -> 23944829, col7: 0 -> 25489652"
2026-07-13 09:59:00,SHEETS,CHANGED,"MIN  CHANGED Cap Holds  -  col3: 59467284 -> 40156939, col4: 20855173 -> 0, col5: 22400001 -> 0, col6: 23944829 -> 0, col7: 25489652 -> 0"
2026-07-13 09:59:00,SHEETS,CHANGED,"MIN  CHANGED Avg, Salary (Mean) (ALL Compensation Obligations)  -  col6: 11 -> 12"
2026-07-13 09:59:00,SHEETS,CHANGED,"MIN  CHANGED Avg, Salary (Mean) (No 10-Day K's)  -  col6: 4 -> 3"
2026-07-13 09:59:00,SHEETS,CHANGED,"MIN  CHANGED Avg, Salary (Mean) (No 10-Day K's & ROS)  -  col6: 2 -> 1"
2026-07-13 09:59:00,SHEETS,CHANGED,Luxury Tax Calculator  CHANGED Luxury Tax  -  col19: 0 -> 13954682
2026-07-13 09:59:00,SHEETS,CHANGED,Luxury Tax Calculator  CHANGED 1st Incremental Tax Bracket  -  col19: 0 -> 5685000
2026-07-13 09:59:00,SHEETS,CHANGED,Luxury Tax Calculator  CHANGED 2nd Incremental Tax Bracket  -  col19: 0 -> 7106250
2026-07-13 09:59:00,SHEETS,CHANGED,Luxury Tax Calculator  CHANGED 3rd Incremental Tax Bracket  -  col19: 0 -> 9046387
2026-07-13 09:59:00,SHEETS,CHANGED,Luxury Tax Calculator  CHANGED Tax Liability  -  col19: 0 -> 21837637
2026-07-13 09:58:57,DOCS,REMOVED,"2026-27 Veteran Signings  - REMOVED Update 1.2 (7/7/26): P. Achiuwa, J. Alvarado, K. Anderson, H. Barnes, B. Bogdanovic, T. Bryant, J. Clark, J. Clarkson, J. Collins, M. Conley, M. Diawara, A. Drummond, T. Eason, K. Ellis, C. Gillespie, J. Green, Q. Grimes, J. Goodwin, R. Hachimura, T. Hardaway Jr., T. Harris, I. Hartenstein, J. Hayes, A. Hukporti, W. Kessler, J. Landale, K. Looney, T. Lyles, S. Mamukelashvili, K. Middleton, P. Nance, J. Nurkic, N. Powell, J. Okogie, K. Oubre, Q. Post, M. Robinson, K. Sanders, L. Shamet, C. White, K. Williams, M. Williams, T. Young"
2026-07-13 09:58:57,DOCS,ADDED,"2026-27 Veteran Signings  + ADDED  Update 1.2 (7/7/26): P. Achiuwa, J. Alvarado, K. Anderson, H. Barnes, B. Bogdanovic, T. Bryant, J. Clark, J. Clarkson, J. Collins, M. Conley, M. Diawara, A. Dosunmu, A. Drummond, T. Eason, K. Ellis, C. Gillespie, J. Green, Q. Grimes, J. Goodwin, R. Hachimura, T. Hardaway Jr., T. Harris, I. Hartenstein, J. Hayes, A. Hukporti, W. Kessler, J. Landale, K. Looney, T. Lyles, S. Mamukelashvili, K. Middleton, P. Nance, J. Nurkic, N. Powell, J. Okogie, K. Oubre, Q. Post, M. Robinson, K. Sanders, L. Shamet, C. White, K. Williams, M. Williams, T. Young"
2026-07-13 09:58:57,DOCS,ADDED,2026-27 Veteran Signings  + ADDED  Execution Date: 7/6/26
2026-07-13 09:58:57,DOCS,ADDED,2026-27 Veteran Signings  + ADDED  Ayo Dosunmu Minnesota Timberwolves
2026-07-13 09:58:57,DOCS,ADDED,"2026-27 Veteran Signings  + ADDED  26-27 $19,310,345"
2026-07-13 09:58:57,DOCS,ADDED,"2026-27 Veteran Signings  + ADDED  27-28 $4,794,828"
2026-07-13 09:58:57,DOCS,ADDED,"2026-27 Veteran Signings  + ADDED  28-29 $5,150,000"
2026-07-13 09:58:57,DOCS,ADDED,"2026-27 Veteran Signings  + ADDED  3 Years for $14,384,484. Bird Exception. Advance Payment ($4,829,654). Insurance Premium Reimbursement. Skill; Injury or Illness; Death. Compensation protection for 2028-29 Season is for $2,765,516 but will increase to full if team has not requested waivers on player on or before 6/30/2028. Love of the Game. Physical Exam. Alt. 7(b)."
2026-07-13 09:57:58,SHEETS,CHANGED,"MIN  CHANGED Clark, Jaylen  -  TEAM SALARY CAP REPORT
       -  MINNESOTA TIMBERWOLVES: 5 - QUAL OFFER -> 1 - FULL SEASON, col4: - -> 3333334.0, col5: - -> 3580246.0, col9: 3086420 -> 10000000"
2026-07-13 09:57:58,SHEETS,CHANGED,"MIN  CHANGED Dosunmu, Ayo  -  col3: 22555554.0 -> 19310345.0, col4: - -> 20855173.0, col5: - -> 22400001.0, col6: - -> 23944829.0, col7: - -> 25489652.0, col9: 22555554 -> 112000000"
2026-07-13 09:57:58,SHEETS,CHANGED,"MIN  CHANGED TEAM SALARY (Art, I §1 (nnn)):  -  col3: 245251830 -> 242006621, col4: 171563272.6 -> 195751779.6, col5: 138978841 -> 164959088, col6: 0 -> 23944829, col7: 0 -> 25489652, col9: 555793943.6 -> 652151969.6"
2026-07-13 09:57:58,SHEETS,CHANGED,"MIN  CHANGED Players Under Contract  -  col3: 179452917 -> 182539337, col4: 171563272.6 -> 174896606.6, col5: 138978841 -> 142559087"
2026-07-13 09:57:58,SHEETS,CHANGED,"MIN  CHANGED Full Season Contracts  -  col3: 179452917 -> 182539337, col4: 171563272.6 -> 174896606.6, col5: 138978841 -> 142559087"
2026-07-13 09:57:58,SHEETS,CHANGED,"MIN  CHANGED Cap Holds  -  col3: 62712493 -> 59467284, col4: 0 -> 20855173, col5: 0 -> 22400001, col6: 0 -> 23944829, col7: 0 -> 25489652"
2026-07-13 09:57:58,SHEETS,CHANGED,MIN  CHANGED Qualifying Offers  -  col3: 3086420 -> 0
2026-07-13 09:57:58,SHEETS,CHANGED,"MIN  CHANGED Avg, Salary (Mean) (ALL Compensation Obligations)  -  col6: 10 -> 11"
2026-07-13 09:57:58,SHEETS,CHANGED,"MIN  CHANGED Avg, Salary (Mean) (No 10-Day K's)  -  col6: 5 -> 4"
2026-07-13 09:57:58,SHEETS,CHANGED,"MIN  CHANGED Avg, Salary (Mean) (No 10-Day K's & ROS)  -  col6: 3 -> 2"
2026-07-13 09:57:56,DOCS,REMOVED,"2026-27 Veteran Signings  - REMOVED Update 1.2 (7/7/26): P. Achiuwa, J. Alvarado, K. Anderson, H. Barnes, B. Bogdanovic, T. Bryant, J. Clarkson, J. Collins, M. Conley, M. Diawara, A. Drummond, T. Eason, K. Ellis, C. Gillespie, J. Green, Q. Grimes, J. Goodwin, R. Hachimura, T. Hardaway Jr., T. Harris, I. Hartenstein, J. Hayes, A. Hukporti, W. Kessler, J. Landale, K. Looney, T. Lyles, S. Mamukelashvili, K. Middleton, P. Nance, J. Nurkic, N. Powell, J. Okogie, K. Oubre, Q. Post, M. Robinson, K. Sanders, L. Shamet, C. White, K. Williams, M. Williams, T. Young"
2026-07-13 09:57:56,DOCS,ADDED,"2026-27 Veteran Signings  + ADDED  Update 1.2 (7/7/26): P. Achiuwa, J. Alvarado, K. Anderson, H. Barnes, B. Bogdanovic, T. Bryant, J. Clark, J. Clarkson, J. Collins, M. Conley, M. Diawara, A. Drummond, T. Eason, K. Ellis, C. Gillespie, J. Green, Q. Grimes, J. Goodwin, R. Hachimura, T. Hardaway Jr., T. Harris, I. Hartenstein, J. Hayes, A. Hukporti, W. Kessler, J. Landale, K. Looney, T. Lyles, S. Mamukelashvili, K. Middleton, P. Nance, J. Nurkic, N. Powell, J. Okogie, K. Oubre, Q. Post, M. Robinson, K. Sanders, L. Shamet, C. White, K. Williams, M. Williams, T. Young"
2026-07-13 09:57:56,DOCS,ADDED,2026-27 Veteran Signings  + ADDED  Jaylen Clark Minnesota Timberwolves
2026-07-13 09:57:56,DOCS,ADDED,"2026-27 Veteran Signings  + ADDED  26-27 $3,086,420"
2026-07-13 09:57:56,DOCS,ADDED,"2026-27 Veteran Signings  + ADDED  27-28 $3,333,334"
2026-07-13 09:57:56,DOCS,ADDED,"2026-27 Veteran Signings  + ADDED  28-29 $3,580,246"
2026-07-13 09:57:56,DOCS,ADDED,"2026-27 Veteran Signings  + ADDED  3 Years for $10,000,000. Bird Exception. Insurance Premium Reimbursement. Skill; Injury or Illness; Mental. Love of the Game. Physical Exam. Alt. 7(b)."
2026-07-13 09:57:56,DOCS,ADDED,2026-27 Veteran Signings  + ADDED  Execution Date: 7/10/26
2026-07-13 09:55:00,SHEETS,CHANGED,"MIN  CHANGED Clark, Jaylen  -  col3: 2649421.0 -> 3086420.0, col9: 2649421 -> 3086420"
2026-07-13 09:55:00,SHEETS,CHANGED,"MIN  CHANGED TEAM SALARY (Art, I §1 (nnn)):  -  col3: 244814831 -> 245251830, col9: 555356944.6 -> 555793943.6"
2026-07-13 09:55:00,SHEETS,CHANGED,MIN  CHANGED Qualifying Offers  -  col3: 2649421 -> 3086420
2026-07-13 09:53:56,DOCS,ADDED,2026-27 Veteran Signings  + ADDED  Trey Lyles Minnesota Timberwolves
2026-07-13 09:53:56,DOCS,ADDED,"2026-27 Veteran Signings  + ADDED  26-27 $3,876,529"
2026-07-13 09:53:56,DOCS,ADDED,"2026-27 Veteran Signings  + ADDED  Minimum Salary Exception. Skill; Injury or Illness. Compensation protection for 2026-27 Season is for $1,500,000. Physical Exam."
2026-07-13 09:53:56,DOCS,ADDED,2026-27 Veteran Signings  + ADDED  Execution Date: 7/10/26
2026-07-13 09:52:58,SHEETS,ADDED,"MIN  + ADDED  Lyles, Trey"
2026-07-13 09:52:58,SHEETS,CHANGED,"MIN  CHANGED TEAM SALARY (Art, I §1 (nnn)):  -  col3: 242365410 -> 244814831, col9: 552907523.6 -> 555356944.6"
2026-07-13 09:52:58,SHEETS,CHANGED,MIN  CHANGED Players Under Contract  -  col3: 177003496 -> 179452917
2026-07-13 09:52:58,SHEETS,CHANGED,MIN  CHANGED Full Season Contracts  -  col3: 177003496 -> 179452917
2026-07-13 09:52:58,SHEETS,CHANGED,"MIN  CHANGED Avg, Salary (Mean) (ALL Compensation Obligations)  -  col6: 9 -> 10"
2026-07-13 09:52:58,SHEETS,CHANGED,"MIN  CHANGED Avg, Salary (Mean) (No 10-Day K's)  -  col6: 6 -> 5"
2026-07-13 09:52:58,SHEETS,CHANGED,"MIN  CHANGED Avg, Salary (Mean) (No 10-Day K's & ROS)  -  col6: 4 -> 3"
2026-07-13 09:52:58,SHEETS,REMOVED,"SAC  - REMOVED Lyles, Trey"
2026-07-13 09:52:58,SHEETS,CHANGED,"SAC  CHANGED TEAM SALARY (Art, I §1 (nnn)):  -  col3: 238208515 -> 223008515, col9: 500202373.9 -> 485002373.9"
2026-07-13 09:52:58,SHEETS,CHANGED,SAC  CHANGED Cap Holds  -  col3: 34002453 -> 18802453
2026-07-13 09:52:56,DOCS,REMOVED,"2026-27 Veteran Signings  - REMOVED Update 1.2 (7/7/26): P. Achiuwa, J. Alvarado, K. Anderson, H. Barnes, B. Bogdanovic, T. Bryant, J. Clarkson, J. Collins, M. Conley, M. Diawara, A. Drummond, T. Eason, K. Ellis, C. Gillespie, J. Green, Q. Grimes, J. Goodwin, R. Hachimura, T. Hardaway Jr., T. Harris, I. Hartenstein, J. Hayes, A. Hukporti, W. Kessler, J. Landale, K. Looney, S. Mamukelashvili, K. Middleton, P. Nance, J. Nurkic, N. Powell, J. Okogie, K. Oubre, Q. Post, M. Robinson, K. Sanders, L. Shamet, C. White, K. Williams, M. Williams, T. Young"
2026-07-13 09:52:56,DOCS,ADDED,"2026-27 Veteran Signings  + ADDED  Update 1.2 (7/7/26): P. Achiuwa, J. Alvarado, K. Anderson, H. Barnes, B. Bogdanovic, T. Bryant, J. Clarkson, J. Collins, M. Conley, M. Diawara, A. Drummond, T. Eason, K. Ellis, C. Gillespie, J. Green, Q. Grimes, J. Goodwin, R. Hachimura, T. Hardaway Jr., T. Harris, I. Hartenstein, J. Hayes, A. Hukporti, W. Kessler, J. Landale, K. Looney, T. Lyles, S. Mamukelashvili, K. Middleton, P. Nance, J. Nurkic, N. Powell, J. Okogie, K. Oubre, Q. Post, M. Robinson, K. Sanders, L. Shamet, C. White, K. Williams, M. Williams, T. Young"
2026-07-13 09:50:54,PLAYERS,CHANGED,~ CHANGED Kevon Looney  team: NOP -> LAL
2026-07-13 09:23:56,DOCS,ADDED,2026-27 Veteran Signings  + ADDED  Josh Okogie Utah Jazz
2026-07-13 09:23:56,DOCS,ADDED,"2026-27 Veteran Signings  + ADDED  26-27 $6,000,000"
2026-07-13 09:23:56,DOCS,ADDED,"2026-27 Veteran Signings  + ADDED  27-28 $6,000,000 (Team Option)"
2026-07-13 09:23:56,DOCS,ADDED,"2026-27 Veteran Signings  + ADDED  2 Years for $12,000,000. Non-Taxpayer Mid-Level Exception (Partial). Team option to extend the contract to include the 2027-28 Season. Skill; Injury or Illness; Mental; Death. Love of the Game. Physical Exam. Alt. 7(b)."
2026-07-13 09:23:56,DOCS,ADDED,2026-27 Veteran Signings  + ADDED  Execution Date: 7/9/26
2026-07-13 09:22:56,DOCS,ADDED,2026-27 Veteran Signings  + ADDED  Jaxson Hayes Utah Jazz
2026-07-13 09:22:56,DOCS,ADDED,"2026-27 Veteran Signings  + ADDED  26-27 $6,000,000"
2026-07-13 09:22:56,DOCS,ADDED,"2026-27 Veteran Signings  + ADDED  27-28 $6,000,000 (Team Option)"
2026-07-13 09:22:56,DOCS,ADDED,"2026-27 Veteran Signings  + ADDED  2 Years for $12,000,000. Non-Taxpayer Mid-Level Exception (Partial). Team option to extend the contract to include the 2027-28 Season. Skill; Injury or Illness; Mental; Death. Love of the Game. Physical Exam. Alt. 7(b)."
2026-07-13 09:22:56,DOCS,ADDED,2026-27 Veteran Signings  + ADDED  Execution Date: 7/9/26
2026-07-13 09:21:58,SHEETS,ADDED,"UTH  + ADDED  Hayes, Jaxson"
2026-07-13 09:21:58,SHEETS,CHANGED,"UTH  CHANGED Okogie, Josh  -  TEAM SALARY CAP REPORT
       -  UTAH JAZZ: - -> 1 - FULL SEASON, col3: - -> 6000000.0, col4: - -> 6000000.0, col9: 0 -> 12000000"
2026-07-13 09:21:58,SHEETS,CHANGED,"UTH  CHANGED TEAM SALARY (Art, I §1 (nnn)):  -  col3: 174765840.4 -> 186765840.4, col4: 154382065.8 -> 166382065.8, col9: 533658071.1 -> 557658071.1"
2026-07-13 09:21:58,SHEETS,CHANGED,"UTH  CHANGED Players Under Contract  -  col3: 162510608.4 -> 174510608.4, col4: 154382065.8 -> 166382065.8"
2026-07-13 09:21:58,SHEETS,CHANGED,"UTH  CHANGED Full Season Contracts  -  col3: 162510608.4 -> 174510608.4, col4: 154382065.8 -> 166382065.8"
2026-07-13 09:21:58,SHEETS,CHANGED,"UTH  CHANGED Avg, Salary (Mean) (ALL Compensation Obligations)  -  col6: 12 -> 14"
2026-07-13 09:21:58,SHEETS,CHANGED,"UTH  CHANGED Avg, Salary (Mean) (No 10-Day K's)  -  col6: 3 -> 1"
2026-07-13 09:21:58,SHEETS,CHANGED,"UTH  CHANGED Avg, Salary (Mean) (No 10-Day K's & ROS)  -  col6: 1 -> 0"
2026-07-13 09:20:56,DOCS,REMOVED,"2026-27 Veteran Signings  - REMOVED Update 1.2 (7/7/26): P. Achiuwa, J. Alvarado, K. Anderson, H. Barnes, B. Bogdanovic, T. Bryant, J. Clarkson, J. Collins, M. Conley, M. Diawara, A. Drummond, T. Eason, K. Ellis, C. Gillespie, J. Green, Q. Grimes, J. Goodwin, R. Hachimura, T. Hardaway Jr., T. Harris, I. Hartenstein, A. Hukporti, W. Kessler, J. Landale, K. Looney, S. Mamukelashvili, K. Middleton, P. Nance, J. Nurkic, N. Powell, K. Oubre, Q. Post, M. Robinson, K. Sanders, L. Shamet, C. White, K. Williams, M. Williams, T. Young"
2026-07-13 09:20:56,DOCS,ADDED,"2026-27 Veteran Signings  + ADDED  Update 1.2 (7/7/26): P. Achiuwa, J. Alvarado, K. Anderson, H. Barnes, B. Bogdanovic, T. Bryant, J. Clarkson, J. Collins, M. Conley, M. Diawara, A. Drummond, T. Eason, K. Ellis, C. Gillespie, J. Green, Q. Grimes, J. Goodwin, R. Hachimura, T. Hardaway Jr., T. Harris, I. Hartenstein, J. Hayes, A. Hukporti, W. Kessler, J. Landale, K. Looney, S. Mamukelashvili, K. Middleton, P. Nance, J. Nurkic, N. Powell, J. Okogie, K. Oubre, Q. Post, M. Robinson, K. Sanders, L. Shamet, C. White, K. Williams, M. Williams, T. Young"
2026-07-13 09:16:56,DOCS,REMOVED,2026-27 Veteran Signings  - REMOVED 30-31 $1
2026-07-13 09:16:56,DOCS,REMOVED,2026-27 Veteran Signings  - REMOVED (Player Option)
2026-07-13 09:16:56,DOCS,REMOVED,"2026-27 Veteran Signings  - REMOVED 4 Years for $60,000,000. Room. Advance Payment ($8,000,000). Player option to extend the contract to include the 2029-30 Season. Insurance Premium Reimbursement. Skill; Injury or Illness; Mental; Death. Love of the Game. Physical Exam. Alt. 7(b)."
2026-07-13 09:16:56,DOCS,REMOVED,2026-27 Veteran Signings  - REMOVED Execution Date: 7/6/26
2026-07-13 09:16:56,DOCS,ADDED,"2026-27 Veteran Signings  + ADDED  30-31 $18,550,428 (Player Option)"
2026-07-13 09:16:56,DOCS,ADDED,"2026-27 Veteran Signings  + ADDED  5 Years for $81,509,460. Room. Player option to extend the contract to include the 2030-31 Season. Skill; Injury or Illness; Mental; Death. Trade Kicker (10%). Love of the Game. Physical Exam. Alt. 7(b)."
2026-07-13 09:16:56,DOCS,ADDED,2026-27 Veteran Signings  + ADDED  Execution Date: 7/9/26
2026-07-13 09:16:06,DOCS,ADDED,2026-27 Veteran Signings  + ADDED  Execution Date: 7/6/26
2026-07-13 09:16:06,DOCS,ADDED,2026-27 Veteran Signings  + ADDED  Tari Eason Houston Rockets
2026-07-13 09:16:06,DOCS,ADDED,"2026-27 Veteran Signings  + ADDED  26-27 $14,053,356"
2026-07-13 09:16:06,DOCS,ADDED,"2026-27 Veteran Signings  + ADDED  27-28 $15,117,624"
2026-07-13 09:16:06,DOCS,ADDED,"2026-27 Veteran Signings  + ADDED  28-29 $16,301,892"
2026-07-13 09:16:06,DOCS,ADDED,"2026-27 Veteran Signings  + ADDED  29-30 $17,426,160"
2026-07-13 09:16:06,DOCS,ADDED,2026-27 Veteran Signings  + ADDED  30-31 $1
2026-07-13 09:16:06,DOCS,ADDED,2026-27 Veteran Signings  + ADDED  (Player Option)
2026-07-13 09:16:06,DOCS,ADDED,"2026-27 Veteran Signings  + ADDED  4 Years for $60,000,000. Room. Advance Payment ($8,000,000). Player option to extend the contract to include the 2029-30 Season. Insurance Premium Reimbursement. Skill; Injury or Illness; Mental; Death. Love of the Game. Physical Exam. Alt. 7(b)."
2026-07-13 09:14:57,SHEETS,REMOVED,"HOU  - REMOVED Okogie, Josh"
2026-07-13 09:14:57,SHEETS,CHANGED,"HOU  CHANGED TEAM SALARY (Art, I §1 (nnn)):  -  col3: 208917262 -> 206467841, col9: 577428435.3 -> 574979014.3"
2026-07-13 09:14:57,SHEETS,CHANGED,HOU  CHANGED Cap Holds  -  col3: 16881642 -> 14432221
2026-07-13 09:14:57,SHEETS,ADDED,"UTH  + ADDED  Okogie, Josh"
2026-07-13 09:14:56,DOCS,REMOVED,"2026-27 Veteran Signings  - REMOVED Update 1.2 (7/7/26): P. Achiuwa, J. Alvarado, K. Anderson, H. Barnes, B. Bogdanovic, T. Bryant, J. Clarkson, J. Collins, M. Conley, M. Diawara, A. Drummond, K. Ellis, C. Gillespie, J. Green, Q. Grimes, J. Goodwin, R. Hachimura, T. Hardaway Jr., T. Harris, I. Hartenstein, A. Hukporti, W. Kessler, J. Landale, K. Looney, S. Mamukelashvili, K. Middleton, P. Nance, J. Nurkic, N. Powell, K. Oubre, Q. Post, M. Robinson, K. Sanders, L. Shamet, C. White, K. Williams, M. Williams, T. Young"
2026-07-13 09:14:56,DOCS,ADDED,"2026-27 Veteran Signings  + ADDED  Update 1.2 (7/7/26): P. Achiuwa, J. Alvarado, K. Anderson, H. Barnes, B. Bogdanovic, T. Bryant, J. Clarkson, J. Collins, M. Conley, M. Diawara, A. Drummond, T. Eason, K. Ellis, C. Gillespie, J. Green, Q. Grimes, J. Goodwin, R. Hachimura, T. Hardaway Jr., T. Harris, I. Hartenstein, A. Hukporti, W. Kessler, J. Landale, K. Looney, S. Mamukelashvili, K. Middleton, P. Nance, J. Nurkic, N. Powell, K. Oubre, Q. Post, M. Robinson, K. Sanders, L. Shamet, C. White, K. Williams, M. Williams, T. Young"
2026-07-13 09:13:58,SHEETS,CHANGED,"HOU  CHANGED Eason, Tari  -  col5: - -> 16301892.0, col6: - -> 17426160.0, col7: - -> 18550428.0, col9: 29230980 -> 81509460"
2026-07-13 09:13:58,SHEETS,CHANGED,"HOU  CHANGED TEAM SALARY (Art, I §1 (nnn)):  -  col5: 65374471 -> 81676363, col6: 67489732 -> 84915892, col7: 27426355 -> 45976783, col9: 525149955.3 -> 577428435.3"
2026-07-13 09:13:58,SHEETS,CHANGED,"HOU  CHANGED Players Under Contract  -  col5: 65374471 -> 81676363, col6: 67489732 -> 84915892, col7: 27426355 -> 45976783"
2026-07-13 09:13:58,SHEETS,CHANGED,"HOU  CHANGED Full Season Contracts  -  col5: 65374471 -> 81676363, col6: 67489732 -> 84915892, col7: 27426355 -> 45976783"
2026-07-13 09:13:55,TRANSACTIONS,Signing,2026-07-12  Los Angeles Lakers signed forward Kevon Looney to a Contract.
2026-07-13 09:12:58,SHEETS,CHANGED,"HOU  CHANGED Eason, Tari  -  TEAM SALARY CAP REPORT
       -  HOUSTON ROCKETS: 4 - CAP HOLD -> 1 - FULL SEASON, col3: 17027297.28 -> 14053356.0, col4: - -> 15177624.0, col9: 17027297.28 -> 29230980"
2026-07-13 09:12:58,SHEETS,CHANGED,"HOU  CHANGED TEAM SALARY (Art, I §1 (nnn)):  -  col3: 211891203.3 -> 208917262, col4: 140764511.3 -> 155942135.3, col9: 512946272.6 -> 525149955.3"
2026-07-13 09:12:58,SHEETS,CHANGED,"HOU  CHANGED Players Under Contract  -  col3: 177982264 -> 192035620, col4: 140764511.3 -> 155942135.3"
2026-07-13 09:12:58,SHEETS,CHANGED,"HOU  CHANGED Full Season Contracts  -  col3: 177982264 -> 192035620, col4: 140764511.3 -> 155942135.3"
2026-07-13 09:12:58,SHEETS,CHANGED,HOU  CHANGED Cap Holds  -  col3: 33908939.28 -> 16881642
2026-07-13 09:12:58,SHEETS,CHANGED,"HOU  CHANGED Avg, Salary (Mean) (ALL Compensation Obligations)  -  col6: 11 -> 12"
2026-07-13 09:12:58,SHEETS,CHANGED,"HOU  CHANGED Avg, Salary (Mean) (No 10-Day K's)  -  col6: 4 -> 3"
2026-07-13 09:12:58,SHEETS,CHANGED,"HOU  CHANGED Avg, Salary (Mean) (No 10-Day K's & ROS)  -  col6: 2 -> 1"
2026-07-13 09:12:58,SHEETS,CHANGED,Luxury Tax Calculator  CHANGED Luxury Tax  -  col12: 0 -> 4140620
2026-07-13 09:12:58,SHEETS,CHANGED,Luxury Tax Calculator  CHANGED 1st Incremental Tax Bracket  -  col12: 0 -> 4140620
2026-07-13 09:12:58,SHEETS,CHANGED,Luxury Tax Calculator  CHANGED Tax Liability  -  col12: 0 -> 4140620
2026-07-13 09:07:55,DOCS,REMOVED,2026-27 Veteran Signings  - REMOVED Execution Date: 7/6/26
2026-07-13 09:07:55,DOCS,ADDED,2026-27 Veteran Signings  + ADDED  Execution Date: 7/10/26
2026-07-13 09:06:56,DOCS,REMOVED,"2026-27 Veteran Signings  - REMOVED Update 1.2 (7/7/26): P. Achiuwa, J. Alvarado, K. Anderson, H. Barnes, B. Bogdanovic, T. Bryant, J. Collins, M. Conley, M. Diawara, A. Drummond, K. Ellis, C. Gillespie, J. Green, Q. Grimes, J. Goodwin, R. Hachimura, T. Hardaway Jr., T. Harris, I. Hartenstein, A. Hukporti, W. Kessler, J. Landale, K. Looney, S. Mamukelashvili, K. Middleton, P. Nance, J. Nurkic, N. Powell, K. Oubre, Q. Post, M. Robinson, K. Sanders, L. Shamet, C. White, K. Williams, M. Williams, T. Young"
2026-07-13 09:06:56,DOCS,ADDED,"2026-27 Veteran Signings  + ADDED  Update 1.2 (7/7/26): P. Achiuwa, J. Alvarado, K. Anderson, H. Barnes, B. Bogdanovic, T. Bryant, J. Clarkson, J. Collins, M. Conley, M. Diawara, A. Drummond, K. Ellis, C. Gillespie, J. Green, Q. Grimes, J. Goodwin, R. Hachimura, T. Hardaway Jr., T. Harris, I. Hartenstein, A. Hukporti, W. Kessler, J. Landale, K. Looney, S. Mamukelashvili, K. Middleton, P. Nance, J. Nurkic, N. Powell, K. Oubre, Q. Post, M. Robinson, K. Sanders, L. Shamet, C. White, K. Williams, M. Williams, T. Young"
2026-07-13 09:06:56,DOCS,ADDED,2026-27 Veteran Signings  + ADDED  Jordan Clarkson New York Knicks
2026-07-13 09:06:56,DOCS,ADDED,"2026-27 Veteran Signings  + ADDED  26-27 $3,876,529"
2026-07-13 09:06:56,DOCS,ADDED,"2026-27 Veteran Signings  + ADDED  Minimum Salary Exception. Advance Payment ($100,000). Player Trade Consent. Skill; Injury or Illness; Death. Love of the Game. Physical Exam. Alt. 7(b)."
2026-07-13 09:06:56,DOCS,ADDED,2026-27 Veteran Signings  + ADDED  Execution Date: 7/6/26
2026-07-13 09:05:58,SHEETS,CHANGED,"NYK  CHANGED Clarkson, Jordan  -  TEAM SALARY CAP REPORT
       -  NEW YORK KNICKS: 4 - CAP HOLD -> 1 - FULL SEASON"
2026-07-13 09:05:58,SHEETS,CHANGED,NYK  CHANGED Players Under Contract  -  col3: 215962811 -> 218412232
2026-07-13 09:05:58,SHEETS,CHANGED,NYK  CHANGED Full Season Contracts  -  col3: 215962811 -> 218412232
2026-07-13 09:05:58,SHEETS,CHANGED,NYK  CHANGED Cap Holds  -  col3: 7348263 -> 4898842
2026-07-13 09:05:58,SHEETS,CHANGED,"NYK  CHANGED Avg, Salary (Mean) (ALL Compensation Obligations)  -  col6: 12 -> 13"
2026-07-13 09:05:58,SHEETS,CHANGED,"NYK  CHANGED Avg, Salary (Mean) (No 10-Day K's)  -  col6: 3 -> 2"
2026-07-13 09:05:58,SHEETS,CHANGED,"NYK  CHANGED Avg, Salary (Mean) (No 10-Day K's & ROS)  -  col6: 1 -> 0"
2026-07-13 09:05:58,SHEETS,CHANGED,Luxury Tax Calculator  CHANGED Luxury Tax  -  col21: 28067811 -> 30517232
2026-07-13 09:05:58,SHEETS,CHANGED,Luxury Tax Calculator  CHANGED 5th Incremental Tax Bracket  -  col21: 27971007.75 -> 29846250
2026-07-13 09:05:58,SHEETS,CHANGED,Luxury Tax Calculator  CHANGED 6th Incremental Tax Bracket  -  col21: 0 -> 12030334
2026-07-13 09:05:58,SHEETS,CHANGED,Luxury Tax Calculator  CHANGED Tax Liability  -  col21: 87663507.75 -> 101569084
2026-07-13 08:45:55,DOCS,REMOVED,2026-27 Veteran Signings  - REMOVED Execution Date: 7/6/26
2026-07-13 08:45:55,DOCS,ADDED,2026-27 Veteran Signings  + ADDED  Execution Date: 7/9/26
2026-07-13 08:44:55,DOCS,REMOVED,"2026-27 Veteran Signings  - REMOVED Update 1.2 (7/7/26): P. Achiuwa, J. Alvarado, K. Anderson, H. Barnes, B. Bogdanovic, T. Bryant, J. Collins, M. Conley, M. Diawara, A. Drummond, K. Ellis, C. Gillespie, J. Green, Q. Grimes, J. Goodwin, R. Hachimura, T. Hardaway Jr., T. Harris, I. Hartenstein, A. Hukporti, W. Kessler, J. Landale, K. Looney, S. Mamukelashvili, K. Middleton, P. Nance, N. Powell, K. Oubre, Q. Post, M. Robinson, K. Sanders, L. Shamet, C. White, K. Williams, M. Williams, T. Young"
2026-07-13 08:44:55,DOCS,ADDED,"2026-27 Veteran Signings  + ADDED  Update 1.2 (7/7/26): P. Achiuwa, J. Alvarado, K. Anderson, H. Barnes, B. Bogdanovic, T. Bryant, J. Collins, M. Conley, M. Diawara, A. Drummond, K. Ellis, C. Gillespie, J. Green, Q. Grimes, J. Goodwin, R. Hachimura, T. Hardaway Jr., T. Harris, I. Hartenstein, A. Hukporti, W. Kessler, J. Landale, K. Looney, S. Mamukelashvili, K. Middleton, P. Nance, J. Nurkic, N. Powell, K. Oubre, Q. Post, M. Robinson, K. Sanders, L. Shamet, C. White, K. Williams, M. Williams, T. Young"
2026-07-13 08:44:55,DOCS,ADDED,2026-27 Veteran Signings  + ADDED  Jusuf Nurkic Utah Jazz
2026-07-13 08:44:55,DOCS,ADDED,"2026-27 Veteran Signings  + ADDED  26-27 $11,458,333"
2026-07-13 08:44:55,DOCS,ADDED,"2026-27 Veteran Signings  + ADDED  27-28 $10,541,667"
2026-07-13 08:44:55,DOCS,ADDED,"2026-27 Veteran Signings  + ADDED  2 Years for $22,000,000. Bird Exception. Skill; Injury or Illness; Mental; Death. Love of the Game. Physical Exam. Alt. 7(b)."
2026-07-13 08:44:55,DOCS,ADDED,2026-27 Veteran Signings  + ADDED  Execution Date: 7/6/26
2026-07-13 08:43:57,SHEETS,CHANGED,"UTH  CHANGED Nurkic, Jusuf  -  TEAM SALARY CAP REPORT
       -  UTAH JAZZ: 4 - CAP HOLD -> 1 - FULL SEASON, col3: 29062500.0 -> 11458333.0, col4: - -> 10541667.0, col9: 29062500 -> 22000000"
2026-07-13 08:43:57,SHEETS,CHANGED,"UTH  CHANGED TEAM SALARY (Art, I §1 (nnn)):  -  col3: 192370007.4 -> 174765840.4, col4: 143840398.8 -> 154382065.8, col9: 540720571.1 -> 533658071.1"
2026-07-13 08:43:57,SHEETS,CHANGED,"UTH  CHANGED Players Under Contract  -  col3: 151052275.4 -> 162510608.4, col4: 143840398.8 -> 154382065.8"
2026-07-13 08:43:57,SHEETS,CHANGED,"UTH  CHANGED Full Season Contracts  -  col3: 151052275.4 -> 162510608.4, col4: 143840398.8 -> 154382065.8"
2026-07-13 08:43:57,SHEETS,CHANGED,UTH  CHANGED Cap Holds  -  col3: 41317732 -> 12255232
2026-07-13 08:43:57,SHEETS,CHANGED,"UTH  CHANGED Avg, Salary (Mean) (ALL Compensation Obligations)  -  col6: 11 -> 12"
2026-07-13 08:43:57,SHEETS,CHANGED,"UTH  CHANGED Avg, Salary (Mean) (No 10-Day K's)  -  col6: 4 -> 3"
2026-07-13 08:43:57,SHEETS,CHANGED,"UTH  CHANGED Avg, Salary (Mean) (No 10-Day K's & ROS)  -  col6: 2 -> 1"
2026-07-13 08:42:56,DOCS,REMOVED,"2026-27 Veteran Signings  - REMOVED Update 1.2 (7/7/26): P. Achiuwa, J. Alvarado, K. Anderson, H. Barnes, B. Bogdanovic, T. Bryant, J. Collins, M. Conley, M. Diawara, A. Drummond, K. Ellis, C. Gillespie, J. Green, Q. Grimes, J. Goodwin, R. Hachimura, T. Hardaway Jr., T. Harris, I. Hartenstein, A. Hukporti, W. Kessler, J. Landale, S. Mamukelashvili, K. Middleton, P. Nance, N. Powell, K. Oubre, Q. Post, M. Robinson, K. Sanders, L. Shamet, C. White, K. Williams, M. Williams, T. Young"
2026-07-13 08:42:56,DOCS,ADDED,"2026-27 Veteran Signings  + ADDED  Update 1.2 (7/7/26): P. Achiuwa, J. Alvarado, K. Anderson, H. Barnes, B. Bogdanovic, T. Bryant, J. Collins, M. Conley, M. Diawara, A. Drummond, K. Ellis, C. Gillespie, J. Green, Q. Grimes, J. Goodwin, R. Hachimura, T. Hardaway Jr., T. Harris, I. Hartenstein, A. Hukporti, W. Kessler, J. Landale, K. Looney, S. Mamukelashvili, K. Middleton, P. Nance, N. Powell, K. Oubre, Q. Post, M. Robinson, K. Sanders, L. Shamet, C. White, K. Williams, M. Williams, T. Young"
2026-07-13 08:42:56,DOCS,ADDED,2026-27 Veteran Signings  + ADDED  Kevon Looney Los Angeles Lakers
2026-07-13 08:42:56,DOCS,ADDED,"2026-27 Veteran Signings  + ADDED  26-27 $3,876,529"
2026-07-13 08:42:56,DOCS,ADDED,2026-27 Veteran Signings  + ADDED  Minimum Salary Exception. Skill; Injury or Illness; Mental; Death. Love of the Game. Physical Exam. Alt. 7(b).
2026-07-13 08:42:56,DOCS,ADDED,2026-27 Veteran Signings  + ADDED  Execution Date: 7/12/26
2026-07-13 08:41:57,SHEETS,ADDED,"LAL  + ADDED  Looney, Kevon"
2026-07-13 08:41:57,SHEETS,CHANGED,"LAL  CHANGED TEAM SALARY (Art, I §1 (nnn)):  -  col3: 165394470 -> 167843891, col9: 508372956.5 -> 510822377.5"
2026-07-13 08:41:57,SHEETS,CHANGED,LAL  CHANGED Players Under Contract  -  col3: 144488109 -> 146937530
2026-07-13 08:41:57,SHEETS,CHANGED,LAL  CHANGED Full Season Contracts  -  col3: 144488109 -> 146937530
2026-07-13 08:41:57,SHEETS,CHANGED,"LAL  CHANGED Avg, Salary (Mean) (ALL Compensation Obligations)  -  col6: 11 -> 12"
2026-07-13 08:41:57,SHEETS,CHANGED,"LAL  CHANGED Avg, Salary (Mean) (No 10-Day K's)  -  col6: 4 -> 3"
2026-07-13 08:41:57,SHEETS,CHANGED,"LAL  CHANGED Avg, Salary (Mean) (No 10-Day K's & ROS)  -  col6: 2 -> 1"
2026-07-13 08:41:57,SHEETS,REMOVED,"NOL  - REMOVED Looney, Kevon"
2026-07-13 08:41:57,SHEETS,CHANGED,"NOL  CHANGED TEAM SALARY (Art, I §1 (nnn)):  -  col3: 221111742.8 -> 211511742.8, col9: 470682342.5 -> 461082342.5"
2026-07-13 08:41:57,SHEETS,CHANGED,NOL  CHANGED Cap Holds  -  col3: 32780951.9 -> 23180951.9
2026-07-13 08:39:56,DOCS,REMOVED,2026-27 Veteran Signings  - REMOVED 2 Years for $44. Room. Player option to extend the contract to include the 2029-30 Season. Insurance Premium Reimbursement. Skill; Injury or Illness; Mental; Death. Love of the Game. Physical Exam. Alt. 7(b).
2026-07-13 08:39:56,DOCS,REMOVED,2026-27 Veteran Signings  - REMOVED Execution Date: 7/6/26
2026-07-13 08:39:56,DOCS,ADDED,"2026-27 Veteran Signings  + ADDED  2 Years for $44,075,000. Room. Advance Payment ($24,024). Team option to extend the contract to include the 2027-28 Season. Skill; Injury or Illness; Death. Love of the Game. Physical Exam. Alt. 7(b)."
2026-07-13 08:39:56,DOCS,ADDED,2026-27 Veteran Signings  + ADDED  Execution Date: 7/10/26
2026-07-13 08:38:56,DOCS,REMOVED,"2026-27 Veteran Signings  - REMOVED Update 1.2 (7/7/26): P. Achiuwa, J. Alvarado, K. Anderson, H. Barnes, B. Bogdanovic, T. Bryant, J. Collins, M. Conley, M. Diawara, A. Drummond, K. Ellis, C. Gillespie, J. Green, Q. Grimes, J. Goodwin, R. Hachimura, T. Hardaway Jr., T. Harris, I. Hartenstein, A. Hukporti, W. Kessler, J. Landale, S. Mamukelashvili, K. Middleton, P. Nance, K. Oubre, Q. Post, M. Robinson, K. Sanders, L. Shamet, C. White, K. Williams, M. Williams, T. Young"
2026-07-13 08:38:56,DOCS,ADDED,"2026-27 Veteran Signings  + ADDED  Update 1.2 (7/7/26): P. Achiuwa, J. Alvarado, K. Anderson, H. Barnes, B. Bogdanovic, T. Bryant, J. Collins, M. Conley, M. Diawara, A. Drummond, K. Ellis, C. Gillespie, J. Green, Q. Grimes, J. Goodwin, R. Hachimura, T. Hardaway Jr., T. Harris, I. Hartenstein, A. Hukporti, W. Kessler, J. Landale, S. Mamukelashvili, K. Middleton, P. Nance, N. Powell, K. Oubre, Q. Post, M. Robinson, K. Sanders, L. Shamet, C. White, K. Williams, M. Williams, T. Young"
2026-07-13 08:38:56,DOCS,ADDED,2026-27 Veteran Signings  + ADDED  Norman Powell Chicago Bulls
2026-07-13 08:38:56,DOCS,ADDED,"2026-27 Veteran Signings  + ADDED  26-27 $21,500,000"
2026-07-13 08:38:56,DOCS,ADDED,"2026-27 Veteran Signings  + ADDED  27-28 $22,575,000 (Team Option)"
2026-07-13 08:38:56,DOCS,ADDED,2026-27 Veteran Signings  + ADDED  2 Years for $44. Room. Player option to extend the contract to include the 2029-30 Season. Insurance Premium Reimbursement. Skill; Injury or Illness; Mental; Death. Love of the Game. Physical Exam. Alt. 7(b).
2026-07-13 08:38:56,DOCS,ADDED,2026-27 Veteran Signings  + ADDED  Execution Date: 7/6/26
2026-07-13 08:37:58,SHEETS,ADDED,"CHI  + ADDED  Powell, Norman"
2026-07-13 08:37:58,SHEETS,CHANGED,"CHI  CHANGED TEAM SALARY (Art, I §1 (nnn)):  -  col3: 141500867 -> 163000867, col4: 119351697.8 -> 141926697.8, col9: 352537075.9 -> 396612075.9"
2026-07-13 08:37:58,SHEETS,CHANGED,"CHI  CHANGED Players Under Contract  -  col3: 140425408 -> 161925408, col4: 119351697.8 -> 141926697.8"
2026-07-13 08:37:58,SHEETS,CHANGED,"CHI  CHANGED Full Season Contracts  -  col3: 140425408 -> 161925408, col4: 119351697.8 -> 141926697.8"
2026-07-13 08:37:58,SHEETS,CHANGED,"CHI  CHANGED Avg, Salary (Mean) (ALL Compensation Obligations)  -  col6: 13 -> 14"
2026-07-13 08:37:58,SHEETS,CHANGED,"CHI  CHANGED Avg, Salary (Mean) (No 10-Day K's)  -  col6: 2 -> 1"
2026-07-13 08:37:58,SHEETS,REMOVED,"MIA  - REMOVED Powell, Norman"
2026-07-13 08:37:58,SHEETS,CHANGED,"MIA  CHANGED TEAM SALARY (Art, I §1 (nnn)):  -  col3: 245745614 -> 215021477, col9: 525462894 -> 494738757"
2026-07-13 08:37:58,SHEETS,CHANGED,MIA  CHANGED Cap Holds  -  col3: 47605779 -> 16881642
2026-07-13 08:36:56,DOCS,REMOVED,2026-27 Veteran Signings  - REMOVED Jock Landale Los Angeles Clippers
2026-07-13 08:36:56,DOCS,ADDED,2026-27 Veteran Signings  + ADDED  Jock Landale Atlanta Hawks
2026-07-13 08:36:56,DOCS,REMOVED,2026-27 Veteran Signings  - REMOVED Non-Taxpayer Mid-Level Exception (Partial). Team option to extend the contract to include the 2027-28 Season. Insurance Premium Reimbursement. Skill; Injury or Illness; Mental. Love of the Game. Physical Exam. Alt. 7(b).
2026-07-13 08:36:56,DOCS,REMOVED,2026-27 Veteran Signings  - REMOVED Execution Date: 7/6/26
2026-07-13 08:36:56,DOCS,ADDED,2026-27 Veteran Signings  + ADDED  Non-Taxpayer Mid-Level Exception (Partial). Player Trade Consent. Skill; Injury or Illness. Love of the Game. Physical Exam. Alt. 7(b).
2026-07-13 08:36:56,DOCS,ADDED,2026-27 Veteran Signings  + ADDED  Execution Date: 7/10/26
2026-07-13 08:35:57,SHEETS,REMOVED,"ATL  - REMOVED Landale, Jock #2"
2026-07-13 08:35:57,SHEETS,CHANGED,"ATL  CHANGED TEAM SALARY (Art, I §1 (nnn)):  -  col3: 260009612 -> 245909612, col9: 613453106.3 -> 599353106.3"
2026-07-13 08:35:57,SHEETS,CHANGED,ATL  CHANGED Players Under Contract  -  col3: 199176812 -> 185076812
2026-07-13 08:35:57,SHEETS,CHANGED,ATL  CHANGED Full Season Contracts  -  col3: 199176812 -> 185076812
2026-07-13 08:35:57,SHEETS,CHANGED,"ATL  CHANGED Avg, Salary (Mean) (ALL Compensation Obligations)  -  col6: 16 -> 15"
2026-07-13 08:35:57,SHEETS,CHANGED,Luxury Tax Calculator  CHANGED Luxury Tax  -  col2: 11281812 -> 0
2026-07-13 08:35:57,SHEETS,CHANGED,Luxury Tax Calculator  CHANGED 1st Incremental Tax Bracket  -  col2: 5685000 -> 0
2026-07-13 08:35:57,SHEETS,CHANGED,Luxury Tax Calculator  CHANGED 2nd Incremental Tax Bracket  -  col2: 6996015 -> 0
2026-07-13 08:35:57,SHEETS,CHANGED,Luxury Tax Calculator  CHANGED Tax Liability  -  col2: 12681015 -> 0
2026-07-13 08:35:56,DOCS,REMOVED,"2026-27 Veteran Signings  - REMOVED Update 1.2 (7/7/26): P. Achiuwa, J. Alvarado, K. Anderson, H. Barnes, B. Bogdanovic, T. Bryant, J. Collins, M. Conley, M. Diawara, A. Drummond, K. Ellis, C. Gillespie, J. Green, Q. Grimes, J. Goodwin, R. Hachimura, T. Hardaway Jr., T. Harris, I. Hartenstein, A. Hukporti, W. Kessler, S. Mamukelashvili, K. Middleton, P. Nance, K. Oubre, Q. Post, M. Robinson, K. Sanders, L. Shamet, C. White, K. Williams, M. Williams, T. Young"
2026-07-13 08:35:56,DOCS,ADDED,"2026-27 Veteran Signings  + ADDED  Update 1.2 (7/7/26): P. Achiuwa, J. Alvarado, K. Anderson, H. Barnes, B. Bogdanovic, T. Bryant, J. Collins, M. Conley, M. Diawara, A. Drummond, K. Ellis, C. Gillespie, J. Green, Q. Grimes, J. Goodwin, R. Hachimura, T. Hardaway Jr., T. Harris, I. Hartenstein, A. Hukporti, W. Kessler, J. Landale, S. Mamukelashvili, K. Middleton, P. Nance, K. Oubre, Q. Post, M. Robinson, K. Sanders, L. Shamet, C. White, K. Williams, M. Williams, T. Young"
2026-07-13 08:35:56,DOCS,ADDED,2026-27 Veteran Signings  + ADDED  Jock Landale Los Angeles Clippers
2026-07-13 08:35:56,DOCS,ADDED,"2026-27 Veteran Signings  + ADDED  26-27 $14,100,000"
2026-07-13 08:35:56,DOCS,ADDED,2026-27 Veteran Signings  + ADDED  Non-Taxpayer Mid-Level Exception (Partial). Team option to extend the contract to include the 2027-28 Season. Insurance Premium Reimbursement. Skill; Injury or Illness; Mental. Love of the Game. Physical Exam. Alt. 7(b).
2026-07-13 08:35:56,DOCS,ADDED,2026-27 Veteran Signings  + ADDED  Execution Date: 7/6/26
2026-07-13 08:34:57,SHEETS,ADDED,"ATL  + ADDED  Landale, Jock #2"
2026-07-13 08:34:57,SHEETS,CHANGED,"ATL  CHANGED Landale, Jock  -  TEAM SALARY CAP REPORT
       -  ATLANTA HAWKS: 4 - CAP HOLD -> 1 - FULL SEASON, col3: 2449421.0 -> 14100000.0, col5: - -> 13050000.0, col9: 2449421 -> 27150000"
2026-07-13 08:34:57,SHEETS,CHANGED,"ATL  CHANGED TEAM SALARY (Art, I §1 (nnn)):  -  col3: 234259033 -> 260009612, col5: 112757332 -> 125807332, col9: 574652527.3 -> 613453106.3"
2026-07-13 08:34:57,SHEETS,CHANGED,"ATL  CHANGED Players Under Contract  -  col3: 170976812 -> 199176812, col5: 112757332 -> 125807332"
2026-07-13 08:34:57,SHEETS,CHANGED,"ATL  CHANGED Full Season Contracts  -  col3: 170976812 -> 199176812, col5: 112757332 -> 125807332"
2026-07-13 08:34:57,SHEETS,CHANGED,ATL  CHANGED Cap Holds  -  col3: 63282221 -> 60832800
2026-07-13 08:34:57,SHEETS,CHANGED,"ATL  CHANGED Avg, Salary (Mean) (ALL Compensation Obligations)  -  col6: 14 -> 16"
2026-07-13 08:34:57,SHEETS,CHANGED,"ATL  CHANGED Avg, Salary (Mean) (No 10-Day K's)  -  col6: 1 -> 0"
2026-07-13 08:34:57,SHEETS,CHANGED,Luxury Tax Calculator  CHANGED Luxury Tax  -  col2: 0 -> 11281812
2026-07-13 08:34:57,SHEETS,CHANGED,Luxury Tax Calculator  CHANGED 1st Incremental Tax Bracket  -  col2: 0 -> 5685000
2026-07-13 08:34:57,SHEETS,CHANGED,Luxury Tax Calculator  CHANGED 2nd Incremental Tax Bracket  -  col2: 0 -> 6996015
2026-07-13 08:34:57,SHEETS,CHANGED,Luxury Tax Calculator  CHANGED Tax Liability  -  col2: 0 -> 12681015
2026-07-13 08:29:55,DOCS,REMOVED,2026-27 Rookie Signings  - REMOVED #28 Joshua Jefferson Sacramento Kings
2026-07-13 08:29:55,DOCS,ADDED,2026-27 Rookie Signings  + ADDED  #28 Joshua Jefferson Brooklyn Nets
2026-07-13 08:29:55,DOCS,REMOVED,"2026-27 Rookie Signings  - REMOVED 120% (with likely to be earned bonuses - Summer League and Summer Conditioning). Rookie Scale Exception. Advance Payment ($200,000). Insurance"
2026-07-13 08:29:55,DOCS,REMOVED,2026-27 Rookie Signings  - REMOVED Skill; Injury or Illness; Mental; Death. Love of the Game. Physical Exam. Alt. 7(b).
2026-07-13 08:29:55,DOCS,REMOVED,2026-27 Rookie Signings  - REMOVED Execution Date: 7/1/26
2026-07-13 08:29:55,DOCS,ADDED,"2026-27 Rookie Signings  + ADDED  120% (with likely to be earned bonuses - Summer League and Summer Conditioning). Rookie Scale Exception. Advance Payment ($200,000). Insurance Premium Reimbursement. Skill; Injury or Illness; Mental. Love of the Game. Physical Exam. Alt. 7(b)."
2026-07-13 08:29:55,DOCS,ADDED,2026-27 Rookie Signings  + ADDED  Execution Date: 7/10/26
2026-07-13 08:28:56,DOCS,REMOVED,"2026-27 Rookie Signings  - REMOVED 26-27 $2,869,520 ($)"
2026-07-13 08:28:56,DOCS,REMOVED,"2026-27 Rookie Signings  - REMOVED 27-28 $3,018,560 ($)"
2026-07-13 08:28:56,DOCS,ADDED,"2026-27 Rookie Signings  + ADDED  26-27 $2,869,520 ($2,969,520)"
2026-07-13 08:28:56,DOCS,ADDED,"2026-27 Rookie Signings  + ADDED  27-28 $3,018,560 ($3,118,560)"
2026-07-13 08:28:56,DOCS,REMOVED,2026-27 Rookie Signings  - REMOVED 120% (with likely to be earned bonuses - Summer League and Summer Conditioning). Rookie Scale Exception. Skill; Injury or Illness; Mental; Death. Love of the Game. Physical Exam. Alt. 7(b).
2026-07-13 08:28:56,DOCS,ADDED,"2026-27 Rookie Signings  + ADDED  120% (with likely to be earned bonuses - Summer League and Summer Conditioning). Rookie Scale Exception. Advance Payment ($200,000). Insurance"
2026-07-13 08:28:56,DOCS,ADDED,2026-27 Rookie Signings  + ADDED  Skill; Injury or Illness; Mental; Death. Love of the Game. Physical Exam. Alt. 7(b).
2026-07-13 08:27:55,DOCS,ADDED,2026-27 Rookie Signings  + ADDED  #28 Joshua Jefferson Sacramento Kings
2026-07-13 08:27:55,DOCS,ADDED,"2026-27 Rookie Signings  + ADDED  26-27 $2,869,520 ($)"
2026-07-13 08:27:55,DOCS,ADDED,"2026-27 Rookie Signings  + ADDED  27-28 $3,018,560 ($)"
2026-07-13 08:27:55,DOCS,ADDED,"2026-27 Rookie Signings  + ADDED  28-29 $3,266,880 (Team Option)"
2026-07-13 08:27:55,DOCS,ADDED,"2026-27 Rookie Signings  + ADDED  29-30 $5,896,718 (Team Option)"
2026-07-13 08:27:55,DOCS,ADDED,2026-27 Rookie Signings  + ADDED  120% (with likely to be earned bonuses - Summer League and Summer Conditioning). Rookie Scale Exception. Skill; Injury or Illness; Mental; Death. Love of the Game. Physical Exam. Alt. 7(b).
2026-07-13 08:27:55,DOCS,ADDED,2026-27 Rookie Signings  + ADDED  Execution Date: 7/1/26
2026-07-13 08:26:59,SHEETS,CHANGED,"BKN  CHANGED Jefferson, Joshua  -  TEAM SALARY CAP REPORT
       -  BROOKLYN NETS: 6 - DRAFT PICK -> 1 - FULL SEASON"
2026-07-13 08:26:59,SHEETS,CHANGED,"BKN  CHANGED Players Under Contract  -  col3: 148086837.5 -> 151056357.5, col4: 106264268 -> 109382828, col5: 43145048 -> 46411928, col6: 12256488 -> 18153206.4"
2026-07-13 08:26:59,SHEETS,CHANGED,"BKN  CHANGED Full Season Contracts  -  col3: 148086837.5 -> 151056357.5, col4: 106264268 -> 109382828, col5: 43145048 -> 46411928, col6: 12256488 -> 18153206.4"
2026-07-13 08:26:59,SHEETS,CHANGED,"BKN  CHANGED Draft Picks  -  col3: 2969520 -> 0, col4: 3118560 -> 0, col5: 3266880 -> 0, col6: 5896718.4 -> 0"
2026-07-13 08:26:59,SHEETS,CHANGED,"BKN  CHANGED Avg, Salary (Mean) (ALL Compensation Obligations)  -  col6: 13 -> 14"
2026-07-13 08:26:59,SHEETS,CHANGED,"BKN  CHANGED Avg, Salary (Mean) (No 10-Day K's)  -  col6: 2 -> 1"
2026-07-13 08:26:57,DOCS,REMOVED,"2026-27 Rookie Signings  - REMOVED Update 1.2 (7/7/26): N. Ament, B. Thornton"
2026-07-13 08:26:57,DOCS,ADDED,"2026-27 Rookie Signings  + ADDED  Update 1.2 (7/7/26): N. Ament, J. Jefferson, B. Thornton"
2026-07-12 14:41:55,PLAYERS,CHANGED,~ CHANGED Mike Conley  number: 10 -> 44
2026-07-12 14:41:55,PLAYERS,CHANGED,~ CHANGED Walker Kessler  number: 24 -> 14
2026-07-12 14:41:55,PLAYERS,CHANGED,~ CHANGED Jaime Jaquez Jr.  number: 11 -> 24
2026-07-12 14:41:55,PLAYERS,CHANGED,~ CHANGED Tyler Herro  number: 14 -> 11
2026-07-12 14:41:55,PLAYERS,CHANGED,~ CHANGED Bogdan Bogdanović  name: Bogdan Bogdanovic -> Bogdan Bogdanović
2026-07-12 14:41:55,PLAYERS,CHANGED,~ CHANGED Bogdan Bogdanović  number: 7 -> 31
2026-07-12 14:41:55,PLAYERS,CHANGED,~ CHANGED Mitchell Robinson  number: 23 -> 4
2026-07-12 14:41:55,PLAYERS,CHANGED,~ CHANGED Andre Drummond  number: 1 -> 0
2026-07-12 14:41:55,PLAYERS,CHANGED,~ CHANGED Kel'el Ware  number: 7 -> 9
2026-07-12 14:40:54,PLAYERS,CHANGED,~ CHANGED Andre Drummond  number: 0 -> 1
2026-07-12 14:40:54,PLAYERS,CHANGED,~ CHANGED Jaime Jaquez Jr.  number: 24 -> 11
2026-07-12 14:40:54,PLAYERS,CHANGED,~ CHANGED Tyler Herro  number: 11 -> 14
2026-07-12 14:40:54,PLAYERS,CHANGED,~ CHANGED Mitchell Robinson  number: 4 -> 23
2026-07-12 14:40:54,PLAYERS,CHANGED,~ CHANGED Kel'el Ware  number: 9 -> 7
2026-07-12 14:40:54,PLAYERS,CHANGED,~ CHANGED Walker Kessler  number: 14 -> 24
2026-07-12 14:40:54,PLAYERS,CHANGED,~ CHANGED Bogdan Bogdanovic  name: Bogdan Bogdanović -> Bogdan Bogdanovic
2026-07-12 14:40:54,PLAYERS,CHANGED,~ CHANGED Bogdan Bogdanovic  number: 31 -> 7
2026-07-12 14:40:54,PLAYERS,CHANGED,~ CHANGED Mike Conley  number: 44 -> 10
2026-07-12 14:39:54,PLAYERS,CHANGED,~ CHANGED Walker Kessler  number: 24 -> 14
2026-07-12 14:39:54,PLAYERS,CHANGED,~ CHANGED Jaime Jaquez Jr.  number: 11 -> 24
2026-07-12 14:39:54,PLAYERS,CHANGED,~ CHANGED Andre Drummond  number: 1 -> 0
2026-07-12 14:39:54,PLAYERS,CHANGED,~ CHANGED Mitchell Robinson  number: 23 -> 4
2026-07-12 14:39:54,PLAYERS,CHANGED,~ CHANGED Kel'el Ware  number: 7 -> 9
2026-07-12 14:39:54,PLAYERS,CHANGED,~ CHANGED Bogdan Bogdanović  name: Bogdan Bogdanovic -> Bogdan Bogdanović
2026-07-12 14:39:54,PLAYERS,CHANGED,~ CHANGED Bogdan Bogdanović  number: 7 -> 31
2026-07-12 14:39:54,PLAYERS,CHANGED,~ CHANGED Mike Conley  number: 10 -> 44
2026-07-12 14:39:54,PLAYERS,CHANGED,~ CHANGED Tyler Herro  number: 14 -> 11
2026-07-12 13:59:54,PLAYERS,CHANGED,~ CHANGED Bogdan Bogdanovic  name: Bogdan Bogdanović -> Bogdan Bogdanovic
2026-07-12 12:47:55,PLAYERS,ADDED,+ ADDED   Collin Sexton (LAL)
2026-07-12 12:15:55,TRANSACTIONS,Signing,2026-07-12  Los Angeles Lakers re-signed guard Austin Reaves to a Contract.
2026-07-12 12:03:55,TRANSACTIONS,Signing,2026-07-11  Los Angeles Lakers signed guard Collin Sexton to a Contract.
2026-07-11 18:03:55,TRANSACTIONS,Signing,2026-07-11  Minnesota Timberwolves signed forward Isaiah Evans to a Contract.
2026-07-11 09:34:55,PLAYERS,ADDED,+ ADDED   Trey Lyles (MIN)
2026-07-11 09:34:13,SHEETS,REMOVED,"CHA  - REMOVED Ball, LaMelo | 1 - FULL SEASON | 40770520.0 | 43582280.0 | 46394040.0 |  |  |  | 130746840"
2026-07-11 09:34:13,SHEETS,REMOVED,"CHA  - REMOVED Bridges, Miles | 1 - FULL SEASON | 22826087.0 |  |  |  |  |  | 22826087"
2026-07-11 09:34:13,SHEETS,ADDED,"CHA  + ADDED  Reid, Naz | 1 - FULL SEASON | 23275862.0 | 25000000.0 | 26724138.0 | 28448276.0 |  |  | 103448276"
2026-07-11 09:34:13,SHEETS,ADDED,"CHA  + ADDED  Allen, Grayson | 1 - FULL SEASON | 18125000.0 | 19375000.0 |  |  |  |  | 37500000"
2026-07-11 09:34:13,SHEETS,ADDED,"CHA  + ADDED  Finney-Smith, Dorian | 1 - FULL SEASON | 13335000.0 | 13335000.0 | 13335000.0 |  |  |  | 40005000"
2026-07-11 09:34:13,SHEETS,ADDED,"CHA  + ADDED  O'Neale, Royce | 1 - FULL SEASON | 10875000.0 | 11625000.0 |  |  |  |  | 22500000"
2026-07-11 09:34:13,SHEETS,REMOVED,CHA  - REMOVED  |  |  |  |  |  |  |  | 0
2026-07-11 09:34:13,SHEETS,REMOVED,CHA  - REMOVED  |  |  |  |  |  |  |  | 0
2026-07-11 09:34:13,SHEETS,REMOVED,"CHA  - REMOVED TEAM SALARY (Art, I §1 (nnn)): |  | 187147711.6 | 115762820.8 | 104245447 | 15718625.52 | 0 | 0 | 422874605"
2026-07-11 09:34:13,SHEETS,ADDED,"CHA  + ADDED  TEAM SALARY (Art, I §1 (nnn)): |  | 189161966.6 | 141515540.8 | 97910545 | 44166901.52 | 0 | 0 | 472754954"
2026-07-11 09:34:13,SHEETS,REMOVED,CHA  - REMOVED Players Under Contract |  | 184698290.6 | 115762820.8 | 104245447 | 15718625.52 | 0 | 0 | BOLD = Option Year
2026-07-11 09:34:13,SHEETS,REMOVED,"CHA  - REMOVED Full Season Contracts |  | 184698290.6 | 115762820.8 | 104245447 | 15718625.52 | 0 | 0 | *=Projected Exten,,"
2026-07-11 09:34:13,SHEETS,ADDED,CHA  + ADDED  Players Under Contract |  | 186712545.6 | 141515540.8 | 97910545 | 44166901.52 | 0 | 0 | BOLD = Option Year
2026-07-11 09:34:13,SHEETS,ADDED,"CHA  + ADDED  Full Season Contracts |  | 186712545.6 | 141515540.8 | 97910545 | 44166901.52 | 0 | 0 | *=Projected Exten,,"
2026-07-11 09:34:13,SHEETS,REMOVED,"CHA  - REMOVED Avg, Salary (Mean) (ALL Compensation Obligations) |  |  | Players Under Contract |  | 16"
2026-07-11 09:34:13,SHEETS,ADDED,"CHA  + ADDED  Avg, Salary (Mean) (ALL Compensation Obligations) |  |  | Players Under Contract |  | 18"
2026-07-11 09:34:13,SHEETS,REMOVED,"HOU  - REMOVED Finney-Smith, Dorian | 1 - FULL SEASON | 13335000.0 | 13335000.0 | 13335000.0 |  |  |  | 40005000"
2026-07-11 09:34:13,SHEETS,REMOVED,"HOU  - REMOVED TEAM SALARY (Art, I §1 (nnn)): |  | 225226203.3 | 154099511.3 | 78709471 | 67489732 | 27426355 | 0 | 552951272.6"
2026-07-11 09:34:13,SHEETS,ADDED,HOU  + ADDED   |  |  |  |  |  |  |  | 0
2026-07-11 09:34:13,SHEETS,ADDED,"HOU  + ADDED  TEAM SALARY (Art, I §1 (nnn)): |  | 211891203.3 | 140764511.3 | 65374471 | 67489732 | 27426355 | 0 | 512946272.6"
2026-07-11 09:34:13,SHEETS,REMOVED,HOU  - REMOVED Players Under Contract |  | 191317264 | 154099511.3 | 78709471 | 67489732 | 27426355 | 0 | BOLD = Option Year
2026-07-11 09:34:13,SHEETS,REMOVED,"HOU  - REMOVED Full Season Contracts |  | 191317264 | 154099511.3 | 78709471 | 67489732 | 27426355 | 0 | *=Projected Exten,,"
2026-07-11 09:34:13,SHEETS,ADDED,HOU  + ADDED  Players Under Contract |  | 177982264 | 140764511.3 | 65374471 | 67489732 | 27426355 | 0 | BOLD = Option Year
2026-07-11 09:34:13,SHEETS,ADDED,"HOU  + ADDED  Full Season Contracts |  | 177982264 | 140764511.3 | 65374471 | 67489732 | 27426355 | 0 | *=Projected Exten,,"
2026-07-11 09:34:13,SHEETS,REMOVED,"HOU  - REMOVED Avg, Salary (Mean) (ALL Compensation Obligations) |  |  | Players Under Contract |  | 12"
2026-07-11 09:34:13,SHEETS,REMOVED,"HOU  - REMOVED Avg, Salary (Mean) (No 10-Day K's) |  |  | Avaiable Spots |  | 3"
2026-07-11 09:34:13,SHEETS,REMOVED,"HOU  - REMOVED Avg, Salary (Mean) (No 10-Day K's & ROS) |  |  | Players to Reach Roster Min, |  | 1"
2026-07-11 09:34:13,SHEETS,ADDED,"HOU  + ADDED  Avg, Salary (Mean) (ALL Compensation Obligations) |  |  | Players Under Contract |  | 11"
2026-07-11 09:34:13,SHEETS,ADDED,"HOU  + ADDED  Avg, Salary (Mean) (No 10-Day K's) |  |  | Avaiable Spots |  | 4"
2026-07-11 09:34:13,SHEETS,ADDED,"HOU  + ADDED  Avg, Salary (Mean) (No 10-Day K's & ROS) |  |  | Players to Reach Roster Min, |  | 2"
2026-07-11 09:34:13,SHEETS,ADDED,"MIN  + ADDED  Ball, LaMelo | 1 - FULL SEASON | 40770520.0 | 43582280.0 | 46394040.0 |  |  |  | 130746840"
2026-07-11 09:34:13,SHEETS,REMOVED,"MIN  - REMOVED Reid, Naz | 1 - FULL SEASON | 23275862.0 | 25000000.0 | 26724138.0 | 28448276.0 |  |  | 103448276"
2026-07-11 09:34:13,SHEETS,REMOVED,"MIN  - REMOVED TEAM SALARY (Art, I §1 (nnn)): |  | 224870752 | 152980992.6 | 119308939 | 28448276 | 0 | 0 | 525608959.6"
2026-07-11 09:34:13,SHEETS,ADDED,"MIN  + ADDED  TEAM SALARY (Art, I §1 (nnn)): |  | 242365410 | 171563272.6 | 138978841 | 0 | 0 | 0 | 552907523.6"
2026-07-11 09:34:13,SHEETS,REMOVED,MIN  - REMOVED Players Under Contract |  | 159508838 | 152980992.6 | 119308939 | 28448276 | 0 | 0 | BOLD = Option Year
2026-07-11 09:34:13,SHEETS,REMOVED,"MIN  - REMOVED Full Season Contracts |  | 159508838 | 152980992.6 | 119308939 | 28448276 | 0 | 0 | *=Projected Exten,,"
2026-07-11 09:34:13,SHEETS,ADDED,MIN  + ADDED  Players Under Contract |  | 177003496 | 171563272.6 | 138978841 | 0 | 0 | 0 | BOLD = Option Year
2026-07-11 09:34:13,SHEETS,ADDED,"MIN  + ADDED  Full Season Contracts |  | 177003496 | 171563272.6 | 138978841 | 0 | 0 | 0 | *=Projected Exten,,"
2026-07-11 09:34:13,SHEETS,ADDED,"PHX  + ADDED  Bridges, Miles | 1 - FULL SEASON | 22826087.0 |  |  |  |  |  | 22826087"
2026-07-11 09:34:13,SHEETS,REMOVED,"PHX  - REMOVED Allen, Grayson | 1 - FULL SEASON | 18125000.0 | 19375000.0 |  |  |  |  | 37500000"
2026-07-11 09:34:13,SHEETS,REMOVED,"PHX  - REMOVED O'Neale, Royce | 1 - FULL SEASON | 10875000.0 | 11625000.0 |  |  |  |  | 22500000"
2026-07-11 09:34:13,SHEETS,REMOVED,"PHX  - REMOVED TEAM SALARY (Art, I §1 (nnn)): |  | 240341145.5 | 200805463.1 | 141760852.9 | 119393367.1 | 3107142.857 | 0 | 705407971.4"
2026-07-11 09:34:13,SHEETS,ADDED,PHX  + ADDED   |  |  |  |  |  |  |  | 0
2026-07-11 09:34:13,SHEETS,ADDED,"PHX  + ADDED  TEAM SALARY (Art, I §1 (nnn)): |  | 234167232.5 | 169805463.1 | 141760852.9 | 119393367.1 | 3107142.857 | 0 | 668234058.4"
2026-07-11 09:34:13,SHEETS,REMOVED,PHX  - REMOVED Players Under Contract |  | 193707105 | 178315310.2 | 119270700 | 96903214.2 | 0 | 0 | BOLD = Option Year
2026-07-11 09:34:13,SHEETS,REMOVED,"PHX  - REMOVED Full Season Contracts |  | 193707105 | 178315310.2 | 119270700 | 96903214.2 | 0 | 0 | *=Projected Exten,,"
2026-07-11 09:34:13,SHEETS,ADDED,PHX  + ADDED  Players Under Contract |  | 187533192 | 147315310.2 | 119270700 | 96903214.2 | 0 | 0 | BOLD = Option Year
2026-07-11 09:34:13,SHEETS,ADDED,"PHX  + ADDED  Full Season Contracts |  | 187533192 | 147315310.2 | 119270700 | 96903214.2 | 0 | 0 | *=Projected Exten,,"
2026-07-11 09:34:13,SHEETS,REMOVED,"PHX  - REMOVED Avg, Salary (Mean) (ALL Compensation Obligations) |  |  | Players Under Contract |  | 15"
2026-07-11 09:34:13,SHEETS,REMOVED,"PHX  - REMOVED Avg, Salary (Mean) (No 10-Day K's) |  |  | Avaiable Spots |  | 0"
2026-07-11 09:34:13,SHEETS,ADDED,"PHX  + ADDED  Avg, Salary (Mean) (ALL Compensation Obligations) |  |  | Players Under Contract |  | 14"
2026-07-11 09:34:13,SHEETS,ADDED,"PHX  + ADDED  Avg, Salary (Mean) (No 10-Day K's) |  |  | Avaiable Spots |  | 1"
2026-07-11 09:34:13,SHEETS,REMOVED,Luxury Tax Calculator  - REMOVED Luxury Tax | 0 | 10827406 | 0 | 0 | 0 | 0 | 0 | 15501723 | 0 | 0 | 3422264 | 15955511.6 | 0 | 0 | 0 | 10244835 | 0 | 0 | 435790.92 | 28067811 | 44106714 | 29970320.04 | 17700978.3 | 29009155.52 | 6712130.274 | 16311062 | 7935545.68 | 8767635.14 | 0 | 1576403.92
2026-07-11 09:34:13,SHEETS,REMOVED,Luxury Tax Calculator  - REMOVED 1st Incremental Tax Bracket | 0 | 17055000 | 0 | 0 | 0 | 0 | 0 | 17055000 | 0 | 0 | 3422264 | 5685000 | 0 | 0 | 0 | 5685000 | 0 | 0 | 435790.92 | 5685000 | 5685000 | 5685000 | 5685000 | 17055000 | 5685000 | 5685000 | 5685000 | 5685000 | 0 | 1576403.92
2026-07-11 09:34:13,SHEETS,ADDED,Luxury Tax Calculator  + ADDED  Luxury Tax | 0 | 10827406 | 0 | 0 | 0 | 0 | 0 | 15501723 | 0 | 0 | 0 | 15955511.6 | 0 | 0 | 0 | 10244835 | 0 | 0 | 435790.92 | 28067811 | 44106714 | 29970320.04 | 17700978.3 | 22835242.52 | 6712130.274 | 16311062 | 7935545.68 | 8767635.14 | 0 | 1576403.92
2026-07-11 09:34:13,SHEETS,ADDED,Luxury Tax Calculator  + ADDED  1st Incremental Tax Bracket | 0 | 17055000 | 0 | 0 | 0 | 0 | 0 | 17055000 | 0 | 0 | 0 | 5685000 | 0 | 0 | 0 | 5685000 | 0 | 0 | 435790.92 | 5685000 | 5685000 | 5685000 | 5685000 | 17055000 | 5685000 | 5685000 | 5685000 | 5685000 | 0 | 1576403.92
2026-07-11 09:34:13,SHEETS,REMOVED,Luxury Tax Calculator  - REMOVED 5th Incremental Tax Bracket | 0 | 0 | 0 | 0 | 0 | 0 | 0 | 0 | 0 | 0 | 0 | 0 | 0 | 0 | 0 | 0 | 0 | 0 | 0 | 27971007.75 | 29846250 | 29846250 | 0 | 41216250 | 0 | 0 | 0 | 0 | 0 | 0
2026-07-11 09:34:13,SHEETS,REMOVED,Luxury Tax Calculator  - REMOVED 6th Incremental Tax Bracket | 0 | 0 | 0 | 0 | 0 | 0 | 0 | 0 | 0 | 0 | 0 | 0 | 0 | 0 | 0 | 0 | 0 | 0 | 0 | 0 | 32688750 | 8885590.23 | 0 | 4527205.31 | 0 | 0 | 0 | 0 | 0 | 0
2026-07-11 09:34:13,SHEETS,ADDED,Luxury Tax Calculator  + ADDED  5th Incremental Tax Bracket | 0 | 0 | 0 | 0 | 0 | 0 | 0 | 0 | 0 | 0 | 0 | 0 | 0 | 0 | 0 | 0 | 0 | 0 | 0 | 27971007.75 | 29846250 | 29846250 | 0 | 690508.2976 | 0 | 0 | 0 | 0 | 0 | 0
2026-07-11 09:34:13,SHEETS,ADDED,Luxury Tax Calculator  + ADDED  6th Incremental Tax Bracket | 0 | 0 | 0 | 0 | 0 | 0 | 0 | 0 | 0 | 0 | 0 | 0 | 0 | 0 | 0 | 0 | 0 | 0 | 0 | 0 | 32688750 | 8885590.23 | 0 | 0 | 0 | 0 | 0 | 0 | 0 | 0
2026-07-11 09:34:13,SHEETS,REMOVED,Luxury Tax Calculator  - REMOVED Tax Liability | 0 | 33767819.5 | 0 | 0 | 0 | 0 | 0 | 58255726.5 | 0 | 0 | 3422264 | 28840540.6 | 0 | 0 | 0 | 11384793.75 | 0 | 0 | 435790.92 | 87663507.75 | 186862819.5 | 98424340.23 | 35757146.93 | 150915955.3 | 6968912.843 | 30084967 | 8498182.1 | 9538293.925 | 0 | 1576403.92
2026-07-11 09:34:13,SHEETS,ADDED,Luxury Tax Calculator  + ADDED  Tax Liability | 0 | 33767819.5 | 0 | 0 | 0 | 0 | 0 | 58255726.5 | 0 | 0 | 0 | 28840540.6 | 0 | 0 | 0 | 11384793.75 | 0 | 0 | 435790.92 | 87663507.75 | 186862819.5 | 98424340.23 | 35757146.93 | 105863008.3 | 6968912.843 | 30084967 | 8498182.1 | 9538293.925 | 0 | 1576403.92
2026-07-11 09:33:42,TRANSACTIONS,Signing,2026-07-10  New Orleans Pelicans re-signed center DeAndre Jordan to a Contract.
2026-07-11 09:33:42,TRANSACTIONS,Signing,2026-07-10  Minnesota Timberwolves signed forward Trey Lyles to a Contract.
2026-07-10 18:41:54,PLAYERS,CHANGED,~ CHANGED Norman Powell  team: MIA -> CHI
2026-07-10 18:25:55,TRANSACTIONS,Signing,2026-07-10  Atlanta Hawks re-signed center Jock Landale to a Contract.
2026-07-10 18:25:55,TRANSACTIONS,Signing,2026-07-10  San Antonio Spurs re-signed forward Victor Wembanyama to a Rookie Scale Extension.
2026-07-10 18:25:55,TRANSACTIONS,Signing,2026-07-10  Chicago Bulls signed guard Norman Powell to a Contract.
2026-07-10 14:43:54,PLAYERS,ADDED,+ ADDED   Marcus Smart (HOU)
2026-07-10 14:43:54,PLAYERS,ADDED,+ ADDED   Micah Potter (POR)
2026-07-10 14:43:54,PLAYERS,REMOVED,- REMOVED Malachi Smith (BKN)
2026-07-10 14:35:55,TRANSACTIONS,AwardOnWaivers,2026-07-10  Portland Trail Blazers claimed center Micah Potter off waivers.
2026-07-10 14:35:55,TRANSACTIONS,Signing,2026-07-10  Denver Nuggets signed forward Trevon Brazile to a Contract.
2026-07-10 14:35:55,TRANSACTIONS,Waive,2026-07-10  Brooklyn Nets waived guard Malachi Smith.
2026-07-10 14:20:55,TRANSACTIONS,Signing,2026-07-10  Minnesota Timberwolves re-signed guard Jaylen Clark to a Contract.
2026-07-10 14:20:55,TRANSACTIONS,Signing,2026-07-10  Brooklyn Nets signed forward Joshua Jefferson to a Rookie Scale Contract.
2026-07-10 14:04:57,SHEETS,REMOVED,"BKN  - REMOVED Smith, Malachi | 1 - FULL SEASON | 2150917.0 |  |  |  |  |  | 2150917"
2026-07-10 14:04:57,SHEETS,REMOVED,"BKN  - REMOVED TEAM SALARY (Art, I §1 (nnn)): |  | 155656695.5 | 109382828 | 46411928 | 18153206.4 | 0 | 0 | 329604657.9"
2026-07-10 14:04:57,SHEETS,ADDED,BKN  + ADDED   |  |  |  |  |  |  |  | 0
2026-07-10 14:04:57,SHEETS,ADDED,"BKN  + ADDED  TEAM SALARY (Art, I §1 (nnn)): |  | 153505778.5 | 109382828 | 46411928 | 18153206.4 | 0 | 0 | 327453740.9"
2026-07-10 14:04:57,SHEETS,REMOVED,BKN  - REMOVED Players Under Contract |  | 150237754.5 | 106264268 | 43145048 | 12256488 | 0 | 0 | BOLD = Option Year
2026-07-10 14:04:57,SHEETS,REMOVED,"BKN  - REMOVED Full Season Contracts |  | 150237754.5 | 106264268 | 43145048 | 12256488 | 0 | 0 | *=Projected Exten,,"
2026-07-10 14:04:57,SHEETS,ADDED,BKN  + ADDED  Players Under Contract |  | 148086837.5 | 106264268 | 43145048 | 12256488 | 0 | 0 | BOLD = Option Year
2026-07-10 14:04:57,SHEETS,ADDED,"BKN  + ADDED  Full Season Contracts |  | 148086837.5 | 106264268 | 43145048 | 12256488 | 0 | 0 | *=Projected Exten,,"
2026-07-10 14:04:57,SHEETS,REMOVED,"BKN  - REMOVED Avg, Salary (Mean) (ALL Compensation Obligations) |  |  | Players Under Contract |  | 14"
2026-07-10 14:04:57,SHEETS,REMOVED,"BKN  - REMOVED Avg, Salary (Mean) (No 10-Day K's) |  |  | Avaiable Spots |  | 1"
2026-07-10 14:04:57,SHEETS,ADDED,"BKN  + ADDED  Avg, Salary (Mean) (ALL Compensation Obligations) |  |  | Players Under Contract |  | 13"
2026-07-10 14:04:57,SHEETS,ADDED,"BKN  + ADDED  Avg, Salary (Mean) (No 10-Day K's) |  |  | Avaiable Spots |  | 2"
2026-07-10 13:52:55,TRANSACTIONS,Signing,2026-07-10  Minnesota Timberwolves re-signed guard Ayo Dosunmu to a Contract.
2026-07-10 13:42:55,PLAYERS,ADDED,+ ADDED   Tarik Biberovic (DAL)
2026-07-10 13:42:55,PLAYERS,ADDED,+ ADDED   Mo Bamba (UTA)
2026-07-10 13:42:55,PLAYERS,CHANGED,~ CHANGED Joshua Jefferson  team: MIN -> BKN
2026-07-10 13:42:55,PLAYERS,CHANGED,~ CHANGED Mouhamadou Gueye  team: CHI -> CHA
2026-07-10 13:42:55,PLAYERS,CHANGED,~ CHANGED Josh Green  team: CHA -> MIN
2026-07-10 13:42:55,PLAYERS,CHANGED,~ CHANGED Julius Randle  team: MIN -> BKN
2026-07-10 13:42:55,PLAYERS,CHANGED,~ CHANGED LaMelo Ball  team: CHA -> MIN
2026-07-10 13:42:55,PLAYERS,CHANGED,~ CHANGED Isaiah Evans  team: BKN -> MIN
2026-07-10 13:42:55,PLAYERS,CHANGED,~ CHANGED Nic Claxton  team: BKN -> CHI
2026-07-10 13:42:55,PLAYERS,CHANGED,~ CHANGED Kelly Oubre Jr.  number: 9 -> 10
2026-07-10 13:42:55,PLAYERS,CHANGED,~ CHANGED Naz Reid  team: MIN -> CHA
2026-07-10 13:41:55,TRANSACTIONS,Signing,2026-07-10  New York Knicks re-signed guard Jordan Clarkson to a Contract.
2026-07-10 13:41:55,TRANSACTIONS,Signing,2026-07-10  Houston Rockets signed guard Marcus Smart to a Contract.
2026-07-10 13:22:55,TRANSACTIONS,Signing,2026-07-10  Utah Jazz signed center Mo Bamba to a Contract.
2026-07-10 13:10:55,TRANSACTIONS,Signing,2026-07-10  Dallas Mavericks signed forward Tarik Biberovic to a Contract.
2026-07-10 13:10:55,TRANSACTIONS,Trade,2026-07-10  Chicago Bulls received center Nic Claxton from Brooklyn Nets.
2026-07-10 13:10:55,TRANSACTIONS,Trade,2026-07-10  Minnesota Timberwolves received guard Josh Green from Charlotte Hornets.
2026-07-10 13:10:55,TRANSACTIONS,Trade,2026-07-10  Minnesota Timberwolves received guard LaMelo Ball from Charlotte Hornets.
2026-07-10 13:10:55,TRANSACTIONS,Trade,2026-07-10  Brooklyn Nets received forward Julius Randle from Minnesota Timberwolves.
2026-07-10 13:10:55,TRANSACTIONS,Trade,2026-07-10  Charlotte Hornets received forward Mouhamadou Gueye from Chicago Bulls.
2026-07-10 13:10:55,TRANSACTIONS,Trade,2026-07-10  Charlotte Hornets received center Naz Reid from Minnesota Timberwolves.
2026-07-10 13:10:55,TRANSACTIONS,Trade,2026-07-10  Charlotte Hornets received draft consideration from Minnesota Timberwolves.
2026-07-10 12:38:54,PLAYERS,ADDED,+ ADDED   Jaxson Hayes (UTA)
2026-07-10 12:38:54,PLAYERS,CHANGED,~ CHANGED Josh Okogie  team: HOU -> UTA
2026-07-10 12:02:57,SHEETS,REMOVED,"CHI  - REMOVED Gueye, Mouhamadou | 1 - FULL SEASON | 2411090.0 |  |  |  |  |  | 2411090"
2026-07-10 12:02:57,SHEETS,REMOVED,"CHI  - REMOVED TEAM SALARY (Art, I §1 (nnn)): |  | 143911957 | 119351697.8 | 68444703 | 23239808.16 | 0 | 0 | 354948165.9"
2026-07-10 12:02:57,SHEETS,ADDED,CHI  + ADDED   |  |  |  |  |  |  |  | 0
2026-07-10 12:02:57,SHEETS,ADDED,"CHI  + ADDED  TEAM SALARY (Art, I §1 (nnn)): |  | 141500867 | 119351697.8 | 68444703 | 23239808.16 | 0 | 0 | 352537075.9"
2026-07-10 12:02:57,SHEETS,REMOVED,CHI  - REMOVED Players Under Contract |  | 142836498 | 119351697.8 | 68444703 | 23239808.16 | 0 | 0 | BOLD = Option Year
2026-07-10 12:02:57,SHEETS,REMOVED,"CHI  - REMOVED Full Season Contracts |  | 142836498 | 119351697.8 | 68444703 | 23239808.16 | 0 | 0 | *=Projected Exten,,"
2026-07-10 12:02:57,SHEETS,ADDED,CHI  + ADDED  Players Under Contract |  | 140425408 | 119351697.8 | 68444703 | 23239808.16 | 0 | 0 | BOLD = Option Year
2026-07-10 12:02:57,SHEETS,ADDED,"CHI  + ADDED  Full Season Contracts |  | 140425408 | 119351697.8 | 68444703 | 23239808.16 | 0 | 0 | *=Projected Exten,,"
2026-07-10 12:02:57,SHEETS,REMOVED,"CHI  - REMOVED Avg, Salary (Mean) (ALL Compensation Obligations) |  |  | Players Under Contract |  | 14"
2026-07-10 12:02:57,SHEETS,REMOVED,"CHI  - REMOVED Avg, Salary (Mean) (No 10-Day K's) |  |  | Avaiable Spots |  | 1"
2026-07-10 12:02:57,SHEETS,ADDED,"CHI  + ADDED  Avg, Salary (Mean) (ALL Compensation Obligations) |  |  | Players Under Contract |  | 13"
2026-07-10 12:02:57,SHEETS,ADDED,"CHI  + ADDED  Avg, Salary (Mean) (No 10-Day K's) |  |  | Avaiable Spots |  | 2"
2026-07-10 12:02:57,SHEETS,REMOVED,"MIN  - REMOVED Gueye, Mouhamadou | 1 - FULL SEASON | 2411090.0 |  |  |  |  |  | 2411090"
2026-07-10 12:02:57,SHEETS,REMOVED,"MIN  - REMOVED TEAM SALARY (Art, I §1 (nnn)): |  | 227281842 | 152980992.6 | 119308939 | 28448276 | 0 | 0 | 528020049.6"
2026-07-10 12:02:57,SHEETS,ADDED,MIN  + ADDED   |  |  |  |  |  |  |  | 0
2026-07-10 12:02:57,SHEETS,ADDED,"MIN  + ADDED  TEAM SALARY (Art, I §1 (nnn)): |  | 224870752 | 152980992.6 | 119308939 | 28448276 | 0 | 0 | 525608959.6"
2026-07-10 12:02:57,SHEETS,REMOVED,MIN  - REMOVED Players Under Contract |  | 161919928 | 152980992.6 | 119308939 | 28448276 | 0 | 0 | BOLD = Option Year
2026-07-10 12:02:57,SHEETS,REMOVED,"MIN  - REMOVED Full Season Contracts |  | 161919928 | 152980992.6 | 119308939 | 28448276 | 0 | 0 | *=Projected Exten,,"
2026-07-10 12:02:57,SHEETS,ADDED,MIN  + ADDED  Players Under Contract |  | 159508838 | 152980992.6 | 119308939 | 28448276 | 0 | 0 | BOLD = Option Year
2026-07-10 12:02:57,SHEETS,ADDED,"MIN  + ADDED  Full Season Contracts |  | 159508838 | 152980992.6 | 119308939 | 28448276 | 0 | 0 | *=Projected Exten,,"
2026-07-10 12:02:57,SHEETS,REMOVED,"MIN  - REMOVED Avg, Salary (Mean) (ALL Compensation Obligations) |  |  | Players Under Contract |  | 10"
2026-07-10 12:02:57,SHEETS,REMOVED,"MIN  - REMOVED Avg, Salary (Mean) (No 10-Day K's) |  |  | Avaiable Spots |  | 5"
2026-07-10 12:02:57,SHEETS,REMOVED,"MIN  - REMOVED Avg, Salary (Mean) (No 10-Day K's & ROS) |  |  | Players to Reach Roster Min, |  | 3"
2026-07-10 12:02:57,SHEETS,ADDED,"MIN  + ADDED  Avg, Salary (Mean) (ALL Compensation Obligations) |  |  | Players Under Contract |  | 9"
2026-07-10 12:02:57,SHEETS,ADDED,"MIN  + ADDED  Avg, Salary (Mean) (No 10-Day K's) |  |  | Avaiable Spots |  | 6"
2026-07-10 12:02:57,SHEETS,ADDED,"MIN  + ADDED  Avg, Salary (Mean) (No 10-Day K's & ROS) |  |  | Players to Reach Roster Min, |  | 4"
2026-07-10 12:01:58,SHEETS,ADDED,"MIN  + ADDED  Gueye, Mouhamadou | 1 - FULL SEASON | 2411090.0 |  |  |  |  |  | 2411090"
2026-07-10 12:01:58,SHEETS,ADDED,MIN  + ADDED   |  |  |  |  |  |  |  | 0
2026-07-10 12:01:58,SHEETS,ADDED,MIN  + ADDED   |  |  |  |  |  |  |  | 0
2026-07-10 12:01:58,SHEETS,ADDED,"MIN  + ADDED  Gueye, Mouhamadou | 1 - FULL SEASON | 2411090.0 |  |  |  |  |  | 2411090"
2026-07-10 12:01:58,SHEETS,REMOVED,MIN  - REMOVED  |  |  |  |  |  |  |  | 0
2026-07-10 12:01:58,SHEETS,REMOVED,MIN  - REMOVED  |  |  |  |  |  |  |  | 0
2026-07-10 12:01:58,SHEETS,REMOVED,MIN  - REMOVED  |  |  |  |  |  |  |  | 0
2026-07-10 12:01:58,SHEETS,REMOVED,MIN  - REMOVED  |  |  |  |  |  |  |  | 0
2026-07-10 12:01:58,SHEETS,REMOVED,"MIN  - REMOVED TEAM SALARY (Art, I §1 (nnn)): |  | 222459662 | 152980992.6 | 119308939 | 28448276 | 0 | 0 | 523197869.6"
2026-07-10 12:01:58,SHEETS,ADDED,"MIN  + ADDED  TEAM SALARY (Art, I §1 (nnn)): |  | 227281842 | 152980992.6 | 119308939 | 28448276 | 0 | 0 | 528020049.6"
2026-07-10 12:01:58,SHEETS,REMOVED,MIN  - REMOVED Players Under Contract |  | 157097748 | 152980992.6 | 119308939 | 28448276 | 0 | 0 | BOLD = Option Year
2026-07-10 12:01:58,SHEETS,REMOVED,"MIN  - REMOVED Full Season Contracts |  | 157097748 | 152980992.6 | 119308939 | 28448276 | 0 | 0 | *=Projected Exten,,"
2026-07-10 12:01:58,SHEETS,ADDED,MIN  + ADDED  Players Under Contract |  | 161919928 | 152980992.6 | 119308939 | 28448276 | 0 | 0 | BOLD = Option Year
2026-07-10 12:01:58,SHEETS,ADDED,"MIN  + ADDED  Full Season Contracts |  | 161919928 | 152980992.6 | 119308939 | 28448276 | 0 | 0 | *=Projected Exten,,"
2026-07-10 12:01:58,SHEETS,REMOVED,"MIN  - REMOVED Avg, Salary (Mean) (ALL Compensation Obligations) |  |  | Players Under Contract |  | 8"
2026-07-10 12:01:58,SHEETS,REMOVED,"MIN  - REMOVED Avg, Salary (Mean) (No 10-Day K's) |  |  | Avaiable Spots |  | 7"
2026-07-10 12:01:58,SHEETS,REMOVED,"MIN  - REMOVED Avg, Salary (Mean) (No 10-Day K's & ROS) |  |  | Players to Reach Roster Min, |  | 5"
2026-07-10 12:01:58,SHEETS,ADDED,"MIN  + ADDED  Avg, Salary (Mean) (ALL Compensation Obligations) |  |  | Players Under Contract |  | 10"
2026-07-10 12:01:58,SHEETS,ADDED,"MIN  + ADDED  Avg, Salary (Mean) (No 10-Day K's) |  |  | Avaiable Spots |  | 5"
2026-07-10 12:01:58,SHEETS,ADDED,"MIN  + ADDED  Avg, Salary (Mean) (No 10-Day K's & ROS) |  |  | Players to Reach Roster Min, |  | 3"
2026-07-10 12:00:57,SHEETS,REMOVED,"BKN  - REMOVED Claxton, Nicolas | 1 - FULL SEASON | 23320738.0 | 21099720.0 |  |  |  |  | 44420458"
2026-07-10 12:00:57,SHEETS,ADDED,"BKN  + ADDED  Randle, Julius | 1 - FULL SEASON | 33333334.0 | 35802468.0 |  |  |  |  | 69135802"
2026-07-10 12:00:57,SHEETS,REMOVED,BKN  - REMOVED  |  |  |  |  |  |  |  | 0
2026-07-10 12:00:57,SHEETS,REMOVED,BKN  - REMOVED  |  |  |  |  |  |  |  | 0
2026-07-10 12:00:57,SHEETS,REMOVED,"BKN  - REMOVED TEAM SALARY (Art, I §1 (nnn)): |  | 145644099.5 | 94680080 | 46411928 | 18153206.4 | 0 | 0 | 304889313.9"
2026-07-10 12:00:57,SHEETS,ADDED,BKN  + ADDED   |  |  |  |  |  |  |  | 0
2026-07-10 12:00:57,SHEETS,ADDED,BKN  + ADDED   |  |  |  |  |  |  |  | 0
2026-07-10 12:00:57,SHEETS,ADDED,"BKN  + ADDED  TEAM SALARY (Art, I §1 (nnn)): |  | 155656695.5 | 109382828 | 46411928 | 18153206.4 | 0 | 0 | 329604657.9"
2026-07-10 12:00:57,SHEETS,REMOVED,BKN  - REMOVED Players Under Contract |  | 140225158.5 | 91561520 | 43145048 | 12256488 | 0 | 0 | BOLD = Option Year
2026-07-10 12:00:57,SHEETS,REMOVED,"BKN  - REMOVED Full Season Contracts |  | 140225158.5 | 91561520 | 43145048 | 12256488 | 0 | 0 | *=Projected Exten,,"
2026-07-10 12:00:57,SHEETS,ADDED,BKN  + ADDED  Players Under Contract |  | 150237754.5 | 106264268 | 43145048 | 12256488 | 0 | 0 | BOLD = Option Year
2026-07-10 12:00:57,SHEETS,ADDED,"BKN  + ADDED  Full Season Contracts |  | 150237754.5 | 106264268 | 43145048 | 12256488 | 0 | 0 | *=Projected Exten,,"
2026-07-10 12:00:57,SHEETS,ADDED,"CHI  + ADDED  Claxton, Nicolas | 1 - FULL SEASON | 23320738.0 | 21099720.0 |  |  |  |  | 44420458"
2026-07-10 12:00:57,SHEETS,REMOVED,"CHI  - REMOVED Claxton, Nicolas | 1 - FULL SEASON | 23320738.0 | 21099720.0 |  |  |  |  | 44420458"
2026-07-10 12:00:57,SHEETS,REMOVED,"MIN  - REMOVED Randle, Julius | 1 - FULL SEASON | 33333334.0 | 35802468.0 |  |  |  |  | 69135802"
2026-07-10 12:00:57,SHEETS,REMOVED,"MIN  - REMOVED TEAM SALARY (Art, I §1 (nnn)): |  | 255792996 | 188783460.6 | 119308939 | 28448276 | 0 | 0 | 592333671.6"
2026-07-10 12:00:57,SHEETS,ADDED,MIN  + ADDED   |  |  |  |  |  |  |  | 0
2026-07-10 12:00:57,SHEETS,ADDED,"MIN  + ADDED  TEAM SALARY (Art, I §1 (nnn)): |  | 222459662 | 152980992.6 | 119308939 | 28448276 | 0 | 0 | 523197869.6"
2026-07-10 12:00:57,SHEETS,REMOVED,MIN  - REMOVED Players Under Contract |  | 190431082 | 188783460.6 | 119308939 | 28448276 | 0 | 0 | BOLD = Option Year
2026-07-10 12:00:57,SHEETS,REMOVED,"MIN  - REMOVED Full Season Contracts |  | 190431082 | 188783460.6 | 119308939 | 28448276 | 0 | 0 | *=Projected Exten,,"
2026-07-10 12:00:57,SHEETS,ADDED,MIN  + ADDED  Players Under Contract |  | 157097748 | 152980992.6 | 119308939 | 28448276 | 0 | 0 | BOLD = Option Year
2026-07-10 12:00:57,SHEETS,ADDED,"MIN  + ADDED  Full Season Contracts |  | 157097748 | 152980992.6 | 119308939 | 28448276 | 0 | 0 | *=Projected Exten,,"
2026-07-10 12:00:57,SHEETS,REMOVED,"MIN  - REMOVED Avg, Salary (Mean) (ALL Compensation Obligations) |  |  | Players Under Contract |  | 9"
2026-07-10 12:00:57,SHEETS,REMOVED,"MIN  - REMOVED Avg, Salary (Mean) (No 10-Day K's) |  |  | Avaiable Spots |  | 6"
2026-07-10 12:00:57,SHEETS,REMOVED,"MIN  - REMOVED Avg, Salary (Mean) (No 10-Day K's & ROS) |  |  | Players to Reach Roster Min, |  | 4"
2026-07-10 12:00:57,SHEETS,ADDED,"MIN  + ADDED  Avg, Salary (Mean) (ALL Compensation Obligations) |  |  | Players Under Contract |  | 8"
2026-07-10 12:00:57,SHEETS,ADDED,"MIN  + ADDED  Avg, Salary (Mean) (No 10-Day K's) |  |  | Avaiable Spots |  | 7"
2026-07-10 12:00:57,SHEETS,ADDED,"MIN  + ADDED  Avg, Salary (Mean) (No 10-Day K's & ROS) |  |  | Players to Reach Roster Min, |  | 5"
2026-07-10 12:00:57,SHEETS,REMOVED,Luxury Tax Calculator  - REMOVED Luxury Tax | 0 | 10827406 | 0 | 0 | 0 | 0 | 0 | 15501723 | 0 | 0 | 3422264 | 15955511.6 | 0 | 0 | 0 | 10244835 | 0 | 2536082 | 435790.92 | 28067811 | 44106714 | 29970320.04 | 17700978.3 | 29009155.52 | 6712130.274 | 16311062 | 7935545.68 | 8767635.14 | 0 | 1576403.92
2026-07-10 12:00:57,SHEETS,REMOVED,Luxury Tax Calculator  - REMOVED 1st Incremental Tax Bracket | 0 | 17055000 | 0 | 0 | 0 | 0 | 0 | 17055000 | 0 | 0 | 3422264 | 5685000 | 0 | 0 | 0 | 5685000 | 0 | 2536082 | 435790.92 | 5685000 | 5685000 | 5685000 | 5685000 | 17055000 | 5685000 | 5685000 | 5685000 | 5685000 | 0 | 1576403.92
2026-07-10 12:00:57,SHEETS,ADDED,Luxury Tax Calculator  + ADDED  Luxury Tax | 0 | 10827406 | 0 | 0 | 0 | 0 | 0 | 15501723 | 0 | 0 | 3422264 | 15955511.6 | 0 | 0 | 0 | 10244835 | 0 | 0 | 435790.92 | 28067811 | 44106714 | 29970320.04 | 17700978.3 | 29009155.52 | 6712130.274 | 16311062 | 7935545.68 | 8767635.14 | 0 | 1576403.92
2026-07-10 12:00:57,SHEETS,ADDED,Luxury Tax Calculator  + ADDED  1st Incremental Tax Bracket | 0 | 17055000 | 0 | 0 | 0 | 0 | 0 | 17055000 | 0 | 0 | 3422264 | 5685000 | 0 | 0 | 0 | 5685000 | 0 | 0 | 435790.92 | 5685000 | 5685000 | 5685000 | 5685000 | 17055000 | 5685000 | 5685000 | 5685000 | 5685000 | 0 | 1576403.92
2026-07-10 12:00:57,SHEETS,REMOVED,Luxury Tax Calculator  - REMOVED Tax Liability | 0 | 33767819.5 | 0 | 0 | 0 | 0 | 0 | 58255726.5 | 0 | 0 | 3422264 | 28840540.6 | 0 | 0 | 0 | 11384793.75 | 0 | 2536082 | 435790.92 | 87663507.75 | 186862819.5 | 98424340.23 | 35757146.93 | 150915955.3 | 6968912.843 | 30084967 | 8498182.1 | 9538293.925 | 0 | 1576403.92
2026-07-10 12:00:57,SHEETS,ADDED,Luxury Tax Calculator  + ADDED  Tax Liability | 0 | 33767819.5 | 0 | 0 | 0 | 0 | 0 | 58255726.5 | 0 | 0 | 3422264 | 28840540.6 | 0 | 0 | 0 | 11384793.75 | 0 | 0 | 435790.92 | 87663507.75 | 186862819.5 | 98424340.23 | 35757146.93 | 150915955.3 | 6968912.843 | 30084967 | 8498182.1 | 9538293.925 | 0 | 1576403.92
2026-07-10 11:59:58,SHEETS,REMOVED,"BKN  - REMOVED Williams, Ziaire | 4 - CAP HOLD | 11875000.0 |  |  |  |  |  | 11875000"
2026-07-10 11:59:58,SHEETS,ADDED,BKN  + ADDED   |  |  |  |  |  |  |  | 0
2026-07-10 11:59:58,SHEETS,ADDED,BKN  + ADDED   |  |  |  |  |  |  |  | 0
2026-07-10 11:59:58,SHEETS,ADDED,"BKN  + ADDED  Jefferson, Joshua | 6 - DRAFT PICK | 2969520.0 | 3118560.0 | 3266880.0 | 5896718.4 |  |  | 15251678.4"
2026-07-10 11:59:58,SHEETS,REMOVED,BKN  - REMOVED  |  |  |  |  |  |  |  | 0
2026-07-10 11:59:58,SHEETS,REMOVED,BKN  - REMOVED  |  |  |  |  |  |  |  | 0
2026-07-10 11:59:58,SHEETS,REMOVED,"BKN  - REMOVED TEAM SALARY (Art, I §1 (nnn)): |  | 154549579.5 | 91561520 | 43145048 | 12256488 | 0 | 0 | 301512635.5"
2026-07-10 11:59:58,SHEETS,ADDED,"BKN  + ADDED  TEAM SALARY (Art, I §1 (nnn)): |  | 145644099.5 | 94680080 | 46411928 | 18153206.4 | 0 | 0 | 304889313.9"
2026-07-10 11:59:58,SHEETS,REMOVED,BKN  - REMOVED Cap Holds |  | 14324421 | 0 | 0 | 0 | 0 | 0
2026-07-10 11:59:58,SHEETS,ADDED,BKN  + ADDED  Cap Holds |  | 2449421 | 0 | 0 | 0 | 0 | 0
2026-07-10 11:59:58,SHEETS,REMOVED,BKN  - REMOVED Draft Picks |  | 0 | 0 | 0 | 0 | 0 | 0
2026-07-10 11:59:58,SHEETS,ADDED,BKN  + ADDED  Draft Picks |  | 2969520 | 3118560 | 3266880 | 5896718.4 | 0 | 0
2026-07-10 11:59:58,SHEETS,REMOVED,BKN  - REMOVED  |  |  | Cap Holds |  | 2
2026-07-10 11:59:58,SHEETS,ADDED,BKN  + ADDED   |  |  | Cap Holds |  | 1
2026-07-10 11:59:58,SHEETS,REMOVED,"CHI  - REMOVED Sexton, Collin | 4 - CAP HOLD | 28762500.0 |  |  |  |  |  | 28762500"
2026-07-10 11:59:58,SHEETS,REMOVED,"CHI  - REMOVED Richards, Nick | 4 - CAP HOLD | 9500000.0 |  |  |  |  |  | 9500000"
2026-07-10 11:59:58,SHEETS,REMOVED,"CHI  - REMOVED Yabusele, Guerschon | 4 - CAP HOLD | 6600000.0 |  |  |  |  |  | 6600000"
2026-07-10 11:59:58,SHEETS,REMOVED,"CHI  - REMOVED Horton-Tucker, Talen | 4 - CAP HOLD | 2449421.0 |  |  |  |  |  | 2449421"
2026-07-10 11:59:58,SHEETS,REMOVED,"CHI  - REMOVED Thomas, Matt | 4 - CAP HOLD | 2449421.0 |  |  |  |  |  | 2449421"
2026-07-10 11:59:58,SHEETS,REMOVED,"CHI  - REMOVED Jefferson, Joshua | 6 - DRAFT PICK | 2969520.0 | 3118560.0 | 3266880.0 | 5896718.4 |  |  | 15251678.4"
2026-07-10 11:59:58,SHEETS,ADDED,CHI  + ADDED   |  |  |  |  |  |  |  | 0
2026-07-10 11:59:58,SHEETS,ADDED,CHI  + ADDED   |  |  |  |  |  |  |  | 0
2026-07-10 11:59:58,SHEETS,ADDED,CHI  + ADDED   |  |  |  |  |  |  |  | 0
2026-07-10 11:59:58,SHEETS,ADDED,CHI  + ADDED   |  |  |  |  |  |  |  | 0
2026-07-10 11:59:58,SHEETS,ADDED,CHI  + ADDED   |  |  |  |  |  |  |  | 0
2026-07-10 11:59:58,SHEETS,ADDED,"CHI  + ADDED  Claxton, Nicolas | 1 - FULL SEASON | 23320738.0 | 21099720.0 |  |  |  |  | 44420458"
2026-07-10 11:59:58,SHEETS,REMOVED,"CHI  - REMOVED TEAM SALARY (Art, I §1 (nnn)): |  | 173322081 | 101370537.8 | 71711583 | 29136526.56 | 0 | 0 | 375540728.3"
2026-07-10 11:59:58,SHEETS,ADDED,"CHI  + ADDED  TEAM SALARY (Art, I §1 (nnn)): |  | 143911957 | 119351697.8 | 68444703 | 23239808.16 | 0 | 0 | 354948165.9"
2026-07-10 11:59:58,SHEETS,REMOVED,CHI  - REMOVED Players Under Contract |  | 119515760 | 98251977.76 | 68444703 | 23239808.16 | 0 | 0 | BOLD = Option Year
2026-07-10 11:59:58,SHEETS,REMOVED,"CHI  - REMOVED Full Season Contracts |  | 119515760 | 98251977.76 | 68444703 | 23239808.16 | 0 | 0 | *=Projected Exten,,"
2026-07-10 11:59:58,SHEETS,ADDED,CHI  + ADDED  Players Under Contract |  | 142836498 | 119351697.8 | 68444703 | 23239808.16 | 0 | 0 | BOLD = Option Year
2026-07-10 11:59:58,SHEETS,ADDED,"CHI  + ADDED  Full Season Contracts |  | 142836498 | 119351697.8 | 68444703 | 23239808.16 | 0 | 0 | *=Projected Exten,,"
2026-07-10 11:59:58,SHEETS,REMOVED,CHI  - REMOVED Cap Holds |  | 49761342 | 0 | 0 | 0 | 0 | 0
2026-07-10 11:59:58,SHEETS,ADDED,CHI  + ADDED  Cap Holds |  | 0 | 0 | 0 | 0 | 0 | 0
2026-07-10 11:59:58,SHEETS,REMOVED,CHI  - REMOVED Draft Picks |  | 2969520 | 3118560 | 3266880 | 5896718.4 | 0 | 0
2026-07-10 11:59:58,SHEETS,ADDED,CHI  + ADDED  Draft Picks |  | 0 | 0 | 0 | 0 | 0 | 0
2026-07-10 11:59:58,SHEETS,REMOVED,"CHI  - REMOVED Avg, Salary (Mean) (ALL Compensation Obligations) |  |  | Players Under Contract |  | 13"
2026-07-10 11:59:58,SHEETS,REMOVED,"CHI  - REMOVED Avg, Salary (Mean) (No 10-Day K's) |  |  | Avaiable Spots |  | 2"
2026-07-10 11:59:58,SHEETS,ADDED,"CHI  + ADDED  Avg, Salary (Mean) (ALL Compensation Obligations) |  |  | Players Under Contract |  | 14"
2026-07-10 11:59:58,SHEETS,ADDED,"CHI  + ADDED  Avg, Salary (Mean) (No 10-Day K's) |  |  | Avaiable Spots |  | 1"
2026-07-10 11:59:58,SHEETS,REMOVED,CHI  - REMOVED  |  |  | Cap Holds |  | 5
2026-07-10 11:59:58,SHEETS,ADDED,CHI  + ADDED   |  |  | Cap Holds |  | 0
2026-07-10 11:52:55,TRANSACTIONS,Signing,2026-07-09  Utah Jazz signed guard Josh Okogie to a Contract.
2026-07-10 11:44:55,TRANSACTIONS,Signing,2026-07-09  Utah Jazz signed center Jaxson Hayes to a Contract.
2026-07-10 11:42:54,PLAYERS,REMOVED,- REMOVED Yuki Kawamura (CHI)
2026-07-10 11:42:54,PLAYERS,REMOVED,- REMOVED Collin Sexton (CHI)
2026-07-10 11:42:54,PLAYERS,REMOVED,- REMOVED Lachlan Olbrich (CHI)
2026-07-10 11:42:54,PLAYERS,REMOVED,- REMOVED Mac McClung (CHI)
2026-07-10 11:42:54,PLAYERS,REMOVED,- REMOVED Guerschon Yabusele (CHI)
2026-07-10 11:42:54,PLAYERS,REMOVED,- REMOVED Nick Richards (CHI)
2026-07-10 10:45:54,PLAYERS,REMOVED,- REMOVED Ziaire Williams (BKN)
2026-07-10 08:17:08,DOCS,REMOVED,"2026-27 Veteran Signings  - REMOVED 3 Years for $26,100,000 ($30,015,000 w/unlikely to be earned bonuses). Non-Taxpayer Mid-Level Exception (Partial). Team option to extend the contract to include the 2028-29 Season. Insurance Premium Reimbursement. Skill; Injury or Illness; Mental. Compensation protection for 2027-28 Season is none but will increase to full if team has not requested waivers on player on or before the date that is two days after the 2027 NBA Draft. Compensation protection for 2028-29 Season is none but will increase to full if team has not requested waivers on player on or before the date that is two days after the 2028 NBA Draft. Love of the Game. Physical Exam. Alt. 7(b)."
2026-07-10 08:17:08,DOCS,ADDED,"2026-27 Veteran Signings  + ADDED  3 Years for $26,100,000 ($30,015,000 w/unlikely to be earned bonuses). Non-Taxpayer Mid-Level Exception (Partial). Offer Sheet (Not Matched). Team option to extend the contract to include the 2028-29 Season. Insurance Premium Reimbursement. Skill; Injury or Illness; Mental. Compensation protection for 2027-28 Season is none but will increase to full if team has not requested waivers on player on or before the date that is two days after the 2027 NBA Draft. Compensation protection for 2028-29 Season is none but will increase to full if team has not requested waivers on player on or before the date that is two days after the 2028 NBA Draft. Love of the Game. Physical Exam. Alt. 7(b)."
2026-07-10 08:17:05,TRANSACTIONS,Signing,2026-07-09  LA Clippers signed forward Baba Miller to a Contract.
2026-07-10 08:17:05,TRANSACTIONS,Signing,2026-07-09  Milwaukee Bucks re-signed forward Ousmane Dieng to a Contract.
2026-07-10 08:17:05,TRANSACTIONS,Signing,2026-07-09  LA Clippers re-signed guard Jordan Miller to a Contract.
2026-07-10 08:16:01,SHEETS,REMOVED,"BOS  - REMOVED Banton, Dalano | 1 - FULL SEASON | 2801346.0 |  |  |  |  |  | 2801346"
2026-07-10 08:16:01,SHEETS,REMOVED,"BOS  - REMOVED TEAM SALARY (Art, I §1 (nnn)): |  | 210792826 | 214682470.2 | 156745847 | 95656742.6 | 15500000 | 0 | 693377885.8"
2026-07-10 08:16:01,SHEETS,ADDED,BOS  + ADDED   |  |  |  |  |  |  |  | 0
2026-07-10 08:16:01,SHEETS,ADDED,"BOS  + ADDED  TEAM SALARY (Art, I §1 (nnn)): |  | 207991480 | 214682470.2 | 156745847 | 95656742.6 | 15500000 | 0 | 690576539.8"
2026-07-10 08:16:01,SHEETS,REMOVED,BOS  - REMOVED Players Under Contract |  | 201523752 | 214682470.2 | 156745847 | 95656742.6 | 15500000 | 0 | BOLD = Option Year
2026-07-10 08:16:01,SHEETS,REMOVED,"BOS  - REMOVED Full Season Contracts |  | 201523752 | 214682470.2 | 156745847 | 95656742.6 | 15500000 | 0 | *=Projected Exten,,"
2026-07-10 08:16:01,SHEETS,ADDED,BOS  + ADDED  Players Under Contract |  | 198722406 | 214682470.2 | 156745847 | 95656742.6 | 15500000 | 0 | BOLD = Option Year
2026-07-10 08:16:01,SHEETS,ADDED,"BOS  + ADDED  Full Season Contracts |  | 198722406 | 214682470.2 | 156745847 | 95656742.6 | 15500000 | 0 | *=Projected Exten,,"
2026-07-10 08:16:01,SHEETS,REMOVED,"BOS  - REMOVED Avg, Salary (Mean) (ALL Compensation Obligations) |  |  | Players Under Contract |  | 15"
2026-07-10 08:16:01,SHEETS,REMOVED,"BOS  - REMOVED Avg, Salary (Mean) (No 10-Day K's) |  |  | Avaiable Spots |  | 0"
2026-07-10 08:16:01,SHEETS,ADDED,"BOS  + ADDED  Avg, Salary (Mean) (ALL Compensation Obligations) |  |  | Players Under Contract |  | 14"
2026-07-10 08:16:01,SHEETS,ADDED,"BOS  + ADDED  Avg, Salary (Mean) (No 10-Day K's) |  |  | Avaiable Spots |  | 1"
2026-07-10 08:16:01,SHEETS,REMOVED,Luxury Tax Calculator  - REMOVED Luxury Tax | 0 | 13628752 | 0 | 0 | 0 | 0 | 0 | 15501723 | 0 | 0 | 3422264 | 15955511.6 | 0 | 0 | 0 | 10244835 | 0 | 2536082 | 435790.92 | 28067811 | 44106714 | 29970320.04 | 17700978.3 | 29009155.52 | 6712130.274 | 16311062 | 7935545.68 | 8767635.14 | 0 | 1576403.92
2026-07-10 08:16:01,SHEETS,ADDED,Luxury Tax Calculator  + ADDED  Luxury Tax | 0 | 10827406 | 0 | 0 | 0 | 0 | 0 | 15501723 | 0 | 0 | 3422264 | 15955511.6 | 0 | 0 | 0 | 10244835 | 0 | 2536082 | 435790.92 | 28067811 | 44106714 | 29970320.04 | 17700978.3 | 29009155.52 | 6712130.274 | 16311062 | 7935545.68 | 8767635.14 | 0 | 1576403.92
2026-07-10 08:16:01,SHEETS,REMOVED,Luxury Tax Calculator  - REMOVED 2nd Incremental Tax Bracket | 0 | 18476250 | 0 | 0 | 0 | 0 | 0 | 18476250 | 0 | 0 | 0 | 7106250 | 0 | 0 | 0 | 5699793.75 | 0 | 0 | 0 | 7106250 | 7106250 | 7106250 | 7106250 | 18476250 | 1283912.843 | 7106250 | 2813182.1 | 3853293.925 | 0 | 0
2026-07-10 08:16:01,SHEETS,REMOVED,Luxury Tax Calculator  - REMOVED 3rd Incremental Tax Bracket | 0 | 12423136 | 0 | 0 | 0 | 0 | 0 | 22724476.5 | 0 | 0 | 0 | 16049290.6 | 0 | 0 | 0 | 0 | 0 | 0 | 0 | 19897500 | 19897500 | 19897500 | 19897500 | 31267500 | 0 | 17293717 | 0 | 0 | 0 | 0
2026-07-10 08:16:01,SHEETS,ADDED,Luxury Tax Calculator  + ADDED  2nd Incremental Tax Bracket | 0 | 16712819.5 | 0 | 0 | 0 | 0 | 0 | 18476250 | 0 | 0 | 0 | 7106250 | 0 | 0 | 0 | 5699793.75 | 0 | 0 | 0 | 7106250 | 7106250 | 7106250 | 7106250 | 18476250 | 1283912.843 | 7106250 | 2813182.1 | 3853293.925 | 0 | 0
2026-07-10 08:16:01,SHEETS,ADDED,Luxury Tax Calculator  + ADDED  3rd Incremental Tax Bracket | 0 | 0 | 0 | 0 | 0 | 0 | 0 | 22724476.5 | 0 | 0 | 0 | 16049290.6 | 0 | 0 | 0 | 0 | 0 | 0 | 0 | 19897500 | 19897500 | 19897500 | 19897500 | 31267500 | 0 | 17293717 | 0 | 0 | 0 | 0
2026-07-10 08:16:01,SHEETS,REMOVED,Luxury Tax Calculator  - REMOVED Tax Liability | 0 | 47954386 | 0 | 0 | 0 | 0 | 0 | 58255726.5 | 0 | 0 | 3422264 | 28840540.6 | 0 | 0 | 0 | 11384793.75 | 0 | 2536082 | 435790.92 | 87663507.75 | 186862819.5 | 98424340.23 | 35757146.93 | 150915955.3 | 6968912.843 | 30084967 | 8498182.1 | 9538293.925 | 0 | 1576403.92
2026-07-10 08:16:01,SHEETS,ADDED,Luxury Tax Calculator  + ADDED  Tax Liability | 0 | 33767819.5 | 0 | 0 | 0 | 0 | 0 | 58255726.5 | 0 | 0 | 3422264 | 28840540.6 | 0 | 0 | 0 | 11384793.75 | 0 | 2536082 | 435790.92 | 87663507.75 | 186862819.5 | 98424340.23 | 35757146.93 | 150915955.3 | 6968912.843 | 30084967 | 8498182.1 | 9538293.925 | 0 | 1576403.92
2026-07-09 17:44:54,PLAYERS,CHANGED,~ CHANGED Luka Dončić  name: Luka Doncic -> Luka Dončić
2026-07-09 16:48:54,PLAYERS,CHANGED,~ CHANGED Luka Doncic  name: Luka Dončić -> Luka Doncic
2026-07-09 16:12:55,TRANSACTIONS,Signing,2026-07-09  Detroit Pistons re-signed guard Kevin Huerter to a Contract.
2026-07-09 15:43:55,PLAYERS,REMOVED,- REMOVED Dalano Banton (BOS)
2026-07-09 15:42:54,PLAYERS,ADDED,+ ADDED   Dalano Banton (BOS)
2026-07-09 15:41:55,PLAYERS,REMOVED,- REMOVED Dalano Banton (BOS)
2026-07-09 15:10:55,TRANSACTIONS,Signing,2026-07-09  Golden State Warriors re-signed center Charles Bassey to a Contract.
2026-07-09 14:49:55,TRANSACTIONS,Waive,2026-07-09  Boston Celtics waived forward Dalano Banton.
2026-07-09 14:40:54,PLAYERS,ADDED,+ ADDED   Nate Bittle (TOR)
2026-07-09 14:40:54,PLAYERS,CHANGED,~ CHANGED Jusuf Nurkić  name: Jusuf Nurkic -> Jusuf Nurkić
2026-07-09 14:02:54,PLAYERS,CHANGED,~ CHANGED Jusuf Nurkic  name: Jusuf Nurkić -> Jusuf Nurkic
2026-07-09 13:59:55,TRANSACTIONS,Signing,2026-07-09  Utah Jazz re-signed center Jusuf Nurkic to a Contract.
2026-07-09 13:50:55,TRANSACTIONS,Signing,2026-07-09  Houston Rockets re-signed forward Tari Eason to a Contract.
2026-07-09 13:43:54,PLAYERS,CHANGED,~ CHANGED Larry Nance Jr.  team: CLE -> IND
2026-07-09 13:42:54,PLAYERS,CHANGED,~ CHANGED Larry Nance Jr.  team: IND -> CLE
2026-07-09 13:40:55,TRANSACTIONS,Signing,2026-07-09  Indiana Pacers re-signed forward Kobe Brown to a Two-Way Contract.
2026-07-09 13:39:54,PLAYERS,CHANGED,~ CHANGED Larry Nance Jr.  team: CLE -> IND
2026-07-09 13:32:55,TRANSACTIONS,Signing,2026-07-09  Indiana Pacers signed forward Larry Nance Jr. to a Contract.
2026-07-09 10:39:57,PLAYERS,CHANGED,~ CHANGED Chris Cenac Jr.  name: Christopher Cenac Jr. -> Chris Cenac Jr.
2026-07-09 10:22:56,DOCS,REMOVED,"2026-27 Veteran Signings  - REMOVED 2 Years for $5,294,438. Minimum Salary Exception. Team option to extend the contract to include the 2027-28 Season. Player Trade Consent. Skill; Injury or Illness. Compensation protection for 2026-27 Season is none but will increase to full if team has not requested waivers on player on or before 1 day prior to the first day of the 2026-27 Season. Compensation protection for 2027-28 Season is none but will increase to full if team has not requested waivers on player on or before 1 day prior to the first day of the 2027-27 Season."
2026-07-09 10:22:56,DOCS,REMOVED,2026-27 Veteran Signings  - REMOVED Love of the Game. Alt. 7(b).
2026-07-09 10:22:56,DOCS,REMOVED,2026-27 Veteran Signings  - REMOVED Execution Date: 7/3/26
2026-07-09 10:22:56,DOCS,ADDED,"2026-27 Veteran Signings  + ADDED  2 Years for $5,294,438. Minimum Salary Exception. Team option to extend the contract to include the 2027-28 Season. Player Trade Consent. Skill; Injury or Illness. Compensation protection for 2026-27 Season is none but will increase to full if team has not requested waivers on player on or before 1 day prior to the first day of the 2026-27 Season. Compensation protection for 2027-28 Season is none but will increase to full if team has not requested waivers on player on or before 1 day prior to the first day of the 2027-28 Season. Love of the Game. Physical Exam. Alt. 7(b)."
2026-07-09 10:22:56,DOCS,ADDED,2026-27 Veteran Signings  + ADDED  Execution Date: 7/8/26
2026-07-09 10:21:55,DOCS,REMOVED,"2026-27 Veteran Signings  - REMOVED 2 Years for $5,294,438. Minimum Salary Exception. Team option to extend the contract to include the 2027-28 Season. Player Trade Consent. Skill; Injury or Illness. Compensation protection for 2027-28 Season is for $500,000 but will increase to full if team has not requested waivers on player on or before 7/1/2027. Love of the Game. Alt. 7(b)."
2026-07-09 10:21:55,DOCS,ADDED,"2026-27 Veteran Signings  + ADDED  2 Years for $5,294,438. Minimum Salary Exception. Team option to extend the contract to include the 2027-28 Season. Player Trade Consent. Skill; Injury or Illness. Compensation protection for 2026-27 Season is none but will increase to full if team has not requested waivers on player on or before 1 day prior to the first day of the 2026-27 Season. Compensation protection for 2027-28 Season is none but will increase to full if team has not requested waivers on player on or before 1 day prior to the first day of the 2027-27 Season."
2026-07-09 10:21:55,DOCS,ADDED,2026-27 Veteran Signings  + ADDED  Love of the Game. Alt. 7(b).
2026-07-09 10:20:56,DOCS,REMOVED,2026-27 Veteran Signings  - REMOVED Pete Nance Toronto Raptors
2026-07-09 10:20:56,DOCS,REMOVED,"2026-27 Veteran Signings  - REMOVED 26-27 $2,185,116"
2026-07-09 10:20:56,DOCS,REMOVED,"2026-27 Veteran Signings  - REMOVED 27-28 $2,571,895"
2026-07-09 10:20:56,DOCS,REMOVED,"2026-27 Veteran Signings  - REMOVED 2 Years for $4,757,011. Minimum Salary Exception. Advance Payment ($50,000). Skill; Injury or Illness; Death. Compensation protection for 2027-28 Season is for $500,000 but will increase to full if team has not requested waivers on player on or before 7/1/2027. Love of the Game. Alt. 7(b)."
2026-07-09 10:20:56,DOCS,ADDED,2026-27 Veteran Signings  + ADDED  Pete Nance Milwaukee Bucks
2026-07-09 10:20:56,DOCS,ADDED,"2026-27 Veteran Signings  + ADDED  26-27 $2,537,526"
2026-07-09 10:20:56,DOCS,ADDED,"2026-27 Veteran Signings  + ADDED  27-28 $2,756,912 (Team Option)"
2026-07-09 10:20:56,DOCS,ADDED,"2026-27 Veteran Signings  + ADDED  2 Years for $5,294,438. Minimum Salary Exception. Team option to extend the contract to include the 2027-28 Season. Player Trade Consent. Skill; Injury or Illness. Compensation protection for 2027-28 Season is for $500,000 but will increase to full if team has not requested waivers on player on or before 7/1/2027. Love of the Game. Alt. 7(b)."
2026-07-09 10:19:57,SHEETS,ADDED,"MIL  + ADDED  Nance, Pete | 1 - FULL SEASON | 2537526.0 | 2756912.0 |  |  |  |  | 5294438"
2026-07-09 10:19:57,SHEETS,REMOVED,"MIL  - REMOVED Nance, Pete | 1 - FULL SEASON | 2537526.0 | 2756912.0 |  |  |  |  | 5294438"
2026-07-09 10:19:56,DOCS,REMOVED,"2026-27 Veteran Signings  - REMOVED Update 1.2 (7/7/26): P. Achiuwa, J. Alvarado, K. Anderson, H. Barnes, B. Bogdanovic, T. Bryant, J. Collins, M. Conley, M. Diawara, A. Drummond, K. Ellis, C. Gillespie, J. Green, Q. Grimes, J. Goodwin, R. Hachimura, T. Hardaway Jr., T. Harris, I. Hartenstein, A. Hukporti, W. Kessler, S. Mamukelashvili, K. Middleton, K. Oubre, Q. Post, M. Robinson, K. Sanders, L. Shamet, C. White, K. Williams, M. Williams, T. Young"
2026-07-09 10:19:56,DOCS,ADDED,"2026-27 Veteran Signings  + ADDED  Update 1.2 (7/7/26): P. Achiuwa, J. Alvarado, K. Anderson, H. Barnes, B. Bogdanovic, T. Bryant, J. Collins, M. Conley, M. Diawara, A. Drummond, K. Ellis, C. Gillespie, J. Green, Q. Grimes, J. Goodwin, R. Hachimura, T. Hardaway Jr., T. Harris, I. Hartenstein, A. Hukporti, W. Kessler, S. Mamukelashvili, K. Middleton, P. Nance, K. Oubre, Q. Post, M. Robinson, K. Sanders, L. Shamet, C. White, K. Williams, M. Williams, T. Young"
2026-07-09 10:19:56,DOCS,ADDED,2026-27 Veteran Signings  + ADDED  Pete Nance Toronto Raptors
2026-07-09 10:19:56,DOCS,ADDED,"2026-27 Veteran Signings  + ADDED  26-27 $2,185,116"
2026-07-09 10:19:56,DOCS,ADDED,"2026-27 Veteran Signings  + ADDED  27-28 $2,571,895"
2026-07-09 10:19:56,DOCS,ADDED,"2026-27 Veteran Signings  + ADDED  2 Years for $4,757,011. Minimum Salary Exception. Advance Payment ($50,000). Skill; Injury or Illness; Death. Compensation protection for 2027-28 Season is for $500,000 but will increase to full if team has not requested waivers on player on or before 7/1/2027. Love of the Game. Alt. 7(b)."
2026-07-09 10:19:56,DOCS,ADDED,2026-27 Veteran Signings  + ADDED  Execution Date: 7/3/26
2026-07-09 10:19:00,SHEETS,ADDED,"MIL  + ADDED  Nance, Pete | 1 - FULL SEASON | 2537526.0 | 2756912.0 |  |  |  |  | 5294438"
2026-07-09 10:19:00,SHEETS,REMOVED,MIL  - REMOVED  |  |  |  |  |  |  |  | 0
2026-07-09 10:19:00,SHEETS,REMOVED,"MIL  - REMOVED TEAM SALARY (Art, I §1 (nnn)): |  | 195377248.5 | 91851644.23 | 85295148.2 | 55538317 | 0 | 0 | 428062357.9"
2026-07-09 10:19:00,SHEETS,ADDED,"MIL  + ADDED  TEAM SALARY (Art, I §1 (nnn)): |  | 197914774.5 | 94608556.23 | 85295148.2 | 55538317 | 0 | 0 | 433356795.9"
2026-07-09 10:19:00,SHEETS,REMOVED,MIL  - REMOVED Players Under Contract |  | 144833069.4 | 68668374.36 | 62778545 | 33021713.8 | 0 | 0 | BOLD = Option Year
2026-07-09 10:19:00,SHEETS,REMOVED,"MIL  - REMOVED Full Season Contracts |  | 144833069.4 | 68668374.36 | 62778545 | 33021713.8 | 0 | 0 | *=Projected Exten,,"
2026-07-09 10:19:00,SHEETS,ADDED,MIL  + ADDED  Players Under Contract |  | 147370595.4 | 71425286.36 | 62778545 | 33021713.8 | 0 | 0 | BOLD = Option Year
2026-07-09 10:19:00,SHEETS,ADDED,"MIL  + ADDED  Full Season Contracts |  | 147370595.4 | 71425286.36 | 62778545 | 33021713.8 | 0 | 0 | *=Projected Exten,,"
2026-07-09 10:19:00,SHEETS,REMOVED,"MIL  - REMOVED Avg, Salary (Mean) (ALL Compensation Obligations) |  |  | Players Under Contract |  | 14"
2026-07-09 10:19:00,SHEETS,REMOVED,"MIL  - REMOVED Avg, Salary (Mean) (No 10-Day K's) |  |  | Avaiable Spots |  | 1"
2026-07-09 10:19:00,SHEETS,ADDED,"MIL  + ADDED  Avg, Salary (Mean) (ALL Compensation Obligations) |  |  | Players Under Contract |  | 15"
2026-07-09 10:19:00,SHEETS,ADDED,"MIL  + ADDED  Avg, Salary (Mean) (No 10-Day K's) |  |  | Avaiable Spots |  | 0"
2026-07-09 10:16:56,DOCS,REMOVED,"2026-27 Veteran Signings  - REMOVED 3 Years for $26,100,000 ($30,015,000 w/unlikely to be earned bonuses). Non-Taxpayer Mid-Level Exception (Partial). Team option to extend the contract to include the 2028-29 Season. Insurance Premium Reimbursement. Skill; Injury or Illness; Mental. Compensation protection for 2027-28 Season is none but will increase to full if team has not requested waivers on player on or before the date that is two days after the 2027 NBA Draft. Compensation protection for 2028-29 Season is none but will increase to full if team has not requested waivers on player on or before the date that is two days after the 2028 NBA Draft."
2026-07-09 10:16:56,DOCS,REMOVED,2026-27 Veteran Signings  - REMOVED Love of the Game. Physical Exam. Alt. 7(b).
2026-07-09 10:16:56,DOCS,ADDED,"2026-27 Veteran Signings  + ADDED  3 Years for $26,100,000 ($30,015,000 w/unlikely to be earned bonuses). Non-Taxpayer Mid-Level Exception (Partial). Team option to extend the contract to include the 2028-29 Season. Insurance Premium Reimbursement. Skill; Injury or Illness; Mental. Compensation protection for 2027-28 Season is none but will increase to full if team has not requested waivers on player on or before the date that is two days after the 2027 NBA Draft. Compensation protection for 2028-29 Season is none but will increase to full if team has not requested waivers on player on or before the date that is two days after the 2028 NBA Draft. Love of the Game. Physical Exam. Alt. 7(b)."
2026-07-09 10:15:55,DOCS,REMOVED,"2026-27 Veteran Signings  - REMOVED 3 Years for $26,100,000 ($30,015,000 w/unlikely to be earned bonuses). Non-Taxpayer Mid-Level Exception (Partial). Team option to extend the contract to include the 2028-29 Season. Insurance Premium Reimbursement. Skill; Injury or Illness; Mental. Compensation protection for 2027-28 Season is none but will increase to full if team has not r"
2026-07-09 10:15:55,DOCS,ADDED,"2026-27 Veteran Signings  + ADDED  3 Years for $26,100,000 ($30,015,000 w/unlikely to be earned bonuses). Non-Taxpayer Mid-Level Exception (Partial). Team option to extend the contract to include the 2028-29 Season. Insurance Premium Reimbursement. Skill; Injury or Illness; Mental. Compensation protection for 2027-28 Season is none but will increase to full if team has not requested waivers on player on or before the date that is two days after the 2027 NBA Draft. Compensation protection for 2028-29 Season is none but will increase to full if team has not requested waivers on player on or before the date that is two days after the 2028 NBA Draft."
2026-07-09 10:14:56,DOCS,REMOVED,"2026-27 Veteran Signings  - REMOVED 3 Years for $26,100,000 ($30,015,000 w/unlikely to be earned bonuses). Non-Taxpayer Mid-Level Exception (Partial). Team option to extend the contract to include the 2028-29 Season. Insurance Premium Reimbursement. Skill; Injury or Illness; Mental. Love of the Game. Physical Exam. Alt. 7(b)."
2026-07-09 10:14:56,DOCS,REMOVED,2026-27 Veteran Signings  - REMOVED Execution Date: 7/6/26
2026-07-09 10:14:56,DOCS,ADDED,"2026-27 Veteran Signings  + ADDED  3 Years for $26,100,000 ($30,015,000 w/unlikely to be earned bonuses). Non-Taxpayer Mid-Level Exception (Partial). Team option to extend the contract to include the 2028-29 Season. Insurance Premium Reimbursement. Skill; Injury or Illness; Mental. Compensation protection for 2027-28 Season is none but will increase to full if team has not r"
2026-07-09 10:14:56,DOCS,ADDED,2026-27 Veteran Signings  + ADDED  Love of the Game. Physical Exam. Alt. 7(b).
2026-07-09 10:14:56,DOCS,ADDED,2026-27 Veteran Signings  + ADDED  Execution Date: 7/8/26
2026-07-09 10:13:56,DOCS,REMOVED,"2026-27 Veteran Signings  - REMOVED 27-28 $8,550,000"
2026-07-09 10:13:56,DOCS,REMOVED,"2026-27 Veteran Signings  - REMOVED 28-29 $8,550,000 (Team Option)"
2026-07-09 10:13:56,DOCS,REMOVED,2026-27 Veteran Signings  - REMOVED 3 Years for $. Non-Taxpayer Mid-Level Exception (Partial). Team option to extend the contract to include the 2027-28 Season. Insurance Premium Reimbursement. Skill; Injury or Illness; Mental. Love of the Game. Physical Exam. Alt. 7(b).
2026-07-09 10:13:56,DOCS,ADDED,"2026-27 Veteran Signings  + ADDED  27-28 $8,550,000 ($9,832,500)"
2026-07-09 10:13:56,DOCS,ADDED,"2026-27 Veteran Signings  + ADDED  28-29 $8,550,000 ($9,832,500) (Team Option)"
2026-07-09 10:13:56,DOCS,ADDED,"2026-27 Veteran Signings  + ADDED  3 Years for $26,100,000 ($30,015,000 w/unlikely to be earned bonuses). Non-Taxpayer Mid-Level Exception (Partial). Team option to extend the contract to include the 2028-29 Season. Insurance Premium Reimbursement. Skill; Injury or Illness; Mental. Love of the Game. Physical Exam. Alt. 7(b)."
2026-07-09 10:12:56,DOCS,REMOVED,"2026-27 Veteran Signings  - REMOVED 26-27 $9,000,000"
2026-07-09 10:12:56,DOCS,ADDED,"2026-27 Veteran Signings  + ADDED  26-27 $9,000,000 ($10,350,000)"
2026-07-09 10:11:56,DOCS,ADDED,2026-27 Veteran Signings  + ADDED  Quinten Post Los Angeles Clippers
2026-07-09 10:11:56,DOCS,ADDED,"2026-27 Veteran Signings  + ADDED  26-27 $9,000,000"
2026-07-09 10:11:56,DOCS,ADDED,"2026-27 Veteran Signings  + ADDED  27-28 $8,550,000"
2026-07-09 10:11:56,DOCS,ADDED,"2026-27 Veteran Signings  + ADDED  28-29 $8,550,000 (Team Option)"
2026-07-09 10:11:56,DOCS,ADDED,2026-27 Veteran Signings  + ADDED  3 Years for $. Non-Taxpayer Mid-Level Exception (Partial). Team option to extend the contract to include the 2027-28 Season. Insurance Premium Reimbursement. Skill; Injury or Illness; Mental. Love of the Game. Physical Exam. Alt. 7(b).
2026-07-09 10:11:56,DOCS,ADDED,2026-27 Veteran Signings  + ADDED  Execution Date: 7/6/26
2026-07-09 10:05:56,DOCS,REMOVED,"2026-27 Veteran Signings  - REMOVED Update 1.2 (7/7/26): P. Achiuwa, J. Alvarado, K. Anderson, H. Barnes, B. Bogdanovic, T. Bryant, J. Collins, M. Conley, M. Diawara, A. Drummond, K. Ellis, C. Gillespie, J. Green, Q. Grimes, J. Goodwin, R. Hachimura, T. Hardaway Jr., T. Harris, I. Hartenstein, A. Hukporti, W. Kessler, S. Mamukelashvili, K. Middleton, K. Oubre, M. Robinson, K. Sanders, L. Shamet, C. White, K. Williams, M. Williams, T. Young"
2026-07-09 10:05:56,DOCS,ADDED,"2026-27 Veteran Signings  + ADDED  Update 1.2 (7/7/26): P. Achiuwa, J. Alvarado, K. Anderson, H. Barnes, B. Bogdanovic, T. Bryant, J. Collins, M. Conley, M. Diawara, A. Drummond, K. Ellis, C. Gillespie, J. Green, Q. Grimes, J. Goodwin, R. Hachimura, T. Hardaway Jr., T. Harris, I. Hartenstein, A. Hukporti, W. Kessler, S. Mamukelashvili, K. Middleton, K. Oubre, Q. Post, M. Robinson, K. Sanders, L. Shamet, C. White, K. Williams, M. Williams, T. Young"
2026-07-09 10:04:58,SHEETS,ADDED,"MEM  + ADDED  Post, Quinten | 1 - FULL SEASON | 9000000.0 | 8550000.0 | 8550000.0 |  |  |  | 26100000"
2026-07-09 10:04:58,SHEETS,REMOVED,"MEM  - REMOVED Post, Quinten | 1 - FULL SEASON | 9000000.0 | 8550000.0 | 8550000.0 |  |  |  | 26100000"
2026-07-09 10:03:57,SHEETS,ADDED,"MEM  + ADDED  Post, Quinten | 1 - FULL SEASON | 9000000.0 | 8550000.0 | 8550000.0 |  |  |  | 26100000"
2026-07-09 10:03:57,SHEETS,REMOVED,MEM  - REMOVED  |  |  |  |  |  |  |  | 0
2026-07-09 10:03:57,SHEETS,REMOVED,"MEM  - REMOVED TEAM SALARY (Art, I §1 (nnn)): |  | 154549352.9 | 113280582.9 | 35082380 | 23042052 | 0 | 0 | 325954367.8"
2026-07-09 10:03:57,SHEETS,ADDED,"MEM  + ADDED  TEAM SALARY (Art, I §1 (nnn)): |  | 163549352.9 | 121830582.9 | 43632380 | 23042052 | 0 | 0 | 352054367.8"
2026-07-09 10:03:57,SHEETS,REMOVED,MEM  - REMOVED Players Under Contract |  | 134788782.9 | 93204422.88 | 17925740 | 0 | 0 | 0 | BOLD = Option Year
2026-07-09 10:03:57,SHEETS,REMOVED,"MEM  - REMOVED Full Season Contracts |  | 134788782.9 | 93204422.88 | 17925740 | 0 | 0 | 0 | *=Projected Exten,,"
2026-07-09 10:03:57,SHEETS,ADDED,MEM  + ADDED  Players Under Contract |  | 143788782.9 | 101754422.9 | 26475740 | 0 | 0 | 0 | BOLD = Option Year
2026-07-09 10:03:57,SHEETS,ADDED,"MEM  + ADDED  Full Season Contracts |  | 143788782.9 | 101754422.9 | 26475740 | 0 | 0 | 0 | *=Projected Exten,,"
2026-07-09 10:03:57,SHEETS,REMOVED,"MEM  - REMOVED Avg, Salary (Mean) (ALL Compensation Obligations) |  |  | Players Under Contract |  | 17"
2026-07-09 10:03:57,SHEETS,ADDED,"MEM  + ADDED  Avg, Salary (Mean) (ALL Compensation Obligations) |  |  | Players Under Contract |  | 18"
2026-07-09 09:52:55,PLAYERS,CHANGED,~ CHANGED Christopher Cenac Jr.  name: Chris Cenac Jr. -> Christopher Cenac Jr.
2026-07-09 09:24:57,DOCS,REMOVED,"2026-27 Two-Way Signings  - REMOVED Update 1.2 (7/7/26): M. Ajayi, T. Alexander, K. Boswell, K. Brea, Q. Copeland, F. Okpara, R. Rupert"
2026-07-09 09:24:57,DOCS,ADDED,"2026-27 Two-Way Signings  + ADDED  Update 1.2 (7/7/26): M. Ajayi, T. Alexander, K. Boswell, K. Brea, Q. Copeland, E. Harkless, F. Okpara, R. Rupert"
2026-07-09 09:24:57,DOCS,ADDED,2026-27 Two-Way Signings  + ADDED  Elijah Harkless Detroit Pistons
2026-07-09 09:24:57,DOCS,ADDED,"2026-27 Two-Way Signings  + ADDED  1 Year. Skill; Injury or Illness. Compensation protection for 2026-27 Season is for $91,000 but will increase to 50% if team has not requested waivers on player on or before the first day of the 2026-27 Regular Season. Love of the Game. Physical Exam. Alt. 7(b)."
2026-07-09 09:24:57,DOCS,ADDED,2026-27 Two-Way Signings  + ADDED  Execution Date: 7/8/26
2026-07-09 09:23:55,DOCS,REMOVED,"2026-27 Rookie Signings  - REMOVED 120% (with likely to be earned bonuses - Summer League and Summer Conditioning). Rookie Scale Exception. Advance Payment ($839,064). Skill; Injury or Illness; Mental. Love of the Game. Physical Exam. Alt. 7(b)."
2026-07-09 09:23:55,DOCS,REMOVED,2026-27 Rookie Signings  - REMOVED Execution Date: 7/3/26
2026-07-09 09:23:55,DOCS,ADDED,"2026-27 Rookie Signings  + ADDED  120% (with likely to be earned bonuses - Summer League and Summer Conditioning). Rookie Scale Exception. Advance Payment ($839,064). Skill; Injury or Illness. Love of the Game. Physical Exam. Alt. 7(b)."
2026-07-09 09:23:55,DOCS,ADDED,2026-27 Rookie Signings  + ADDED  Execution Date: 7/8/26
2026-07-09 09:22:55,DOCS,REMOVED,"2026-27 Rookie Signings  - REMOVED 120% (with likely to be earned bonuses - Summer League and Summer Conditioning). Rookie Scale Exception. Advance Payment ($434,376). Insurance Premium Reimbursement. Skill; Injury or Illness; Mental. Love of the Game. Physical Exam. Alt. 7(b)."
2026-07-09 09:22:55,DOCS,ADDED,"2026-27 Rookie Signings  + ADDED  120% (with likely to be earned bonuses - Summer League and Summer Conditioning). Rookie Scale Exception. Advance Payment ($839,064). Skill; Injury or Illness; Mental. Love of the Game. Physical Exam. Alt. 7(b)."
2026-07-09 09:21:55,DOCS,ADDED,"2026-27 Rookie Signings  + ADDED  120% (with likely to be earned bonuses - Summer League and Summer Conditioning). Rookie Scale Exception. Advance Payment ($434,376). Insurance Premium Reimbursement. Skill; Injury or Illness; Mental. Love of the Game. Physical Exam. Alt. 7(b)."
2026-07-09 09:21:55,DOCS,ADDED,2026-27 Rookie Signings  + ADDED  Execution Date: 7/3/26
2026-07-09 09:21:55,DOCS,ADDED,2026-27 Rookie Signings  + ADDED  #13 Nate Ament Milwaukee Bucks
2026-07-09 09:21:55,DOCS,ADDED,"2026-27 Rookie Signings  + ADDED  26-27 $4,951,800 ($5,502,000)"
2026-07-09 09:21:55,DOCS,ADDED,"2026-27 Rookie Signings  + ADDED  27-28 $5,488,416 ($5,777,280)"
2026-07-09 09:21:55,DOCS,ADDED,"2026-27 Rookie Signings  + ADDED  28-29 $6,052,200 (Team Option)"
2026-07-09 09:21:55,DOCS,ADDED,"2026-27 Rookie Signings  + ADDED  29-30 $8,648,594 (Team Option)"
2026-07-09 09:20:56,DOCS,REMOVED,2026-27 Rookie Signings  - REMOVED Update 1.2 (7/7/26): B. Thornton
2026-07-09 09:20:56,DOCS,ADDED,"2026-27 Rookie Signings  + ADDED  Update 1.2 (7/7/26): N. Ament, B. Thornton"
2026-07-09 09:19:58,SHEETS,ADDED,"MIL  + ADDED  Ament, Nate | 1 - FULL SEASON | 5502000.0 | 5777280.0 | 6052200.0 | 8648593.8 |  |  | 25980073.8"
2026-07-09 09:19:58,SHEETS,REMOVED,"MIL  - REMOVED Ament, Nate | 6 - DRAFT PICK | 5502000.0 | 5777280.0 | 6052200.0 | 8648593.8 |  |  | 25980073.8"
2026-07-09 09:19:58,SHEETS,REMOVED,MIL  - REMOVED Players Under Contract |  | 139331069.4 | 62891094.36 | 56726345 | 24373120 | 0 | 0 | BOLD = Option Year
2026-07-09 09:19:58,SHEETS,REMOVED,"MIL  - REMOVED Full Season Contracts |  | 139331069.4 | 62891094.36 | 56726345 | 24373120 | 0 | 0 | *=Projected Exten,,"
2026-07-09 09:19:58,SHEETS,ADDED,MIL  + ADDED  Players Under Contract |  | 144833069.4 | 68668374.36 | 62778545 | 33021713.8 | 0 | 0 | BOLD = Option Year
2026-07-09 09:19:58,SHEETS,ADDED,"MIL  + ADDED  Full Season Contracts |  | 144833069.4 | 68668374.36 | 62778545 | 33021713.8 | 0 | 0 | *=Projected Exten,,"
2026-07-09 09:19:58,SHEETS,REMOVED,MIL  - REMOVED Draft Picks |  | 5502000 | 5777280 | 6052200 | 8648593.8 | 0 | 0
2026-07-09 09:19:58,SHEETS,ADDED,MIL  + ADDED  Draft Picks |  | 0 | 0 | 0 | 0 | 0 | 0
2026-07-09 09:19:58,SHEETS,REMOVED,"MIL  - REMOVED Avg, Salary (Mean) (ALL Compensation Obligations) |  |  | Players Under Contract |  | 13"
2026-07-09 09:19:58,SHEETS,REMOVED,"MIL  - REMOVED Avg, Salary (Mean) (No 10-Day K's) |  |  | Avaiable Spots |  | 2"
2026-07-09 09:19:58,SHEETS,ADDED,"MIL  + ADDED  Avg, Salary (Mean) (ALL Compensation Obligations) |  |  | Players Under Contract |  | 14"
2026-07-09 09:19:58,SHEETS,ADDED,"MIL  + ADDED  Avg, Salary (Mean) (No 10-Day K's) |  |  | Avaiable Spots |  | 1"
2026-07-09 09:18:56,DOCS,REMOVED,"2026-27 Veteran Signings  - REMOVED 26-27 $2,622,139"
2026-07-09 09:18:56,DOCS,REMOVED,"2026-27 Veteran Signings  - REMOVED 27-28 $2,753,246"
2026-07-09 09:18:56,DOCS,REMOVED,"2026-27 Veteran Signings  - REMOVED 28-29 $2,884,353"
2026-07-09 09:18:56,DOCS,REMOVED,"2026-27 Veteran Signings  - REMOVED 29-30 $3,019,000 (Team Option)"
2026-07-09 09:18:56,DOCS,REMOVED,"2026-27 Veteran Signings  - REMOVED 4 Years for $11,279,212. Non-Qualifying Veteran Free Agent Exception. Team option to extend the contract to include the 2029-30 Season. Skill; Injury or Illness; Death. Compensation protection for 2028-29 Season is none. Compensation protection for 2028-29 Season is none. Physical Exam."
2026-07-09 09:18:56,DOCS,REMOVED,2026-27 Veteran Signings  - REMOVED Execution Date: 7/6/26
2026-07-09 09:18:56,DOCS,ADDED,"2026-27 Veteran Signings  + ADDED  26-27 $3,943,679"
2026-07-09 09:18:56,DOCS,ADDED,2026-27 Veteran Signings  + ADDED  Non-Qualifying Veteran Free Agent Exception. Insurance Premium Reimbursement. Skill; Injury or Illness. Love of the Game. Physical Exam. Alt. 7(b).
2026-07-09 09:18:56,DOCS,ADDED,2026-27 Veteran Signings  + ADDED  Execution Date: 7/8/26
2026-07-09 09:18:03,DOCS,REMOVED,"2026-27 Veteran Signings  - REMOVED Update 1.2 (7/7/26): P. Achiuwa, J. Alvarado, K. Anderson, H. Barnes, B. Bogdanovic, T. Bryant, J. Collins, M. Conley, M. Diawara, A. Drummond, K. Ellis, C. Gillespie, Q. Grimes, J. Goodwin, R. Hachimura, T. Hardaway Jr., T. Harris, I. Hartenstein, A. Hukporti, W. Kessler, S. Mamukelashvili, K. Middleton, K. Oubre, M. Robinson, K. Sanders, L. Shamet, C. White, K. Williams, M. Williams, T. Young"
2026-07-09 09:18:03,DOCS,ADDED,"2026-27 Veteran Signings  + ADDED  Update 1.2 (7/7/26): P. Achiuwa, J. Alvarado, K. Anderson, H. Barnes, B. Bogdanovic, T. Bryant, J. Collins, M. Conley, M. Diawara, A. Drummond, K. Ellis, C. Gillespie, J. Green, Q. Grimes, J. Goodwin, R. Hachimura, T. Hardaway Jr., T. Harris, I. Hartenstein, A. Hukporti, W. Kessler, S. Mamukelashvili, K. Middleton, K. Oubre, M. Robinson, K. Sanders, L. Shamet, C. White, K. Williams, M. Williams, T. Young"
2026-07-09 09:18:03,DOCS,ADDED,2026-27 Veteran Signings  + ADDED  Javonte Green Detroit Pistons
2026-07-09 09:18:03,DOCS,ADDED,"2026-27 Veteran Signings  + ADDED  26-27 $2,622,139"
2026-07-09 09:18:03,DOCS,ADDED,"2026-27 Veteran Signings  + ADDED  27-28 $2,753,246"
2026-07-09 09:18:03,DOCS,ADDED,"2026-27 Veteran Signings  + ADDED  28-29 $2,884,353"
2026-07-09 09:18:03,DOCS,ADDED,"2026-27 Veteran Signings  + ADDED  29-30 $3,019,000 (Team Option)"
2026-07-09 09:18:03,DOCS,ADDED,"2026-27 Veteran Signings  + ADDED  4 Years for $11,279,212. Non-Qualifying Veteran Free Agent Exception. Team option to extend the contract to include the 2029-30 Season. Skill; Injury or Illness; Death. Compensation protection for 2028-29 Season is none. Compensation protection for 2028-29 Season is none. Physical Exam."
2026-07-09 09:18:03,DOCS,ADDED,2026-27 Veteran Signings  + ADDED  Execution Date: 7/6/26
2026-07-09 09:17:58,PLAYERS,ADDED,+ ADDED   Pete Nance (MIL)
2026-07-09 09:17:58,PLAYERS,CHANGED,~ CHANGED Elijah Harkless  team: UTA -> DET
2026-07-09 09:17:33,SHEETS,ADDED,"DET  + ADDED  Green, Javonte | 1 - FULL SEASON | 3943679.0 |  |  |  |  |  | 3943679"
2026-07-09 09:17:33,SHEETS,REMOVED,"DET  - REMOVED Green, Javonte | 4 - CAP HOLD | 2449421.0 |  |  |  |  |  | 2449421"
2026-07-09 09:17:33,SHEETS,REMOVED,DET  - REMOVED  |  |  |  |  |  |  |  | 0
2026-07-09 09:17:33,SHEETS,REMOVED,DET  - REMOVED  |  |  |  |  |  |  |  | 0
2026-07-09 09:17:33,SHEETS,REMOVED,DET  - REMOVED  |  |  |  |  |  |  |  | 0
2026-07-09 09:17:33,SHEETS,REMOVED,DET  - REMOVED  |  |  |  |  |  |  |  | 0
2026-07-09 09:17:33,SHEETS,REMOVED,DET  - REMOVED  |  |  |  |  |  |  |  | 0
2026-07-09 09:17:33,SHEETS,REMOVED,"DET  - REMOVED Collins, John |  |  |  |  |  |  |  | 0"
2026-07-09 09:17:33,SHEETS,REMOVED,"DET  - REMOVED TEAM SALARY (Art, I §1 (nnn)): |  | 196972274.6 | 116013908.2 | 82193742 | 68811708.96 | 0 | 0 | 463991633.7"
2026-07-09 09:17:33,SHEETS,ADDED,DET  + ADDED   |  |  |  |  |  |  |  | 0
2026-07-09 09:17:33,SHEETS,ADDED,DET  + ADDED   |  |  |  |  |  |  |  | 0
2026-07-09 09:17:33,SHEETS,ADDED,DET  + ADDED   |  |  |  |  |  |  |  | 0
2026-07-09 09:17:33,SHEETS,ADDED,DET  + ADDED   |  |  |  |  |  |  |  | 0
2026-07-09 09:17:33,SHEETS,ADDED,DET  + ADDED   |  |  |  |  |  |  |  | 0
2026-07-09 09:17:33,SHEETS,ADDED,DET  + ADDED   |  |  |  |  |  |  |  | 0
2026-07-09 09:17:33,SHEETS,ADDED,"DET  + ADDED  TEAM SALARY (Art, I §1 (nnn)): |  | 198466532.6 | 116013908.2 | 82193742 | 68811708.96 | 0 | 0 | 465485891.7"
2026-07-09 09:17:33,SHEETS,REMOVED,DET  - REMOVED Players Under Contract |  | 140886814 | 116013908.2 | 82193742 | 68811708.96 | 0 | 0 | BOLD = Option Year
2026-07-09 09:17:33,SHEETS,REMOVED,"DET  - REMOVED Full Season Contracts |  | 140886814 | 116013908.2 | 82193742 | 68811708.96 | 0 | 0 | *=Projected Exten,,"
2026-07-09 09:17:33,SHEETS,ADDED,DET  + ADDED  Players Under Contract |  | 144830493 | 116013908.2 | 82193742 | 68811708.96 | 0 | 0 | BOLD = Option Year
2026-07-09 09:17:33,SHEETS,ADDED,"DET  + ADDED  Full Season Contracts |  | 144830493 | 116013908.2 | 82193742 | 68811708.96 | 0 | 0 | *=Projected Exten,,"
2026-07-09 09:17:33,SHEETS,REMOVED,DET  - REMOVED Cap Holds |  | 56085460.58 | 0 | 0 | 0 | 0 | 0
2026-07-09 09:17:33,SHEETS,ADDED,DET  + ADDED  Cap Holds |  | 53636039.58 | 0 | 0 | 0 | 0 | 0
2026-07-09 09:17:33,SHEETS,REMOVED,"DET  - REMOVED Avg, Salary (Mean) (ALL Compensation Obligations) |  |  | Players Under Contract |  | 13"
2026-07-09 09:17:33,SHEETS,REMOVED,"DET  - REMOVED Avg, Salary (Mean) (No 10-Day K's) |  |  | Avaiable Spots |  | 2"
2026-07-09 09:17:33,SHEETS,ADDED,"DET  + ADDED  Avg, Salary (Mean) (ALL Compensation Obligations) |  |  | Players Under Contract |  | 14"
2026-07-09 09:17:33,SHEETS,ADDED,"DET  + ADDED  Avg, Salary (Mean) (No 10-Day K's) |  |  | Avaiable Spots |  | 1"
2026-07-09 09:17:33,SHEETS,REMOVED,DET  - REMOVED  |  |  | Cap Holds |  | 4
2026-07-09 09:17:33,SHEETS,ADDED,DET  + ADDED   |  |  | Cap Holds |  | 3
2026-07-09 09:17:33,SHEETS,ADDED,"HOU  + ADDED  Bogdanovic, Bogdan | 1 - FULL SEASON | 2449421.0 |  |  |  |  |  | 2449421"
2026-07-09 09:17:33,SHEETS,REMOVED,HOU  - REMOVED  |  |  |  |  |  |  |  | 0
2026-07-09 09:17:33,SHEETS,REMOVED,"HOU  - REMOVED TEAM SALARY (Art, I §1 (nnn)): |  | 222776782.3 | 154099511.3 | 78709471 | 67489732 | 27426355 | 0 | 550501851.6"
2026-07-09 09:17:33,SHEETS,ADDED,"HOU  + ADDED  TEAM SALARY (Art, I §1 (nnn)): |  | 225226203.3 | 154099511.3 | 78709471 | 67489732 | 27426355 | 0 | 552951272.6"
2026-07-09 09:17:33,SHEETS,REMOVED,HOU  - REMOVED Players Under Contract |  | 188867843 | 154099511.3 | 78709471 | 67489732 | 27426355 | 0 | BOLD = Option Year
2026-07-09 09:17:33,SHEETS,REMOVED,"HOU  - REMOVED Full Season Contracts |  | 188867843 | 154099511.3 | 78709471 | 67489732 | 27426355 | 0 | *=Projected Exten,,"
2026-07-09 09:17:33,SHEETS,ADDED,HOU  + ADDED  Players Under Contract |  | 191317264 | 154099511.3 | 78709471 | 67489732 | 27426355 | 0 | BOLD = Option Year
2026-07-09 09:17:33,SHEETS,ADDED,"HOU  + ADDED  Full Season Contracts |  | 191317264 | 154099511.3 | 78709471 | 67489732 | 27426355 | 0 | *=Projected Exten,,"
2026-07-09 09:17:33,SHEETS,REMOVED,"HOU  - REMOVED Avg, Salary (Mean) (ALL Compensation Obligations) |  |  | Players Under Contract |  | 11"
2026-07-09 09:17:33,SHEETS,REMOVED,"HOU  - REMOVED Avg, Salary (Mean) (No 10-Day K's) |  |  | Avaiable Spots |  | 4"
2026-07-09 09:17:33,SHEETS,REMOVED,"HOU  - REMOVED Avg, Salary (Mean) (No 10-Day K's & ROS) |  |  | Players to Reach Roster Min, |  | 2"
2026-07-09 09:17:33,SHEETS,ADDED,"HOU  + ADDED  Avg, Salary (Mean) (ALL Compensation Obligations) |  |  | Players Under Contract |  | 12"
2026-07-09 09:17:33,SHEETS,ADDED,"HOU  + ADDED  Avg, Salary (Mean) (No 10-Day K's) |  |  | Avaiable Spots |  | 3"
2026-07-09 09:17:33,SHEETS,ADDED,"HOU  + ADDED  Avg, Salary (Mean) (No 10-Day K's & ROS) |  |  | Players to Reach Roster Min, |  | 1"
2026-07-09 09:17:33,SHEETS,REMOVED,"LAC  - REMOVED Bogdanovic, Bogdan | 4 - CAP HOLD | 24030000.0 |  |  |  |  |  | 24030000"
2026-07-09 09:17:33,SHEETS,REMOVED,"LAC  - REMOVED TEAM SALARY (Art, I §1 (nnn)): |  | 233860233.7 | 83703891 | 18974669 | 16502837.32 | 0 | 0 | 353041631.1"
2026-07-09 09:17:33,SHEETS,ADDED,LAC  + ADDED   |  |  |  |  |  |  |  | 0
2026-07-09 09:17:33,SHEETS,ADDED,"LAC  + ADDED  TEAM SALARY (Art, I §1 (nnn)): |  | 209830233.7 | 83703891 | 18974669 | 16502837.32 | 0 | 0 | 329011631.1"
2026-07-09 09:17:33,SHEETS,REMOVED,LAC  - REMOVED Cap Holds |  | 74832977.88 | 0 | 0 | 0 | 0 | 0
2026-07-09 09:17:33,SHEETS,ADDED,LAC  + ADDED  Cap Holds |  | 50802977.88 | 0 | 0 | 0 | 0 | 0
2026-07-09 09:17:33,SHEETS,REMOVED,LAC  - REMOVED  |  |  | Cap Holds |  | 8
2026-07-09 09:17:33,SHEETS,ADDED,LAC  + ADDED   |  |  | Cap Holds |  | 7
2026-07-09 09:17:33,SHEETS,ADDED,"LAL  + ADDED  Kessler, Walker | 1 - FULL SEASON | 30108821.0 | 31614262.0 | 33119703.0 | 34625144.0 |  |  | 129467930"
2026-07-09 09:17:33,SHEETS,REMOVED,LAL  - REMOVED  |  |  |  |  |  |  |  | 0
2026-07-09 09:17:33,SHEETS,REMOVED,"LAL  - REMOVED TEAM SALARY (Art, I §1 (nnn)): |  | 135285649 | 116350000.3 | 91194613 | 36074764.2 | 0 | 0 | 378905026.5"
2026-07-09 09:17:33,SHEETS,ADDED,"LAL  + ADDED  TEAM SALARY (Art, I §1 (nnn)): |  | 165394470 | 147964262.3 | 124314316 | 70699908.2 | 0 | 0 | 508372956.5"
2026-07-09 09:17:33,SHEETS,REMOVED,LAL  - REMOVED Players Under Contract |  | 114379288 | 116350000.3 | 91194613 | 36074764.2 | 0 | 0 | BOLD = Option Year
2026-07-09 09:17:33,SHEETS,REMOVED,"LAL  - REMOVED Full Season Contracts |  | 114379288 | 116350000.3 | 91194613 | 36074764.2 | 0 | 0 | *=Projected Exten,,"
2026-07-09 09:17:33,SHEETS,ADDED,LAL  + ADDED  Players Under Contract |  | 144488109 | 147964262.3 | 124314316 | 70699908.2 | 0 | 0 | BOLD = Option Year
2026-07-09 09:17:33,SHEETS,ADDED,"LAL  + ADDED  Full Season Contracts |  | 144488109 | 147964262.3 | 124314316 | 70699908.2 | 0 | 0 | *=Projected Exten,,"
2026-07-09 09:17:33,SHEETS,REMOVED,"LAL  - REMOVED Avg, Salary (Mean) (ALL Compensation Obligations) |  |  | Players Under Contract |  | 10"
2026-07-09 09:17:33,SHEETS,REMOVED,"LAL  - REMOVED Avg, Salary (Mean) (No 10-Day K's) |  |  | Avaiable Spots |  | 5"
2026-07-09 09:17:33,SHEETS,REMOVED,"LAL  - REMOVED Avg, Salary (Mean) (No 10-Day K's & ROS) |  |  | Players to Reach Roster Min, |  | 3"
2026-07-09 09:17:33,SHEETS,ADDED,"LAL  + ADDED  Avg, Salary (Mean) (ALL Compensation Obligations) |  |  | Players Under Contract |  | 11"
2026-07-09 09:17:33,SHEETS,ADDED,"LAL  + ADDED  Avg, Salary (Mean) (No 10-Day K's) |  |  | Avaiable Spots |  | 4"
2026-07-09 09:17:33,SHEETS,ADDED,"LAL  + ADDED  Avg, Salary (Mean) (No 10-Day K's & ROS) |  |  | Players to Reach Roster Min, |  | 2"
2026-07-09 09:17:33,SHEETS,ADDED,"SAN  + ADDED  Barnes, Harrison | 1 - FULL SEASON | 8000000.0 |  |  |  |  |  | 8000000"
2026-07-09 09:17:33,SHEETS,REMOVED,"SAN  - REMOVED Barnes, Harrison | 4 - CAP HOLD | 28500000.0 |  |  |  |  |  | 28500000"
2026-07-09 09:17:33,SHEETS,REMOVED,"SAN  - REMOVED TEAM SALARY (Art, I §1 (nnn)): |  | 251673961.5 | 158249198.8 | 141740319 | 74087330.4 | 0 | 0 | 625750809.7"
2026-07-09 09:17:33,SHEETS,ADDED,"SAN  + ADDED  TEAM SALARY (Art, I §1 (nnn)): |  | 231173961.5 | 158249198.8 | 141740319 | 74087330.4 | 0 | 0 | 605250809.7"
2026-07-09 09:17:33,SHEETS,REMOVED,SAN  - REMOVED Players Under Contract |  | 187830545.7 | 158249198.8 | 141740319 | 74087330.4 | 0 | 0 | BOLD = Option Year
2026-07-09 09:17:33,SHEETS,REMOVED,"SAN  - REMOVED Full Season Contracts |  | 187830545.7 | 158249198.8 | 141740319 | 74087330.4 | 0 | 0 | *=Projected Exten,,"
2026-07-09 09:17:33,SHEETS,ADDED,SAN  + ADDED  Players Under Contract |  | 195830545.7 | 158249198.8 | 141740319 | 74087330.4 | 0 | 0 | BOLD = Option Year
2026-07-09 09:17:33,SHEETS,ADDED,"SAN  + ADDED  Full Season Contracts |  | 195830545.7 | 158249198.8 | 141740319 | 74087330.4 | 0 | 0 | *=Projected Exten,,"
2026-07-09 09:17:33,SHEETS,REMOVED,SAN  - REMOVED Cap Holds |  | 63843415.81 | 0 | 0 | 0 | 0 | 0
2026-07-09 09:17:33,SHEETS,ADDED,SAN  + ADDED  Cap Holds |  | 35343415.81 | 0 | 0 | 0 | 0 | 0
2026-07-09 09:17:33,SHEETS,REMOVED,"SAN  - REMOVED Avg, Salary (Mean) (ALL Compensation Obligations) |  |  | Players Under Contract |  | 12"
2026-07-09 09:17:33,SHEETS,REMOVED,"SAN  - REMOVED Avg, Salary (Mean) (No 10-Day K's) |  |  | Avaiable Spots |  | 3"
2026-07-09 09:17:33,SHEETS,REMOVED,"SAN  - REMOVED Avg, Salary (Mean) (No 10-Day K's & ROS) |  |  | Players to Reach Roster Min, |  | 1"
2026-07-09 09:17:33,SHEETS,REMOVED,SAN  - REMOVED  |  |  | Cap Holds |  | 6
2026-07-09 09:17:33,SHEETS,ADDED,"SAN  + ADDED  Avg, Salary (Mean) (ALL Compensation Obligations) |  |  | Players Under Contract |  | 13"
2026-07-09 09:17:33,SHEETS,ADDED,"SAN  + ADDED  Avg, Salary (Mean) (No 10-Day K's) |  |  | Avaiable Spots |  | 2"
2026-07-09 09:17:33,SHEETS,ADDED,"SAN  + ADDED  Avg, Salary (Mean) (No 10-Day K's & ROS) |  |  | Players to Reach Roster Min, |  | 0"
2026-07-09 09:17:33,SHEETS,ADDED,SAN  + ADDED   |  |  | Cap Holds |  | 5
2026-07-09 09:17:33,SHEETS,REMOVED,"UTH  - REMOVED Kessler, Walker | 4 - CAP HOLD | 14636815.200000001 |  |  |  |  |  | 14636815.2"
2026-07-09 09:17:33,SHEETS,REMOVED,"UTH  - REMOVED TEAM SALARY (Art, I §1 (nnn)): |  | 207006822.6 | 143840398.8 | 132691831 | 71818333.84 | 0 | 0 | 555357386.3"
2026-07-09 09:17:33,SHEETS,ADDED,UTH  + ADDED   |  |  |  |  |  |  |  | 0
2026-07-09 09:17:33,SHEETS,ADDED,"UTH  + ADDED  TEAM SALARY (Art, I §1 (nnn)): |  | 192370007.4 | 143840398.8 | 132691831 | 71818333.84 | 0 | 0 | 540720571.1"
2026-07-09 09:17:33,SHEETS,REMOVED,UTH  - REMOVED Cap Holds |  | 55954547.2 | 0 | 0 | 0 | 0 | 0
2026-07-09 09:17:33,SHEETS,ADDED,UTH  + ADDED  Cap Holds |  | 41317732 | 0 | 0 | 0 | 0 | 0
2026-07-09 09:17:33,SHEETS,REMOVED,UTH  - REMOVED  |  |  | Cap Holds |  | 5
2026-07-09 09:17:33,SHEETS,ADDED,UTH  + ADDED   |  |  | Cap Holds |  | 4
2026-07-09 09:17:33,SHEETS,REMOVED,Luxury Tax Calculator  - REMOVED Luxury Tax | 0 | 13628752 | 0 | 0 | 0 | 0 | 0 | 15501723 | 0 | 0 | 972843 | 15955511.6 | 0 | 0 | 0 | 10244835 | 0 | 2536082 | 435790.92 | 28067811 | 44106714 | 29970320.04 | 17700978.3 | 29009155.52 | 6712130.274 | 16311062 | 0 | 8767635.14 | 0 | 1576403.92
2026-07-09 09:17:33,SHEETS,REMOVED,Luxury Tax Calculator  - REMOVED 1st Incremental Tax Bracket | 0 | 17055000 | 0 | 0 | 0 | 0 | 0 | 17055000 | 0 | 0 | 972843 | 5685000 | 0 | 0 | 0 | 5685000 | 0 | 2536082 | 435790.92 | 5685000 | 5685000 | 5685000 | 5685000 | 17055000 | 5685000 | 5685000 | 0 | 5685000 | 0 | 1576403.92
2026-07-09 09:17:33,SHEETS,REMOVED,Luxury Tax Calculator  - REMOVED 2nd Incremental Tax Bracket | 0 | 18476250 | 0 | 0 | 0 | 0 | 0 | 18476250 | 0 | 0 | 0 | 7106250 | 0 | 0 | 0 | 5699793.75 | 0 | 0 | 0 | 7106250 | 7106250 | 7106250 | 7106250 | 18476250 | 1283912.843 | 7106250 | 0 | 3853293.925 | 0 | 0
2026-07-09 09:17:33,SHEETS,ADDED,Luxury Tax Calculator  + ADDED  Luxury Tax | 0 | 13628752 | 0 | 0 | 0 | 0 | 0 | 15501723 | 0 | 0 | 3422264 | 15955511.6 | 0 | 0 | 0 | 10244835 | 0 | 2536082 | 435790.92 | 28067811 | 44106714 | 29970320.04 | 17700978.3 | 29009155.52 | 6712130.274 | 16311062 | 7935545.68 | 8767635.14 | 0 | 1576403.92
2026-07-09 09:17:33,SHEETS,ADDED,Luxury Tax Calculator  + ADDED  1st Incremental Tax Bracket | 0 | 17055000 | 0 | 0 | 0 | 0 | 0 | 17055000 | 0 | 0 | 3422264 | 5685000 | 0 | 0 | 0 | 5685000 | 0 | 2536082 | 435790.92 | 5685000 | 5685000 | 5685000 | 5685000 | 17055000 | 5685000 | 5685000 | 5685000 | 5685000 | 0 | 1576403.92
2026-07-09 09:17:33,SHEETS,ADDED,Luxury Tax Calculator  + ADDED  2nd Incremental Tax Bracket | 0 | 18476250 | 0 | 0 | 0 | 0 | 0 | 18476250 | 0 | 0 | 0 | 7106250 | 0 | 0 | 0 | 5699793.75 | 0 | 0 | 0 | 7106250 | 7106250 | 7106250 | 7106250 | 18476250 | 1283912.843 | 7106250 | 2813182.1 | 3853293.925 | 0 | 0
2026-07-09 09:17:33,SHEETS,REMOVED,Luxury Tax Calculator  - REMOVED Tax Liability | 0 | 47954386 | 0 | 0 | 0 | 0 | 0 | 58255726.5 | 0 | 0 | 972843 | 28840540.6 | 0 | 0 | 0 | 11384793.75 | 0 | 2536082 | 435790.92 | 87663507.75 | 186862819.5 | 98424340.23 | 35757146.93 | 150915955.3 | 6968912.843 | 30084967 | 0 | 9538293.925 | 0 | 1576403.92
2026-07-09 09:17:33,SHEETS,ADDED,Luxury Tax Calculator  + ADDED  Tax Liability | 0 | 47954386 | 0 | 0 | 0 | 0 | 0 | 58255726.5 | 0 | 0 | 3422264 | 28840540.6 | 0 | 0 | 0 | 11384793.75 | 0 | 2536082 | 435790.92 | 87663507.75 | 186862819.5 | 98424340.23 | 35757146.93 | 150915955.3 | 6968912.843 | 30084967 | 8498182.1 | 9538293.925 | 0 | 1576403.92
2026-07-09 09:17:10,DOCS,REMOVED,"2026-27 Veteran Signings  - REMOVED Update 1.2 (7/7/26): P. Achiuwa, J. Alvarado, K. Anderson, T. Bryant, J. Collins, M. Conley, M. Diawara, A. Drummond, K. Ellis, C. Gillespie, Q. Grimes, J. Goodwin, R. Hachimura, T. Hardaway Jr., T. Harris, I. Hartenstein, A. Hukporti, S. Mamukelashvili, K. Middleton, K. Oubre, M. Robinson, K. Sanders, L. Shamet, C. White, K. Williams, M. Williams, T. Young"
2026-07-09 09:17:10,DOCS,ADDED,"2026-27 Veteran Signings  + ADDED  Update 1.2 (7/7/26): P. Achiuwa, J. Alvarado, K. Anderson, H. Barnes, B. Bogdanovic, T. Bryant, J. Collins, M. Conley, M. Diawara, A. Drummond, K. Ellis, C. Gillespie, Q. Grimes, J. Goodwin, R. Hachimura, T. Hardaway Jr., T. Harris, I. Hartenstein, A. Hukporti, W. Kessler, S. Mamukelashvili, K. Middleton, K. Oubre, M. Robinson, K. Sanders, L. Shamet, C. White, K. Williams, M. Williams, T. Young"
2026-07-09 09:17:10,DOCS,REMOVED,2026-27 Veteran Signings  - REMOVED Thomas Byrant Cleveland Cavaliers
2026-07-09 09:17:10,DOCS,ADDED,2026-27 Veteran Signings  + ADDED  Harrison Barnes San Antonio Spurs
2026-07-09 09:17:10,DOCS,ADDED,"2026-27 Veteran Signings  + ADDED  26-27 $8,000,000"
2026-07-09 09:17:10,DOCS,ADDED,2026-27 Veteran Signings  + ADDED  Bird Exception. Player Trade Consent. Insurance Premium Reimbursement. Skill; Injury or Illness. Love of the Game. Physical Exam. Alt. 7(b).
2026-07-09 09:17:10,DOCS,ADDED,2026-27 Veteran Signings  + ADDED  Execution Date: 7/8/26
2026-07-09 09:17:10,DOCS,ADDED,2026-27 Veteran Signings  + ADDED  Bogdan Bogdanovic Houston Rockets
2026-07-09 09:17:10,DOCS,ADDED,"2026-27 Veteran Signings  + ADDED  26-27 $3,524,115"
2026-07-09 09:17:10,DOCS,ADDED,2026-27 Veteran Signings  + ADDED  Minimum Salary Exception. Skill; Injury or Illness; Mental; Death. Love of the Game. Physical Exam. Alt. 7(b).
2026-07-09 09:17:10,DOCS,ADDED,2026-27 Veteran Signings  + ADDED  Execution Date: 7/8/26
2026-07-09 09:17:10,DOCS,ADDED,2026-27 Veteran Signings  + ADDED  Thomas Bryant Cleveland Cavaliers
2026-07-09 09:17:10,DOCS,ADDED,2026-27 Veteran Signings  + ADDED  Walker Kessler Los Angeles Lakers
2026-07-09 09:17:10,DOCS,ADDED,"2026-27 Veteran Signings  + ADDED  26-27 $30,108,821"
2026-07-09 09:17:10,DOCS,ADDED,"2026-27 Veteran Signings  + ADDED  27-28 $31,614,262"
2026-07-09 09:17:10,DOCS,ADDED,"2026-27 Veteran Signings  + ADDED  28-29 $33,119,703"
2026-07-09 09:17:10,DOCS,ADDED,"2026-27 Veteran Signings  + ADDED  29-30 $34,625,144 (Player Option)"
2026-07-09 09:17:10,DOCS,ADDED,"2026-27 Veteran Signings  + ADDED  4 Years for $129,467,930. Bird Exception - Sign and Trade w/Utah Jazz. Advance Payment ($32,366,983). Player option to extend the contact to include the 2029-30 Season. Insurance Premium Reimbursement. Skill; Injury or Illness; Mental; Death. Trade Kicker (15%). Love of the Game. Alt. 7(b)."
2026-07-09 09:17:10,DOCS,ADDED,2026-27 Veteran Signings  + ADDED  Execution Date: 7/7/26
2026-07-09 09:17:10,DOCS,REMOVED,"2026-27 Two-Way Signings  - REMOVED Update 1.2 (7/7/26): M. Ajayi, T. Alexander, K. Boswell, K. Brea, Q. Copeland, F. Okpara"
2026-07-09 09:17:10,DOCS,ADDED,"2026-27 Two-Way Signings  + ADDED  Update 1.2 (7/7/26): M. Ajayi, T. Alexander, K. Boswell, K. Brea, Q. Copeland, F. Okpara, R. Rupert"
2026-07-09 09:17:10,DOCS,ADDED,2026-27 Two-Way Signings  + ADDED  Rayan Rupert Philadelphia 76ers
2026-07-09 09:17:10,DOCS,ADDED,"2026-27 Two-Way Signings  + ADDED  1 Year. Skill; Injury or Illness. Compensation protection for 2026-27 Season is for $91,000 but will increase to 50% if team has not requested waivers on player on or before the first day of the 2026-27 Regular Season. Love of the Game. Physical Exam. Alt. 7(b)."
2026-07-09 09:17:10,DOCS,ADDED,2026-27 Two-Way Signings  + ADDED  Execution Date: 7/8/26
2026-07-09 09:17:07,TRANSACTIONS,Signing,2026-07-08  Cleveland Cavaliers re-signed guard Donovan Mitchell to a Veteran Extension.
2026-07-09 09:17:07,TRANSACTIONS,Signing,2026-07-08  Detroit Pistons re-signed guard Javonte Green to a Contract.
2026-07-09 09:17:07,TRANSACTIONS,Signing,2026-07-08  Detroit Pistons signed guard Elijah Harkless to a Two-Way Contract.
2026-07-09 09:17:07,TRANSACTIONS,Signing,2026-07-08  Milwaukee Bucks signed forward Pete Nance to a Contract.
2026-07-08 18:42:54,PLAYERS,CHANGED,~ CHANGED Rayan Rupert  team: MEM -> PHI
2026-07-08 18:42:54,PLAYERS,CHANGED,~ CHANGED Bogdan Bogdanović  name: Bogdan Bogdanovic -> Bogdan Bogdanović
2026-07-08 18:42:54,PLAYERS,CHANGED,~ CHANGED Bogdan Bogdanović  team: LAC -> HOU
2026-07-08 17:52:55,TRANSACTIONS,Signing,2026-07-08  Philadelphia 76ers signed guard Rayan Rupert to a Two-Way Contract.
2026-07-08 17:52:55,TRANSACTIONS,Signing,2026-07-08  Memphis Grizzlies signed center Quinten Post to a Contract.
2026-07-08 17:52:55,TRANSACTIONS,Signing,2026-07-08  Milwaukee Bucks signed forward Nate Ament to a Rookie Scale Contract.
2026-07-08 17:42:55,TRANSACTIONS,Signing,2026-07-08  Houston Rockets signed guard Bogdan Bogdanovic to a Contract.
2026-07-08 17:41:54,PLAYERS,CHANGED,~ CHANGED Bogdan Bogdanovic  name: Bogdan Bogdanović -> Bogdan Bogdanovic
2026-07-08 15:36:54,PLAYERS,CHANGED,~ CHANGED Haywood Highsmith  school: Wheeling Jesuit  -> Wheeling Jesuit
2026-07-08 15:36:54,PLAYERS,CHANGED,~ CHANGED Henri Veesaar  school: UNC -> North Carolina
2026-07-08 15:36:54,PLAYERS,CHANGED,~ CHANGED Egor Dëmin  school: BYU -> Brigham Young
2026-07-08 15:36:54,PLAYERS,CHANGED,~ CHANGED Walker Kessler  team: UTA -> LAL
2026-07-08 15:36:54,PLAYERS,CHANGED,~ CHANGED Peter Suder  school: Miami (OH) -> Miami (Ohio)
2026-07-08 15:36:54,PLAYERS,CHANGED,~ CHANGED Zuby Ejiofor  school: St. Johns -> St. John's
2026-07-08 15:36:54,PLAYERS,CHANGED,~ CHANGED Tarris Reed Jr.  school: UConn -> Connecticut
2026-07-08 15:36:54,PLAYERS,CHANGED,~ CHANGED Emanuel Miller  school: Texas Christian -> TCU
2026-07-08 15:18:54,PLAYERS,CHANGED,~ CHANGED Peter Suder  school: Miami (Ohio) -> Miami (OH)
2026-07-08 15:06:54,PLAYERS,CHANGED,~ CHANGED Egor Dëmin  school: Brigham Young -> BYU
2026-07-08 15:06:54,PLAYERS,CHANGED,~ CHANGED Emanuel Miller  school: TCU -> Texas Christian
2026-07-08 15:06:54,PLAYERS,CHANGED,~ CHANGED Haywood Highsmith  school: Wheeling Jesuit -> Wheeling Jesuit 
2026-07-08 15:06:54,PLAYERS,CHANGED,~ CHANGED Tarris Reed Jr.  school: Connecticut -> UConn
2026-07-08 15:03:57,SHEETS,REMOVED,"DEN  - REMOVED Valanciunas, Jonas | 1 - FULL SEASON | 10000000.0 |  |  |  |  |  | 10000000"
2026-07-08 15:03:57,SHEETS,REMOVED,"DEN  - REMOVED TEAM SALARY (Art, I §1 (nnn)): |  | 250896055.4 | 187484805.4 | 119623206.9 | 26724137 | 28448274 | 28448274 | 641624752.7"
2026-07-08 15:03:57,SHEETS,ADDED,DEN  + ADDED   |  |  |  |  |  |  |  | 0
2026-07-08 15:03:57,SHEETS,ADDED,"DEN  + ADDED  TEAM SALARY (Art, I §1 (nnn)): |  | 240896055.4 | 187484805.4 | 119623206.9 | 26724137 | 28448274 | 28448274 | 631624752.7"
2026-07-08 15:03:57,SHEETS,REMOVED,DEN  - REMOVED Players Under Contract |  | 211396723 | 187484805.4 | 119623206.9 | 26724137 | 28448274 | 28448274 | BOLD = Option Year
2026-07-08 15:03:57,SHEETS,REMOVED,"DEN  - REMOVED Full Season Contracts |  | 211396723 | 187484805.4 | 119623206.9 | 26724137 | 28448274 | 28448274 | *=Projected Exten,,"
2026-07-08 15:03:57,SHEETS,ADDED,DEN  + ADDED  Players Under Contract |  | 201396723 | 187484805.4 | 119623206.9 | 26724137 | 28448274 | 28448274 | BOLD = Option Year
2026-07-08 15:03:57,SHEETS,ADDED,"DEN  + ADDED  Full Season Contracts |  | 201396723 | 187484805.4 | 119623206.9 | 26724137 | 28448274 | 28448274 | *=Projected Exten,,"
2026-07-08 15:03:57,SHEETS,REMOVED,"DEN  - REMOVED Avg, Salary (Mean) (ALL Compensation Obligations) |  |  | Players Under Contract |  | 9"
2026-07-08 15:03:57,SHEETS,REMOVED,"DEN  - REMOVED Avg, Salary (Mean) (No 10-Day K's) |  |  | Avaiable Spots |  | 6"
2026-07-08 15:03:57,SHEETS,REMOVED,"DEN  - REMOVED Avg, Salary (Mean) (No 10-Day K's & ROS) |  |  | Players to Reach Roster Min, |  | 4"
2026-07-08 15:03:57,SHEETS,ADDED,"DEN  + ADDED  Avg, Salary (Mean) (ALL Compensation Obligations) |  |  | Players Under Contract |  | 8"
2026-07-08 15:03:57,SHEETS,ADDED,"DEN  + ADDED  Avg, Salary (Mean) (No 10-Day K's) |  |  | Avaiable Spots |  | 7"
2026-07-08 15:03:57,SHEETS,ADDED,"DEN  + ADDED  Avg, Salary (Mean) (No 10-Day K's & ROS) |  |  | Players to Reach Roster Min, |  | 5"
2026-07-08 15:03:57,SHEETS,REMOVED,Luxury Tax Calculator  - REMOVED Luxury Tax | 0 | 13628752 | 0 | 0 | 0 | 0 | 0 | 25501723 | 0 | 0 | 972843 | 15955511.6 | 0 | 0 | 0 | 10244835 | 0 | 2536082 | 435790.92 | 28067811 | 44106714 | 29970320.04 | 17700978.3 | 29009155.52 | 6712130.274 | 16311062 | 0 | 8767635.14 | 0 | 1576403.92
2026-07-08 15:03:57,SHEETS,ADDED,Luxury Tax Calculator  + ADDED  Luxury Tax | 0 | 13628752 | 0 | 0 | 0 | 0 | 0 | 15501723 | 0 | 0 | 972843 | 15955511.6 | 0 | 0 | 0 | 10244835 | 0 | 2536082 | 435790.92 | 28067811 | 44106714 | 29970320.04 | 17700978.3 | 29009155.52 | 6712130.274 | 16311062 | 0 | 8767635.14 | 0 | 1576403.92
2026-07-08 15:03:57,SHEETS,REMOVED,Luxury Tax Calculator  - REMOVED 3rd Incremental Tax Bracket | 0 | 12423136 | 0 | 0 | 0 | 0 | 0 | 31267500 | 0 | 0 | 0 | 16049290.6 | 0 | 0 | 0 | 0 | 0 | 0 | 0 | 19897500 | 19897500 | 19897500 | 19897500 | 31267500 | 0 | 17293717 | 0 | 0 | 0 | 0
2026-07-08 15:03:57,SHEETS,REMOVED,Luxury Tax Calculator  - REMOVED 4th Incremental Tax Bracket | 0 | 0 | 0 | 0 | 0 | 0 | 0 | 38373750 | 0 | 0 | 0 | 0 | 0 | 0 | 0 | 0 | 0 | 0 | 0 | 27003750 | 27003750 | 27003750 | 3068396.925 | 38373750 | 0 | 0 | 0 | 0 | 0 | 0
2026-07-08 15:03:57,SHEETS,REMOVED,Luxury Tax Calculator  - REMOVED 5th Incremental Tax Bracket | 0 | 0 | 0 | 0 | 0 | 0 | 0 | 20022491.75 | 0 | 0 | 0 | 0 | 0 | 0 | 0 | 0 | 0 | 0 | 0 | 27971007.75 | 29846250 | 29846250 | 0 | 41216250 | 0 | 0 | 0 | 0 | 0 | 0
2026-07-08 15:03:57,SHEETS,ADDED,Luxury Tax Calculator  + ADDED  3rd Incremental Tax Bracket | 0 | 12423136 | 0 | 0 | 0 | 0 | 0 | 22724476.5 | 0 | 0 | 0 | 16049290.6 | 0 | 0 | 0 | 0 | 0 | 0 | 0 | 19897500 | 19897500 | 19897500 | 19897500 | 31267500 | 0 | 17293717 | 0 | 0 | 0 | 0
2026-07-08 15:03:57,SHEETS,ADDED,Luxury Tax Calculator  + ADDED  4th Incremental Tax Bracket | 0 | 0 | 0 | 0 | 0 | 0 | 0 | 0 | 0 | 0 | 0 | 0 | 0 | 0 | 0 | 0 | 0 | 0 | 0 | 27003750 | 27003750 | 27003750 | 3068396.925 | 38373750 | 0 | 0 | 0 | 0 | 0 | 0
2026-07-08 15:03:57,SHEETS,ADDED,Luxury Tax Calculator  + ADDED  5th Incremental Tax Bracket | 0 | 0 | 0 | 0 | 0 | 0 | 0 | 0 | 0 | 0 | 0 | 0 | 0 | 0 | 0 | 0 | 0 | 0 | 0 | 27971007.75 | 29846250 | 29846250 | 0 | 41216250 | 0 | 0 | 0 | 0 | 0 | 0
2026-07-08 15:03:57,SHEETS,REMOVED,Luxury Tax Calculator  - REMOVED Tax Liability | 0 | 47954386 | 0 | 0 | 0 | 0 | 0 | 125194991.8 | 0 | 0 | 972843 | 28840540.6 | 0 | 0 | 0 | 11384793.75 | 0 | 2536082 | 435790.92 | 87663507.75 | 186862819.5 | 98424340.23 | 35757146.93 | 150915955.3 | 6968912.843 | 30084967 | 0 | 9538293.925 | 0 | 1576403.92
2026-07-08 15:03:57,SHEETS,ADDED,Luxury Tax Calculator  + ADDED  Tax Liability | 0 | 47954386 | 0 | 0 | 0 | 0 | 0 | 58255726.5 | 0 | 0 | 972843 | 28840540.6 | 0 | 0 | 0 | 11384793.75 | 0 | 2536082 | 435790.92 | 87663507.75 | 186862819.5 | 98424340.23 | 35757146.93 | 150915955.3 | 6968912.843 | 30084967 | 0 | 9538293.925 | 0 | 1576403.92
2026-07-08 15:02:57,SHEETS,ADDED,"DEN  + ADDED  Valanciunas, Jonas | 7 - WAIVED | 2000000.0 |  |  |  |  |  | 2000000"
2026-07-08 15:02:57,SHEETS,REMOVED,DEN  - REMOVED  |  |  |  |  |  |  |  | 0
2026-07-08 15:02:57,SHEETS,REMOVED,"DEN  - REMOVED TEAM SALARY (Art, I §1 (nnn)): |  | 248896055.4 | 187484805.4 | 119623206.9 | 26724137 | 28448274 | 28448274 | 639624752.7"
2026-07-08 15:02:57,SHEETS,ADDED,"DEN  + ADDED  TEAM SALARY (Art, I §1 (nnn)): |  | 250896055.4 | 187484805.4 | 119623206.9 | 26724137 | 28448274 | 28448274 | 641624752.7"
2026-07-08 15:02:57,SHEETS,REMOVED,DEN  - REMOVED Waived Contracts |  | 0 | 0 | 0 | 0 | 0 | 0
2026-07-08 15:02:57,SHEETS,ADDED,DEN  + ADDED  Waived Contracts |  | 2000000 | 0 | 0 | 0 | 0 | 0
2026-07-08 15:02:57,SHEETS,REMOVED,"IND  - REMOVED Potter, Micah | 1 - FULL SEASON | 2801346.0 |  |  |  |  |  | 2801346"
2026-07-08 15:02:57,SHEETS,REMOVED,"IND  - REMOVED TEAM SALARY (Art, I §1 (nnn)): |  | 216078452.6 | 211505914 | 88444288 | 0 | 0 | 0 | 516028654.6"
2026-07-08 15:02:57,SHEETS,ADDED,IND  + ADDED   |  |  |  |  |  |  |  | 0
2026-07-08 15:02:57,SHEETS,ADDED,"IND  + ADDED  TEAM SALARY (Art, I §1 (nnn)): |  | 213277106.6 | 211505914 | 88444288 | 0 | 0 | 0 | 513227308.6"
2026-07-08 15:02:57,SHEETS,REMOVED,IND  - REMOVED Players Under Contract |  | 206651857.6 | 211505914 | 88444288 | 0 | 0 | 0 | BOLD = Option Year
2026-07-08 15:02:57,SHEETS,REMOVED,"IND  - REMOVED Full Season Contracts |  | 206651857.6 | 211505914 | 88444288 | 0 | 0 | 0 | *=Projected Exten,,"
2026-07-08 15:02:57,SHEETS,ADDED,IND  + ADDED  Players Under Contract |  | 203850511.6 | 211505914 | 88444288 | 0 | 0 | 0 | BOLD = Option Year
2026-07-08 15:02:57,SHEETS,ADDED,"IND  + ADDED  Full Season Contracts |  | 203850511.6 | 211505914 | 88444288 | 0 | 0 | 0 | *=Projected Exten,,"
2026-07-08 15:02:57,SHEETS,REMOVED,"IND  - REMOVED Avg, Salary (Mean) (ALL Compensation Obligations) |  |  | Players Under Contract |  | 14"
2026-07-08 15:02:57,SHEETS,REMOVED,"IND  - REMOVED Avg, Salary (Mean) (No 10-Day K's) |  |  | Avaiable Spots |  | 1"
2026-07-08 15:02:57,SHEETS,ADDED,"IND  + ADDED  Avg, Salary (Mean) (ALL Compensation Obligations) |  |  | Players Under Contract |  | 13"
2026-07-08 15:02:57,SHEETS,ADDED,"IND  + ADDED  Avg, Salary (Mean) (No 10-Day K's) |  |  | Avaiable Spots |  | 2"
2026-07-08 15:02:57,SHEETS,REMOVED,Luxury Tax Calculator  - REMOVED Luxury Tax | 0 | 13628752 | 0 | 0 | 0 | 0 | 0 | 23501723 | 0 | 0 | 972843 | 18756857.6 | 0 | 0 | 0 | 10244835 | 0 | 2536082 | 435790.92 | 28067811 | 44106714 | 29970320.04 | 17700978.3 | 29009155.52 | 6712130.274 | 16311062 | 0 | 8767635.14 | 0 | 1576403.92
2026-07-08 15:02:57,SHEETS,ADDED,Luxury Tax Calculator  + ADDED  Luxury Tax | 0 | 13628752 | 0 | 0 | 0 | 0 | 0 | 25501723 | 0 | 0 | 972843 | 15955511.6 | 0 | 0 | 0 | 10244835 | 0 | 2536082 | 435790.92 | 28067811 | 44106714 | 29970320.04 | 17700978.3 | 29009155.52 | 6712130.274 | 16311062 | 0 | 8767635.14 | 0 | 1576403.92
2026-07-08 15:02:57,SHEETS,REMOVED,Luxury Tax Calculator  - REMOVED 3rd Incremental Tax Bracket | 0 | 12423136 | 0 | 0 | 0 | 0 | 0 | 31267500 | 0 | 0 | 0 | 19897500 | 0 | 0 | 0 | 0 | 0 | 0 | 0 | 19897500 | 19897500 | 19897500 | 19897500 | 31267500 | 0 | 17293717 | 0 | 0 | 0 | 0
2026-07-08 15:02:57,SHEETS,REMOVED,Luxury Tax Calculator  - REMOVED 4th Incremental Tax Bracket | 0 | 0 | 0 | 0 | 0 | 0 | 0 | 38373750 | 0 | 0 | 0 | 8083823.6 | 0 | 0 | 0 | 0 | 0 | 0 | 0 | 27003750 | 27003750 | 27003750 | 3068396.925 | 38373750 | 0 | 0 | 0 | 0 | 0 | 0
2026-07-08 15:02:57,SHEETS,REMOVED,Luxury Tax Calculator  - REMOVED 5th Incremental Tax Bracket | 0 | 0 | 0 | 0 | 0 | 0 | 0 | 5522491.75 | 0 | 0 | 0 | 0 | 0 | 0 | 0 | 0 | 0 | 0 | 0 | 27971007.75 | 29846250 | 29846250 | 0 | 41216250 | 0 | 0 | 0 | 0 | 0 | 0
2026-07-08 15:02:57,SHEETS,ADDED,Luxury Tax Calculator  + ADDED  3rd Incremental Tax Bracket | 0 | 12423136 | 0 | 0 | 0 | 0 | 0 | 31267500 | 0 | 0 | 0 | 16049290.6 | 0 | 0 | 0 | 0 | 0 | 0 | 0 | 19897500 | 19897500 | 19897500 | 19897500 | 31267500 | 0 | 17293717 | 0 | 0 | 0 | 0
2026-07-08 15:02:57,SHEETS,ADDED,Luxury Tax Calculator  + ADDED  4th Incremental Tax Bracket | 0 | 0 | 0 | 0 | 0 | 0 | 0 | 38373750 | 0 | 0 | 0 | 0 | 0 | 0 | 0 | 0 | 0 | 0 | 0 | 27003750 | 27003750 | 27003750 | 3068396.925 | 38373750 | 0 | 0 | 0 | 0 | 0 | 0
2026-07-08 15:02:57,SHEETS,ADDED,Luxury Tax Calculator  + ADDED  5th Incremental Tax Bracket | 0 | 0 | 0 | 0 | 0 | 0 | 0 | 20022491.75 | 0 | 0 | 0 | 0 | 0 | 0 | 0 | 0 | 0 | 0 | 0 | 27971007.75 | 29846250 | 29846250 | 0 | 41216250 | 0 | 0 | 0 | 0 | 0 | 0
2026-07-08 15:02:57,SHEETS,REMOVED,Luxury Tax Calculator  - REMOVED Tax Liability | 0 | 47954386 | 0 | 0 | 0 | 0 | 0 | 110694991.8 | 0 | 0 | 972843 | 40772573.6 | 0 | 0 | 0 | 11384793.75 | 0 | 2536082 | 435790.92 | 87663507.75 | 186862819.5 | 98424340.23 | 35757146.93 | 150915955.3 | 6968912.843 | 30084967 | 0 | 9538293.925 | 0 | 1576403.92
2026-07-08 15:02:57,SHEETS,ADDED,Luxury Tax Calculator  + ADDED  Tax Liability | 0 | 47954386 | 0 | 0 | 0 | 0 | 0 | 125194991.8 | 0 | 0 | 972843 | 28840540.6 | 0 | 0 | 0 | 11384793.75 | 0 | 2536082 | 435790.92 | 87663507.75 | 186862819.5 | 98424340.23 | 35757146.93 | 150915955.3 | 6968912.843 | 30084967 | 0 | 9538293.925 | 0 | 1576403.92
2026-07-08 15:01:54,PLAYERS,CHANGED,~ CHANGED Henri Veesaar  school: North Carolina -> UNC
2026-07-08 15:01:54,PLAYERS,CHANGED,~ CHANGED Zuby Ejiofor  school: St. John's -> St. Johns
2026-07-08 14:49:55,TRANSACTIONS,Trade,2026-07-08  Los Angeles Lakers received center Walker Kessler from Utah Jazz.
2026-07-08 14:49:55,TRANSACTIONS,Trade,2026-07-08  Utah Jazz received draft consideration from Los Angeles Lakers.
2026-07-08 14:38:54,PLAYERS,REMOVED,- REMOVED Micah Potter (IND)
2026-07-08 14:38:54,PLAYERS,REMOVED,- REMOVED Jonas Valanciunas (DEN)
2026-07-08 14:19:54,PLAYERS,CHANGED,~ CHANGED Jonas Valanciunas  name: Jonas Valančiūnas -> Jonas Valanciunas
2026-07-08 14:08:55,TRANSACTIONS,Waive,2026-07-08  Denver Nuggets waived center Jonas Valanciunas.
2026-07-08 14:08:55,TRANSACTIONS,Waive,2026-07-08  Indiana Pacers waived center Micah Potter.
2026-07-08 12:39:54,PLAYERS,CHANGED,~ CHANGED Kasparas Jakučionis  name: Kasparas Jakucionis -> Kasparas Jakučionis
2026-07-08 12:39:54,PLAYERS,CHANGED,~ CHANGED Kasparas Jakučionis  school: Illinois -> Illinois-Urbana-Champaign
2026-07-08 12:39:54,PLAYERS,CHANGED,~ CHANGED Bogoljub Marković  name: Bogoljub Markovic -> Bogoljub Marković
2026-07-08 12:39:54,PLAYERS,CHANGED,~ CHANGED Cormac Ryan  school: UNC -> North Carolina
2026-07-08 12:24:54,PLAYERS,CHANGED,~ CHANGED Rocco Zikarsky  school: - -> Brisbane Bullets (Australia)
2026-07-08 12:24:54,PLAYERS,CHANGED,~ CHANGED Joan Beringer  school: - -> Cedevita Olimpija (Slovenia)
2026-07-08 12:19:54,PLAYERS,CHANGED,~ CHANGED Hugo González  school: Real Madrid -> Spain
2026-07-08 11:54:55,PLAYERS,CHANGED,~ CHANGED Cormac Ryan  school: North Carolina -> UNC
2026-07-08 11:54:55,PLAYERS,CHANGED,~ CHANGED Kasparas Jakucionis  name: Kasparas Jakučionis -> Kasparas Jakucionis
2026-07-08 11:54:55,PLAYERS,CHANGED,~ CHANGED Kasparas Jakucionis  school: Illinois-Urbana-Champaign -> Illinois
2026-07-08 11:54:55,PLAYERS,CHANGED,~ CHANGED Bogoljub Markovic  name: Bogoljub Marković -> Bogoljub Markovic
2026-07-08 11:54:55,PLAYERS,CHANGED,~ CHANGED Bogoljub Markovic  school: Mega Basket (ABA) -> Serbia
2026-07-08 11:54:55,PLAYERS,CHANGED,~ CHANGED Yuki Kawamura  school: Yokohama B-Corsairs (Japan) -> Japan
2026-07-08 11:38:55,PLAYERS,CHANGED,"~ CHANGED Santi Aldama  school: Loyola College, MD -> Loyola-Maryland"
2026-07-08 11:17:55,TRANSACTIONS,Signing,2026-07-05  Milwaukee Bucks signed guard Kam Jones to a Two-Way Contract.
2026-07-08 10:58:54,PLAYERS,CHANGED,"~ CHANGED Santi Aldama  school: Loyola-Maryland -> Loyola College, MD"
2026-07-08 10:57:55,TRANSACTIONS,Signing,2026-07-08  San Antonio Spurs re-signed forward Harrison Barnes to a Contract.
2026-07-08 10:46:55,TRANSACTIONS,Trade,2026-07-08  Milwaukee Bucks received draft consideration from Detroit Pistons.
2026-07-08 10:38:55,PLAYERS,CHANGED,~ CHANGED John Collins  team: LAC -> DET
2026-07-08 10:38:55,PLAYERS,CHANGED,~ CHANGED Marcus Sasser  team: DET -> DAL
2026-07-08 10:38:55,PLAYERS,CHANGED,~ CHANGED Santi Aldama  team: MEM -> DAL
2026-07-08 10:38:55,PLAYERS,CHANGED,"~ CHANGED Santi Aldama  school: Loyola College, MD -> Loyola-Maryland"
2026-07-08 10:38:55,PLAYERS,CHANGED,~ CHANGED Isaiah Stewart  team: DET -> MEM
2026-07-08 10:38:55,PLAYERS,CHANGED,~ CHANGED Gary Harris  team: MIL -> DET
2026-07-08 10:38:55,PLAYERS,CHANGED,~ CHANGED D'Angelo Russell  team: WAS -> MEM
2026-07-08 10:38:55,PLAYERS,CHANGED,~ CHANGED Khris Middleton  team: DAL -> WAS
2026-07-08 10:38:55,PLAYERS,CHANGED,~ CHANGED AJ Johnson  team: DAL -> MEM
2026-07-08 10:38:55,PLAYERS,CHANGED,~ CHANGED Caris LeVert  team: DET -> MIL
2026-07-08 10:38:55,PLAYERS,CHANGED,~ CHANGED Taurean Prince  team: MIL -> DET
2026-07-08 10:37:54,PLAYERS,CHANGED,~ CHANGED Khris Middleton  team: WAS -> DAL
2026-07-08 10:37:54,PLAYERS,CHANGED,~ CHANGED Santi Aldama  team: DAL -> MEM
2026-07-08 10:37:54,PLAYERS,CHANGED,"~ CHANGED Santi Aldama  school: Loyola-Maryland -> Loyola College, MD"
2026-07-08 10:37:54,PLAYERS,CHANGED,~ CHANGED Isaiah Stewart  team: MEM -> DET
2026-07-08 10:37:54,PLAYERS,CHANGED,~ CHANGED Caris LeVert  team: MIL -> DET
2026-07-08 10:37:54,PLAYERS,CHANGED,~ CHANGED Gary Harris  team: DET -> MIL
2026-07-08 10:37:54,PLAYERS,CHANGED,~ CHANGED Taurean Prince  team: DET -> MIL
2026-07-08 10:37:54,PLAYERS,CHANGED,~ CHANGED John Collins  team: DET -> LAC
2026-07-08 10:37:54,PLAYERS,CHANGED,~ CHANGED D'Angelo Russell  team: MEM -> WAS
2026-07-08 10:37:54,PLAYERS,CHANGED,~ CHANGED Marcus Sasser  team: DAL -> DET
2026-07-08 10:37:54,PLAYERS,CHANGED,~ CHANGED AJ Johnson  team: MEM -> DAL
2026-07-08 10:36:54,PLAYERS,CHANGED,~ CHANGED D'Angelo Russell  team: WAS -> MEM
2026-07-08 10:36:54,PLAYERS,CHANGED,~ CHANGED Isaiah Stewart  team: DET -> MEM
2026-07-08 10:36:54,PLAYERS,CHANGED,~ CHANGED AJ Johnson  team: DAL -> MEM
2026-07-08 10:36:54,PLAYERS,CHANGED,~ CHANGED Santi Aldama  team: MEM -> DAL
2026-07-08 10:36:54,PLAYERS,CHANGED,"~ CHANGED Santi Aldama  school: Loyola College, MD -> Loyola-Maryland"
2026-07-08 10:36:54,PLAYERS,CHANGED,~ CHANGED Taurean Prince  team: MIL -> DET
2026-07-08 10:36:54,PLAYERS,CHANGED,~ CHANGED John Collins  team: LAC -> DET
2026-07-08 10:36:54,PLAYERS,CHANGED,~ CHANGED Gary Harris  team: MIL -> DET
2026-07-08 10:36:54,PLAYERS,CHANGED,~ CHANGED Marcus Sasser  team: DET -> DAL
2026-07-08 10:36:54,PLAYERS,CHANGED,~ CHANGED Caris LeVert  team: DET -> MIL
2026-07-08 10:36:54,PLAYERS,CHANGED,~ CHANGED Khris Middleton  team: DAL -> WAS
2026-07-08 10:06:55,TRANSACTIONS,Trade,2026-07-08  Milwaukee Bucks received guard Caris LeVert from Detroit Pistons.
2026-07-08 10:00:54,PLAYERS,CHANGED,"~ CHANGED Santi Aldama  school: Loyola-Maryland -> Loyola College, MD"
2026-07-08 09:56:55,TRANSACTIONS,Trade,2026-07-08  Dallas Mavericks received forward Santi Aldama from Memphis Grizzlies.
2026-07-08 09:56:55,TRANSACTIONS,Trade,2026-07-08  Dallas Mavericks received guard Marcus Sasser from Detroit Pistons.
2026-07-08 09:56:55,TRANSACTIONS,Trade,2026-07-08  LA Clippers received draft consideration from Detroit Pistons.
2026-07-08 09:56:55,TRANSACTIONS,Trade,2026-07-08  Memphis Grizzlies received guard AJ Johnson from Dallas Mavericks.
2026-07-08 09:56:55,TRANSACTIONS,Trade,2026-07-08  Memphis Grizzlies received draft consideration from Dallas Mavericks.
2026-07-08 09:56:55,TRANSACTIONS,Trade,2026-07-08  Memphis Grizzlies received guard D'Angelo Russell from Washington Wizards.
2026-07-08 09:56:55,TRANSACTIONS,Trade,2026-07-08  Memphis Grizzlies received draft consideration from Washington Wizards.
2026-07-08 09:56:55,TRANSACTIONS,Trade,2026-07-08  Memphis Grizzlies received forward Isaiah Stewart from Detroit Pistons.
2026-07-08 09:56:55,TRANSACTIONS,Trade,2026-07-08  Washington Wizards received forward Khris Middleton from Dallas Mavericks.
2026-07-08 09:56:55,TRANSACTIONS,Trade,2026-07-08  Washington Wizards received draft consideration from Dallas Mavericks.
2026-07-08 09:56:55,TRANSACTIONS,Trade,2026-07-08  Detroit Pistons received forward John Collins from LA Clippers.
2026-07-08 09:56:55,TRANSACTIONS,Trade,2026-07-08  Detroit Pistons received forward Taurean Prince from Milwaukee Bucks.
2026-07-08 09:56:55,TRANSACTIONS,Trade,2026-07-08  Detroit Pistons received guard Gary Harris from Milwaukee Bucks.
2026-07-08 09:56:55,TRANSACTIONS,Trade,2026-07-08  Detroit Pistons received draft consideration from Memphis Grizzlies.
2026-07-08 09:36:54,PLAYERS,ADDED,+ ADDED   Quadir Copeland (HOU)
2026-07-08 09:36:54,PLAYERS,CHANGED,~ CHANGED Jaden Hardy  number: 8 -> 7
2026-07-08 09:36:54,PLAYERS,CHANGED,~ CHANGED Bobby Portis Jr.  number: 9 -> 95
2026-07-08 09:36:54,PLAYERS,CHANGED,~ CHANGED Kelly Oubre Jr.  team: PHI -> IND
2026-07-08 09:33:01,DOCS,REMOVED,"2026-27 Veteran Signings  - REMOVED Update 1.2 (7/7/26): P. Achiuwa, J. Alvarado, K. Anderson, T. Bryant, J. Collins, M. Conley, M. Diawara, A. Drummond, K. Ellis, C. Gillespie, Q. Grimes, J. Goodwin, R. Hachimura, T. Hardaway Jr., T. Harris, I. Hartenstein, A. Hukporti, S. MamK. Middleton, K. Oubre, M. Robinson, K. Sanders, L. Shamet, C. White, K. Williams, M. Williams, T. Young"
2026-07-08 09:33:01,DOCS,ADDED,"2026-27 Veteran Signings  + ADDED  Update 1.2 (7/7/26): P. Achiuwa, J. Alvarado, K. Anderson, T. Bryant, J. Collins, M. Conley, M. Diawara, A. Drummond, K. Ellis, C. Gillespie, Q. Grimes, J. Goodwin, R. Hachimura, T. Hardaway Jr., T. Harris, I. Hartenstein, A. Hukporti, S. Mamukelashvili, K. Middleton, K. Oubre, M. Robinson, K. Sanders, L. Shamet, C. White, K. Williams, M. Williams, T. Young"
2026-07-08 09:33:01,DOCS,ADDED,2026-27 Veteran Signings  + ADDED  Sandro Mamukelashvili Los Angeles Lakers
2026-07-08 09:33:01,DOCS,ADDED,"2026-27 Veteran Signings  + ADDED  26-27 $13,000,000"
2026-07-08 09:33:01,DOCS,ADDED,"2026-27 Veteran Signings  + ADDED  27-28 $12,350,000"
2026-07-08 09:33:01,DOCS,ADDED,"2026-27 Veteran Signings  + ADDED  28-29 $13,000,000"
2026-07-08 09:33:01,DOCS,ADDED,"2026-27 Veteran Signings  + ADDED  29-30 $13,650,000 (Player Option)"
2026-07-08 09:33:01,DOCS,ADDED,"2026-27 Veteran Signings  + ADDED  4 Years for $52,000,000. Room. Player option to extend the contract to include the 2029-30 Season. Insurance Premium Reimbursement. Skill; Injury or Illness; Mental; Death. Love of the Game. Physical Exam. Alt. 7(b)."
2026-07-08 09:33:01,DOCS,ADDED,2026-27 Veteran Signings  + ADDED  Execution Date: 7/6/26
2026-07-08 09:32:00,SHEETS,ADDED,"LAL  + ADDED  Mamukelashvili, Sandro | 1 - FULL SEASON | 13000000.0 | 12350000.0 | 13000000.0 | 13650000.0 |  |  | 52000000"
2026-07-08 09:32:00,SHEETS,REMOVED,LAL  - REMOVED  |  |  |  |  |  |  |  | 0
2026-07-08 09:32:00,SHEETS,REMOVED,LAL  - REMOVED  |  |  |  |  |  |  |  | 0
2026-07-08 09:32:00,SHEETS,REMOVED,LAL  - REMOVED  |  |  |  |  |  |  |  | 0
2026-07-08 09:32:00,SHEETS,REMOVED,"LAL  - REMOVED Mamukelashvili, Sandro | 1 - FULL SEASON | 13000000.0 | 12350000.0 | 13000000.0 |  |  |  | 38350000"
2026-07-08 09:32:00,SHEETS,REMOVED,"LAL  - REMOVED TEAM SALARY (Art, I §1 (nnn)): |  | 135285649 | 116350000.3 | 91194613 | 22424764.2 | 0 | 0 | 365255026.5"
2026-07-08 09:32:00,SHEETS,ADDED,LAL  + ADDED   |  |  |  |  |  |  |  | 0
2026-07-08 09:32:00,SHEETS,ADDED,LAL  + ADDED   |  |  |  |  |  |  |  | 0
2026-07-08 09:32:00,SHEETS,ADDED,LAL  + ADDED   |  |  |  |  |  |  |  | 0
2026-07-08 09:32:00,SHEETS,ADDED,"LAL  + ADDED  TEAM SALARY (Art, I §1 (nnn)): |  | 135285649 | 116350000.3 | 91194613 | 36074764.2 | 0 | 0 | 378905026.5"
2026-07-08 09:32:00,SHEETS,REMOVED,LAL  - REMOVED Players Under Contract |  | 114379288 | 116350000.3 | 91194613 | 22424764.2 | 0 | 0 | BOLD = Option Year
2026-07-08 09:32:00,SHEETS,REMOVED,"LAL  - REMOVED Full Season Contracts |  | 114379288 | 116350000.3 | 91194613 | 22424764.2 | 0 | 0 | *=Projected Exten,,"
2026-07-08 09:32:00,SHEETS,ADDED,LAL  + ADDED  Players Under Contract |  | 114379288 | 116350000.3 | 91194613 | 36074764.2 | 0 | 0 | BOLD = Option Year
2026-07-08 09:32:00,SHEETS,ADDED,"LAL  + ADDED  Full Season Contracts |  | 114379288 | 116350000.3 | 91194613 | 36074764.2 | 0 | 0 | *=Projected Exten,,"
2026-07-08 09:31:56,DOCS,REMOVED,"2026-27 Veteran Signings  - REMOVED Update 1.2 (7/7/26): P. Achiuwa, J. Alvarado, K. Anderson, T. Bryant, J. Collins, M. Conley, M. Diawara, A. Drummond, K. Ellis, C. Gillespie, Q. Grimes, J. Goodwin, R. Hachimura, T. Hardaway Jr., T. Harris, I. Hartenstein, A. Hukporti, K. Middleton, K. Oubre, M. Robinson, K. Sanders, L. Shamet, C. White, K. Williams, M. Williams, T. Young"
2026-07-08 09:31:56,DOCS,ADDED,"2026-27 Veteran Signings  + ADDED  Update 1.2 (7/7/26): P. Achiuwa, J. Alvarado, K. Anderson, T. Bryant, J. Collins, M. Conley, M. Diawara, A. Drummond, K. Ellis, C. Gillespie, Q. Grimes, J. Goodwin, R. Hachimura, T. Hardaway Jr., T. Harris, I. Hartenstein, A. Hukporti, S. MamK. Middleton, K. Oubre, M. Robinson, K. Sanders, L. Shamet, C. White, K. Williams, M. Williams, T. Young"
2026-07-08 09:31:00,SHEETS,REMOVED,"LAL  - REMOVED Mamukelashvili, Sandro |  |  |  |  |  |  |  | 0"
2026-07-08 09:31:00,SHEETS,ADDED,"LAL  + ADDED  Mamukelashvili, Sandro | 1 - FULL SEASON | 13000000.0 | 12350000.0 | 13000000.0 |  |  |  | 38350000"
2026-07-08 09:31:00,SHEETS,REMOVED,"LAL  - REMOVED TEAM SALARY (Art, I §1 (nnn)): |  | 122285649 | 104000000.3 | 78194613 | 22424764.2 | 0 | 0 | 326905026.5"
2026-07-08 09:31:00,SHEETS,ADDED,"LAL  + ADDED  TEAM SALARY (Art, I §1 (nnn)): |  | 135285649 | 116350000.3 | 91194613 | 22424764.2 | 0 | 0 | 365255026.5"
2026-07-08 09:31:00,SHEETS,REMOVED,LAL  - REMOVED Players Under Contract |  | 101379288 | 104000000.3 | 78194613 | 22424764.2 | 0 | 0 | BOLD = Option Year
2026-07-08 09:31:00,SHEETS,REMOVED,"LAL  - REMOVED Full Season Contracts |  | 101379288 | 104000000.3 | 78194613 | 22424764.2 | 0 | 0 | *=Projected Exten,,"
2026-07-08 09:31:00,SHEETS,ADDED,LAL  + ADDED  Players Under Contract |  | 114379288 | 116350000.3 | 91194613 | 22424764.2 | 0 | 0 | BOLD = Option Year
2026-07-08 09:31:00,SHEETS,ADDED,"LAL  + ADDED  Full Season Contracts |  | 114379288 | 116350000.3 | 91194613 | 22424764.2 | 0 | 0 | *=Projected Exten,,"
2026-07-08 09:31:00,SHEETS,REMOVED,"LAL  - REMOVED Avg, Salary (Mean) (ALL Compensation Obligations) |  |  | Players Under Contract |  | 9"
2026-07-08 09:31:00,SHEETS,REMOVED,"LAL  - REMOVED Avg, Salary (Mean) (No 10-Day K's) |  |  | Avaiable Spots |  | 6"
2026-07-08 09:31:00,SHEETS,REMOVED,"LAL  - REMOVED Avg, Salary (Mean) (No 10-Day K's & ROS) |  |  | Players to Reach Roster Min, |  | 4"
2026-07-08 09:31:00,SHEETS,ADDED,"LAL  + ADDED  Avg, Salary (Mean) (ALL Compensation Obligations) |  |  | Players Under Contract |  | 10"
2026-07-08 09:31:00,SHEETS,ADDED,"LAL  + ADDED  Avg, Salary (Mean) (No 10-Day K's) |  |  | Avaiable Spots |  | 5"
2026-07-08 09:31:00,SHEETS,ADDED,"LAL  + ADDED  Avg, Salary (Mean) (No 10-Day K's & ROS) |  |  | Players to Reach Roster Min, |  | 3"
2026-07-08 09:30:04,SHEETS,REMOVED,LAL  - REMOVED  |  |  |  |  |  |  |  | 0
2026-07-08 09:30:04,SHEETS,ADDED,"LAL  + ADDED  Mamukelashvili, Sandro |  |  |  |  |  |  |  | 0"
2026-07-08 09:29:04,SHEETS,REMOVED,"WAS  - REMOVED Mahinmi, Ian | 4 - CAP HOLD |  |  |  |  |  |  | 0"
2026-07-08 09:29:04,SHEETS,REMOVED,"WAS  - REMOVED Nunn, Kendrick | 4 - CAP HOLD |  |  |  |  |  |  | 0"
2026-07-08 09:29:04,SHEETS,REMOVED,"WAS  - REMOVED Gill, Anthony | 4 - CAP HOLD |  |  |  |  |  |  | 0"
2026-07-08 09:29:04,SHEETS,REMOVED,"WAS  - REMOVED Lawson, Ty | 4 - CAP HOLD |  |  |  |  |  |  | 0"
2026-07-08 09:29:04,SHEETS,REMOVED,"WAS  - REMOVED Napier, Shabazz | 4 - CAP HOLD |  |  |  |  |  |  | 0"
2026-07-08 09:29:04,SHEETS,REMOVED,"WAS  - REMOVED Satoransky, Tomas | 4 - CAP HOLD |  |  |  |  |  |  | 0"
2026-07-08 09:29:04,SHEETS,REMOVED,"WAS  - REMOVED Sessions, Ramon | 4 - CAP HOLD |  |  |  |  |  |  | 0"
2026-07-08 09:29:04,SHEETS,REMOVED,"WAS  - REMOVED Thor, JT | 4 - CAP HOLD |  |  |  |  |  |  | 0"
2026-07-08 09:29:04,SHEETS,REMOVED,"WAS  - REMOVED Winston, Cassius | 4 - CAP HOLD |  |  |  |  |  |  | 0"
2026-07-08 09:29:04,SHEETS,ADDED,"WAS  + ADDED  Mahinmi, Ian | 4 - CAP HOLD | 23175076.5 |  |  |  |  |  | 23175076.5"
2026-07-08 09:29:04,SHEETS,ADDED,"WAS  + ADDED  Nunn, Kendrick | 4 - CAP HOLD | 6825000 |  |  |  |  |  | 6825000"
2026-07-08 09:29:04,SHEETS,ADDED,"WAS  + ADDED  Gill, Anthony | 4 - CAP HOLD | 2449421.0 |  |  |  |  |  | 2449421"
2026-07-08 09:29:04,SHEETS,ADDED,"WAS  + ADDED  Lawson, Ty | 4 - CAP HOLD | 2449421.0 |  |  |  |  |  | 2449421"
2026-07-08 09:29:04,SHEETS,ADDED,"WAS  + ADDED  Napier, Shabazz | 4 - CAP HOLD | 2449421.0 |  |  |  |  |  | 2449421"
2026-07-08 09:29:04,SHEETS,ADDED,"WAS  + ADDED  Satoransky, Tomas | 4 - CAP HOLD | 2449421.0 |  |  |  |  |  | 2449421"
2026-07-08 09:29:04,SHEETS,ADDED,"WAS  + ADDED  Sessions, Ramon | 4 - CAP HOLD | 2449421.0 |  |  |  |  |  | 2449421"
2026-07-08 09:29:04,SHEETS,ADDED,"WAS  + ADDED  Thor, JT | 4 - CAP HOLD | 2185116.0 |  |  |  |  |  | 2185116"
2026-07-08 09:29:04,SHEETS,ADDED,"WAS  + ADDED  Winston, Cassius | 4 - CAP HOLD | 2185116.0 |  |  |  |  |  | 2185116"
2026-07-08 09:29:04,SHEETS,REMOVED,"WAS  - REMOVED TEAM SALARY (Art, I §1 (nnn)): |  | 189471403.9 | 181857370.5 | 94455966 | 78853447.44 | 0 | 0 | 544638187.9"
2026-07-08 09:29:04,SHEETS,ADDED,"WAS  + ADDED  TEAM SALARY (Art, I §1 (nnn)): |  | 236088817.4 | 181857370.5 | 94455966 | 78853447.44 | 0 | 0 | 591255601.4"
2026-07-08 09:29:04,SHEETS,REMOVED,WAS  - REMOVED Cap Holds |  | 0 | 0 | 0 | 0 | 0 | 0
2026-07-08 09:29:04,SHEETS,ADDED,WAS  + ADDED  Cap Holds |  | 46617413.5 | 0 | 0 | 0 | 0 | 0
2026-07-08 09:28:13,SHEETS,REMOVED,"WAS  - REMOVED Mahinmi, Ian | 4 - CAP HOLD | 23175076.5 |  |  |  |  |  | 23175076.5"
2026-07-08 09:28:13,SHEETS,REMOVED,"WAS  - REMOVED Nunn, Kendrick | 4 - CAP HOLD | 6825000 |  |  |  |  |  | 6825000"
2026-07-08 09:28:13,SHEETS,REMOVED,"WAS  - REMOVED Gill, Anthony | 4 - CAP HOLD | 2449421.0 |  |  |  |  |  | 2449421"
2026-07-08 09:28:13,SHEETS,REMOVED,"WAS  - REMOVED Lawson, Ty | 4 - CAP HOLD | 2449421.0 |  |  |  |  |  | 2449421"
2026-07-08 09:28:13,SHEETS,REMOVED,"WAS  - REMOVED Napier, Shabazz | 4 - CAP HOLD | 2449421.0 |  |  |  |  |  | 2449421"
2026-07-08 09:28:13,SHEETS,REMOVED,"WAS  - REMOVED Satoransky, Tomas | 4 - CAP HOLD | 2449421.0 |  |  |  |  |  | 2449421"
2026-07-08 09:28:13,SHEETS,REMOVED,"WAS  - REMOVED Sessions, Ramon | 4 - CAP HOLD | 2449421.0 |  |  |  |  |  | 2449421"
2026-07-08 09:28:13,SHEETS,REMOVED,"WAS  - REMOVED Thor, JT | 4 - CAP HOLD | 2185116.0 |  |  |  |  |  | 2185116"
2026-07-08 09:28:13,SHEETS,REMOVED,"WAS  - REMOVED Winston, Cassius | 4 - CAP HOLD | 2185116.0 |  |  |  |  |  | 2185116"
2026-07-08 09:28:13,SHEETS,ADDED,"WAS  + ADDED  Mahinmi, Ian | 4 - CAP HOLD |  |  |  |  |  |  | 0"
2026-07-08 09:28:13,SHEETS,ADDED,"WAS  + ADDED  Nunn, Kendrick | 4 - CAP HOLD |  |  |  |  |  |  | 0"
2026-07-08 09:28:13,SHEETS,ADDED,"WAS  + ADDED  Gill, Anthony | 4 - CAP HOLD |  |  |  |  |  |  | 0"
2026-07-08 09:28:13,SHEETS,ADDED,"WAS  + ADDED  Lawson, Ty | 4 - CAP HOLD |  |  |  |  |  |  | 0"
2026-07-08 09:28:13,SHEETS,ADDED,"WAS  + ADDED  Napier, Shabazz | 4 - CAP HOLD |  |  |  |  |  |  | 0"
2026-07-08 09:28:13,SHEETS,ADDED,"WAS  + ADDED  Satoransky, Tomas | 4 - CAP HOLD |  |  |  |  |  |  | 0"
2026-07-08 09:28:13,SHEETS,ADDED,"WAS  + ADDED  Sessions, Ramon | 4 - CAP HOLD |  |  |  |  |  |  | 0"
2026-07-08 09:28:13,SHEETS,ADDED,"WAS  + ADDED  Thor, JT | 4 - CAP HOLD |  |  |  |  |  |  | 0"
2026-07-08 09:28:13,SHEETS,ADDED,"WAS  + ADDED  Winston, Cassius | 4 - CAP HOLD |  |  |  |  |  |  | 0"
2026-07-08 09:28:13,SHEETS,REMOVED,"WAS  - REMOVED TEAM SALARY (Art, I §1 (nnn)): |  | 236088817.4 | 181857370.5 | 94455966 | 78853447.44 | 0 | 0 | 591255601.4"
2026-07-08 09:28:13,SHEETS,ADDED,"WAS  + ADDED  TEAM SALARY (Art, I §1 (nnn)): |  | 189471403.9 | 181857370.5 | 94455966 | 78853447.44 | 0 | 0 | 544638187.9"
2026-07-08 09:28:13,SHEETS,REMOVED,WAS  - REMOVED Cap Holds |  | 46617413.5 | 0 | 0 | 0 | 0 | 0
2026-07-08 09:28:13,SHEETS,ADDED,WAS  + ADDED  Cap Holds |  | 0 | 0 | 0 | 0 | 0 | 0
2026-07-08 09:26:56,DOCS,REMOVED,"2026-27 Veteran Signings  - REMOVED 4 Years for $60,000,000. Room. Advance Payment ($8,000,000)."
2026-07-08 09:26:56,DOCS,REMOVED,2026-27 Veteran Signings  - REMOVED Player option to extend the contract to include the 2029-30 Season. Insurance Premium Reimbursement. Skill; Injury or Illness; Mental. Love of the Game. Physical Exam. Alt. 7(b).
2026-07-08 09:26:56,DOCS,ADDED,"2026-27 Veteran Signings  + ADDED  4 Years for $60,000,000. Room. Advance Payment ($8,000,000). Player option to extend the contract to include the 2029-30 Season. Insurance Premium Reimbursement. Skill; Injury or Illness; Mental; Death. Love of the Game. Physical Exam. Alt. 7(b)."
2026-07-08 09:26:28,DOCS,REMOVED,"2026-27 Veteran Signings  - REMOVED 26-27 $9,000,000"
2026-07-08 09:26:28,DOCS,REMOVED,"2026-27 Veteran Signings  - REMOVED 27-28 $9,000,000 (Player/Team Option)"
2026-07-08 09:26:28,DOCS,REMOVED,"2026-27 Veteran Signings  - REMOVED 2 Years for $18,000,000. Room. Player or Team option to extend the contract to include the 2027-28 Season. Insurance Premium Reimbursement. Skill; Injury or Illness; Mental. Love of the Game. Physical Exam. Alt. 7(b)."
2026-07-08 09:26:28,DOCS,ADDED,"2026-27 Veteran Signings  + ADDED  26-27 $13,953,489"
2026-07-08 09:26:28,DOCS,ADDED,"2026-27 Veteran Signings  + ADDED  27-28 $14,651,163"
2026-07-08 09:26:28,DOCS,ADDED,"2026-27 Veteran Signings  + ADDED  28-29 $15,348,837"
2026-07-08 09:26:28,DOCS,ADDED,"2026-27 Veteran Signings  + ADDED  29-30 $16,046,511 (Player Option)"
2026-07-08 09:26:28,DOCS,ADDED,"2026-27 Veteran Signings  + ADDED  4 Years for $60,000,000. Room. Advance Payment ($8,000,000)."
2026-07-08 09:26:28,DOCS,ADDED,2026-27 Veteran Signings  + ADDED  Player option to extend the contract to include the 2029-30 Season. Insurance Premium Reimbursement. Skill; Injury or Illness; Mental. Love of the Game. Physical Exam. Alt. 7(b).
2026-07-08 09:24:56,SHEETS,ADDED,"LAL  + ADDED  Grimes, Quentin | 1 - FULL SEASON | 13953489.0 | 14651163.45 | 15348837.0 | 16046511.0 |  |  | 60000000.45"
2026-07-08 09:24:56,SHEETS,REMOVED,"LAL  - REMOVED Grimes, Quentin | 1 - FULL SEASON | 13953489.0 | 14651163.45 | 15348837.0 | 16046511.0 |  |  | 60000000.45"
2026-07-08 09:24:55,DOCS,REMOVED,"2026-27 Veteran Signings  - REMOVED Update 1.2 (7/7/26): P. Achiuwa, J. Alvarado, K. Anderson, T. Bryant, J. Collins, M. Conley, M. Diawara, A. Drummond, K. Ellis, C. Gillespie, J. Goodwin, R. Hachimura, T. Hardaway Jr., T. Harris, I. Hartenstein, A. Hukporti, K. Middleton, K. Oubre, M. Robinson, K. Sanders, L. Shamet, C. White, K. Williams, M. Williams, T. Young"
2026-07-08 09:24:55,DOCS,ADDED,"2026-27 Veteran Signings  + ADDED  Update 1.2 (7/7/26): P. Achiuwa, J. Alvarado, K. Anderson, T. Bryant, J. Collins, M. Conley, M. Diawara, A. Drummond, K. Ellis, C. Gillespie, Q. Grimes, J. Goodwin, R. Hachimura, T. Hardaway Jr., T. Harris, I. Hartenstein, A. Hukporti, K. Middleton, K. Oubre, M. Robinson, K. Sanders, L. Shamet, C. White, K. Williams, M. Williams, T. Young"
2026-07-08 09:24:55,DOCS,ADDED,2026-27 Veteran Signings  + ADDED  Quentin Grimes Los Angeles Lakers
2026-07-08 09:24:55,DOCS,ADDED,"2026-27 Veteran Signings  + ADDED  26-27 $9,000,000"
2026-07-08 09:24:55,DOCS,ADDED,"2026-27 Veteran Signings  + ADDED  27-28 $9,000,000 (Player/Team Option)"
2026-07-08 09:24:55,DOCS,ADDED,"2026-27 Veteran Signings  + ADDED  2 Years for $18,000,000. Room. Player or Team option to extend the contract to include the 2027-28 Season. Insurance Premium Reimbursement. Skill; Injury or Illness; Mental. Love of the Game. Physical Exam. Alt. 7(b)."
2026-07-08 09:24:55,DOCS,ADDED,2026-27 Veteran Signings  + ADDED  Execution Date: 7/6/26
2026-07-08 09:23:58,SHEETS,ADDED,LAL  + ADDED   |  |  |  |  |  |  |  | 0
2026-07-08 09:23:58,SHEETS,ADDED,"LAL  + ADDED  Grimes, Quentin | 1 - FULL SEASON | 13953489.0 | 14651163.45 | 15348837.0 | 16046511.0 |  |  | 60000000.45"
2026-07-08 09:23:58,SHEETS,REMOVED,LAL  - REMOVED  |  |  |  |  |  |  |  | 0
2026-07-08 09:23:58,SHEETS,REMOVED,LAL  - REMOVED  |  |  |  |  |  |  |  | 0
2026-07-08 09:23:58,SHEETS,REMOVED,"LAL  - REMOVED TEAM SALARY (Art, I §1 (nnn)): |  | 108332160 | 89348836.88 | 62845776 | 6378253.2 | 0 | 0 | 266905026.1"
2026-07-08 09:23:58,SHEETS,ADDED,"LAL  + ADDED  TEAM SALARY (Art, I §1 (nnn)): |  | 122285649 | 104000000.3 | 78194613 | 22424764.2 | 0 | 0 | 326905026.5"
2026-07-08 09:23:58,SHEETS,REMOVED,LAL  - REMOVED Players Under Contract |  | 87425799 | 89348836.88 | 62845776 | 6378253.2 | 0 | 0 | BOLD = Option Year
2026-07-08 09:23:58,SHEETS,REMOVED,"LAL  - REMOVED Full Season Contracts |  | 87425799 | 89348836.88 | 62845776 | 6378253.2 | 0 | 0 | *=Projected Exten,,"
2026-07-08 09:23:58,SHEETS,ADDED,LAL  + ADDED  Players Under Contract |  | 101379288 | 104000000.3 | 78194613 | 22424764.2 | 0 | 0 | BOLD = Option Year
2026-07-08 09:23:58,SHEETS,ADDED,"LAL  + ADDED  Full Season Contracts |  | 101379288 | 104000000.3 | 78194613 | 22424764.2 | 0 | 0 | *=Projected Exten,,"
2026-07-08 09:23:58,SHEETS,REMOVED,"LAL  - REMOVED Avg, Salary (Mean) (ALL Compensation Obligations) |  |  | Players Under Contract |  | 8"
2026-07-08 09:23:58,SHEETS,REMOVED,"LAL  - REMOVED Avg, Salary (Mean) (No 10-Day K's) |  |  | Avaiable Spots |  | 7"
2026-07-08 09:23:58,SHEETS,REMOVED,"LAL  - REMOVED Avg, Salary (Mean) (No 10-Day K's & ROS) |  |  | Players to Reach Roster Min, |  | 5"
2026-07-08 09:23:58,SHEETS,ADDED,"LAL  + ADDED  Avg, Salary (Mean) (ALL Compensation Obligations) |  |  | Players Under Contract |  | 9"
2026-07-08 09:23:58,SHEETS,ADDED,"LAL  + ADDED  Avg, Salary (Mean) (No 10-Day K's) |  |  | Avaiable Spots |  | 6"
2026-07-08 09:23:58,SHEETS,ADDED,"LAL  + ADDED  Avg, Salary (Mean) (No 10-Day K's & ROS) |  |  | Players to Reach Roster Min, |  | 4"
2026-07-08 09:21:56,DOCS,REMOVED,"2026-27 Veteran Signings  - REMOVED 2 Years for $17,500,000. Non-Taxpayer Mid-Level Exception (Partial). Team option to extend the contract to include the 2027-28 Season. Insurance Premium Reimbursement. Skill; Injury or Illness; Mental. Love of the Game. Physical Exam. Alt. 7(b)."
2026-07-08 09:21:56,DOCS,REMOVED,2026-27 Veteran Signings  - REMOVED Execution Date: 7/6/26
2026-07-08 09:21:56,DOCS,ADDED,"2026-27 Veteran Signings  + ADDED  2 Years for $16,500,000. Non-Taxpayer Mid-Level Exception (Partial). Insurance Premium Reimbursement. Skill; Injury or Illness. Love of the Game. Physical Exam. Alt. 7(b)."
2026-07-08 09:21:56,DOCS,ADDED,2026-27 Veteran Signings  + ADDED  Execution Date: 7/7/26
2026-07-08 09:20:57,DOCS,REMOVED,"2026-27 Veteran Signings  - REMOVED Update 1.2 (7/7/26): P. Achiuwa, J. Alvarado, K. Anderson, T. Bryant, J. Collins, M. Conley, M. Diawara, A. Drummond, K. Ellis, C. Gillespie, J. Goodwin, R. Hachimura, T. Hardaway Jr., T. Harris, I. Hartenstein, A. Hukporti, K. Middleton, M. Robinson, K. Sanders, L. Shamet, C. White, K. Williams, M. Williams, T. Young"
2026-07-08 09:20:57,DOCS,ADDED,"2026-27 Veteran Signings  + ADDED  Update 1.2 (7/7/26): P. Achiuwa, J. Alvarado, K. Anderson, T. Bryant, J. Collins, M. Conley, M. Diawara, A. Drummond, K. Ellis, C. Gillespie, J. Goodwin, R. Hachimura, T. Hardaway Jr., T. Harris, I. Hartenstein, A. Hukporti, K. Middleton, K. Oubre, M. Robinson, K. Sanders, L. Shamet, C. White, K. Williams, M. Williams, T. Young"
2026-07-08 09:20:57,DOCS,ADDED,2026-27 Veteran Signings  + ADDED  Kelly Oubre Indiana Pacers
2026-07-08 09:20:57,DOCS,ADDED,"2026-27 Veteran Signings  + ADDED  26-27 $8,050,000"
2026-07-08 09:20:57,DOCS,ADDED,"2026-27 Veteran Signings  + ADDED  27-28 $8,450,000"
2026-07-08 09:20:57,DOCS,ADDED,"2026-27 Veteran Signings  + ADDED  2 Years for $17,500,000. Non-Taxpayer Mid-Level Exception (Partial). Team option to extend the contract to include the 2027-28 Season. Insurance Premium Reimbursement. Skill; Injury or Illness; Mental. Love of the Game. Physical Exam. Alt. 7(b)."
2026-07-08 09:20:57,DOCS,ADDED,2026-27 Veteran Signings  + ADDED  Execution Date: 7/6/26
2026-07-08 09:19:57,SHEETS,ADDED,"IND  + ADDED  Oubre, Kelly | 1 - FULL SEASON | 8050000.0 | 8450000.0 |  |  |  |  | 16500000"
2026-07-08 09:19:57,SHEETS,REMOVED,IND  - REMOVED  |  |  |  |  |  |  |  | 0
2026-07-08 09:19:57,SHEETS,REMOVED,"IND  - REMOVED TEAM SALARY (Art, I §1 (nnn)): |  | 208028452.6 | 203055914 | 88444288 | 0 | 0 | 0 | 499528654.6"
2026-07-08 09:19:57,SHEETS,ADDED,"IND  + ADDED  TEAM SALARY (Art, I §1 (nnn)): |  | 216078452.6 | 211505914 | 88444288 | 0 | 0 | 0 | 516028654.6"
2026-07-08 09:19:57,SHEETS,REMOVED,IND  - REMOVED Players Under Contract |  | 198601857.6 | 203055914 | 88444288 | 0 | 0 | 0 | BOLD = Option Year
2026-07-08 09:19:57,SHEETS,REMOVED,"IND  - REMOVED Full Season Contracts |  | 198601857.6 | 203055914 | 88444288 | 0 | 0 | 0 | *=Projected Exten,,"
2026-07-08 09:19:57,SHEETS,ADDED,IND  + ADDED  Players Under Contract |  | 206651857.6 | 211505914 | 88444288 | 0 | 0 | 0 | BOLD = Option Year
2026-07-08 09:19:57,SHEETS,ADDED,"IND  + ADDED  Full Season Contracts |  | 206651857.6 | 211505914 | 88444288 | 0 | 0 | 0 | *=Projected Exten,,"
2026-07-08 09:19:57,SHEETS,REMOVED,"IND  - REMOVED Avg, Salary (Mean) (ALL Compensation Obligations) |  |  | Players Under Contract |  | 13"
2026-07-08 09:19:57,SHEETS,REMOVED,"IND  - REMOVED Avg, Salary (Mean) (No 10-Day K's) |  |  | Avaiable Spots |  | 2"
2026-07-08 09:19:57,SHEETS,ADDED,"IND  + ADDED  Avg, Salary (Mean) (ALL Compensation Obligations) |  |  | Players Under Contract |  | 14"
2026-07-08 09:19:57,SHEETS,ADDED,"IND  + ADDED  Avg, Salary (Mean) (No 10-Day K's) |  |  | Avaiable Spots |  | 1"
2026-07-08 09:19:57,SHEETS,REMOVED,Luxury Tax Calculator  - REMOVED Luxury Tax | 0 | 13628752 | 0 | 0 | 0 | 0 | 0 | 23501723 | 0 | 0 | 972843 | 10706857.6 | 0 | 0 | 0 | 10244835 | 0 | 2536082 | 435790.92 | 28067811 | 44106714 | 29970320.04 | 17700978.3 | 29009155.52 | 6712130.274 | 16311062 | 0 | 8767635.14 | 0 | 1576403.92
2026-07-08 09:19:57,SHEETS,ADDED,Luxury Tax Calculator  + ADDED  Luxury Tax | 0 | 13628752 | 0 | 0 | 0 | 0 | 0 | 23501723 | 0 | 0 | 972843 | 18756857.6 | 0 | 0 | 0 | 10244835 | 0 | 2536082 | 435790.92 | 28067811 | 44106714 | 29970320.04 | 17700978.3 | 29009155.52 | 6712130.274 | 16311062 | 0 | 8767635.14 | 0 | 1576403.92
2026-07-08 09:19:57,SHEETS,REMOVED,Luxury Tax Calculator  - REMOVED 2nd Incremental Tax Bracket | 0 | 18476250 | 0 | 0 | 0 | 0 | 0 | 18476250 | 0 | 0 | 0 | 6277322 | 0 | 0 | 0 | 5699793.75 | 0 | 0 | 0 | 7106250 | 7106250 | 7106250 | 7106250 | 18476250 | 1283912.843 | 7106250 | 0 | 3853293.925 | 0 | 0
2026-07-08 09:19:57,SHEETS,REMOVED,Luxury Tax Calculator  - REMOVED 3rd Incremental Tax Bracket | 0 | 12423136 | 0 | 0 | 0 | 0 | 0 | 31267500 | 0 | 0 | 0 | 0 | 0 | 0 | 0 | 0 | 0 | 0 | 0 | 19897500 | 19897500 | 19897500 | 19897500 | 31267500 | 0 | 17293717 | 0 | 0 | 0 | 0
2026-07-08 09:19:57,SHEETS,REMOVED,Luxury Tax Calculator  - REMOVED 4th Incremental Tax Bracket | 0 | 0 | 0 | 0 | 0 | 0 | 0 | 38373750 | 0 | 0 | 0 | 0 | 0 | 0 | 0 | 0 | 0 | 0 | 0 | 27003750 | 27003750 | 27003750 | 3068396.925 | 38373750 | 0 | 0 | 0 | 0 | 0 | 0
2026-07-08 09:19:57,SHEETS,ADDED,Luxury Tax Calculator  + ADDED  2nd Incremental Tax Bracket | 0 | 18476250 | 0 | 0 | 0 | 0 | 0 | 18476250 | 0 | 0 | 0 | 7106250 | 0 | 0 | 0 | 5699793.75 | 0 | 0 | 0 | 7106250 | 7106250 | 7106250 | 7106250 | 18476250 | 1283912.843 | 7106250 | 0 | 3853293.925 | 0 | 0
2026-07-08 09:19:57,SHEETS,ADDED,Luxury Tax Calculator  + ADDED  3rd Incremental Tax Bracket | 0 | 12423136 | 0 | 0 | 0 | 0 | 0 | 31267500 | 0 | 0 | 0 | 19897500 | 0 | 0 | 0 | 0 | 0 | 0 | 0 | 19897500 | 19897500 | 19897500 | 19897500 | 31267500 | 0 | 17293717 | 0 | 0 | 0 | 0
2026-07-08 09:19:57,SHEETS,ADDED,Luxury Tax Calculator  + ADDED  4th Incremental Tax Bracket | 0 | 0 | 0 | 0 | 0 | 0 | 0 | 38373750 | 0 | 0 | 0 | 8083823.6 | 0 | 0 | 0 | 0 | 0 | 0 | 0 | 27003750 | 27003750 | 27003750 | 3068396.925 | 38373750 | 0 | 0 | 0 | 0 | 0 | 0
2026-07-08 09:19:57,SHEETS,REMOVED,Luxury Tax Calculator  - REMOVED Tax Liability | 0 | 47954386 | 0 | 0 | 0 | 0 | 0 | 110694991.8 | 0 | 0 | 972843 | 11962322 | 0 | 0 | 0 | 11384793.75 | 0 | 2536082 | 435790.92 | 87663507.75 | 186862819.5 | 98424340.23 | 35757146.93 | 150915955.3 | 6968912.843 | 30084967 | 0 | 9538293.925 | 0 | 1576403.92
2026-07-08 09:19:57,SHEETS,ADDED,Luxury Tax Calculator  + ADDED  Tax Liability | 0 | 47954386 | 0 | 0 | 0 | 0 | 0 | 110694991.8 | 0 | 0 | 972843 | 40772573.6 | 0 | 0 | 0 | 11384793.75 | 0 | 2536082 | 435790.92 | 87663507.75 | 186862819.5 | 98424340.23 | 35757146.93 | 150915955.3 | 6968912.843 | 30084967 | 0 | 9538293.925 | 0 | 1576403.92
2026-07-08 09:16:55,TRANSACTIONS,Signing,2026-07-07  Houston Rockets signed guard Quadir Copeland to a Two-Way Contract.
2026-07-08 09:16:55,TRANSACTIONS,Signing,2026-07-07  Indiana Pacers signed forward Kelly Oubre Jr. to a Contract.
2026-07-08 09:04:54,PLAYERS,CHANGED,~ CHANGED Bobby Portis Jr.  name: Bobby Portis -> Bobby Portis Jr.
2026-07-08 08:58:55,TRANSACTIONS,Signing,2026-07-08  Indiana Pacers signed forward Kelly Oubre Jr. to a Contract.
2026-07-08 08:48:56,DOCS,REMOVED,"2026-27 Veteran Signings  - REMOVED 3 Years for $51,000,000. Bird Exception - Sign and Trade w/Los Angeles Clippers. Insurance Premium Reimbursement. Skill; Injury or Illness. Compensation protection for 2027-28 Season is for none but will increase to full if team has not requested waivers on player on or before 6/28/2027. Compensation protection for 2028-29 Season is for none but will increase to full if team has not requested waivers on player on or before 6/28/2028. Love of the Game. Alt. 7(b)."
2026-07-08 08:48:56,DOCS,ADDED,"2026-27 Veteran Signings  + ADDED  3 Years for $51,000,000. Bird Exception - Sign and Trade w/Los Angeles Clippers. Insurance Premium Reimbursement. Skill; Injury or Illness. Compensation protection for 2027-28 Season is none but will increase to full if team has not requested waivers on player on or before 6/28/2027. Compensation protection for 2028-29 Season is none but will increase to full if team has not requested waivers on player on or before 6/28/2028. Love of the Game. Alt. 7(b)."
2026-07-08 08:46:56,DOCS,REMOVED,"2026-27 Veteran Signings  - REMOVED 3 Years for $17,612,024. Bird Exception - Sign and Trade w/Dallas Mavericks. Insurance Premium Reimbursement. Skill; Injury or Illness; Mental. Compensation protection for 2027-28 Season is for $908,878 but will increase to full if team has not requested waivers on player on or before 6/28/2027. Compensation protection for 2028-29 Season is for none but will increase to full if team has not requested waivers on player on or before 6/28/2028. Love of the Game. Alt. 7(b)."
2026-07-08 08:46:56,DOCS,ADDED,"2026-27 Veteran Signings  + ADDED  3 Years for $17,612,024. Bird Exception - Sign and Trade w/Dallas Mavericks. Insurance Premium Reimbursement. Skill; Injury or Illness; Mental. Compensation protection for 2027-28 Season is for $908,878 but will increase to full if team has not requested waivers on player on or before 6/28/2027. Compensation protection for 2028-29 Season is none but will increase to full if team has not requested waivers on player on or before 6/28/2028. Love of the Game. Alt. 7(b)."
2026-07-08 08:45:55,DOCS,REMOVED,"2026-27 Veteran Signings  - REMOVED 28-29 $17,000,000"
2026-07-08 08:45:55,DOCS,REMOVED,"2026-27 Veteran Signings  - REMOVED 3 Years for $51,000,000. Bird Exception - Sign and Trade w/Los Angeles Clippers. Insurance Premium Reimbursement. Skill; Injury or Illness. Compensation protection for 2027-28 Season is for none but will increase to full if team has not requested waivers on player on or before 6/28/2027. Compensation protection for 2028-29 Season is for none but will increase to full if team has not requested waivers on player on or before 6/28/2028. Love of the Game. Alt. 7(b)."
2026-07-08 08:45:55,DOCS,ADDED,"2026-27 Veteran Signings  + ADDED  28-29 $6,150,234"
2026-07-08 08:45:55,DOCS,ADDED,"2026-27 Veteran Signings  + ADDED  3 Years for $17,612,024. Bird Exception - Sign and Trade w/Dallas Mavericks. Insurance Premium Reimbursement. Skill; Injury or Illness; Mental. Compensation protection for 2027-28 Season is for $908,878 but will increase to full if team has not requested waivers on player on or before 6/28/2027. Compensation protection for 2028-29 Season is for none but will increase to full if team has not requested waivers on player on or before 6/28/2028. Love of the Game. Alt. 7(b)."
2026-07-08 08:44:58,SHEETS,REMOVED,"LAL  - REMOVED Ayton, Deandre | 1 - FULL SEASON | 8104000.0 |  |  |  |  |  | 8104000"
2026-07-08 08:44:58,SHEETS,ADDED,"LAL  + ADDED  Hardy, Jaden | 1 - FULL SEASON | 6000000.0 | 6000000.0 |  |  |  |  | 12000000"
2026-07-08 08:44:58,SHEETS,REMOVED,LAL  - REMOVED  |  |  |  |  |  |  |  | 0
2026-07-08 08:44:58,SHEETS,REMOVED,LAL  - REMOVED  |  |  |  |  |  |  |  | 0
2026-07-08 08:44:58,SHEETS,REMOVED,LAL  - REMOVED  |  |  |  |  |  |  |  | 0
2026-07-08 08:44:58,SHEETS,REMOVED,LAL  - REMOVED  |  |  |  |  |  |  |  | 0
2026-07-08 08:44:58,SHEETS,REMOVED,"LAL  - REMOVED Hardy, Jaden | 1 - FULL SEASON | 6000000.0 | 6000000.0 |  |  |  |  | 12000000"
2026-07-08 08:44:58,SHEETS,REMOVED,"LAL  - REMOVED TEAM SALARY (Art, I §1 (nnn)): |  | 116436160 | 89348836.88 | 62845776 | 6378253.2 | 0 | 0 | 275009026.1"
2026-07-08 08:44:58,SHEETS,ADDED,LAL  + ADDED   |  |  |  |  |  |  |  | 0
2026-07-08 08:44:58,SHEETS,ADDED,LAL  + ADDED   |  |  |  |  |  |  |  | 0
2026-07-08 08:44:58,SHEETS,ADDED,LAL  + ADDED   |  |  |  |  |  |  |  | 0
2026-07-08 08:44:58,SHEETS,ADDED,LAL  + ADDED   |  |  |  |  |  |  |  | 0
2026-07-08 08:44:58,SHEETS,ADDED,LAL  + ADDED   |  |  |  |  |  |  |  | 0
2026-07-08 08:44:58,SHEETS,ADDED,"LAL  + ADDED  TEAM SALARY (Art, I §1 (nnn)): |  | 108332160 | 89348836.88 | 62845776 | 6378253.2 | 0 | 0 | 266905026.1"
2026-07-08 08:44:58,SHEETS,REMOVED,LAL  - REMOVED Players Under Contract |  | 95529799 | 89348836.88 | 62845776 | 6378253.2 | 0 | 0 | BOLD = Option Year
2026-07-08 08:44:58,SHEETS,REMOVED,"LAL  - REMOVED Full Season Contracts |  | 95529799 | 89348836.88 | 62845776 | 6378253.2 | 0 | 0 | *=Projected Exten,,"
2026-07-08 08:44:58,SHEETS,ADDED,LAL  + ADDED  Players Under Contract |  | 87425799 | 89348836.88 | 62845776 | 6378253.2 | 0 | 0 | BOLD = Option Year
2026-07-08 08:44:58,SHEETS,ADDED,"LAL  + ADDED  Full Season Contracts |  | 87425799 | 89348836.88 | 62845776 | 6378253.2 | 0 | 0 | *=Projected Exten,,"
2026-07-08 08:44:58,SHEETS,REMOVED,"LAL  - REMOVED Avg, Salary (Mean) (ALL Compensation Obligations) |  |  | Players Under Contract |  | 9"
2026-07-08 08:44:58,SHEETS,REMOVED,"LAL  - REMOVED Avg, Salary (Mean) (No 10-Day K's) |  |  | Avaiable Spots |  | 6"
2026-07-08 08:44:58,SHEETS,REMOVED,"LAL  - REMOVED Avg, Salary (Mean) (No 10-Day K's & ROS) |  |  | Players to Reach Roster Min, |  | 4"
2026-07-08 08:44:58,SHEETS,ADDED,"LAL  + ADDED  Avg, Salary (Mean) (ALL Compensation Obligations) |  |  | Players Under Contract |  | 8"
2026-07-08 08:44:58,SHEETS,ADDED,"LAL  + ADDED  Avg, Salary (Mean) (No 10-Day K's) |  |  | Avaiable Spots |  | 7"
2026-07-08 08:44:58,SHEETS,ADDED,"LAL  + ADDED  Avg, Salary (Mean) (No 10-Day K's & ROS) |  |  | Players to Reach Roster Min, |  | 5"
2026-07-08 08:44:55,TRANSACTIONS,Signing,2026-07-08  Houston Rockets signed guard Quadir Copeland to a Two-Way Contract.
2026-07-08 08:44:55,TRANSACTIONS,Trade,2026-07-06  Miami Heat received forward Bobby Portis Jr. from Milwaukee Bucks.
2026-07-08 08:44:55,DOCS,REMOVED,"2026-27 Veteran Signings  - REMOVED Update 1.2 (7/7/26): P. Achiuwa, J. Alvarado, K. Anderson, T. Bryant, J. Collins, M. Conley, M. Diawara, A. Drummond, K. Ellis, C. Gillespie, J. Goodwin, R. Hachimura, T. Hardaway Jr., T. Harris, I. Hartenstein, A. Hukporti, M. Robinson, K. Sanders, L. Shamet, C. White, K. Williams, M. Williams, T. Young"
2026-07-08 08:44:55,DOCS,ADDED,"2026-27 Veteran Signings  + ADDED  Update 1.2 (7/7/26): P. Achiuwa, J. Alvarado, K. Anderson, T. Bryant, J. Collins, M. Conley, M. Diawara, A. Drummond, K. Ellis, C. Gillespie, J. Goodwin, R. Hachimura, T. Hardaway Jr., T. Harris, I. Hartenstein, A. Hukporti, K. Middleton, M. Robinson, K. Sanders, L. Shamet, C. White, K. Williams, M. Williams, T. Young"
2026-07-08 08:44:55,DOCS,ADDED,2026-27 Veteran Signings  + ADDED  Khris Middleton Washington Wizards
2026-07-08 08:44:55,DOCS,ADDED,"2026-27 Veteran Signings  + ADDED  26-27 $5,591,122"
2026-07-08 08:44:55,DOCS,ADDED,"2026-27 Veteran Signings  + ADDED  27-28 $5,870,678"
2026-07-08 08:44:55,DOCS,ADDED,"2026-27 Veteran Signings  + ADDED  28-29 $17,000,000"
2026-07-08 08:44:55,DOCS,ADDED,"2026-27 Veteran Signings  + ADDED  3 Years for $51,000,000. Bird Exception - Sign and Trade w/Los Angeles Clippers. Insurance Premium Reimbursement. Skill; Injury or Illness. Compensation protection for 2027-28 Season is for none but will increase to full if team has not requested waivers on player on or before 6/28/2027. Compensation protection for 2028-29 Season is for none but will increase to full if team has not requested waivers on player on or before 6/28/2028. Love of the Game. Alt. 7(b)."
2026-07-08 08:44:55,DOCS,ADDED,2026-27 Veteran Signings  + ADDED  Execution Date: 7/7/26
2026-07-08 08:43:57,SHEETS,ADDED,LAL  + ADDED   |  |  |  |  |  |  |  | 0
2026-07-08 08:43:57,SHEETS,ADDED,LAL  + ADDED   |  |  |  |  |  |  |  | 0
2026-07-08 08:43:57,SHEETS,ADDED,LAL  + ADDED   |  |  |  |  |  |  |  | 0
2026-07-08 08:43:57,SHEETS,ADDED,LAL  + ADDED   |  |  |  |  |  |  |  | 0
2026-07-08 08:43:57,SHEETS,ADDED,"LAL  + ADDED  Hardy, Jaden | 1 - FULL SEASON | 6000000.0 | 6000000.0 |  |  |  |  | 12000000"
2026-07-08 08:43:57,SHEETS,REMOVED,LAL  - REMOVED  |  |  |  |  |  |  |  | 0
2026-07-08 08:43:57,SHEETS,REMOVED,LAL  - REMOVED  |  |  |  |  |  |  |  | 0
2026-07-08 08:43:57,SHEETS,REMOVED,LAL  - REMOVED  |  |  |  |  |  |  |  | 0
2026-07-08 08:43:57,SHEETS,REMOVED,LAL  - REMOVED  |  |  |  |  |  |  |  | 0
2026-07-08 08:43:57,SHEETS,REMOVED,LAL  - REMOVED  |  |  |  |  |  |  |  | 0
2026-07-08 08:43:57,SHEETS,REMOVED,"LAL  - REMOVED TEAM SALARY (Art, I §1 (nnn)): |  | 110436160 | 83348836.88 | 62845776 | 6378253.2 | 0 | 0 | 263009026.1"
2026-07-08 08:43:57,SHEETS,ADDED,"LAL  + ADDED  TEAM SALARY (Art, I §1 (nnn)): |  | 116436160 | 89348836.88 | 62845776 | 6378253.2 | 0 | 0 | 275009026.1"
2026-07-08 08:43:57,SHEETS,REMOVED,LAL  - REMOVED Players Under Contract |  | 89529799 | 83348836.88 | 62845776 | 6378253.2 | 0 | 0 | BOLD = Option Year
2026-07-08 08:43:57,SHEETS,REMOVED,"LAL  - REMOVED Full Season Contracts |  | 89529799 | 83348836.88 | 62845776 | 6378253.2 | 0 | 0 | *=Projected Exten,,"
2026-07-08 08:43:57,SHEETS,ADDED,LAL  + ADDED  Players Under Contract |  | 95529799 | 89348836.88 | 62845776 | 6378253.2 | 0 | 0 | BOLD = Option Year
2026-07-08 08:43:57,SHEETS,ADDED,"LAL  + ADDED  Full Season Contracts |  | 95529799 | 89348836.88 | 62845776 | 6378253.2 | 0 | 0 | *=Projected Exten,,"
2026-07-08 08:43:57,SHEETS,REMOVED,"LAL  - REMOVED Avg, Salary (Mean) (ALL Compensation Obligations) |  |  | Players Under Contract |  | 8"
2026-07-08 08:43:57,SHEETS,REMOVED,"LAL  - REMOVED Avg, Salary (Mean) (No 10-Day K's) |  |  | Avaiable Spots |  | 7"
2026-07-08 08:43:57,SHEETS,REMOVED,"LAL  - REMOVED Avg, Salary (Mean) (No 10-Day K's & ROS) |  |  | Players to Reach Roster Min, |  | 5"
2026-07-08 08:43:57,SHEETS,ADDED,"LAL  + ADDED  Avg, Salary (Mean) (ALL Compensation Obligations) |  |  | Players Under Contract |  | 9"
2026-07-08 08:43:57,SHEETS,ADDED,"LAL  + ADDED  Avg, Salary (Mean) (No 10-Day K's) |  |  | Avaiable Spots |  | 6"
2026-07-08 08:43:57,SHEETS,ADDED,"LAL  + ADDED  Avg, Salary (Mean) (No 10-Day K's & ROS) |  |  | Players to Reach Roster Min, |  | 4"
2026-07-08 08:43:57,SHEETS,REMOVED,"WAS  - REMOVED Hardy, Jaden | 1 - FULL SEASON | 6000000.0 | 6000000.0 |  |  |  |  | 12000000"
2026-07-08 08:43:57,SHEETS,ADDED,"WAS  + ADDED  Ayton, Deandre | 1 - FULL SEASON | 8104000.0 |  |  |  |  |  | 8104000"
2026-07-08 08:43:57,SHEETS,ADDED,"WAS  + ADDED  Middleton, Khris | 1 - FULL SEASON | 5591112.0 | 5870678.0 | 6150234.0 |  |  |  | 17612024"
2026-07-08 08:43:57,SHEETS,REMOVED,"WAS  - REMOVED Middleton, Khris | 1 - FULL SEASON | 5591112.0 | 5870678.0 |  |  |  |  | 11461790"
2026-07-08 08:43:57,SHEETS,REMOVED,"WAS  - REMOVED TEAM SALARY (Art, I §1 (nnn)): |  | 233984817.4 | 187857370.5 | 88305732 | 78853447.44 | 0 | 0 | 589001367.4"
2026-07-08 08:43:57,SHEETS,ADDED,"WAS  + ADDED  TEAM SALARY (Art, I §1 (nnn)): |  | 236088817.4 | 181857370.5 | 94455966 | 78853447.44 | 0 | 0 | 591255601.4"
2026-07-08 08:43:57,SHEETS,REMOVED,WAS  - REMOVED Players Under Contract |  | 187367403.9 | 187857370.5 | 88305732 | 78853447.44 | 0 | 0 | BOLD = Option Year
2026-07-08 08:43:57,SHEETS,REMOVED,"WAS  - REMOVED Full Season Contracts |  | 187367403.9 | 187857370.5 | 88305732 | 78853447.44 | 0 | 0 | *=Projected Exten,,"
2026-07-08 08:43:57,SHEETS,ADDED,WAS  + ADDED  Players Under Contract |  | 189471403.9 | 181857370.5 | 94455966 | 78853447.44 | 0 | 0 | BOLD = Option Year
2026-07-08 08:43:57,SHEETS,ADDED,"WAS  + ADDED  Full Season Contracts |  | 189471403.9 | 181857370.5 | 94455966 | 78853447.44 | 0 | 0 | *=Projected Exten,,"
2026-07-08 08:43:57,SHEETS,REMOVED,Luxury Tax Calculator  - REMOVED Luxury Tax | 0 | 13628752 | 0 | 0 | 0 | 0 | 0 | 23501723 | 0 | 0 | 972843 | 10706857.6 | 0 | 0 | 0 | 10244835 | 0 | 2536082 | 435790.92 | 28067811 | 44106714 | 29970320.04 | 17700978.3 | 29009155.52 | 6712130.274 | 16311062 | 0 | 8767635.14 | 0 | 0
2026-07-08 08:43:57,SHEETS,REMOVED,Luxury Tax Calculator  - REMOVED 1st Incremental Tax Bracket | 0 | 17055000 | 0 | 0 | 0 | 0 | 0 | 17055000 | 0 | 0 | 972843 | 5685000 | 0 | 0 | 0 | 5685000 | 0 | 2536082 | 435790.92 | 5685000 | 5685000 | 5685000 | 5685000 | 17055000 | 5685000 | 5685000 | 0 | 5685000 | 0 | 0
2026-07-08 08:43:57,SHEETS,ADDED,Luxury Tax Calculator  + ADDED  Luxury Tax | 0 | 13628752 | 0 | 0 | 0 | 0 | 0 | 23501723 | 0 | 0 | 972843 | 10706857.6 | 0 | 0 | 0 | 10244835 | 0 | 2536082 | 435790.92 | 28067811 | 44106714 | 29970320.04 | 17700978.3 | 29009155.52 | 6712130.274 | 16311062 | 0 | 8767635.14 | 0 | 1576403.92
2026-07-08 08:43:57,SHEETS,ADDED,Luxury Tax Calculator  + ADDED  1st Incremental Tax Bracket | 0 | 17055000 | 0 | 0 | 0 | 0 | 0 | 17055000 | 0 | 0 | 972843 | 5685000 | 0 | 0 | 0 | 5685000 | 0 | 2536082 | 435790.92 | 5685000 | 5685000 | 5685000 | 5685000 | 17055000 | 5685000 | 5685000 | 0 | 5685000 | 0 | 1576403.92
2026-07-08 08:43:57,SHEETS,REMOVED,Luxury Tax Calculator  - REMOVED Tax Liability | 0 | 47954386 | 0 | 0 | 0 | 0 | 0 | 110694991.8 | 0 | 0 | 972843 | 11962322 | 0 | 0 | 0 | 11384793.75 | 0 | 2536082 | 435790.92 | 87663507.75 | 186862819.5 | 98424340.23 | 35757146.93 | 150915955.3 | 6968912.843 | 30084967 | 0 | 9538293.925 | 0 | 0
2026-07-08 08:43:57,SHEETS,ADDED,Luxury Tax Calculator  + ADDED  Tax Liability | 0 | 47954386 | 0 | 0 | 0 | 0 | 0 | 110694991.8 | 0 | 0 | 972843 | 11962322 | 0 | 0 | 0 | 11384793.75 | 0 | 2536082 | 435790.92 | 87663507.75 | 186862819.5 | 98424340.23 | 35757146.93 | 150915955.3 | 6968912.843 | 30084967 | 0 | 9538293.925 | 0 | 1576403.92
2026-07-08 08:43:00,SHEETS,REMOVED,"WAS  - REMOVED Middleton, Khris |  |  |  |  |  |  |  | 0"
2026-07-08 08:43:00,SHEETS,ADDED,"WAS  + ADDED  Middleton, Khris | 1 - FULL SEASON | 5591112.0 | 5870678.0 |  |  |  |  | 11461790"
2026-07-08 08:43:00,SHEETS,REMOVED,"WAS  - REMOVED TEAM SALARY (Art, I §1 (nnn)): |  | 228393705.4 | 181986692.5 | 88305732 | 78853447.44 | 0 | 0 | 577539577.4"
2026-07-08 08:43:00,SHEETS,ADDED,"WAS  + ADDED  TEAM SALARY (Art, I §1 (nnn)): |  | 233984817.4 | 187857370.5 | 88305732 | 78853447.44 | 0 | 0 | 589001367.4"
2026-07-08 08:43:00,SHEETS,REMOVED,WAS  - REMOVED Players Under Contract |  | 181776291.9 | 181986692.5 | 88305732 | 78853447.44 | 0 | 0 | BOLD = Option Year
2026-07-08 08:43:00,SHEETS,REMOVED,"WAS  - REMOVED Full Season Contracts |  | 181776291.9 | 181986692.5 | 88305732 | 78853447.44 | 0 | 0 | *=Projected Exten,,"
2026-07-08 08:43:00,SHEETS,ADDED,WAS  + ADDED  Players Under Contract |  | 187367403.9 | 187857370.5 | 88305732 | 78853447.44 | 0 | 0 | BOLD = Option Year
2026-07-08 08:43:00,SHEETS,ADDED,"WAS  + ADDED  Full Season Contracts |  | 187367403.9 | 187857370.5 | 88305732 | 78853447.44 | 0 | 0 | *=Projected Exten,,"
2026-07-08 08:43:00,SHEETS,REMOVED,"WAS  - REMOVED Avg, Salary (Mean) (ALL Compensation Obligations) |  |  | Players Under Contract |  | 13"
2026-07-08 08:43:00,SHEETS,REMOVED,"WAS  - REMOVED Avg, Salary (Mean) (No 10-Day K's) |  |  | Avaiable Spots |  | 2"
2026-07-08 08:43:00,SHEETS,ADDED,"WAS  + ADDED  Avg, Salary (Mean) (ALL Compensation Obligations) |  |  | Players Under Contract |  | 14"
2026-07-08 08:43:00,SHEETS,ADDED,"WAS  + ADDED  Avg, Salary (Mean) (No 10-Day K's) |  |  | Avaiable Spots |  | 1"
2026-07-08 08:41:56,DOCS,REMOVED,"2026-27 Veteran Signings  - REMOVED 3 Years for $51,000,000. Bird Exception - Sign and Trade w/Los Angeles Clippers. Insurance Premium Reimbursement. Skill; Injury or Illness; Death. Compensation protection for 2028-29 Season is for $2,765,516 but will increase to full if team has not requested waivers on player on or before 6/30/2028. Love of the Game. Physical Exam. Alt. 7(b)."
2026-07-08 08:41:56,DOCS,REMOVED,2026-27 Veteran Signings  - REMOVED Execution Date: 7/6/26
2026-07-08 08:41:56,DOCS,ADDED,"2026-27 Veteran Signings  + ADDED  3 Years for $51,000,000. Bird Exception - Sign and Trade w/Los Angeles Clippers. Insurance Premium Reimbursement. Skill; Injury or Illness. Compensation protection for 2027-28 Season is for none but will increase to full if team has not requested waivers on player on or before 6/28/2027. Compensation protection for 2028-29 Season is for none but will increase to full if team has not requested waivers on player on or before 6/28/2028. Love of the Game. Alt. 7(b)."
2026-07-08 08:41:56,DOCS,ADDED,2026-27 Veteran Signings  + ADDED  Execution Date: 7/7/26
2026-07-08 08:40:56,DOCS,ADDED,2026-27 Veteran Signings  + ADDED  John Collins Detroit Pistons
2026-07-08 08:40:56,DOCS,ADDED,"2026-27 Veteran Signings  + ADDED  26-27 $17,000,000"
2026-07-08 08:40:56,DOCS,ADDED,"2026-27 Veteran Signings  + ADDED  27-28 $17,000,000"
2026-07-08 08:40:56,DOCS,ADDED,"2026-27 Veteran Signings  + ADDED  28-29 $17,000,000"
2026-07-08 08:40:56,DOCS,ADDED,"2026-27 Veteran Signings  + ADDED  3 Years for $51,000,000. Bird Exception - Sign and Trade w/Los Angeles Clippers. Insurance Premium Reimbursement. Skill; Injury or Illness; Death. Compensation protection for 2028-29 Season is for $2,765,516 but will increase to full if team has not requested waivers on player on or before 6/30/2028. Love of the Game. Physical Exam. Alt. 7(b)."
2026-07-08 08:40:56,DOCS,ADDED,2026-27 Veteran Signings  + ADDED  Execution Date: 7/6/26
2026-07-08 08:39:56,DOCS,REMOVED,"2026-27 Veteran Signings  - REMOVED Update 1.2 (7/7/26): P. Achiuwa, J. Alvarado, K. Anderson, T. Bryant, M. Conley, M. Diawara, A. Drummond, K. Ellis, C. Gillespie, J. Goodwin, R. Hachimura, T. Hardaway Jr., T. Harris, I. Hartenstein, A. Hukporti, M. Robinson, K. Sanders, L. Shamet, C. White, K. Williams, M. Williams, T. Young"
2026-07-08 08:39:56,DOCS,ADDED,"2026-27 Veteran Signings  + ADDED  Update 1.2 (7/7/26): P. Achiuwa, J. Alvarado, K. Anderson, T. Bryant, J. Collins, M. Conley, M. Diawara, A. Drummond, K. Ellis, C. Gillespie, J. Goodwin, R. Hachimura, T. Hardaway Jr., T. Harris, I. Hartenstein, A. Hukporti, M. Robinson, K. Sanders, L. Shamet, C. White, K. Williams, M. Williams, T. Young"
2026-07-08 08:39:54,PLAYERS,CHANGED,~ CHANGED Pacôme Dadiet  school: Paris Basketball -> Ratiopharm Ulm
2026-07-08 08:38:57,SHEETS,REMOVED,"DET  - REMOVED Collins, John |  |  |  |  |  |  |  | 0"
2026-07-08 08:38:57,SHEETS,ADDED,"DET  + ADDED  Collins, John | 1 - FULL SEASON | 17000000.0 | 17000000.0 | 17000000.0 |  |  |  | 51000000"
2026-07-08 08:38:57,SHEETS,ADDED,"DET  + ADDED  Joe, Isaiah | 1 - FULL SEASON | 11323006.0 | 11323006.0 |  |  |  |  | 22646012"
2026-07-08 08:38:57,SHEETS,REMOVED,"DET  - REMOVED Joe, Isaiah | 1 - FULL SEASON | 11323006.0 | 11323006.0 |  |  |  |  | 22646012"
2026-07-08 08:38:57,SHEETS,REMOVED,"DET  - REMOVED TEAM SALARY (Art, I §1 (nnn)): |  | 179972274.6 | 99013908.2 | 65193742 | 68811708.96 | 0 | 0 | 412991633.7"
2026-07-08 08:38:57,SHEETS,ADDED,"DET  + ADDED  TEAM SALARY (Art, I §1 (nnn)): |  | 196972274.6 | 116013908.2 | 82193742 | 68811708.96 | 0 | 0 | 463991633.7"
2026-07-08 08:38:57,SHEETS,REMOVED,DET  - REMOVED Players Under Contract |  | 123886814 | 99013908.2 | 65193742 | 68811708.96 | 0 | 0 | BOLD = Option Year
2026-07-08 08:38:57,SHEETS,REMOVED,"DET  - REMOVED Full Season Contracts |  | 123886814 | 99013908.2 | 65193742 | 68811708.96 | 0 | 0 | *=Projected Exten,,"
2026-07-08 08:38:57,SHEETS,ADDED,DET  + ADDED  Players Under Contract |  | 140886814 | 116013908.2 | 82193742 | 68811708.96 | 0 | 0 | BOLD = Option Year
2026-07-08 08:38:57,SHEETS,ADDED,"DET  + ADDED  Full Season Contracts |  | 140886814 | 116013908.2 | 82193742 | 68811708.96 | 0 | 0 | *=Projected Exten,,"
2026-07-08 08:38:57,SHEETS,REMOVED,"DET  - REMOVED Avg, Salary (Mean) (ALL Compensation Obligations) |  |  | Players Under Contract |  | 12"
2026-07-08 08:38:57,SHEETS,REMOVED,"DET  - REMOVED Avg, Salary (Mean) (No 10-Day K's) |  |  | Avaiable Spots |  | 3"
2026-07-08 08:38:57,SHEETS,REMOVED,"DET  - REMOVED Avg, Salary (Mean) (No 10-Day K's & ROS) |  |  | Players to Reach Roster Min, |  | 1"
2026-07-08 08:38:57,SHEETS,ADDED,"DET  + ADDED  Avg, Salary (Mean) (ALL Compensation Obligations) |  |  | Players Under Contract |  | 13"
2026-07-08 08:38:57,SHEETS,ADDED,"DET  + ADDED  Avg, Salary (Mean) (No 10-Day K's) |  |  | Avaiable Spots |  | 2"
2026-07-08 08:38:57,SHEETS,ADDED,"DET  + ADDED  Avg, Salary (Mean) (No 10-Day K's & ROS) |  |  | Players to Reach Roster Min, |  | 0"
2026-07-08 08:36:58,SHEETS,ADDED,"ATL  + ADDED  Wiggins, Aaron | 1 - FULL SEASON | 9028038.0 | 8168226.0 | 8168226.0 |  |  |  | 25364490"
2026-07-08 08:36:58,SHEETS,REMOVED,ATL  - REMOVED  |  |  |  |  |  |  |  | 0
2026-07-08 08:36:58,SHEETS,REMOVED,"ATL  - REMOVED TEAM SALARY (Art, I §1 (nnn)): |  | 225230995 | 144821526.4 | 104589106 | 74646409.88 | 0 | 0 | 549288037.3"
2026-07-08 08:36:58,SHEETS,ADDED,"ATL  + ADDED  TEAM SALARY (Art, I §1 (nnn)): |  | 234259033 | 152989752.4 | 112757332 | 74646409.88 | 0 | 0 | 574652527.3"
2026-07-08 08:36:58,SHEETS,REMOVED,ATL  - REMOVED Players Under Contract |  | 161948774 | 144821526.4 | 104589106 | 74646409.88 | 0 | 0 | BOLD = Option Year
2026-07-08 08:36:58,SHEETS,REMOVED,"ATL  - REMOVED Full Season Contracts |  | 161948774 | 144821526.4 | 104589106 | 74646409.88 | 0 | 0 | *=Projected Exten,,"
2026-07-08 08:36:58,SHEETS,ADDED,ATL  + ADDED  Players Under Contract |  | 170976812 | 152989752.4 | 112757332 | 74646409.88 | 0 | 0 | BOLD = Option Year
2026-07-08 08:36:58,SHEETS,ADDED,"ATL  + ADDED  Full Season Contracts |  | 170976812 | 152989752.4 | 112757332 | 74646409.88 | 0 | 0 | *=Projected Exten,,"
2026-07-08 08:36:58,SHEETS,REMOVED,"ATL  - REMOVED Avg, Salary (Mean) (ALL Compensation Obligations) |  |  | Players Under Contract |  | 13"
2026-07-08 08:36:58,SHEETS,REMOVED,"ATL  - REMOVED Avg, Salary (Mean) (No 10-Day K's) |  |  | Avaiable Spots |  | 2"
2026-07-08 08:36:58,SHEETS,ADDED,"ATL  + ADDED  Avg, Salary (Mean) (ALL Compensation Obligations) |  |  | Players Under Contract |  | 14"
2026-07-08 08:36:58,SHEETS,ADDED,"ATL  + ADDED  Avg, Salary (Mean) (No 10-Day K's) |  |  | Avaiable Spots |  | 1"
2026-07-08 08:36:58,SHEETS,REMOVED,"OKC  - REMOVED Joe, Isaiah | 1 - FULL SEASON | 11323006.0 | 11323006.0 |  |  |  |  | 22646012"
2026-07-08 08:36:58,SHEETS,REMOVED,"OKC  - REMOVED Wiggins, Aaron | 1 - FULL SEASON | 9028038.0 | 8168226.0 | 8168226.0 |  |  |  | 25364490"
2026-07-08 08:36:58,SHEETS,REMOVED,"OKC  - REMOVED TEAM SALARY (Art, I §1 (nnn)): |  | 254537874 | 195614737.7 | 172554071 | 119015818.1 | 108874260 | 0 | 850596760.8"
2026-07-08 08:36:58,SHEETS,ADDED,OKC  + ADDED   |  |  |  |  |  |  |  | 0
2026-07-08 08:36:58,SHEETS,ADDED,OKC  + ADDED   |  |  |  |  |  |  |  | 0
2026-07-08 08:36:58,SHEETS,ADDED,"OKC  + ADDED  TEAM SALARY (Art, I §1 (nnn)): |  | 234186830 | 176123505.7 | 164385845 | 119015818.1 | 108874260 | 0 | 802586258.8"
2026-07-08 08:36:58,SHEETS,REMOVED,OKC  - REMOVED Players Under Contract |  | 252352758 | 195614737.7 | 172554071 | 119015818.1 | 108874260 | 0 | BOLD = Option Year
2026-07-08 08:36:58,SHEETS,REMOVED,"OKC  - REMOVED Full Season Contracts |  | 252352758 | 195614737.7 | 172554071 | 119015818.1 | 108874260 | 0 | *=Projected Exten,,"
2026-07-08 08:36:58,SHEETS,ADDED,OKC  + ADDED  Players Under Contract |  | 232001714 | 176123505.7 | 164385845 | 119015818.1 | 108874260 | 0 | BOLD = Option Year
2026-07-08 08:36:58,SHEETS,ADDED,"OKC  + ADDED  Full Season Contracts |  | 232001714 | 176123505.7 | 164385845 | 119015818.1 | 108874260 | 0 | *=Projected Exten,,"
2026-07-08 08:36:58,SHEETS,REMOVED,"OKC  - REMOVED Avg, Salary (Mean) (ALL Compensation Obligations) |  |  | Players Under Contract |  | 17"
2026-07-08 08:36:58,SHEETS,ADDED,"OKC  + ADDED  Avg, Salary (Mean) (ALL Compensation Obligations) |  |  | Players Under Contract |  | 15"
2026-07-08 08:36:58,SHEETS,REMOVED,Luxury Tax Calculator  - REMOVED Luxury Tax | 0 | 13628752 | 0 | 0 | 0 | 0 | 0 | 23501723 | 0 | 0 | 972843 | 10706857.6 | 0 | 0 | 0 | 10244835 | 0 | 2536082 | 435790.92 | 28067811 | 64457758 | 29970320.04 | 17700978.3 | 29009155.52 | 6712130.274 | 16311062 | 0 | 8767635.14 | 0 | 0
2026-07-08 08:36:58,SHEETS,ADDED,Luxury Tax Calculator  + ADDED  Luxury Tax | 0 | 13628752 | 0 | 0 | 0 | 0 | 0 | 23501723 | 0 | 0 | 972843 | 10706857.6 | 0 | 0 | 0 | 10244835 | 0 | 2536082 | 435790.92 | 28067811 | 44106714 | 29970320.04 | 17700978.3 | 29009155.52 | 6712130.274 | 16311062 | 0 | 8767635.14 | 0 | 0
2026-07-08 08:36:58,SHEETS,REMOVED,Luxury Tax Calculator  - REMOVED 8th Incremental Tax Bracket | 0 | 0 | 0 | 0 | 0 | 0 | 0 | 0 | 0 | 0 | 0 | 0 | 0 | 0 | 0 | 0 | 0 | 0 | 0 | 0 | 38373750 | 0 | 0 | 0 | 0 | 0 | 0 | 0 | 0 | 0
2026-07-08 08:36:58,SHEETS,REMOVED,Luxury Tax Calculator  - REMOVED 9th Incremental Tax Bracket | 0 | 0 | 0 | 0 | 0 | 0 | 0 | 0 | 0 | 0 | 0 | 0 | 0 | 0 | 0 | 0 | 0 | 0 | 0 | 0 | 41216250 | 0 | 0 | 0 | 0 | 0 | 0 | 0 | 0 | 0
2026-07-08 08:36:58,SHEETS,REMOVED,Luxury Tax Calculator  - REMOVED Tax Liability | 0 | 47954386 | 0 | 0 | 0 | 0 | 0 | 110694991.8 | 0 | 0 | 972843 | 11962322 | 0 | 0 | 0 | 11384793.75 | 0 | 2536082 | 435790.92 | 87663507.75 | 237348750 | 98424340.23 | 35757146.93 | 150915955.3 | 6968912.843 | 30084967 | 0 | 9538293.925 | 0 | 0
2026-07-08 08:36:58,SHEETS,ADDED,Luxury Tax Calculator  + ADDED  8th Incremental Tax Bracket | 0 | 0 | 0 | 0 | 0 | 0 | 0 | 0 | 0 | 0 | 0 | 0 | 0 | 0 | 0 | 0 | 0 | 0 | 0 | 0 | 29104069.5 | 0 | 0 | 0 | 0 | 0 | 0 | 0 | 0 | 0
2026-07-08 08:36:58,SHEETS,ADDED,Luxury Tax Calculator  + ADDED  9th Incremental Tax Bracket | 0 | 0 | 0 | 0 | 0 | 0 | 0 | 0 | 0 | 0 | 0 | 0 | 0 | 0 | 0 | 0 | 0 | 0 | 0 | 0 | 0 | 0 | 0 | 0 | 0 | 0 | 0 | 0 | 0 | 0
2026-07-08 08:36:58,SHEETS,ADDED,Luxury Tax Calculator  + ADDED  Tax Liability | 0 | 47954386 | 0 | 0 | 0 | 0 | 0 | 110694991.8 | 0 | 0 | 972843 | 11962322 | 0 | 0 | 0 | 11384793.75 | 0 | 2536082 | 435790.92 | 87663507.75 | 186862819.5 | 98424340.23 | 35757146.93 | 150915955.3 | 6968912.843 | 30084967 | 0 | 9538293.925 | 0 | 0
2026-07-08 08:35:57,SHEETS,REMOVED,"DAL  - REMOVED Flagg, Cooper | 1 - FULL SEASON | 14517480.0 | 15208680.0 | 19178145.0 |  |  |  | 48904305"
2026-07-08 08:35:57,SHEETS,ADDED,"DAL  + ADDED  Aldama, Santi | 1 - FULL SEASON | 17007043.0 | 17007043.0 |  |  |  |  | 34014086"
2026-07-08 08:35:57,SHEETS,REMOVED,"DAL  - REMOVED Johnson, AJ | 1 - FULL SEASON | 3237120.0 | 5493392.640000001 |  |  |  |  | 8730512.64"
2026-07-08 08:35:57,SHEETS,ADDED,"DAL  + ADDED  Sasser, Marcus | 1 - FULL SEASON | 5198982.720000001 |  |  |  |  |  | 5198982.72"
2026-07-08 08:35:57,SHEETS,REMOVED,"DAL  - REMOVED Aldama, Santi | 1 - FULL SEASON | 17007043.0 | 17007043.0 |  |  |  |  | 34014086"
2026-07-08 08:35:57,SHEETS,REMOVED,DAL  - REMOVED  |  |  |  |  |  |  |  | 0
2026-07-08 08:35:57,SHEETS,REMOVED,"DAL  - REMOVED Sasser, Marcus | 1 - FULL SEASON | 5198982.720000001 |  |  |  |  |  | 5198982.72"
2026-07-08 08:35:57,SHEETS,REMOVED,"DAL  - REMOVED TEAM SALARY (Art, I §1 (nnn)): |  | 227515848.8 | 166733278.8 | 91260884 | 40339896.24 | 0 | 0 | 525849907.9"
2026-07-08 08:35:57,SHEETS,ADDED,DAL  + ADDED   |  |  |  |  |  |  |  | 0
2026-07-08 08:35:57,SHEETS,ADDED,DAL  + ADDED   |  |  |  |  |  |  |  | 0
2026-07-08 08:35:57,SHEETS,ADDED,DAL  + ADDED   |  |  |  |  |  |  |  | 0
2026-07-08 08:35:57,SHEETS,ADDED,"DAL  + ADDED  TEAM SALARY (Art, I §1 (nnn)): |  | 209761248.8 | 146031206.2 | 72082739 | 40339896.24 | 0 | 0 | 468215090.2"
2026-07-08 08:35:57,SHEETS,REMOVED,DAL  - REMOVED Players Under Contract |  | 195549238.8 | 163522062.6 | 91260884 | 40339896.24 | 0 | 0 | BOLD = Option Year
2026-07-08 08:35:57,SHEETS,REMOVED,"DAL  - REMOVED Full Season Contracts |  | 195549238.8 | 163522062.6 | 91260884 | 40339896.24 | 0 | 0 | *=Projected Exten,,"
2026-07-08 08:35:57,SHEETS,ADDED,DAL  + ADDED  Players Under Contract |  | 177794638.8 | 142819990 | 72082739 | 40339896.24 | 0 | 0 | BOLD = Option Year
2026-07-08 08:35:57,SHEETS,ADDED,"DAL  + ADDED  Full Season Contracts |  | 177794638.8 | 142819990 | 72082739 | 40339896.24 | 0 | 0 | *=Projected Exten,,"
2026-07-08 08:35:57,SHEETS,REMOVED,"DAL  - REMOVED Avg, Salary (Mean) (ALL Compensation Obligations) |  |  | Players Under Contract |  | 16"
2026-07-08 08:35:57,SHEETS,REMOVED,"DAL  - REMOVED Avg, Salary (Mean) (No 10-Day K's) |  |  | Avaiable Spots |  | 0"
2026-07-08 08:35:57,SHEETS,ADDED,"DAL  + ADDED  Avg, Salary (Mean) (ALL Compensation Obligations) |  |  | Players Under Contract |  | 14"
2026-07-08 08:35:57,SHEETS,ADDED,"DAL  + ADDED  Avg, Salary (Mean) (No 10-Day K's) |  |  | Avaiable Spots |  | 1"
2026-07-08 08:35:57,SHEETS,REMOVED,"DET  - REMOVED LeVert, Caris | 1 - FULL SEASON | 14809200.0 |  |  |  |  |  | 14809200"
2026-07-08 08:35:57,SHEETS,REMOVED,"DET  - REMOVED Jenkins, Daniss | 1 - FULL SEASON | 4000000.0 |  |  |  |  |  | 4000000"
2026-07-08 08:35:57,SHEETS,ADDED,DET  + ADDED   |  |  |  |  |  |  |  | 0
2026-07-08 08:35:57,SHEETS,ADDED,"DET  + ADDED  Joe, Isaiah | 1 - FULL SEASON | 11323006.0 | 11323006.0 |  |  |  |  | 22646012"
2026-07-08 08:35:57,SHEETS,REMOVED,"DET  - REMOVED TEAM SALARY (Art, I §1 (nnn)): |  | 187458468.6 | 87690902.2 | 65193742 | 68811708.96 | 0 | 0 | 409154821.7"
2026-07-08 08:35:57,SHEETS,ADDED,"DET  + ADDED  TEAM SALARY (Art, I §1 (nnn)): |  | 179972274.6 | 99013908.2 | 65193742 | 68811708.96 | 0 | 0 | 412991633.7"
2026-07-08 08:35:57,SHEETS,REMOVED,DET  - REMOVED Players Under Contract |  | 131373008 | 87690902.2 | 65193742 | 68811708.96 | 0 | 0 | BOLD = Option Year
2026-07-08 08:35:57,SHEETS,REMOVED,"DET  - REMOVED Full Season Contracts |  | 131373008 | 87690902.2 | 65193742 | 68811708.96 | 0 | 0 | *=Projected Exten,,"
2026-07-08 08:35:57,SHEETS,ADDED,DET  + ADDED  Players Under Contract |  | 123886814 | 99013908.2 | 65193742 | 68811708.96 | 0 | 0 | BOLD = Option Year
2026-07-08 08:35:57,SHEETS,ADDED,"DET  + ADDED  Full Season Contracts |  | 123886814 | 99013908.2 | 65193742 | 68811708.96 | 0 | 0 | *=Projected Exten,,"
2026-07-08 08:35:57,SHEETS,REMOVED,"DET  - REMOVED Avg, Salary (Mean) (ALL Compensation Obligations) |  |  | Players Under Contract |  | 13"
2026-07-08 08:35:57,SHEETS,REMOVED,"DET  - REMOVED Avg, Salary (Mean) (No 10-Day K's) |  |  | Avaiable Spots |  | 2"
2026-07-08 08:35:57,SHEETS,REMOVED,"DET  - REMOVED Avg, Salary (Mean) (No 10-Day K's & ROS) |  |  | Players to Reach Roster Min, |  | 0"
2026-07-08 08:35:57,SHEETS,ADDED,"DET  + ADDED  Avg, Salary (Mean) (ALL Compensation Obligations) |  |  | Players Under Contract |  | 12"
2026-07-08 08:35:57,SHEETS,ADDED,"DET  + ADDED  Avg, Salary (Mean) (No 10-Day K's) |  |  | Avaiable Spots |  | 3"
2026-07-08 08:35:57,SHEETS,ADDED,"DET  + ADDED  Avg, Salary (Mean) (No 10-Day K's & ROS) |  |  | Players to Reach Roster Min, |  | 1"
2026-07-08 08:35:57,SHEETS,REMOVED,Luxury Tax Calculator  - REMOVED Luxury Tax | 0 | 13628752 | 0 | 0 | 0 | 0 | 10865455 | 23501723 | 0 | 0 | 972843 | 10706857.6 | 0 | 0 | 0 | 10244835 | 0 | 2536082 | 435790.92 | 28067811 | 64457758 | 29970320.04 | 17700978.3 | 29009155.52 | 6712130.274 | 16311062 | 0 | 8767635.14 | 0 | 0
2026-07-08 08:35:57,SHEETS,REMOVED,Luxury Tax Calculator  - REMOVED 1st Incremental Tax Bracket | 0 | 17055000 | 0 | 0 | 0 | 0 | 5685000 | 17055000 | 0 | 0 | 972843 | 5685000 | 0 | 0 | 0 | 5685000 | 0 | 2536082 | 435790.92 | 5685000 | 5685000 | 5685000 | 5685000 | 17055000 | 5685000 | 5685000 | 0 | 5685000 | 0 | 0
2026-07-08 08:35:57,SHEETS,REMOVED,Luxury Tax Calculator  - REMOVED 2nd Incremental Tax Bracket | 0 | 18476250 | 0 | 0 | 0 | 0 | 6475568.75 | 18476250 | 0 | 0 | 0 | 6277322 | 0 | 0 | 0 | 5699793.75 | 0 | 0 | 0 | 7106250 | 7106250 | 7106250 | 7106250 | 18476250 | 1283912.843 | 7106250 | 0 | 3853293.925 | 0 | 0
2026-07-08 08:35:57,SHEETS,ADDED,Luxury Tax Calculator  + ADDED  Luxury Tax | 0 | 13628752 | 0 | 0 | 0 | 0 | 0 | 23501723 | 0 | 0 | 972843 | 10706857.6 | 0 | 0 | 0 | 10244835 | 0 | 2536082 | 435790.92 | 28067811 | 64457758 | 29970320.04 | 17700978.3 | 29009155.52 | 6712130.274 | 16311062 | 0 | 8767635.14 | 0 | 0
2026-07-08 08:35:57,SHEETS,ADDED,Luxury Tax Calculator  + ADDED  1st Incremental Tax Bracket | 0 | 17055000 | 0 | 0 | 0 | 0 | 0 | 17055000 | 0 | 0 | 972843 | 5685000 | 0 | 0 | 0 | 5685000 | 0 | 2536082 | 435790.92 | 5685000 | 5685000 | 5685000 | 5685000 | 17055000 | 5685000 | 5685000 | 0 | 5685000 | 0 | 0
2026-07-08 08:35:57,SHEETS,ADDED,Luxury Tax Calculator  + ADDED  2nd Incremental Tax Bracket | 0 | 18476250 | 0 | 0 | 0 | 0 | 0 | 18476250 | 0 | 0 | 0 | 6277322 | 0 | 0 | 0 | 5699793.75 | 0 | 0 | 0 | 7106250 | 7106250 | 7106250 | 7106250 | 18476250 | 1283912.843 | 7106250 | 0 | 3853293.925 | 0 | 0
2026-07-08 08:35:57,SHEETS,REMOVED,Luxury Tax Calculator  - REMOVED Tax Liability | 0 | 47954386 | 0 | 0 | 0 | 0 | 12160568.75 | 110694991.8 | 0 | 0 | 972843 | 11962322 | 0 | 0 | 0 | 11384793.75 | 0 | 2536082 | 435790.92 | 87663507.75 | 237348750 | 98424340.23 | 35757146.93 | 150915955.3 | 6968912.843 | 30084967 | 0 | 9538293.925 | 0 | 0
2026-07-08 08:35:57,SHEETS,ADDED,Luxury Tax Calculator  + ADDED  Tax Liability | 0 | 47954386 | 0 | 0 | 0 | 0 | 0 | 110694991.8 | 0 | 0 | 972843 | 11962322 | 0 | 0 | 0 | 11384793.75 | 0 | 2536082 | 435790.92 | 87663507.75 | 237348750 | 98424340.23 | 35757146.93 | 150915955.3 | 6968912.843 | 30084967 | 0 | 9538293.925 | 0 | 0
2026-07-08 08:34:57,SHEETS,ADDED,"DAL  + ADDED  Washington, PJ | 1 - FULL SEASON | 19813044.0 | 21398088.0 | 22983132.0 | 24568176.0 |  |  | 88762440"
2026-07-08 08:34:57,SHEETS,REMOVED,"DAL  - REMOVED Washington, PJ | 1 - FULL SEASON | 19813044.0 | 21398088.0 | 22983132.0 | 24568176.0 |  |  | 88762440"
2026-07-08 08:34:57,SHEETS,ADDED,"DAL  + ADDED  Flagg, Cooper | 1 - FULL SEASON | 14517480.0 | 15208680.0 | 19178145.0 |  |  |  | 48904305"
2026-07-08 08:34:57,SHEETS,REMOVED,"DAL  - REMOVED Middleton, Khris | 4 - CAP HOLD | 52629628.5 |  |  |  |  |  | 52629628.5"
2026-07-08 08:34:57,SHEETS,REMOVED,"DAL  - REMOVED TEAM SALARY (Art, I §1 (nnn)): |  | 265627997.3 | 151524598.8 | 72082739 | 40339896.24 | 0 | 0 | 529575231.4"
2026-07-08 08:34:57,SHEETS,ADDED,"DAL  + ADDED  TEAM SALARY (Art, I §1 (nnn)): |  | 227515848.8 | 166733278.8 | 91260884 | 40339896.24 | 0 | 0 | 525849907.9"
2026-07-08 08:34:57,SHEETS,REMOVED,DAL  - REMOVED Players Under Contract |  | 181031758.8 | 148313382.6 | 72082739 | 40339896.24 | 0 | 0 | BOLD = Option Year
2026-07-08 08:34:57,SHEETS,REMOVED,"DAL  - REMOVED Full Season Contracts |  | 181031758.8 | 148313382.6 | 72082739 | 40339896.24 | 0 | 0 | *=Projected Exten,,"
2026-07-08 08:34:57,SHEETS,ADDED,DAL  + ADDED  Players Under Contract |  | 195549238.8 | 163522062.6 | 91260884 | 40339896.24 | 0 | 0 | BOLD = Option Year
2026-07-08 08:34:57,SHEETS,ADDED,"DAL  + ADDED  Full Season Contracts |  | 195549238.8 | 163522062.6 | 91260884 | 40339896.24 | 0 | 0 | *=Projected Exten,,"
2026-07-08 08:34:57,SHEETS,REMOVED,DAL  - REMOVED Cap Holds |  | 81385022.3 | 0 | 0 | 0 | 0 | 0
2026-07-08 08:34:57,SHEETS,ADDED,DAL  + ADDED  Cap Holds |  | 28755393.8 | 0 | 0 | 0 | 0 | 0
2026-07-08 08:34:57,SHEETS,REMOVED,"DAL  - REMOVED Avg, Salary (Mean) (ALL Compensation Obligations) |  |  | Players Under Contract |  | 15"
2026-07-08 08:34:57,SHEETS,ADDED,"DAL  + ADDED  Avg, Salary (Mean) (ALL Compensation Obligations) |  |  | Players Under Contract |  | 16"
2026-07-08 08:34:57,SHEETS,REMOVED,DAL  - REMOVED  |  |  | Cap Holds |  | 10
2026-07-08 08:34:57,SHEETS,ADDED,DAL  + ADDED   |  |  | Cap Holds |  | 9
2026-07-08 08:34:57,SHEETS,REMOVED,WAS  - REMOVED  |  |  |  |  |  |  |  | 0
2026-07-08 08:34:57,SHEETS,ADDED,"WAS  + ADDED  Middleton, Khris |  |  |  |  |  |  |  | 0"
2026-07-08 08:34:57,SHEETS,REMOVED,Luxury Tax Calculator  - REMOVED Luxury Tax | 0 | 13628752 | 0 | 0 | 0 | 0 | 0 | 23501723 | 0 | 0 | 972843 | 10706857.6 | 0 | 0 | 0 | 10244835 | 0 | 2536082 | 435790.92 | 28067811 | 64457758 | 29970320.04 | 17700978.3 | 29009155.52 | 6712130.274 | 16311062 | 0 | 8767635.14 | 0 | 0
2026-07-08 08:34:57,SHEETS,REMOVED,Luxury Tax Calculator  - REMOVED 1st Incremental Tax Bracket | 0 | 17055000 | 0 | 0 | 0 | 0 | 0 | 17055000 | 0 | 0 | 972843 | 5685000 | 0 | 0 | 0 | 5685000 | 0 | 2536082 | 435790.92 | 5685000 | 5685000 | 5685000 | 5685000 | 17055000 | 5685000 | 5685000 | 0 | 5685000 | 0 | 0
2026-07-08 08:34:57,SHEETS,REMOVED,Luxury Tax Calculator  - REMOVED 2nd Incremental Tax Bracket | 0 | 18476250 | 0 | 0 | 0 | 0 | 0 | 18476250 | 0 | 0 | 0 | 6277322 | 0 | 0 | 0 | 5699793.75 | 0 | 0 | 0 | 7106250 | 7106250 | 7106250 | 7106250 | 18476250 | 1283912.843 | 7106250 | 0 | 3853293.925 | 0 | 0
2026-07-08 08:34:57,SHEETS,ADDED,Luxury Tax Calculator  + ADDED  Luxury Tax | 0 | 13628752 | 0 | 0 | 0 | 0 | 10865455 | 23501723 | 0 | 0 | 972843 | 10706857.6 | 0 | 0 | 0 | 10244835 | 0 | 2536082 | 435790.92 | 28067811 | 64457758 | 29970320.04 | 17700978.3 | 29009155.52 | 6712130.274 | 16311062 | 0 | 8767635.14 | 0 | 0
2026-07-08 08:34:57,SHEETS,ADDED,Luxury Tax Calculator  + ADDED  1st Incremental Tax Bracket | 0 | 17055000 | 0 | 0 | 0 | 0 | 5685000 | 17055000 | 0 | 0 | 972843 | 5685000 | 0 | 0 | 0 | 5685000 | 0 | 2536082 | 435790.92 | 5685000 | 5685000 | 5685000 | 5685000 | 17055000 | 5685000 | 5685000 | 0 | 5685000 | 0 | 0
2026-07-08 08:34:57,SHEETS,ADDED,Luxury Tax Calculator  + ADDED  2nd Incremental Tax Bracket | 0 | 18476250 | 0 | 0 | 0 | 0 | 6475568.75 | 18476250 | 0 | 0 | 0 | 6277322 | 0 | 0 | 0 | 5699793.75 | 0 | 0 | 0 | 7106250 | 7106250 | 7106250 | 7106250 | 18476250 | 1283912.843 | 7106250 | 0 | 3853293.925 | 0 | 0
2026-07-08 08:34:57,SHEETS,REMOVED,Luxury Tax Calculator  - REMOVED Tax Liability | 0 | 47954386 | 0 | 0 | 0 | 0 | 0 | 110694991.8 | 0 | 0 | 972843 | 11962322 | 0 | 0 | 0 | 11384793.75 | 0 | 2536082 | 435790.92 | 87663507.75 | 237348750 | 98424340.23 | 35757146.93 | 150915955.3 | 6968912.843 | 30084967 | 0 | 9538293.925 | 0 | 0
2026-07-08 08:34:57,SHEETS,ADDED,Luxury Tax Calculator  + ADDED  Tax Liability | 0 | 47954386 | 0 | 0 | 0 | 0 | 12160568.75 | 110694991.8 | 0 | 0 | 972843 | 11962322 | 0 | 0 | 0 | 11384793.75 | 0 | 2536082 | 435790.92 | 87663507.75 | 237348750 | 98424340.23 | 35757146.93 | 150915955.3 | 6968912.843 | 30084967 | 0 | 9538293.925 | 0 | 0
2026-07-08 08:33:57,SHEETS,ADDED,"DET  + ADDED  Collins, John |  |  |  |  |  |  |  | 0"
2026-07-08 08:33:57,SHEETS,REMOVED,"DET  - REMOVED Collins, John |  |  |  |  |  |  |  | 0"
2026-07-08 08:33:57,SHEETS,REMOVED,"GOS  - REMOVED Post, Quinten | 5 - QUAL OFFER | 2649421.0 |  |  |  |  |  | 2649421"
2026-07-08 08:33:57,SHEETS,REMOVED,"GOS  - REMOVED TEAM SALARY (Art, I §1 (nnn)): |  | 257184703.8 | 54516206 | 14812268 | 8899127.4 | 0 | 0 | 335412305.2"
2026-07-08 08:33:57,SHEETS,ADDED,GOS  + ADDED   |  |  |  |  |  |  |  | 0
2026-07-08 08:33:57,SHEETS,ADDED,"GOS  + ADDED  TEAM SALARY (Art, I §1 (nnn)): |  | 254535282.8 | 54516206 | 14812268 | 8899127.4 | 0 | 0 | 332762884.2"
2026-07-08 08:33:57,SHEETS,REMOVED,GOS  - REMOVED Qualifying Offers |  | 2649421 | 0 | 0 | 0 | 0 | 0
2026-07-08 08:33:57,SHEETS,ADDED,GOS  + ADDED  Qualifying Offers |  | 0 | 0 | 0 | 0 | 0 | 0
2026-07-08 08:33:57,SHEETS,REMOVED,"PHL  - REMOVED Grimes, Quentin | 4 - CAP HOLD | 16608297.1 |  |  |  |  |  | 16608297.1"
2026-07-08 08:33:57,SHEETS,REMOVED,"PHL  - REMOVED Oubre, Kelly | 4 - CAP HOLD | 15926085.0 |  |  |  |  |  | 15926085"
2026-07-08 08:33:57,SHEETS,REMOVED,"PHL  - REMOVED TEAM SALARY (Art, I §1 (nnn)): |  | 249848855.4 | 207255956.5 | 211305126.7 | 16858870.2 | 0 | 0 | 685268808.8"
2026-07-08 08:33:57,SHEETS,ADDED,PHL  + ADDED   |  |  |  |  |  |  |  | 0
2026-07-08 08:33:57,SHEETS,ADDED,PHL  + ADDED   |  |  |  |  |  |  |  | 0
2026-07-08 08:33:57,SHEETS,ADDED,"PHL  + ADDED  TEAM SALARY (Art, I §1 (nnn)): |  | 217314473.3 | 207255956.5 | 211305126.7 | 16858870.2 | 0 | 0 | 652734426.7"
2026-07-08 08:33:57,SHEETS,REMOVED,PHL  - REMOVED Cap Holds |  | 44252877.1 | 0 | 0 | 0 | 0 | 0
2026-07-08 08:33:57,SHEETS,ADDED,PHL  + ADDED  Cap Holds |  | 11718495 | 0 | 0 | 0 | 0 | 0
2026-07-08 08:33:57,SHEETS,REMOVED,PHL  - REMOVED  |  |  | Cap Holds |  | 7
2026-07-08 08:33:57,SHEETS,ADDED,PHL  + ADDED   |  |  | Cap Holds |  | 5
2026-07-08 08:32:57,SHEETS,REMOVED,"LAC  - REMOVED Collins, John | 4 - CAP HOLD | 39870000.0 |  |  |  |  |  | 39870000"
2026-07-08 08:32:57,SHEETS,REMOVED,"LAC  - REMOVED TEAM SALARY (Art, I §1 (nnn)): |  | 273730233.7 | 83703891 | 18974669 | 16502837.32 | 0 | 0 | 392911631.1"
2026-07-08 08:32:57,SHEETS,ADDED,LAC  + ADDED   |  |  |  |  |  |  |  | 0
2026-07-08 08:32:57,SHEETS,ADDED,"LAC  + ADDED  TEAM SALARY (Art, I §1 (nnn)): |  | 233860233.7 | 83703891 | 18974669 | 16502837.32 | 0 | 0 | 353041631.1"
2026-07-08 08:32:57,SHEETS,REMOVED,LAC  - REMOVED Cap Holds |  | 114702977.9 | 0 | 0 | 0 | 0 | 0
2026-07-08 08:32:57,SHEETS,ADDED,LAC  + ADDED  Cap Holds |  | 74832977.88 | 0 | 0 | 0 | 0 | 0
2026-07-08 08:32:57,SHEETS,REMOVED,LAC  - REMOVED  |  |  | Cap Holds |  | 9
2026-07-08 08:32:57,SHEETS,ADDED,LAC  + ADDED   |  |  | Cap Holds |  | 8
2026-07-08 08:32:57,SHEETS,REMOVED,"WAS  - REMOVED Russell, D'Angelo | 1 - FULL SEASON | 5969250.0 |  |  |  |  |  | 5969250"
2026-07-08 08:32:57,SHEETS,REMOVED,"WAS  - REMOVED TEAM SALARY (Art, I §1 (nnn)): |  | 234362955.4 | 181986692.5 | 88305732 | 78853447.44 | 0 | 0 | 583508827.4"
2026-07-08 08:32:57,SHEETS,ADDED,WAS  + ADDED   |  |  |  |  |  |  |  | 0
2026-07-08 08:32:57,SHEETS,ADDED,"WAS  + ADDED  TEAM SALARY (Art, I §1 (nnn)): |  | 228393705.4 | 181986692.5 | 88305732 | 78853447.44 | 0 | 0 | 577539577.4"
2026-07-08 08:32:57,SHEETS,REMOVED,WAS  - REMOVED Players Under Contract |  | 187745541.9 | 181986692.5 | 88305732 | 78853447.44 | 0 | 0 | BOLD = Option Year
2026-07-08 08:32:57,SHEETS,REMOVED,"WAS  - REMOVED Full Season Contracts |  | 187745541.9 | 181986692.5 | 88305732 | 78853447.44 | 0 | 0 | *=Projected Exten,,"
2026-07-08 08:32:57,SHEETS,ADDED,WAS  + ADDED  Players Under Contract |  | 181776291.9 | 181986692.5 | 88305732 | 78853447.44 | 0 | 0 | BOLD = Option Year
2026-07-08 08:32:57,SHEETS,ADDED,"WAS  + ADDED  Full Season Contracts |  | 181776291.9 | 181986692.5 | 88305732 | 78853447.44 | 0 | 0 | *=Projected Exten,,"
2026-07-08 08:32:57,SHEETS,REMOVED,"WAS  - REMOVED Avg, Salary (Mean) (ALL Compensation Obligations) |  |  | Players Under Contract |  | 14"
2026-07-08 08:32:57,SHEETS,REMOVED,"WAS  - REMOVED Avg, Salary (Mean) (No 10-Day K's) |  |  | Avaiable Spots |  | 1"
2026-07-08 08:32:57,SHEETS,ADDED,"WAS  + ADDED  Avg, Salary (Mean) (ALL Compensation Obligations) |  |  | Players Under Contract |  | 13"
2026-07-08 08:32:57,SHEETS,ADDED,"WAS  + ADDED  Avg, Salary (Mean) (No 10-Day K's) |  |  | Avaiable Spots |  | 2"
2026-07-08 08:31:57,SHEETS,ADDED,"DET  + ADDED  Jenkins, Daniss | 1 - FULL SEASON | 4000000.0 |  |  |  |  |  | 4000000"
2026-07-08 08:31:57,SHEETS,ADDED,"DET  + ADDED  Harris, Gary | 1 - FULL SEASON | 3815861.0 |  |  |  |  |  | 3815861"
2026-07-08 08:31:57,SHEETS,ADDED,"DET  + ADDED  Prince, Taurean | 1 - FULL SEASON | 3815861.0 |  |  |  |  |  | 3815861"
2026-07-08 08:31:57,SHEETS,REMOVED,DET  - REMOVED  |  |  |  |  |  |  |  | 0
2026-07-08 08:31:57,SHEETS,REMOVED,"DET  - REMOVED Harris, Gary | 1 - FULL SEASON | 3815861.0 |  |  |  |  |  | 3815861"
2026-07-08 08:31:57,SHEETS,REMOVED,"DET  - REMOVED Prince, Taurean | 1 - FULL SEASON | 3815861.0 |  |  |  |  |  | 3815861"
2026-07-08 08:31:57,SHEETS,REMOVED,DET  - REMOVED  |  |  |  |  |  |  |  | 0
2026-07-08 08:31:57,SHEETS,ADDED,"DET  + ADDED  Collins, John |  |  |  |  |  |  |  | 0"
2026-07-08 08:31:57,SHEETS,REMOVED,"DET  - REMOVED TEAM SALARY (Art, I §1 (nnn)): |  | 183458468.6 | 87690902.2 | 65193742 | 68811708.96 | 0 | 0 | 405154821.7"
2026-07-08 08:31:57,SHEETS,ADDED,"DET  + ADDED  TEAM SALARY (Art, I §1 (nnn)): |  | 187458468.6 | 87690902.2 | 65193742 | 68811708.96 | 0 | 0 | 409154821.7"
2026-07-08 08:31:57,SHEETS,REMOVED,DET  - REMOVED Players Under Contract |  | 127373008 | 87690902.2 | 65193742 | 68811708.96 | 0 | 0 | BOLD = Option Year
2026-07-08 08:31:57,SHEETS,REMOVED,"DET  - REMOVED Full Season Contracts |  | 127373008 | 87690902.2 | 65193742 | 68811708.96 | 0 | 0 | *=Projected Exten,,"
2026-07-08 08:31:57,SHEETS,ADDED,DET  + ADDED  Players Under Contract |  | 131373008 | 87690902.2 | 65193742 | 68811708.96 | 0 | 0 | BOLD = Option Year
2026-07-08 08:31:57,SHEETS,ADDED,"DET  + ADDED  Full Season Contracts |  | 131373008 | 87690902.2 | 65193742 | 68811708.96 | 0 | 0 | *=Projected Exten,,"
2026-07-08 08:31:57,SHEETS,REMOVED,"DET  - REMOVED Avg, Salary (Mean) (ALL Compensation Obligations) |  |  | Players Under Contract |  | 12"
2026-07-08 08:31:57,SHEETS,REMOVED,"DET  - REMOVED Avg, Salary (Mean) (No 10-Day K's) |  |  | Avaiable Spots |  | 3"
2026-07-08 08:31:57,SHEETS,REMOVED,"DET  - REMOVED Avg, Salary (Mean) (No 10-Day K's & ROS) |  |  | Players to Reach Roster Min, |  | 1"
2026-07-08 08:31:57,SHEETS,ADDED,"DET  + ADDED  Avg, Salary (Mean) (ALL Compensation Obligations) |  |  | Players Under Contract |  | 13"
2026-07-08 08:31:57,SHEETS,ADDED,"DET  + ADDED  Avg, Salary (Mean) (No 10-Day K's) |  |  | Avaiable Spots |  | 2"
2026-07-08 08:31:57,SHEETS,ADDED,"DET  + ADDED  Avg, Salary (Mean) (No 10-Day K's & ROS) |  |  | Players to Reach Roster Min, |  | 0"
2026-07-08 08:30:57,SHEETS,REMOVED,"DET  - REMOVED Harris, Tobias | 4 - CAP HOLD | 39951219.0 |  |  |  |  |  | 39951219"
2026-07-08 08:30:57,SHEETS,REMOVED,DET  - REMOVED  |  |  |  |  |  |  |  | 0
2026-07-08 08:30:57,SHEETS,ADDED,"DET  + ADDED  Harris, Gary | 1 - FULL SEASON | 3815861.0 |  |  |  |  |  | 3815861"
2026-07-08 08:30:57,SHEETS,ADDED,"DET  + ADDED  Prince, Taurean | 1 - FULL SEASON | 3815861.0 |  |  |  |  |  | 3815861"
2026-07-08 08:30:57,SHEETS,REMOVED,"DET  - REMOVED TEAM SALARY (Art, I §1 (nnn)): |  | 215777965.6 | 87690902.2 | 65193742 | 68811708.96 | 0 | 0 | 437474318.7"
2026-07-08 08:30:57,SHEETS,ADDED,"DET  + ADDED  TEAM SALARY (Art, I §1 (nnn)): |  | 183458468.6 | 87690902.2 | 65193742 | 68811708.96 | 0 | 0 | 405154821.7"
2026-07-08 08:30:57,SHEETS,REMOVED,DET  - REMOVED Players Under Contract |  | 119741286 | 87690902.2 | 65193742 | 68811708.96 | 0 | 0 | BOLD = Option Year
2026-07-08 08:30:57,SHEETS,REMOVED,"DET  - REMOVED Full Season Contracts |  | 119741286 | 87690902.2 | 65193742 | 68811708.96 | 0 | 0 | *=Projected Exten,,"
2026-07-08 08:30:57,SHEETS,ADDED,DET  + ADDED  Players Under Contract |  | 127373008 | 87690902.2 | 65193742 | 68811708.96 | 0 | 0 | BOLD = Option Year
2026-07-08 08:30:57,SHEETS,ADDED,"DET  + ADDED  Full Season Contracts |  | 127373008 | 87690902.2 | 65193742 | 68811708.96 | 0 | 0 | *=Projected Exten,,"
2026-07-08 08:30:57,SHEETS,REMOVED,DET  - REMOVED Cap Holds |  | 96036679.58 | 0 | 0 | 0 | 0 | 0
2026-07-08 08:30:57,SHEETS,ADDED,DET  + ADDED  Cap Holds |  | 56085460.58 | 0 | 0 | 0 | 0 | 0
2026-07-08 08:30:57,SHEETS,REMOVED,"DET  - REMOVED Avg, Salary (Mean) (ALL Compensation Obligations) |  |  | Players Under Contract |  | 10"
2026-07-08 08:30:57,SHEETS,REMOVED,"DET  - REMOVED Avg, Salary (Mean) (No 10-Day K's) |  |  | Avaiable Spots |  | 5"
2026-07-08 08:30:57,SHEETS,REMOVED,"DET  - REMOVED Avg, Salary (Mean) (No 10-Day K's & ROS) |  |  | Players to Reach Roster Min, |  | 3"
2026-07-08 08:30:57,SHEETS,REMOVED,DET  - REMOVED  |  |  | Cap Holds |  | 5
2026-07-08 08:30:57,SHEETS,ADDED,"DET  + ADDED  Avg, Salary (Mean) (ALL Compensation Obligations) |  |  | Players Under Contract |  | 12"
2026-07-08 08:30:57,SHEETS,ADDED,"DET  + ADDED  Avg, Salary (Mean) (No 10-Day K's) |  |  | Avaiable Spots |  | 3"
2026-07-08 08:30:57,SHEETS,ADDED,"DET  + ADDED  Avg, Salary (Mean) (No 10-Day K's & ROS) |  |  | Players to Reach Roster Min, |  | 1"
2026-07-08 08:30:57,SHEETS,ADDED,DET  + ADDED   |  |  | Cap Holds |  | 4
2026-07-08 08:30:57,SHEETS,ADDED,"MIL  + ADDED  LeVert, Caris | 1 - FULL SEASON | 14809200.0 |  |  |  |  |  | 14809200"
2026-07-08 08:30:57,SHEETS,REMOVED,"MIL  - REMOVED Harris, Gary | 1 - FULL SEASON | 3815861.0 |  |  |  |  |  | 3815861"
2026-07-08 08:30:57,SHEETS,REMOVED,"MIL  - REMOVED Prince, Taurean | 1 - FULL SEASON | 3815861.0 |  |  |  |  |  | 3815861"
2026-07-08 08:30:57,SHEETS,REMOVED,"MIL  - REMOVED LeVert, Caris | 1 - FULL SEASON | 14809200.0 |  |  |  |  |  | 14809200"
2026-07-08 08:30:57,SHEETS,REMOVED,"MIL  - REMOVED TEAM SALARY (Art, I §1 (nnn)): |  | 203008970.5 | 91851644.23 | 85295148.2 | 55538317 | 0 | 0 | 435694079.9"
2026-07-08 08:30:57,SHEETS,ADDED,MIL  + ADDED   |  |  |  |  |  |  |  | 0
2026-07-08 08:30:57,SHEETS,ADDED,MIL  + ADDED   |  |  |  |  |  |  |  | 0
2026-07-08 08:30:57,SHEETS,ADDED,"MIL  + ADDED  TEAM SALARY (Art, I §1 (nnn)): |  | 195377248.5 | 91851644.23 | 85295148.2 | 55538317 | 0 | 0 | 428062357.9"
2026-07-08 08:30:57,SHEETS,REMOVED,MIL  - REMOVED Players Under Contract |  | 146962791.4 | 62891094.36 | 56726345 | 24373120 | 0 | 0 | BOLD = Option Year
2026-07-08 08:30:57,SHEETS,REMOVED,"MIL  - REMOVED Full Season Contracts |  | 146962791.4 | 62891094.36 | 56726345 | 24373120 | 0 | 0 | *=Projected Exten,,"
2026-07-08 08:30:57,SHEETS,ADDED,MIL  + ADDED  Players Under Contract |  | 139331069.4 | 62891094.36 | 56726345 | 24373120 | 0 | 0 | BOLD = Option Year
2026-07-08 08:30:57,SHEETS,ADDED,"MIL  + ADDED  Full Season Contracts |  | 139331069.4 | 62891094.36 | 56726345 | 24373120 | 0 | 0 | *=Projected Exten,,"
2026-07-08 08:30:57,SHEETS,REMOVED,"MIL  - REMOVED Avg, Salary (Mean) (ALL Compensation Obligations) |  |  | Players Under Contract |  | 15"
2026-07-08 08:30:57,SHEETS,REMOVED,"MIL  - REMOVED Avg, Salary (Mean) (No 10-Day K's) |  |  | Avaiable Spots |  | 0"
2026-07-08 08:30:57,SHEETS,ADDED,"MIL  + ADDED  Avg, Salary (Mean) (ALL Compensation Obligations) |  |  | Players Under Contract |  | 13"
2026-07-08 08:30:57,SHEETS,ADDED,"MIL  + ADDED  Avg, Salary (Mean) (No 10-Day K's) |  |  | Avaiable Spots |  | 2"
2026-07-08 08:29:59,SHEETS,ADDED,"DAL  + ADDED  Sasser, Marcus | 1 - FULL SEASON | 5198982.720000001 |  |  |  |  |  | 5198982.72"
2026-07-08 08:29:59,SHEETS,REMOVED,DAL  - REMOVED  |  |  |  |  |  |  |  | 0
2026-07-08 08:29:59,SHEETS,REMOVED,"DAL  - REMOVED TEAM SALARY (Art, I §1 (nnn)): |  | 260429014.6 | 151524598.8 | 72082739 | 40339896.24 | 0 | 0 | 524376248.7"
2026-07-08 08:29:59,SHEETS,ADDED,"DAL  + ADDED  TEAM SALARY (Art, I §1 (nnn)): |  | 265627997.3 | 151524598.8 | 72082739 | 40339896.24 | 0 | 0 | 529575231.4"
2026-07-08 08:29:59,SHEETS,REMOVED,DAL  - REMOVED Players Under Contract |  | 175832776.1 | 148313382.6 | 72082739 | 40339896.24 | 0 | 0 | BOLD = Option Year
2026-07-08 08:29:59,SHEETS,REMOVED,"DAL  - REMOVED Full Season Contracts |  | 175832776.1 | 148313382.6 | 72082739 | 40339896.24 | 0 | 0 | *=Projected Exten,,"
2026-07-08 08:29:59,SHEETS,ADDED,DAL  + ADDED  Players Under Contract |  | 181031758.8 | 148313382.6 | 72082739 | 40339896.24 | 0 | 0 | BOLD = Option Year
2026-07-08 08:29:59,SHEETS,ADDED,"DAL  + ADDED  Full Season Contracts |  | 181031758.8 | 148313382.6 | 72082739 | 40339896.24 | 0 | 0 | *=Projected Exten,,"
2026-07-08 08:29:59,SHEETS,REMOVED,"DAL  - REMOVED Avg, Salary (Mean) (ALL Compensation Obligations) |  |  | Players Under Contract |  | 14"
2026-07-08 08:29:59,SHEETS,REMOVED,"DAL  - REMOVED Avg, Salary (Mean) (No 10-Day K's) |  |  | Avaiable Spots |  | 1"
2026-07-08 08:29:59,SHEETS,ADDED,"DAL  + ADDED  Avg, Salary (Mean) (ALL Compensation Obligations) |  |  | Players Under Contract |  | 15"
2026-07-08 08:29:59,SHEETS,ADDED,"DAL  + ADDED  Avg, Salary (Mean) (No 10-Day K's) |  |  | Avaiable Spots |  | 0"
2026-07-08 08:29:59,SHEETS,REMOVED,"DET  - REMOVED Stewart, Isaiah | 1 - FULL SEASON | 15000000.0 | 15000000.0 |  |  |  |  | 30000000"
2026-07-08 08:29:59,SHEETS,REMOVED,"DET  - REMOVED Sasser, Marcus | 1 - FULL SEASON | 5198982.720000001 |  |  |  |  |  | 5198982.72"
2026-07-08 08:29:59,SHEETS,ADDED,DET  + ADDED   |  |  |  |  |  |  |  | 0
2026-07-08 08:29:59,SHEETS,ADDED,DET  + ADDED   |  |  |  |  |  |  |  | 0
2026-07-08 08:29:59,SHEETS,REMOVED,"DET  - REMOVED TEAM SALARY (Art, I §1 (nnn)): |  | 235976948.3 | 102690902.2 | 65193742 | 68811708.96 | 0 | 0 | 472673301.5"
2026-07-08 08:29:59,SHEETS,ADDED,"DET  + ADDED  TEAM SALARY (Art, I §1 (nnn)): |  | 215777965.6 | 87690902.2 | 65193742 | 68811708.96 | 0 | 0 | 437474318.7"
2026-07-08 08:29:59,SHEETS,REMOVED,DET  - REMOVED Players Under Contract |  | 139940268.7 | 102690902.2 | 65193742 | 68811708.96 | 0 | 0 | BOLD = Option Year
2026-07-08 08:29:59,SHEETS,REMOVED,"DET  - REMOVED Full Season Contracts |  | 139940268.7 | 102690902.2 | 65193742 | 68811708.96 | 0 | 0 | *=Projected Exten,,"
2026-07-08 08:29:59,SHEETS,ADDED,DET  + ADDED  Players Under Contract |  | 119741286 | 87690902.2 | 65193742 | 68811708.96 | 0 | 0 | BOLD = Option Year
2026-07-08 08:29:59,SHEETS,ADDED,"DET  + ADDED  Full Season Contracts |  | 119741286 | 87690902.2 | 65193742 | 68811708.96 | 0 | 0 | *=Projected Exten,,"
2026-07-08 08:29:59,SHEETS,REMOVED,"DET  - REMOVED Avg, Salary (Mean) (ALL Compensation Obligations) |  |  | Players Under Contract |  | 12"
2026-07-08 08:29:59,SHEETS,REMOVED,"DET  - REMOVED Avg, Salary (Mean) (No 10-Day K's) |  |  | Avaiable Spots |  | 3"
2026-07-08 08:29:59,SHEETS,REMOVED,"DET  - REMOVED Avg, Salary (Mean) (No 10-Day K's & ROS) |  |  | Players to Reach Roster Min, |  | 1"
2026-07-08 08:29:59,SHEETS,ADDED,"DET  + ADDED  Avg, Salary (Mean) (ALL Compensation Obligations) |  |  | Players Under Contract |  | 10"
2026-07-08 08:29:59,SHEETS,ADDED,"DET  + ADDED  Avg, Salary (Mean) (No 10-Day K's) |  |  | Avaiable Spots |  | 5"
2026-07-08 08:29:59,SHEETS,ADDED,"DET  + ADDED  Avg, Salary (Mean) (No 10-Day K's & ROS) |  |  | Players to Reach Roster Min, |  | 3"
2026-07-08 08:29:59,SHEETS,ADDED,"MEM  + ADDED  Russell, D'Angelo | 1 - FULL SEASON | 5969250.0 |  |  |  |  |  | 5969250"
2026-07-08 08:29:59,SHEETS,REMOVED,"MEM  - REMOVED Prosper, Olivier-Maxence | 1 - FULL SEASON | 2497812.0 |  |  |  |  |  | 2497812"
2026-07-08 08:29:59,SHEETS,ADDED,"MEM  + ADDED  Johnson, AJ | 1 - FULL SEASON | 3237120.0 | 5493392.640000001 |  |  |  |  | 8730512.64"
2026-07-08 08:29:59,SHEETS,REMOVED,"MEM  - REMOVED Johnson, AJ | 1 - FULL SEASON | 3237120.0 | 5493392.640000001 |  |  |  |  | 8730512.64"
2026-07-08 08:29:59,SHEETS,REMOVED,MEM  - REMOVED  |  |  |  |  |  |  |  | 0
2026-07-08 08:29:59,SHEETS,REMOVED,MEM  - REMOVED  |  |  |  |  |  |  |  | 0
2026-07-08 08:29:59,SHEETS,REMOVED,MEM  - REMOVED  |  |  |  |  |  |  |  | 0
2026-07-08 08:29:59,SHEETS,REMOVED,"MEM  - REMOVED Russell, D'Angelo | 1 - FULL SEASON | 5969250.0 |  |  |  |  |  | 5969250"
2026-07-08 08:29:59,SHEETS,REMOVED,"MEM  - REMOVED TEAM SALARY (Art, I §1 (nnn)): |  | 157047164.9 | 113280582.9 | 35082380 | 23042052 | 0 | 0 | 328452179.8"
2026-07-08 08:29:59,SHEETS,ADDED,MEM  + ADDED   |  |  |  |  |  |  |  | 0
2026-07-08 08:29:59,SHEETS,ADDED,MEM  + ADDED   |  |  |  |  |  |  |  | 0
2026-07-08 08:29:59,SHEETS,ADDED,MEM  + ADDED   |  |  |  |  |  |  |  | 0
2026-07-08 08:29:59,SHEETS,ADDED,MEM  + ADDED   |  |  |  |  |  |  |  | 0
2026-07-08 08:29:59,SHEETS,ADDED,"MEM  + ADDED  TEAM SALARY (Art, I §1 (nnn)): |  | 154549352.9 | 113280582.9 | 35082380 | 23042052 | 0 | 0 | 325954367.8"
2026-07-08 08:29:59,SHEETS,REMOVED,MEM  - REMOVED Players Under Contract |  | 137286594.9 | 93204422.88 | 17925740 | 0 | 0 | 0 | BOLD = Option Year
2026-07-08 08:29:59,SHEETS,REMOVED,"MEM  - REMOVED Full Season Contracts |  | 137286594.9 | 93204422.88 | 17925740 | 0 | 0 | 0 | *=Projected Exten,,"
2026-07-08 08:29:59,SHEETS,ADDED,MEM  + ADDED  Players Under Contract |  | 134788782.9 | 93204422.88 | 17925740 | 0 | 0 | 0 | BOLD = Option Year
2026-07-08 08:29:59,SHEETS,ADDED,"MEM  + ADDED  Full Season Contracts |  | 134788782.9 | 93204422.88 | 17925740 | 0 | 0 | 0 | *=Projected Exten,,"
2026-07-08 08:29:59,SHEETS,REMOVED,"MEM  - REMOVED Avg, Salary (Mean) (ALL Compensation Obligations) |  |  | Players Under Contract |  | 18"
2026-07-08 08:29:59,SHEETS,ADDED,"MEM  + ADDED  Avg, Salary (Mean) (ALL Compensation Obligations) |  |  | Players Under Contract |  | 17"
2026-07-08 08:29:59,SHEETS,ADDED,"MIL  + ADDED  LeVert, Caris | 1 - FULL SEASON | 14809200.0 |  |  |  |  |  | 14809200"
2026-07-08 08:29:59,SHEETS,REMOVED,MIL  - REMOVED  |  |  |  |  |  |  |  | 0
2026-07-08 08:29:59,SHEETS,REMOVED,"MIL  - REMOVED TEAM SALARY (Art, I §1 (nnn)): |  | 188199770.5 | 91851644.23 | 85295148.2 | 55538317 | 0 | 0 | 420884879.9"
2026-07-08 08:29:59,SHEETS,ADDED,"MIL  + ADDED  TEAM SALARY (Art, I §1 (nnn)): |  | 203008970.5 | 91851644.23 | 85295148.2 | 55538317 | 0 | 0 | 435694079.9"
2026-07-08 08:29:59,SHEETS,REMOVED,MIL  - REMOVED Players Under Contract |  | 132153591.4 | 62891094.36 | 56726345 | 24373120 | 0 | 0 | BOLD = Option Year
2026-07-08 08:29:59,SHEETS,REMOVED,"MIL  - REMOVED Full Season Contracts |  | 132153591.4 | 62891094.36 | 56726345 | 24373120 | 0 | 0 | *=Projected Exten,,"
2026-07-08 08:29:59,SHEETS,ADDED,MIL  + ADDED  Players Under Contract |  | 146962791.4 | 62891094.36 | 56726345 | 24373120 | 0 | 0 | BOLD = Option Year
2026-07-08 08:29:59,SHEETS,ADDED,"MIL  + ADDED  Full Season Contracts |  | 146962791.4 | 62891094.36 | 56726345 | 24373120 | 0 | 0 | *=Projected Exten,,"
2026-07-08 08:29:59,SHEETS,REMOVED,"MIL  - REMOVED Avg, Salary (Mean) (ALL Compensation Obligations) |  |  | Players Under Contract |  | 14"
2026-07-08 08:29:59,SHEETS,REMOVED,"MIL  - REMOVED Avg, Salary (Mean) (No 10-Day K's) |  |  | Avaiable Spots |  | 1"
2026-07-08 08:29:59,SHEETS,ADDED,"MIL  + ADDED  Avg, Salary (Mean) (ALL Compensation Obligations) |  |  | Players Under Contract |  | 15"
2026-07-08 08:29:59,SHEETS,ADDED,"MIL  + ADDED  Avg, Salary (Mean) (No 10-Day K's) |  |  | Avaiable Spots |  | 0"
2026-07-08 08:29:54,PLAYERS,CHANGED,~ CHANGED Pacôme Dadiet  school: Ratiopharm Ulm -> Paris Basketball
2026-07-08 08:29:54,PLAYERS,CHANGED,~ CHANGED Mohamed Diawara  school: - -> Paris Basketball
2026-07-08 08:29:54,PLAYERS,CHANGED,~ CHANGED Jack Kayil  school: - -> Alba Berlin
2026-07-08 08:28:58,SHEETS,ADDED,"DAL  + ADDED  Aldama, Santi | 1 - FULL SEASON | 17007043.0 | 17007043.0 |  |  |  |  | 34014086"
2026-07-08 08:28:58,SHEETS,REMOVED,DAL  - REMOVED  |  |  |  |  |  |  |  | 0
2026-07-08 08:28:58,SHEETS,REMOVED,"DAL  - REMOVED TEAM SALARY (Art, I §1 (nnn)): |  | 243421971.6 | 134517555.8 | 72082739 | 40339896.24 | 0 | 0 | 490362162.7"
2026-07-08 08:28:58,SHEETS,ADDED,"DAL  + ADDED  TEAM SALARY (Art, I §1 (nnn)): |  | 260429014.6 | 151524598.8 | 72082739 | 40339896.24 | 0 | 0 | 524376248.7"
2026-07-08 08:28:58,SHEETS,REMOVED,DAL  - REMOVED Players Under Contract |  | 158825733.1 | 131306339.6 | 72082739 | 40339896.24 | 0 | 0 | BOLD = Option Year
2026-07-08 08:28:58,SHEETS,REMOVED,"DAL  - REMOVED Full Season Contracts |  | 158825733.1 | 131306339.6 | 72082739 | 40339896.24 | 0 | 0 | *=Projected Exten,,"
2026-07-08 08:28:58,SHEETS,ADDED,DAL  + ADDED  Players Under Contract |  | 175832776.1 | 148313382.6 | 72082739 | 40339896.24 | 0 | 0 | BOLD = Option Year
2026-07-08 08:28:58,SHEETS,ADDED,"DAL  + ADDED  Full Season Contracts |  | 175832776.1 | 148313382.6 | 72082739 | 40339896.24 | 0 | 0 | *=Projected Exten,,"
2026-07-08 08:28:58,SHEETS,REMOVED,"DAL  - REMOVED Avg, Salary (Mean) (ALL Compensation Obligations) |  |  | Players Under Contract |  | 13"
2026-07-08 08:28:58,SHEETS,REMOVED,"DAL  - REMOVED Avg, Salary (Mean) (No 10-Day K's) |  |  | Avaiable Spots |  | 2"
2026-07-08 08:28:58,SHEETS,ADDED,"DAL  + ADDED  Avg, Salary (Mean) (ALL Compensation Obligations) |  |  | Players Under Contract |  | 14"
2026-07-08 08:28:58,SHEETS,ADDED,"DAL  + ADDED  Avg, Salary (Mean) (No 10-Day K's) |  |  | Avaiable Spots |  | 1"
2026-07-08 08:28:58,SHEETS,REMOVED,"MEM  - REMOVED Aldama, Santi | 1 - FULL SEASON | 17007043.0 | 17007043.0 |  |  |  |  | 34014086"
2026-07-08 08:28:58,SHEETS,ADDED,"MEM  + ADDED  Stewart, Isaiah | 1 - FULL SEASON | 15000000.0 | 15000000.0 |  |  |  |  | 30000000"
2026-07-08 08:28:58,SHEETS,ADDED,"MEM  + ADDED  Prosper, Olivier-Maxence | 1 - FULL SEASON | 2497812.0 |  |  |  |  |  | 2497812"
2026-07-08 08:28:58,SHEETS,ADDED,"MEM  + ADDED  Johnson, AJ | 1 - FULL SEASON | 3237120.0 | 5493392.640000001 |  |  |  |  | 8730512.64"
2026-07-08 08:28:58,SHEETS,ADDED,MEM  + ADDED   |  |  |  |  |  |  |  | 0
2026-07-08 08:28:58,SHEETS,ADDED,MEM  + ADDED   |  |  |  |  |  |  |  | 0
2026-07-08 08:28:58,SHEETS,ADDED,MEM  + ADDED   |  |  |  |  |  |  |  | 0
2026-07-08 08:28:58,SHEETS,ADDED,"MEM  + ADDED  Russell, D'Angelo | 1 - FULL SEASON | 5969250.0 |  |  |  |  |  | 5969250"
2026-07-08 08:28:58,SHEETS,REMOVED,MEM  - REMOVED  |  |  |  |  |  |  |  | 0
2026-07-08 08:28:58,SHEETS,REMOVED,MEM  - REMOVED  |  |  |  |  |  |  |  | 0
2026-07-08 08:28:58,SHEETS,REMOVED,MEM  - REMOVED  |  |  |  |  |  |  |  | 0
2026-07-08 08:28:58,SHEETS,REMOVED,MEM  - REMOVED  |  |  |  |  |  |  |  | 0
2026-07-08 08:28:58,SHEETS,REMOVED,MEM  - REMOVED  |  |  |  |  |  |  |  | 0
2026-07-08 08:28:58,SHEETS,REMOVED,MEM  - REMOVED  |  |  |  |  |  |  |  | 0
2026-07-08 08:28:58,SHEETS,REMOVED,"MEM  - REMOVED TEAM SALARY (Art, I §1 (nnn)): |  | 147350025.9 | 109794233.2 | 35082380 | 23042052 | 0 | 0 | 315268691.2"
2026-07-08 08:28:58,SHEETS,ADDED,"MEM  + ADDED  TEAM SALARY (Art, I §1 (nnn)): |  | 157047164.9 | 113280582.9 | 35082380 | 23042052 | 0 | 0 | 328452179.8"
2026-07-08 08:28:58,SHEETS,REMOVED,MEM  - REMOVED Players Under Contract |  | 127589455.9 | 89718073.24 | 17925740 | 0 | 0 | 0 | BOLD = Option Year
2026-07-08 08:28:58,SHEETS,REMOVED,"MEM  - REMOVED Full Season Contracts |  | 127589455.9 | 89718073.24 | 17925740 | 0 | 0 | 0 | *=Projected Exten,,"
2026-07-08 08:28:58,SHEETS,ADDED,MEM  + ADDED  Players Under Contract |  | 137286594.9 | 93204422.88 | 17925740 | 0 | 0 | 0 | BOLD = Option Year
2026-07-08 08:28:58,SHEETS,ADDED,"MEM  + ADDED  Full Season Contracts |  | 137286594.9 | 93204422.88 | 17925740 | 0 | 0 | 0 | *=Projected Exten,,"
2026-07-08 08:28:58,SHEETS,REMOVED,"MEM  - REMOVED Avg, Salary (Mean) (ALL Compensation Obligations) |  |  | Players Under Contract |  | 15"
2026-07-08 08:28:58,SHEETS,ADDED,"MEM  + ADDED  Avg, Salary (Mean) (ALL Compensation Obligations) |  |  | Players Under Contract |  | 18"
2026-07-08 08:27:58,SHEETS,REMOVED,DET  - REMOVED  |  |  |  |  |  |  |  | 0
2026-07-08 08:27:58,SHEETS,ADDED,"DET  + ADDED  Collins, John |  |  |  |  |  |  |  | 0"
2026-07-08 08:27:58,SHEETS,ADDED,"LAC  + ADDED  Sanders, Kobe | 1 - FULL SEASON | 2622139.0 | 2753246.0 | 2884353.0 | 3019474.0 |  |  | 11279212"
2026-07-08 08:27:58,SHEETS,REMOVED,"LAC  - REMOVED Sanders, Kobe | 1 - FULL SEASON | 2622139.0 | 2753246.0 | 2884353.0 | 3019474.0 |  |  | 11279212"
2026-07-08 08:22:58,SHEETS,REMOVED,"LAC  - REMOVED Sanders, Kobe | 5 - QUAL OFFER | 2385116.0 |  |  |  |  |  | 2385116"
2026-07-08 08:22:58,SHEETS,ADDED,"LAC  + ADDED  Sanders, Kobe | 1 - FULL SEASON | 2622139.0 | 2753246.0 | 2884353.0 | 3019474.0 |  |  | 11279212"
2026-07-08 08:22:58,SHEETS,REMOVED,"LAC  - REMOVED TEAM SALARY (Art, I §1 (nnn)): |  | 273493210.7 | 80950645 | 16090316 | 13483363.32 | 0 | 0 | 384017535.1"
2026-07-08 08:22:58,SHEETS,ADDED,"LAC  + ADDED  TEAM SALARY (Art, I §1 (nnn)): |  | 273730233.7 | 83703891 | 18974669 | 16502837.32 | 0 | 0 | 392911631.1"
2026-07-08 08:22:58,SHEETS,REMOVED,LAC  - REMOVED Players Under Contract |  | 153666991 | 80950645 | 16090316 | 13483363.32 | 0 | 0 | BOLD = Option Year
2026-07-08 08:22:58,SHEETS,REMOVED,"LAC  - REMOVED Full Season Contracts |  | 153666991 | 80950645 | 16090316 | 13483363.32 | 0 | 0 | *=Projected Exten,,"
2026-07-08 08:22:58,SHEETS,ADDED,LAC  + ADDED  Players Under Contract |  | 156289130 | 83703891 | 18974669 | 16502837.32 | 0 | 0 | BOLD = Option Year
2026-07-08 08:22:58,SHEETS,ADDED,"LAC  + ADDED  Full Season Contracts |  | 156289130 | 83703891 | 18974669 | 16502837.32 | 0 | 0 | *=Projected Exten,,"
2026-07-08 08:22:58,SHEETS,REMOVED,LAC  - REMOVED Qualifying Offers |  | 5123241.861 | 0 | 0 | 0 | 0 | 0
2026-07-08 08:22:58,SHEETS,ADDED,LAC  + ADDED  Qualifying Offers |  | 2738125.861 | 0 | 0 | 0 | 0 | 0
2026-07-08 08:22:58,SHEETS,REMOVED,"LAC  - REMOVED Avg, Salary (Mean) (ALL Compensation Obligations) |  |  | Players Under Contract |  | 10"
2026-07-08 08:22:58,SHEETS,REMOVED,"LAC  - REMOVED Avg, Salary (Mean) (No 10-Day K's) |  |  | Avaiable Spots |  | 5"
2026-07-08 08:22:58,SHEETS,REMOVED,"LAC  - REMOVED Avg, Salary (Mean) (No 10-Day K's & ROS) |  |  | Players to Reach Roster Min, |  | 3"
2026-07-08 08:22:58,SHEETS,ADDED,"LAC  + ADDED  Avg, Salary (Mean) (ALL Compensation Obligations) |  |  | Players Under Contract |  | 11"
2026-07-08 08:22:58,SHEETS,ADDED,"LAC  + ADDED  Avg, Salary (Mean) (No 10-Day K's) |  |  | Avaiable Spots |  | 4"
2026-07-08 08:22:58,SHEETS,ADDED,"LAC  + ADDED  Avg, Salary (Mean) (No 10-Day K's & ROS) |  |  | Players to Reach Roster Min, |  | 2"
2026-07-08 08:21:56,DOCS,REMOVED,"2026-27 Veteran Signings  - REMOVED 4 Years for $11,279,212. Non-Qualifying Veteran Free Agent Exception. Team option to extend the contract to include the 2029-30 Season. Insurance Premium Reimbursement. Skill; Injury or Illness; Mental. Compensation protection for 2028-29 Season is none but Compensation protection for 2028-29 Season is none. Physical Exam."
2026-07-08 08:21:56,DOCS,REMOVED,2026-27 Veteran Signings  - REMOVED Execution Date: 7/6/26
2026-07-08 08:21:56,DOCS,ADDED,"2026-27 Veteran Signings  + ADDED  4 Years for $11,279,212. Non-Qualifying Veteran Free Agent Exception. Team option to extend the contract to include the 2029-30 Season. Insurance Premium Reimbursement. Skill; Injury or Illness; Mental. Compensation protection for 2028-29 Season is none but will increase to full if team has not requested waivers on player on or before 6/28/2028. Compensation protection for 2029-30 Season is none but will increase to full if team has not requested waivers on player on or before 6/28/2029. Love of the Game. Physical Exam. Alt. 7(b)."
2026-07-08 08:21:56,DOCS,ADDED,2026-27 Veteran Signings  + ADDED  Execution Date: 7/7/26
2026-07-08 08:20:55,DOCS,ADDED,2026-27 Veteran Signings  + ADDED  Kobe Sanders Los Angeles Clippers
2026-07-08 08:20:55,DOCS,ADDED,"2026-27 Veteran Signings  + ADDED  26-27 $2,622,139"
2026-07-08 08:20:55,DOCS,ADDED,"2026-27 Veteran Signings  + ADDED  27-28 $2,753,246"
2026-07-08 08:20:55,DOCS,ADDED,"2026-27 Veteran Signings  + ADDED  28-29 $2,884,353"
2026-07-08 08:20:55,DOCS,ADDED,"2026-27 Veteran Signings  + ADDED  29-30 $3,019,000 (Team Option)"
2026-07-08 08:20:55,DOCS,ADDED,"2026-27 Veteran Signings  + ADDED  4 Years for $11,279,212. Non-Qualifying Veteran Free Agent Exception. Team option to extend the contract to include the 2029-30 Season. Insurance Premium Reimbursement. Skill; Injury or Illness; Mental. Compensation protection for 2028-29 Season is none but Compensation protection for 2028-29 Season is none. Physical Exam."
2026-07-08 08:20:55,DOCS,ADDED,2026-27 Veteran Signings  + ADDED  Execution Date: 7/6/26
2026-07-08 08:19:56,DOCS,REMOVED,"2026-27 Veteran Signings  - REMOVED Update 1.2 (7/7/26): P. Achiuwa, J. Alvarado, K. Anderson, T. Bryant, M. Conley, M. Diawara, A. Drummond, K. Ellis, C. Gillespie, J. Goodwin, R. Hachimura, T. Hardaway Jr., T. Harris, I. Hartenstein, A. Hukporti, M. Robinson, L. Shamet, C. White, K. Williams, M. Williams, T. Young"
2026-07-08 08:19:56,DOCS,ADDED,"2026-27 Veteran Signings  + ADDED  Update 1.2 (7/7/26): P. Achiuwa, J. Alvarado, K. Anderson, T. Bryant, M. Conley, M. Diawara, A. Drummond, K. Ellis, C. Gillespie, J. Goodwin, R. Hachimura, T. Hardaway Jr., T. Harris, I. Hartenstein, A. Hukporti, M. Robinson, K. Sanders, L. Shamet, C. White, K. Williams, M. Williams, T. Young"
2026-07-08 08:13:55,DOCS,ADDED,2026-27 Two-Way Signings  + ADDED  Quadir Copeland Houston Rockets
2026-07-08 08:13:55,DOCS,ADDED,2026-27 Two-Way Signings  + ADDED  1 Year. Physical Exam.
2026-07-08 08:13:55,DOCS,ADDED,2026-27 Two-Way Signings  + ADDED  Execution Date: 7/7/26
2026-07-08 08:12:55,DOCS,REMOVED,"2026-27 Two-Way Signings  - REMOVED Update 1.2 (7/7/26): M. Ajayi, T. Alexander, K. Boswell, K. Brea, F. Okpara"
2026-07-08 08:12:55,DOCS,ADDED,"2026-27 Two-Way Signings  + ADDED  Update 1.2 (7/7/26): M. Ajayi, T. Alexander, K. Boswell, K. Brea, Q. Copeland, F. Okpara"
2026-07-08 08:12:55,DOCS,REMOVED,2026-27 Two-Way Signings  - REMOVED Execution Date: 7/3/26
2026-07-08 08:12:55,DOCS,ADDED,2026-27 Two-Way Signings  + ADDED  Execution Date: 7/7/26
2026-07-08 08:11:55,DOCS,REMOVED,"2026-27 Two-Way Signings  - REMOVED Update 1.2 (7/7/26): M. Ajayi, K. Boswell, K. Brea, F. Okpara"
2026-07-08 08:11:55,DOCS,ADDED,"2026-27 Two-Way Signings  + ADDED  Update 1.2 (7/7/26): M. Ajayi, T. Alexander, K. Boswell, K. Brea, F. Okpara"
2026-07-08 08:11:55,DOCS,ADDED,2026-27 Two-Way Signings  + ADDED  Trey Alexander Utah Jazz
2026-07-08 08:11:55,DOCS,ADDED,"2026-27 Two-Way Signings  + ADDED  1 Year. Skill; Injury or Illness. Compensation protection for 2026-27 Season is for $91,000. Love of the Game. Physical Exam. Alt. 7(b)."
2026-07-08 08:11:55,DOCS,ADDED,2026-27 Two-Way Signings  + ADDED  Execution Date: 7/3/26
2026-07-08 07:54:55,DOCS,REMOVED,"2026-27 Veteran Signings  - REMOVED 4 Years for $11,279,212. Non-Qualifying Veteran Free Agent Exception. Team option to extend the contract to include the 2029-30 Season. Skill; Injury or Illness; Death. Compensation protection for 2028-29 Season is none. Compensation protection for 2028-29 Season is none. Love of the Game. Physical Exam. Alt. 7(b)."
2026-07-08 07:54:55,DOCS,ADDED,"2026-27 Veteran Signings  + ADDED  4 Years for $11,279,212. Non-Qualifying Veteran Free Agent Exception. Team option to extend the contract to include the 2029-30 Season. Skill; Injury or Illness; Death. Compensation protection for 2028-29 Season is none. Compensation protection for 2028-29 Season is none. Physical Exam."
2026-07-08 07:53:55,DOCS,REMOVED,"2026-27 Veteran Signings  - REMOVED 29-30 $3,019,000 (Player Option)"
2026-07-08 07:53:55,DOCS,REMOVED,"2026-27 Veteran Signings  - REMOVED 4 Years for $23,978,467. Bird Exception. Advance Payment ($8,231,461). Player option to extend the contract to include the 2029-30 Season. Skill; Injury or Illness; Death. Compensation protection for 2028-29 Season is for $1,581,241 but will increase to full if team has not requested waivers on player on or before 6/30/2028. Compensation protection for 2028-29 Season is for $1,690,292 but will increase to full if team has not requested waivers on player on or before 6/30/2029. Love of the Game. Physical Exam. Alt. 7(b)."
2026-07-08 07:53:55,DOCS,ADDED,"2026-27 Veteran Signings  + ADDED  29-30 $3,019,000 (Team Option)"
2026-07-08 07:53:55,DOCS,ADDED,"2026-27 Veteran Signings  + ADDED  4 Years for $11,279,212. Non-Qualifying Veteran Free Agent Exception. Team option to extend the contract to include the 2029-30 Season. Skill; Injury or Illness; Death. Compensation protection for 2028-29 Season is none. Compensation protection for 2028-29 Season is none. Love of the Game. Physical Exam. Alt. 7(b)."
2026-07-08 07:52:56,DOCS,REMOVED,"2026-27 Veteran Signings  - REMOVED Update 1.2 (7/7/26): P. Achiuwa, J. Alvarado, K. Anderson, T. Bryant, M. Conley, A. Drummond, K. Ellis, C. Gillespie, J. Goodwin, R. Hachimura, T. Hardaway Jr., T. Harris, I. Hartenstein, A. Hukporti, M. Robinson, L. Shamet, C. White, K. Williams, M. Williams, T. Young"
2026-07-08 07:52:56,DOCS,ADDED,"2026-27 Veteran Signings  + ADDED  Update 1.2 (7/7/26): P. Achiuwa, J. Alvarado, K. Anderson, T. Bryant, M. Conley, M. Diawara, A. Drummond, K. Ellis, C. Gillespie, J. Goodwin, R. Hachimura, T. Hardaway Jr., T. Harris, I. Hartenstein, A. Hukporti, M. Robinson, L. Shamet, C. White, K. Williams, M. Williams, T. Young"
2026-07-08 07:52:56,DOCS,ADDED,2026-27 Veteran Signings  + ADDED  Execution Date: 7/6/26
2026-07-08 07:52:56,DOCS,ADDED,2026-27 Veteran Signings  + ADDED  Mohamed Diawara New York Knicks
2026-07-08 07:52:56,DOCS,ADDED,"2026-27 Veteran Signings  + ADDED  26-27 $2,622,139"
2026-07-08 07:52:56,DOCS,ADDED,"2026-27 Veteran Signings  + ADDED  27-28 $2,753,246"
2026-07-08 07:52:56,DOCS,ADDED,"2026-27 Veteran Signings  + ADDED  28-29 $2,884,353"
2026-07-08 07:52:56,DOCS,ADDED,"2026-27 Veteran Signings  + ADDED  29-30 $3,019,000 (Player Option)"
2026-07-08 07:52:56,DOCS,ADDED,"2026-27 Veteran Signings  + ADDED  4 Years for $23,978,467. Bird Exception. Advance Payment ($8,231,461). Player option to extend the contract to include the 2029-30 Season. Skill; Injury or Illness; Death. Compensation protection for 2028-29 Season is for $1,581,241 but will increase to full if team has not requested waivers on player on or before 6/30/2028. Compensation protection for 2028-29 Season is for $1,690,292 but will increase to full if team has not requested waivers on player on or before 6/30/2029. Love of the Game. Physical Exam. Alt. 7(b)."
2026-07-08 07:51:58,SHEETS,ADDED,"NYK  + ADDED  Diawara, Mohamed | 1 - FULL SEASON | 2622139.0 | 2753246.0 | 2884353.0 | 3019474.0 |  |  | 11279212"
2026-07-08 07:51:58,SHEETS,REMOVED,"NYK  - REMOVED Diawara, Mohamed | 5 - QUAL OFFER | 2622139.0 | 2753246.0 | 2884353.0 | 3019474.0 |  |  | 11279212"
2026-07-08 07:51:58,SHEETS,REMOVED,NYK  - REMOVED Players Under Contract |  | 213340672 | 223910192 | 141844414 | 48105356 | 0 | 0 | BOLD = Option Year
2026-07-08 07:51:58,SHEETS,REMOVED,"NYK  - REMOVED Full Season Contracts |  | 213340672 | 223910192 | 141844414 | 48105356 | 0 | 0 | *=Projected Exten,,"
2026-07-08 07:51:58,SHEETS,ADDED,NYK  + ADDED  Players Under Contract |  | 215962811 | 226663438 | 144728767 | 51124830 | 0 | 0 | BOLD = Option Year
2026-07-08 07:51:58,SHEETS,ADDED,"NYK  + ADDED  Full Season Contracts |  | 215962811 | 226663438 | 144728767 | 51124830 | 0 | 0 | *=Projected Exten,,"
2026-07-08 07:51:58,SHEETS,REMOVED,NYK  - REMOVED Qualifying Offers |  | 2622139 | 2753246 | 2884353 | 3019474 | 0 | 0
2026-07-08 07:51:58,SHEETS,ADDED,NYK  + ADDED  Qualifying Offers |  | 0 | 0 | 0 | 0 | 0 | 0
2026-07-08 07:51:58,SHEETS,REMOVED,"NYK  - REMOVED Avg, Salary (Mean) (ALL Compensation Obligations) |  |  | Players Under Contract |  | 11"
2026-07-08 07:51:58,SHEETS,REMOVED,"NYK  - REMOVED Avg, Salary (Mean) (No 10-Day K's) |  |  | Avaiable Spots |  | 4"
2026-07-08 07:51:58,SHEETS,REMOVED,"NYK  - REMOVED Avg, Salary (Mean) (No 10-Day K's & ROS) |  |  | Players to Reach Roster Min, |  | 2"
2026-07-08 07:51:58,SHEETS,ADDED,"NYK  + ADDED  Avg, Salary (Mean) (ALL Compensation Obligations) |  |  | Players Under Contract |  | 12"
2026-07-08 07:51:58,SHEETS,ADDED,"NYK  + ADDED  Avg, Salary (Mean) (No 10-Day K's) |  |  | Avaiable Spots |  | 3"
2026-07-08 07:51:58,SHEETS,ADDED,"NYK  + ADDED  Avg, Salary (Mean) (No 10-Day K's & ROS) |  |  | Players to Reach Roster Min, |  | 1"
2026-07-08 07:51:58,SHEETS,REMOVED,Luxury Tax Calculator  - REMOVED Luxury Tax | 0 | 13628752 | 0 | 0 | 0 | 0 | 0 | 23501723 | 0 | 0 | 972843 | 10706857.6 | 0 | 0 | 0 | 10244835 | 0 | 2536082 | 435790.92 | 25445672 | 64457758 | 29970320.04 | 17700978.3 | 29009155.52 | 6712130.274 | 16311062 | 0 | 8767635.14 | 0 | 0
2026-07-08 07:51:58,SHEETS,ADDED,Luxury Tax Calculator  + ADDED  Luxury Tax | 0 | 13628752 | 0 | 0 | 0 | 0 | 0 | 23501723 | 0 | 0 | 972843 | 10706857.6 | 0 | 0 | 0 | 10244835 | 0 | 2536082 | 435790.92 | 28067811 | 64457758 | 29970320.04 | 17700978.3 | 29009155.52 | 6712130.274 | 16311062 | 0 | 8767635.14 | 0 | 0
2026-07-08 07:51:58,SHEETS,REMOVED,Luxury Tax Calculator  - REMOVED 5th Incremental Tax Bracket | 0 | 0 | 0 | 0 | 0 | 0 | 0 | 5522491.75 | 0 | 0 | 0 | 0 | 0 | 0 | 0 | 0 | 0 | 0 | 0 | 14204778 | 29846250 | 29846250 | 0 | 41216250 | 0 | 0 | 0 | 0 | 0 | 0
2026-07-08 07:51:58,SHEETS,ADDED,Luxury Tax Calculator  + ADDED  5th Incremental Tax Bracket | 0 | 0 | 0 | 0 | 0 | 0 | 0 | 5522491.75 | 0 | 0 | 0 | 0 | 0 | 0 | 0 | 0 | 0 | 0 | 0 | 27971007.75 | 29846250 | 29846250 | 0 | 41216250 | 0 | 0 | 0 | 0 | 0 | 0
2026-07-08 07:51:58,SHEETS,REMOVED,Luxury Tax Calculator  - REMOVED Tax Liability | 0 | 47954386 | 0 | 0 | 0 | 0 | 0 | 110694991.8 | 0 | 0 | 972843 | 11962322 | 0 | 0 | 0 | 11384793.75 | 0 | 2536082 | 435790.92 | 73897278 | 237348750 | 98424340.23 | 35757146.93 | 150915955.3 | 6968912.843 | 30084967 | 0 | 9538293.925 | 0 | 0
2026-07-08 07:51:58,SHEETS,ADDED,Luxury Tax Calculator  + ADDED  Tax Liability | 0 | 47954386 | 0 | 0 | 0 | 0 | 0 | 110694991.8 | 0 | 0 | 972843 | 11962322 | 0 | 0 | 0 | 11384793.75 | 0 | 2536082 | 435790.92 | 87663507.75 | 237348750 | 98424340.23 | 35757146.93 | 150915955.3 | 6968912.843 | 30084967 | 0 | 9538293.925 | 0 | 0
2026-07-08 07:50:58,SHEETS,REMOVED,"NYK  - REMOVED Diawara, Mohamed | 5 - QUAL OFFER | 2385116.0 |  |  |  |  |  | 2385116"
2026-07-08 07:50:58,SHEETS,ADDED,"NYK  + ADDED  Diawara, Mohamed | 5 - QUAL OFFER | 2622139.0 | 2753246.0 | 2884353.0 | 3019474.0 |  |  | 11279212"
2026-07-08 07:50:58,SHEETS,REMOVED,"NYK  - REMOVED TEAM SALARY (Art, I §1 (nnn)): |  | 223074051 | 223910192 | 141844414 | 48105356 | 0 | 0 | 636934013"
2026-07-08 07:50:58,SHEETS,ADDED,"NYK  + ADDED  TEAM SALARY (Art, I §1 (nnn)): |  | 223311074 | 226663438 | 144728767 | 51124830 | 0 | 0 | 645828109"
2026-07-08 07:50:58,SHEETS,REMOVED,NYK  - REMOVED Qualifying Offers |  | 2385116 | 0 | 0 | 0 | 0 | 0
2026-07-08 07:50:58,SHEETS,ADDED,NYK  + ADDED  Qualifying Offers |  | 2622139 | 2753246 | 2884353 | 3019474 | 0 | 0
2026-07-08 07:41:55,DOCS,REMOVED,"2026-27 Veteran Signings  - REMOVED 4 Years for $23,978,467. Bird Exception. Advance Payment ($8,231,461). Player option to extend the contract to include the 2029-30 Season. Skill; Injury or Illness; Death. Compensation protection for 2028-29 Season is for $1,581,241 but will increase to full if team has not requested waivers on player on or before 6/30/2028. Compensation protection for 2028-29 Season is for $1,581,241 but will increase to full if team has not requested waivers on player on or before 6/30/2028.Love of the Game. Physical Exam. Alt. 7(b)."
2026-07-08 07:41:55,DOCS,ADDED,"2026-27 Veteran Signings  + ADDED  4 Years for $23,978,467. Bird Exception. Advance Payment ($8,231,461). Player option to extend the contract to include the 2029-30 Season. Skill; Injury or Illness; Death. Compensation protection for 2028-29 Season is for $1,581,241 but will increase to full if team has not requested waivers on player on or before 6/30/2028. Compensation protection for 2028-29 Season is for $1,690,292 but will increase to full if team has not requested waivers on player on or before 6/30/2029. Love of the Game. Physical Exam. Alt. 7(b)."
2026-07-08 07:40:56,DOCS,REMOVED,"2026-27 Veteran Signings  - REMOVED 4 Years for $23,978,467. Bird Exception. Advance Payment ($4,829,654). Insurance Premium Reimbursement. Skill; Injury or Illness; Death. Compensation protection for 2028-29 Season is for $2,765,516 but will increase to full if team has not requested waivers on player on or before 6/30/2028. Love of the Game. Physical Exam. Alt. 7(b)."
2026-07-08 07:40:56,DOCS,ADDED,"2026-27 Veteran Signings  + ADDED  4 Years for $23,978,467. Bird Exception. Advance Payment ($8,231,461). Player option to extend the contract to include the 2029-30 Season. Skill; Injury or Illness; Death. Compensation protection for 2028-29 Season is for $1,581,241 but will increase to full if team has not requested waivers on player on or before 6/30/2028. Compensation protection for 2028-29 Season is for $1,581,241 but will increase to full if team has not requested waivers on player on or before 6/30/2028.Love of the Game. Physical Exam. Alt. 7(b)."
2026-07-08 07:38:55,DOCS,REMOVED,"2026-27 Veteran Signings  - REMOVED 29-30 $6,587,500 (PLay"
2026-07-08 07:38:55,DOCS,REMOVED,"2026-27 Veteran Signings  - REMOVED 3 Years for $14,384,484. Bird Exception. Advance Payment ($4,829,654). Insurance Premium Reimbursement. Skill; Injury or Illness; Death. Compensation protection for 2028-29 Season is for $2,765,516 but will increase to full if team has not requested waivers on player on or before 6/30/2028. Love of the Game. Physical Exam. Alt. 7(b)."
2026-07-08 07:38:55,DOCS,ADDED,"2026-27 Veteran Signings  + ADDED  29-30 $6,587,500 (Player Option)"
2026-07-08 07:38:55,DOCS,ADDED,"2026-27 Veteran Signings  + ADDED  4 Years for $23,978,467. Bird Exception. Advance Payment ($4,829,654). Insurance Premium Reimbursement. Skill; Injury or Illness; Death. Compensation protection for 2028-29 Season is for $2,765,516 but will increase to full if team has not requested waivers on player on or before 6/30/2028. Love of the Game. Physical Exam. Alt. 7(b)."
2026-07-08 07:37:56,DOCS,REMOVED,"2026-27 Veteran Signings  - REMOVED 26-27 $4,439,656"
2026-07-08 07:37:56,DOCS,REMOVED,"2026-27 Veteran Signings  - REMOVED 27-28 $4,794,828"
2026-07-08 07:37:56,DOCS,REMOVED,"2026-27 Veteran Signings  - REMOVED 28-29 $5,150,000"
2026-07-08 07:37:56,DOCS,ADDED,"2026-27 Veteran Signings  + ADDED  26-27 $5,490,967"
2026-07-08 07:37:56,DOCS,ADDED,"2026-27 Veteran Signings  + ADDED  27-28 $5,737,500"
2026-07-08 07:37:56,DOCS,ADDED,"2026-27 Veteran Signings  + ADDED  28-29 $6,162,500"
2026-07-08 07:37:56,DOCS,ADDED,"2026-27 Veteran Signings  + ADDED  29-30 $6,587,500 (PLay"
2026-07-08 07:36:58,SHEETS,ADDED,"NYK  + ADDED  Shamet, Landry | 1 - FULL SEASON | 5490967.0 | 5737500.0 | 6162500.0 | 6587500.0 |  |  | 23978467"
2026-07-08 07:36:58,SHEETS,ADDED,"NYK  + ADDED  Alvarado, Jose | 1 - FULL SEASON | 4439656.0 | 4794828.0 | 5150000.0 |  |  |  | 14384484"
2026-07-08 07:36:58,SHEETS,REMOVED,"NYK  - REMOVED Alvarado, Jose | 1 - FULL SEASON | 4439656.0 | 4794828.0 | 5150000.0 |  |  |  | 14384484"
2026-07-08 07:36:58,SHEETS,REMOVED,"NYK  - REMOVED Shamet, Landry | 1 - FULL SEASON | 5490967.0 | 5737500.0 | 6162500.0 | 6587500.0 |  |  | 23978467"
2026-07-08 07:33:04,SHEETS,REMOVED,"NYK  - REMOVED Robinson, Mitchell | 4 - CAP HOLD | 24613637.4 |  |  |  |  |  | 24613637.4"
2026-07-08 07:33:04,SHEETS,REMOVED,"NYK  - REMOVED Alvarado, Jose | 4 - CAP HOLD | 8550000.0 |  |  |  |  |  | 8550000"
2026-07-08 07:33:04,SHEETS,REMOVED,"NYK  - REMOVED Hukporti, Ariel | 4 - CAP HOLD | 2449421.0 |  |  |  |  |  | 2449421"
2026-07-08 07:33:04,SHEETS,REMOVED,"NYK  - REMOVED Shamet, Landry | 4 - CAP HOLD | 2449421.0 |  |  |  |  |  | 2449421"
2026-07-08 07:33:04,SHEETS,ADDED,NYK  + ADDED   |  |  |  |  |  |  |  | 0
2026-07-08 07:33:04,SHEETS,ADDED,NYK  + ADDED   |  |  |  |  |  |  |  | 0
2026-07-08 07:33:04,SHEETS,ADDED,NYK  + ADDED   |  |  |  |  |  |  |  | 0
2026-07-08 07:33:04,SHEETS,ADDED,NYK  + ADDED   |  |  |  |  |  |  |  | 0
2026-07-08 07:33:04,SHEETS,ADDED,"NYK  + ADDED  Alvarado, Jose | 1 - FULL SEASON | 4439656.0 | 4794828.0 | 5150000.0 |  |  |  | 14384484"
2026-07-08 07:33:04,SHEETS,ADDED,NYK  + ADDED   |  |  |  |  |  |  |  | 0
2026-07-08 07:33:04,SHEETS,ADDED,NYK  + ADDED   |  |  |  |  |  |  |  | 0
2026-07-08 07:33:04,SHEETS,ADDED,NYK  + ADDED   |  |  |  |  |  |  |  | 0
2026-07-08 07:33:04,SHEETS,ADDED,NYK  + ADDED   |  |  |  |  |  |  |  | 0
2026-07-08 07:33:04,SHEETS,ADDED,"NYK  + ADDED  Shamet, Landry | 1 - FULL SEASON | 5490967.0 | 5737500.0 | 6162500.0 | 6587500.0 |  |  | 23978467"
2026-07-08 07:33:04,SHEETS,REMOVED,NYK  - REMOVED  |  |  |  |  |  |  |  | 0
2026-07-08 07:33:04,SHEETS,REMOVED,NYK  - REMOVED  |  |  |  |  |  |  |  | 0
2026-07-08 07:33:04,SHEETS,REMOVED,NYK  - REMOVED  |  |  |  |  |  |  |  | 0
2026-07-08 07:33:04,SHEETS,REMOVED,NYK  - REMOVED  |  |  |  |  |  |  |  | 0
2026-07-08 07:33:04,SHEETS,REMOVED,NYK  - REMOVED  |  |  |  |  |  |  |  | 0
2026-07-08 07:33:04,SHEETS,REMOVED,NYK  - REMOVED  |  |  |  |  |  |  |  | 0
2026-07-08 07:33:04,SHEETS,REMOVED,"NYK  - REMOVED TEAM SALARY (Art, I §1 (nnn)): |  | 251205907.4 | 213377864 | 130531914 | 41517856 | 0 | 0 | 636633541.4"
2026-07-08 07:33:04,SHEETS,ADDED,"NYK  + ADDED  TEAM SALARY (Art, I §1 (nnn)): |  | 223074051 | 223910192 | 141844414 | 48105356 | 0 | 0 | 636934013"
2026-07-08 07:33:04,SHEETS,REMOVED,NYK  - REMOVED Players Under Contract |  | 203410049 | 213377864 | 130531914 | 41517856 | 0 | 0 | BOLD = Option Year
2026-07-08 07:33:04,SHEETS,REMOVED,"NYK  - REMOVED Full Season Contracts |  | 203410049 | 213377864 | 130531914 | 41517856 | 0 | 0 | *=Projected Exten,,"
2026-07-08 07:33:04,SHEETS,ADDED,NYK  + ADDED  Players Under Contract |  | 213340672 | 223910192 | 141844414 | 48105356 | 0 | 0 | BOLD = Option Year
2026-07-08 07:33:04,SHEETS,ADDED,"NYK  + ADDED  Full Season Contracts |  | 213340672 | 223910192 | 141844414 | 48105356 | 0 | 0 | *=Projected Exten,,"
2026-07-08 07:33:04,SHEETS,REMOVED,NYK  - REMOVED Cap Holds |  | 45410742.4 | 0 | 0 | 0 | 0 | 0
2026-07-08 07:33:04,SHEETS,ADDED,NYK  + ADDED  Cap Holds |  | 7348263 | 0 | 0 | 0 | 0 | 0
2026-07-08 07:33:04,SHEETS,REMOVED,"NYK  - REMOVED Avg, Salary (Mean) (ALL Compensation Obligations) |  |  | Players Under Contract |  | 9"
2026-07-08 07:33:04,SHEETS,REMOVED,"NYK  - REMOVED Avg, Salary (Mean) (No 10-Day K's) |  |  | Avaiable Spots |  | 6"
2026-07-08 07:33:04,SHEETS,REMOVED,"NYK  - REMOVED Avg, Salary (Mean) (No 10-Day K's & ROS) |  |  | Players to Reach Roster Min, |  | 4"
2026-07-08 07:33:04,SHEETS,REMOVED,NYK  - REMOVED  |  |  | Cap Holds |  | 7
2026-07-08 07:33:04,SHEETS,ADDED,"NYK  + ADDED  Avg, Salary (Mean) (ALL Compensation Obligations) |  |  | Players Under Contract |  | 11"
2026-07-08 07:33:04,SHEETS,ADDED,"NYK  + ADDED  Avg, Salary (Mean) (No 10-Day K's) |  |  | Avaiable Spots |  | 4"
2026-07-08 07:33:04,SHEETS,ADDED,"NYK  + ADDED  Avg, Salary (Mean) (No 10-Day K's & ROS) |  |  | Players to Reach Roster Min, |  | 2"
2026-07-08 07:33:04,SHEETS,ADDED,NYK  + ADDED   |  |  | Cap Holds |  | 3
2026-07-08 07:33:04,SHEETS,REMOVED,Luxury Tax Calculator  - REMOVED Luxury Tax | 0 | 13628752 | 0 | 0 | 0 | 0 | 0 | 23501723 | 0 | 0 | 972843 | 10706857.6 | 0 | 0 | 0 | 10244835 | 0 | 2536082 | 435790.92 | 15515049 | 64457758 | 29970320.04 | 17700978.3 | 29009155.52 | 6712130.274 | 16311062 | 0 | 8767635.14 | 0 | 0
2026-07-08 07:33:04,SHEETS,ADDED,Luxury Tax Calculator  + ADDED  Luxury Tax | 0 | 13628752 | 0 | 0 | 0 | 0 | 0 | 23501723 | 0 | 0 | 972843 | 10706857.6 | 0 | 0 | 0 | 10244835 | 0 | 2536082 | 435790.92 | 25445672 | 64457758 | 29970320.04 | 17700978.3 | 29009155.52 | 6712130.274 | 16311062 | 0 | 8767635.14 | 0 | 0
2026-07-08 07:33:04,SHEETS,REMOVED,Luxury Tax Calculator  - REMOVED 3rd Incremental Tax Bracket | 0 | 12423136 | 0 | 0 | 0 | 0 | 0 | 31267500 | 0 | 0 | 0 | 0 | 0 | 0 | 0 | 0 | 0 | 0 | 0 | 14507671.5 | 19897500 | 19897500 | 19897500 | 31267500 | 0 | 17293717 | 0 | 0 | 0 | 0
2026-07-08 07:33:04,SHEETS,REMOVED,Luxury Tax Calculator  - REMOVED 4th Incremental Tax Bracket | 0 | 0 | 0 | 0 | 0 | 0 | 0 | 38373750 | 0 | 0 | 0 | 0 | 0 | 0 | 0 | 0 | 0 | 0 | 0 | 0 | 27003750 | 27003750 | 3068396.925 | 38373750 | 0 | 0 | 0 | 0 | 0 | 0
2026-07-08 07:33:04,SHEETS,REMOVED,Luxury Tax Calculator  - REMOVED 5th Incremental Tax Bracket | 0 | 0 | 0 | 0 | 0 | 0 | 0 | 5522491.75 | 0 | 0 | 0 | 0 | 0 | 0 | 0 | 0 | 0 | 0 | 0 | 0 | 29846250 | 29846250 | 0 | 41216250 | 0 | 0 | 0 | 0 | 0 | 0
2026-07-08 07:33:04,SHEETS,ADDED,Luxury Tax Calculator  + ADDED  3rd Incremental Tax Bracket | 0 | 12423136 | 0 | 0 | 0 | 0 | 0 | 31267500 | 0 | 0 | 0 | 0 | 0 | 0 | 0 | 0 | 0 | 0 | 0 | 19897500 | 19897500 | 19897500 | 19897500 | 31267500 | 0 | 17293717 | 0 | 0 | 0 | 0
2026-07-08 07:33:04,SHEETS,ADDED,Luxury Tax Calculator  + ADDED  4th Incremental Tax Bracket | 0 | 0 | 0 | 0 | 0 | 0 | 0 | 38373750 | 0 | 0 | 0 | 0 | 0 | 0 | 0 | 0 | 0 | 0 | 0 | 27003750 | 27003750 | 27003750 | 3068396.925 | 38373750 | 0 | 0 | 0 | 0 | 0 | 0
2026-07-08 07:33:04,SHEETS,ADDED,Luxury Tax Calculator  + ADDED  5th Incremental Tax Bracket | 0 | 0 | 0 | 0 | 0 | 0 | 0 | 5522491.75 | 0 | 0 | 0 | 0 | 0 | 0 | 0 | 0 | 0 | 0 | 0 | 14204778 | 29846250 | 29846250 | 0 | 41216250 | 0 | 0 | 0 | 0 | 0 | 0
2026-07-08 07:33:04,SHEETS,REMOVED,Luxury Tax Calculator  - REMOVED Tax Liability | 0 | 47954386 | 0 | 0 | 0 | 0 | 0 | 110694991.8 | 0 | 0 | 972843 | 11962322 | 0 | 0 | 0 | 11384793.75 | 0 | 2536082 | 435790.92 | 27298921.5 | 237348750 | 98424340.23 | 35757146.93 | 150915955.3 | 6968912.843 | 30084967 | 0 | 9538293.925 | 0 | 0
2026-07-08 07:33:04,SHEETS,ADDED,Luxury Tax Calculator  + ADDED  Tax Liability | 0 | 47954386 | 0 | 0 | 0 | 0 | 0 | 110694991.8 | 0 | 0 | 972843 | 11962322 | 0 | 0 | 0 | 11384793.75 | 0 | 2536082 | 435790.92 | 73897278 | 237348750 | 98424340.23 | 35757146.93 | 150915955.3 | 6968912.843 | 30084967 | 0 | 9538293.925 | 0 | 0
2026-07-08 07:33:00,DOCS,REMOVED,"2026-27 Veteran Signings  - REMOVED Update 1.2 (7/7/26): P. Achiuwa, K. Anderson, T. Bryant, M. Conley, A. Drummond, K. Ellis, C. Gillespie, J. Goodwin, R. Hachimura, T. Hardaway Jr., T. Harris, I. Hartenstein, A. Hukporti, M. Robinson, C. White, K. Williams, M. Williams, T. Young"
2026-07-08 07:33:00,DOCS,ADDED,"2026-27 Veteran Signings  + ADDED  Update 1.2 (7/7/26): P. Achiuwa, J. Alvarado, K. Anderson, T. Bryant, M. Conley, A. Drummond, K. Ellis, C. Gillespie, J. Goodwin, R. Hachimura, T. Hardaway Jr., T. Harris, I. Hartenstein, A. Hukporti, M. Robinson, L. Shamet, C. White, K. Williams, M. Williams, T. Young"
2026-07-08 07:33:00,DOCS,ADDED,2026-27 Veteran Signings  + ADDED  Jose Alvarado New York Knicks
2026-07-08 07:33:00,DOCS,ADDED,"2026-27 Veteran Signings  + ADDED  26-27 $4,439,656"
2026-07-08 07:33:00,DOCS,ADDED,"2026-27 Veteran Signings  + ADDED  27-28 $4,794,828"
2026-07-08 07:33:00,DOCS,ADDED,"2026-27 Veteran Signings  + ADDED  28-29 $5,150,000"
2026-07-08 07:33:00,DOCS,ADDED,"2026-27 Veteran Signings  + ADDED  3 Years for $14,384,484. Bird Exception. Advance Payment ($4,829,654). Insurance Premium Reimbursement. Skill; Injury or Illness; Death. Compensation protection for 2028-29 Season is for $2,765,516 but will increase to full if team has not requested waivers on player on or before 6/30/2028. Love of the Game. Physical Exam. Alt. 7(b)."
2026-07-08 07:33:00,DOCS,ADDED,2026-27 Veteran Signings  + ADDED  Execution Date: 7/6/26
2026-07-08 07:33:00,DOCS,ADDED,2026-27 Veteran Signings  + ADDED  Landry Shamet New York Knicks
2026-07-08 07:33:00,DOCS,ADDED,"2026-27 Veteran Signings  + ADDED  26-27 $4,439,656"
2026-07-08 07:33:00,DOCS,ADDED,"2026-27 Veteran Signings  + ADDED  27-28 $4,794,828"
2026-07-08 07:33:00,DOCS,ADDED,"2026-27 Veteran Signings  + ADDED  28-29 $5,150,000"
2026-07-08 07:33:00,DOCS,ADDED,"2026-27 Veteran Signings  + ADDED  3 Years for $14,384,484. Bird Exception. Advance Payment ($4,829,654). Insurance Premium Reimbursement. Skill; Injury or Illness; Death. Compensation protection for 2028-29 Season is for $2,765,516 but will increase to full if team has not requested waivers on player on or before 6/30/2028. Love of the Game. Physical Exam. Alt. 7(b)."
2026-07-08 07:33:00,DOCS,ADDED,2026-27 Veteran Signings  + ADDED  Execution Date: 7/6/26
2026-07-07 21:37:54,PLAYERS,ADDED,+ ADDED   Quinten Post (MEM)
2026-07-07 21:37:54,PLAYERS,CHANGED,~ CHANGED Sandro Mamukelashvili  team: TOR -> LAL
2026-07-07 21:37:54,PLAYERS,CHANGED,~ CHANGED Quentin Grimes  team: PHI -> LAL
2026-07-07 21:11:55,TRANSACTIONS,Signing,2026-07-07  Los Angeles Lakers signed forward Sandro Mamukelashvili to a Contract.
2026-07-07 21:11:55,TRANSACTIONS,Signing,2026-07-07  Los Angeles Lakers signed guard Quentin Grimes to a Contract.
2026-07-07 19:43:54,PLAYERS,CHANGED,~ CHANGED Isaiah Stevens  school: San Francisco -> Colorado State
2026-07-07 19:41:55,PLAYERS,CHANGED,~ CHANGED Isaiah Stevens  school: Colorado State -> San Francisco
2026-07-07 19:40:54,PLAYERS,CHANGED,~ CHANGED Isaiah Stevens  school: San Francisco -> Colorado State
2026-07-07 19:38:55,TRANSACTIONS,Signing,2026-07-07  New Orleans Pelicans re-signed center Hunter Dickinson to a Two-Way Contract.
2026-07-07 19:19:55,PLAYERS,CHANGED,~ CHANGED Isaiah Stevens  school: Colorado State -> San Francisco
2026-07-07 18:32:57,SHEETS,ADDED,"HOU  + ADDED  Thornton, Bruce | 1 - FULL SEASON | 1357763.0 | 2294370.0 | 2694363.0 | 2918152.0 |  |  | 9264648"
2026-07-07 18:32:57,SHEETS,REMOVED,"HOU  - REMOVED Thornton, Bruce | 1 - FULL SEASON | 1357763.0 | 2294370.0 | 2694363.0 | 2918152.0 |  |  | 9264648"
2026-07-07 18:31:57,SHEETS,REMOVED,HOU  - REMOVED  | 1 - FULL SEASON | 1357763.0 | 2294370.0 | 2694363.0 | 2918152.0 |  |  | 9264648
2026-07-07 18:31:57,SHEETS,ADDED,"HOU  + ADDED  Thornton, Bruce | 1 - FULL SEASON | 1357763.0 | 2294370.0 | 2694363.0 | 2918152.0 |  |  | 9264648"
2026-07-07 18:30:58,SHEETS,ADDED,HOU  + ADDED   | 1 - FULL SEASON | 1357763.0 | 2294370.0 | 2694363.0 | 2918152.0 |  |  | 9264648
2026-07-07 18:30:58,SHEETS,REMOVED,HOU  - REMOVED  |  |  |  |  |  |  |  | 0
2026-07-07 18:30:58,SHEETS,REMOVED,"HOU  - REMOVED TEAM SALARY (Art, I §1 (nnn)): |  | 221419019.3 | 151805141.3 | 76015108 | 64571580 | 27426355 | 0 | 541237203.6"
2026-07-07 18:30:58,SHEETS,ADDED,"HOU  + ADDED  TEAM SALARY (Art, I §1 (nnn)): |  | 222776782.3 | 154099511.3 | 78709471 | 67489732 | 27426355 | 0 | 550501851.6"
2026-07-07 18:30:58,SHEETS,REMOVED,HOU  - REMOVED Players Under Contract |  | 187510080 | 151805141.3 | 76015108 | 64571580 | 27426355 | 0 | BOLD = Option Year
2026-07-07 18:30:58,SHEETS,REMOVED,"HOU  - REMOVED Full Season Contracts |  | 187510080 | 151805141.3 | 76015108 | 64571580 | 27426355 | 0 | *=Projected Exten,,"
2026-07-07 18:30:58,SHEETS,ADDED,HOU  + ADDED  Players Under Contract |  | 188867843 | 154099511.3 | 78709471 | 67489732 | 27426355 | 0 | BOLD = Option Year
2026-07-07 18:30:58,SHEETS,ADDED,"HOU  + ADDED  Full Season Contracts |  | 188867843 | 154099511.3 | 78709471 | 67489732 | 27426355 | 0 | *=Projected Exten,,"
2026-07-07 18:30:58,SHEETS,REMOVED,"HOU  - REMOVED Avg, Salary (Mean) (ALL Compensation Obligations) |  |  | Players Under Contract |  | 10"
2026-07-07 18:30:58,SHEETS,REMOVED,"HOU  - REMOVED Avg, Salary (Mean) (No 10-Day K's) |  |  | Avaiable Spots |  | 5"
2026-07-07 18:30:58,SHEETS,REMOVED,"HOU  - REMOVED Avg, Salary (Mean) (No 10-Day K's & ROS) |  |  | Players to Reach Roster Min, |  | 3"
2026-07-07 18:30:58,SHEETS,ADDED,"HOU  + ADDED  Avg, Salary (Mean) (ALL Compensation Obligations) |  |  | Players Under Contract |  | 11"
2026-07-07 18:30:58,SHEETS,ADDED,"HOU  + ADDED  Avg, Salary (Mean) (No 10-Day K's) |  |  | Avaiable Spots |  | 4"
2026-07-07 18:30:58,SHEETS,ADDED,"HOU  + ADDED  Avg, Salary (Mean) (No 10-Day K's & ROS) |  |  | Players to Reach Roster Min, |  | 2"
2026-07-07 18:30:58,SHEETS,REMOVED,Luxury Tax Calculator  - REMOVED Luxury Tax | 0 | 13628752 | 0 | 0 | 0 | 0 | 0 | 23501723 | 0 | 0 | 0 | 10706857.6 | 0 | 0 | 0 | 10244835 | 0 | 2536082 | 435790.92 | 15515049 | 64457758 | 29970320.04 | 17700978.3 | 29009155.52 | 6712130.274 | 16311062 | 0 | 8767635.14 | 0 | 0
2026-07-07 18:30:58,SHEETS,REMOVED,Luxury Tax Calculator  - REMOVED 1st Incremental Tax Bracket | 0 | 17055000 | 0 | 0 | 0 | 0 | 0 | 17055000 | 0 | 0 | 0 | 5685000 | 0 | 0 | 0 | 5685000 | 0 | 2536082 | 435790.92 | 5685000 | 5685000 | 5685000 | 5685000 | 17055000 | 5685000 | 5685000 | 0 | 5685000 | 0 | 0
2026-07-07 18:30:58,SHEETS,ADDED,Luxury Tax Calculator  + ADDED  Luxury Tax | 0 | 13628752 | 0 | 0 | 0 | 0 | 0 | 23501723 | 0 | 0 | 972843 | 10706857.6 | 0 | 0 | 0 | 10244835 | 0 | 2536082 | 435790.92 | 15515049 | 64457758 | 29970320.04 | 17700978.3 | 29009155.52 | 6712130.274 | 16311062 | 0 | 8767635.14 | 0 | 0
2026-07-07 18:30:58,SHEETS,ADDED,Luxury Tax Calculator  + ADDED  1st Incremental Tax Bracket | 0 | 17055000 | 0 | 0 | 0 | 0 | 0 | 17055000 | 0 | 0 | 972843 | 5685000 | 0 | 0 | 0 | 5685000 | 0 | 2536082 | 435790.92 | 5685000 | 5685000 | 5685000 | 5685000 | 17055000 | 5685000 | 5685000 | 0 | 5685000 | 0 | 0
2026-07-07 18:30:58,SHEETS,REMOVED,Luxury Tax Calculator  - REMOVED Tax Liability | 0 | 47954386 | 0 | 0 | 0 | 0 | 0 | 110694991.8 | 0 | 0 | 0 | 11962322 | 0 | 0 | 0 | 11384793.75 | 0 | 2536082 | 435790.92 | 27298921.5 | 237348750 | 98424340.23 | 35757146.93 | 150915955.3 | 6968912.843 | 30084967 | 0 | 9538293.925 | 0 | 0
2026-07-07 18:30:58,SHEETS,ADDED,Luxury Tax Calculator  + ADDED  Tax Liability | 0 | 47954386 | 0 | 0 | 0 | 0 | 0 | 110694991.8 | 0 | 0 | 972843 | 11962322 | 0 | 0 | 0 | 11384793.75 | 0 | 2536082 | 435790.92 | 27298921.5 | 237348750 | 98424340.23 | 35757146.93 | 150915955.3 | 6968912.843 | 30084967 | 0 | 9538293.925 | 0 | 0
2026-07-07 18:30:56,DOCS,REMOVED,"2026-27 Rookie Signings  - REMOVED 4 Years for $9,264,648. Second Round Pick Exception. Team option to extend the contract to include the 2029-30 Season. Skill; Injury or Illness; Mental; Death. Compensation protection for 2027-28 Season is none but will increase to full if team has not requested waivers on player on or before 6/30/2027. Compensation protection for 2027-28 Season is none but will increase to full if team has not requested waivers on player on or before 6/30/2027."
2026-07-07 18:30:56,DOCS,REMOVED,2026-27 Rookie Signings  - REMOVED . Love of the Game. Physical Exam. Alt. 7(b).
2026-07-07 18:30:56,DOCS,REMOVED,2026-27 Rookie Signings  - REMOVED Execution Date: 7/1/26
2026-07-07 18:30:56,DOCS,ADDED,"2026-27 Rookie Signings  + ADDED  4 Years for $9,264,648. Second Round Pick Exception. Team option to extend the contract to include the 2029-30 Season. Skill; Injury or Illness; Mental; Death. Compensation protection for 2027-28 Season is none but will increase to full if team has not requested waivers on player on or before 6/30/2027. Compensation protection for 2028-29 Season is none but will increase to full if team has not requested waivers on player on or before 6/30/2028. Compensation protection for 2029-30 Season is none but will increase to full if team has not requested waivers on player on or before 6/30/2029. Love of the Game. Physical Exam. Alt. 7(b)."
2026-07-07 18:30:56,DOCS,ADDED,2026-27 Rookie Signings  + ADDED  Execution Date: 7/7/26
2026-07-07 18:30:01,DOCS,REMOVED,"2026-27 Rookie Signings  - REMOVED 4 Years for $9,264,648. Second Round Pick Exception."
2026-07-07 18:30:01,DOCS,REMOVED,2026-27 Rookie Signings  - REMOVED Team option to extend the contract to include the 2029-30 Season. Skill; Injury or Illness; Mental; Death. Compensation protection for 2029-30 Season is none. Love of the Game. Physical Exam. Alt. 7(b).
2026-07-07 18:30:01,DOCS,ADDED,"2026-27 Rookie Signings  + ADDED  4 Years for $9,264,648. Second Round Pick Exception. Team option to extend the contract to include the 2029-30 Season. Skill; Injury or Illness; Mental; Death. Compensation protection for 2027-28 Season is none but will increase to full if team has not requested waivers on player on or before 6/30/2027. Compensation protection for 2027-28 Season is none but will increase to full if team has not requested waivers on player on or before 6/30/2027."
2026-07-07 18:30:01,DOCS,ADDED,2026-27 Rookie Signings  + ADDED  . Love of the Game. Physical Exam. Alt. 7(b).
2026-07-07 18:28:56,DOCS,REMOVED,"2026-27 Veteran Signings  - REMOVED 28-29 $12,"
2026-07-07 18:28:56,DOCS,REMOVED,"2026-27 Veteran Signings  - REMOVED 3 Years for $19,000,000. Early Bird Exception. Advance Payment ($1,466,050). Player option to extend the contract to include the 2028-29 Season. Insurance Premium Reimbursement. Skill; Injury or Illness; Mental. Love of the Game. Physical Exam. Alt. 7(b)."
2026-07-07 18:28:56,DOCS,ADDED,"2026-27 Veteran Signings  + ADDED  28-29 $12,428,571"
2026-07-07 18:28:56,DOCS,ADDED,"2026-27 Veteran Signings  + ADDED  29-30 $13,285,714"
2026-07-07 18:28:56,DOCS,ADDED,"2026-27 Veteran Signings  + ADDED  4 Years for $48,000,000. Early Bird Exception. Advance Payment ($1,000,000). Insurance Premium Reimbursement. Skill; Injury or Illness; Mental. Love of the Game. Physical Exam. Alt. 7(b)."
2026-07-07 18:27:58,DOCS,ADDED,2026-27 Veteran Signings  + ADDED  Collin Gillespie Phoenix Suns
2026-07-07 18:27:58,DOCS,ADDED,"2026-27 Veteran Signings  + ADDED  26-27 $10,714,286"
2026-07-07 18:27:58,DOCS,ADDED,"2026-27 Veteran Signings  + ADDED  27-28 $11,571,429"
2026-07-07 18:27:58,DOCS,ADDED,"2026-27 Veteran Signings  + ADDED  28-29 $12,"
2026-07-07 18:27:58,DOCS,ADDED,"2026-27 Veteran Signings  + ADDED  3 Years for $19,000,000. Early Bird Exception. Advance Payment ($1,466,050). Player option to extend the contract to include the 2028-29 Season. Insurance Premium Reimbursement. Skill; Injury or Illness; Mental. Love of the Game. Physical Exam. Alt. 7(b)."
2026-07-07 18:27:58,DOCS,ADDED,2026-27 Veteran Signings  + ADDED  Execution Date: 7/7/26
2026-07-07 18:26:59,SHEETS,ADDED,"PHX  + ADDED  Gillespie, Collin | 1 - FULL SEASON | 10714286.0 | 11571429.0 | 12428571.0 | 13285714.0 |  |  | 48000000"
2026-07-07 18:26:59,SHEETS,REMOVED,"PHX  - REMOVED Gillespie, Collin | 1 - FULL SEASON | 10714286.0 | 11571429.0 | 12428571.0 | 13285714.0 |  |  | 48000000"
2026-07-07 18:26:57,DOCS,REMOVED,"2026-27 Veteran Signings  - REMOVED Update 1.2 (7/7/26): P. Achiuwa, K. Anderson, T. Bryant, M. Conley, A. Drummond, K. Ellis, J. Goodwin, R. Hachimura, T. Hardaway Jr., T. Harris, I. Hartenstein, A. Hukporti, M. Robinson, C. White, K. Williams, M. Williams, T. Young"
2026-07-07 18:26:57,DOCS,ADDED,"2026-27 Veteran Signings  + ADDED  Update 1.2 (7/7/26): P. Achiuwa, K. Anderson, T. Bryant, M. Conley, A. Drummond, K. Ellis, C. Gillespie, J. Goodwin, R. Hachimura, T. Hardaway Jr., T. Harris, I. Hartenstein, A. Hukporti, M. Robinson, C. White, K. Williams, M. Williams, T. Young"
2026-07-07 18:25:57,SHEETS,REMOVED,"PHX  - REMOVED Gillespie, Collin | 4 - CAP HOLD | 2449421.0 |  |  |  |  |  | 2449421"
2026-07-07 18:25:57,SHEETS,ADDED,"PHX  + ADDED  Gillespie, Collin | 1 - FULL SEASON | 10714286.0 | 11571429.0 | 12428571.0 | 13285714.0 |  |  | 48000000"
2026-07-07 18:25:57,SHEETS,REMOVED,"PHX  - REMOVED TEAM SALARY (Art, I §1 (nnn)): |  | 232076280.5 | 189234034.1 | 129332281.9 | 106107653.1 | 3107142.857 | 0 | 659857392.4"
2026-07-07 18:25:57,SHEETS,ADDED,"PHX  + ADDED  TEAM SALARY (Art, I §1 (nnn)): |  | 240341145.5 | 200805463.1 | 141760852.9 | 119393367.1 | 3107142.857 | 0 | 705407971.4"
2026-07-07 18:25:57,SHEETS,REMOVED,PHX  - REMOVED Players Under Contract |  | 182992819 | 166743881.2 | 106842129 | 83617500.2 | 0 | 0 | BOLD = Option Year
2026-07-07 18:25:57,SHEETS,REMOVED,"PHX  - REMOVED Full Season Contracts |  | 182992819 | 166743881.2 | 106842129 | 83617500.2 | 0 | 0 | *=Projected Exten,,"
2026-07-07 18:25:57,SHEETS,ADDED,PHX  + ADDED  Players Under Contract |  | 193707105 | 178315310.2 | 119270700 | 96903214.2 | 0 | 0 | BOLD = Option Year
2026-07-07 18:25:57,SHEETS,ADDED,"PHX  + ADDED  Full Season Contracts |  | 193707105 | 178315310.2 | 119270700 | 96903214.2 | 0 | 0 | *=Projected Exten,,"
2026-07-07 18:25:57,SHEETS,REMOVED,PHX  - REMOVED Cap Holds |  | 25886411 | 0 | 0 | 0 | 0 | 0
2026-07-07 18:25:57,SHEETS,ADDED,PHX  + ADDED  Cap Holds |  | 23436990 | 0 | 0 | 0 | 0 | 0
2026-07-07 18:25:57,SHEETS,REMOVED,"PHX  - REMOVED Avg, Salary (Mean) (ALL Compensation Obligations) |  |  | Players Under Contract |  | 14"
2026-07-07 18:25:57,SHEETS,REMOVED,"PHX  - REMOVED Avg, Salary (Mean) (No 10-Day K's) |  |  | Avaiable Spots |  | 1"
2026-07-07 18:25:57,SHEETS,ADDED,"PHX  + ADDED  Avg, Salary (Mean) (ALL Compensation Obligations) |  |  | Players Under Contract |  | 15"
2026-07-07 18:25:57,SHEETS,ADDED,"PHX  + ADDED  Avg, Salary (Mean) (No 10-Day K's) |  |  | Avaiable Spots |  | 0"
2026-07-07 18:25:57,SHEETS,REMOVED,PHX  - REMOVED  |  |  | Cap Holds |  | 11
2026-07-07 18:25:57,SHEETS,ADDED,PHX  + ADDED   |  |  | Cap Holds |  | 10
2026-07-07 18:25:57,SHEETS,REMOVED,Luxury Tax Calculator  - REMOVED Luxury Tax | 0 | 13628752 | 0 | 0 | 0 | 0 | 0 | 23501723 | 0 | 0 | 0 | 10706857.6 | 0 | 0 | 0 | 10244835 | 0 | 2536082 | 435790.92 | 15515049 | 64457758 | 29970320.04 | 17700978.3 | 18294869.52 | 6712130.274 | 16311062 | 0 | 8767635.14 | 0 | 0
2026-07-07 18:25:57,SHEETS,ADDED,Luxury Tax Calculator  + ADDED  Luxury Tax | 0 | 13628752 | 0 | 0 | 0 | 0 | 0 | 23501723 | 0 | 0 | 0 | 10706857.6 | 0 | 0 | 0 | 10244835 | 0 | 2536082 | 435790.92 | 15515049 | 64457758 | 29970320.04 | 17700978.3 | 29009155.52 | 6712130.274 | 16311062 | 0 | 8767635.14 | 0 | 0
2026-07-07 18:25:57,SHEETS,REMOVED,Luxury Tax Calculator  - REMOVED 4th Incremental Tax Bracket | 0 | 0 | 0 | 0 | 0 | 0 | 0 | 38373750 | 0 | 0 | 0 | 0 | 0 | 0 | 0 | 0 | 0 | 0 | 0 | 0 | 27003750 | 27003750 | 3068396.925 | 8369119.286 | 0 | 0 | 0 | 0 | 0 | 0
2026-07-07 18:25:57,SHEETS,REMOVED,Luxury Tax Calculator  - REMOVED 5th Incremental Tax Bracket | 0 | 0 | 0 | 0 | 0 | 0 | 0 | 5522491.75 | 0 | 0 | 0 | 0 | 0 | 0 | 0 | 0 | 0 | 0 | 0 | 0 | 29846250 | 29846250 | 0 | 0 | 0 | 0 | 0 | 0 | 0 | 0
2026-07-07 18:25:57,SHEETS,REMOVED,Luxury Tax Calculator  - REMOVED 6th Incremental Tax Bracket | 0 | 0 | 0 | 0 | 0 | 0 | 0 | 0 | 0 | 0 | 0 | 0 | 0 | 0 | 0 | 0 | 0 | 0 | 0 | 0 | 32688750 | 8885590.23 | 0 | 0 | 0 | 0 | 0 | 0 | 0 | 0
2026-07-07 18:25:57,SHEETS,ADDED,Luxury Tax Calculator  + ADDED  4th Incremental Tax Bracket | 0 | 0 | 0 | 0 | 0 | 0 | 0 | 38373750 | 0 | 0 | 0 | 0 | 0 | 0 | 0 | 0 | 0 | 0 | 0 | 0 | 27003750 | 27003750 | 3068396.925 | 38373750 | 0 | 0 | 0 | 0 | 0 | 0
2026-07-07 18:25:57,SHEETS,ADDED,Luxury Tax Calculator  + ADDED  5th Incremental Tax Bracket | 0 | 0 | 0 | 0 | 0 | 0 | 0 | 5522491.75 | 0 | 0 | 0 | 0 | 0 | 0 | 0 | 0 | 0 | 0 | 0 | 0 | 29846250 | 29846250 | 0 | 41216250 | 0 | 0 | 0 | 0 | 0 | 0
2026-07-07 18:25:57,SHEETS,ADDED,Luxury Tax Calculator  + ADDED  6th Incremental Tax Bracket | 0 | 0 | 0 | 0 | 0 | 0 | 0 | 0 | 0 | 0 | 0 | 0 | 0 | 0 | 0 | 0 | 0 | 0 | 0 | 0 | 32688750 | 8885590.23 | 0 | 4527205.31 | 0 | 0 | 0 | 0 | 0 | 0
2026-07-07 18:25:57,SHEETS,REMOVED,Luxury Tax Calculator  - REMOVED Tax Liability | 0 | 47954386 | 0 | 0 | 0 | 0 | 0 | 110694991.8 | 0 | 0 | 0 | 11962322 | 0 | 0 | 0 | 11384793.75 | 0 | 2536082 | 435790.92 | 27298921.5 | 237348750 | 98424340.23 | 35757146.93 | 75167869.29 | 6968912.843 | 30084967 | 0 | 9538293.925 | 0 | 0
2026-07-07 18:25:57,SHEETS,ADDED,Luxury Tax Calculator  + ADDED  Tax Liability | 0 | 47954386 | 0 | 0 | 0 | 0 | 0 | 110694991.8 | 0 | 0 | 0 | 11962322 | 0 | 0 | 0 | 11384793.75 | 0 | 2536082 | 435790.92 | 27298921.5 | 237348750 | 98424340.23 | 35757146.93 | 150915955.3 | 6968912.843 | 30084967 | 0 | 9538293.925 | 0 | 0
2026-07-07 18:24:57,SHEETS,REMOVED,"PHX  - REMOVED O'Neale, Royce | 1 - FULL SEASON | 10875000.0 | 11625000.0 |  |  |  |  | 22500000"
2026-07-07 18:24:57,SHEETS,ADDED,"PHX  + ADDED  Williams, Mark | 1 - FULL SEASON | 11728395.0 | 12666667.0 | 13604938.0 |  |  |  | 38000000"
2026-07-07 18:24:57,SHEETS,REMOVED,"PHX  - REMOVED Williams, Mark | 1 - FULL SEASON | 11728395.0 | 12666667.0 | 13604938.0 |  |  |  | 38000000"
2026-07-07 18:24:57,SHEETS,REMOVED,"PHX  - REMOVED TEAM SALARY (Art, I §1 (nnn)): |  | 242951280.5 | 200859034.1 | 129332281.9 | 106107653.1 | 3107142.857 | 0 | 682357392.4"
2026-07-07 18:24:57,SHEETS,ADDED,PHX  + ADDED   |  |  |  |  |  |  |  | 0
2026-07-07 18:24:57,SHEETS,ADDED,"PHX  + ADDED  TEAM SALARY (Art, I §1 (nnn)): |  | 232076280.5 | 189234034.1 | 129332281.9 | 106107653.1 | 3107142.857 | 0 | 659857392.4"
2026-07-07 18:24:57,SHEETS,REMOVED,PHX  - REMOVED Players Under Contract |  | 193867819 | 178368881.2 | 106842129 | 83617500.2 | 0 | 0 | BOLD = Option Year
2026-07-07 18:24:57,SHEETS,REMOVED,"PHX  - REMOVED Full Season Contracts |  | 193867819 | 178368881.2 | 106842129 | 83617500.2 | 0 | 0 | *=Projected Exten,,"
2026-07-07 18:24:57,SHEETS,ADDED,PHX  + ADDED  Players Under Contract |  | 182992819 | 166743881.2 | 106842129 | 83617500.2 | 0 | 0 | BOLD = Option Year
2026-07-07 18:24:57,SHEETS,ADDED,"PHX  + ADDED  Full Season Contracts |  | 182992819 | 166743881.2 | 106842129 | 83617500.2 | 0 | 0 | *=Projected Exten,,"
2026-07-07 18:24:57,SHEETS,REMOVED,"PHX  - REMOVED Avg, Salary (Mean) (ALL Compensation Obligations) |  |  | Players Under Contract |  | 15"
2026-07-07 18:24:57,SHEETS,REMOVED,"PHX  - REMOVED Avg, Salary (Mean) (No 10-Day K's) |  |  | Avaiable Spots |  | 0"
2026-07-07 18:24:57,SHEETS,ADDED,"PHX  + ADDED  Avg, Salary (Mean) (ALL Compensation Obligations) |  |  | Players Under Contract |  | 14"
2026-07-07 18:24:57,SHEETS,ADDED,"PHX  + ADDED  Avg, Salary (Mean) (No 10-Day K's) |  |  | Avaiable Spots |  | 1"
2026-07-07 18:24:57,SHEETS,REMOVED,Luxury Tax Calculator  - REMOVED Luxury Tax | 0 | 13628752 | 0 | 0 | 0 | 0 | 0 | 23501723 | 0 | 0 | 0 | 10706857.6 | 0 | 0 | 0 | 10244835 | 0 | 2536082 | 435790.92 | 15515049 | 64457758 | 29970320.04 | 17700978.3 | 29169869.52 | 6712130.274 | 16311062 | 0 | 8767635.14 | 0 | 0
2026-07-07 18:24:57,SHEETS,ADDED,Luxury Tax Calculator  + ADDED  Luxury Tax | 0 | 13628752 | 0 | 0 | 0 | 0 | 0 | 23501723 | 0 | 0 | 0 | 10706857.6 | 0 | 0 | 0 | 10244835 | 0 | 2536082 | 435790.92 | 15515049 | 64457758 | 29970320.04 | 17700978.3 | 18294869.52 | 6712130.274 | 16311062 | 0 | 8767635.14 | 0 | 0
2026-07-07 18:24:57,SHEETS,REMOVED,Luxury Tax Calculator  - REMOVED 4th Incremental Tax Bracket | 0 | 0 | 0 | 0 | 0 | 0 | 0 | 38373750 | 0 | 0 | 0 | 0 | 0 | 0 | 0 | 0 | 0 | 0 | 0 | 0 | 27003750 | 27003750 | 3068396.925 | 38373750 | 0 | 0 | 0 | 0 | 0 | 0
2026-07-07 18:24:57,SHEETS,REMOVED,Luxury Tax Calculator  - REMOVED 5th Incremental Tax Bracket | 0 | 0 | 0 | 0 | 0 | 0 | 0 | 5522491.75 | 0 | 0 | 0 | 0 | 0 | 0 | 0 | 0 | 0 | 0 | 0 | 0 | 29846250 | 29846250 | 0 | 41216250 | 0 | 0 | 0 | 0 | 0 | 0
2026-07-07 18:24:57,SHEETS,REMOVED,Luxury Tax Calculator  - REMOVED 6th Incremental Tax Bracket | 0 | 0 | 0 | 0 | 0 | 0 | 0 | 0 | 0 | 0 | 0 | 0 | 0 | 0 | 0 | 0 | 0 | 0 | 0 | 0 | 32688750 | 8885590.23 | 0 | 5772738.81 | 0 | 0 | 0 | 0 | 0 | 0
2026-07-07 18:24:57,SHEETS,ADDED,Luxury Tax Calculator  + ADDED  4th Incremental Tax Bracket | 0 | 0 | 0 | 0 | 0 | 0 | 0 | 38373750 | 0 | 0 | 0 | 0 | 0 | 0 | 0 | 0 | 0 | 0 | 0 | 0 | 27003750 | 27003750 | 3068396.925 | 8369119.286 | 0 | 0 | 0 | 0 | 0 | 0
2026-07-07 18:24:57,SHEETS,ADDED,Luxury Tax Calculator  + ADDED  5th Incremental Tax Bracket | 0 | 0 | 0 | 0 | 0 | 0 | 0 | 5522491.75 | 0 | 0 | 0 | 0 | 0 | 0 | 0 | 0 | 0 | 0 | 0 | 0 | 29846250 | 29846250 | 0 | 0 | 0 | 0 | 0 | 0 | 0 | 0
2026-07-07 18:24:57,SHEETS,ADDED,Luxury Tax Calculator  + ADDED  6th Incremental Tax Bracket | 0 | 0 | 0 | 0 | 0 | 0 | 0 | 0 | 0 | 0 | 0 | 0 | 0 | 0 | 0 | 0 | 0 | 0 | 0 | 0 | 32688750 | 8885590.23 | 0 | 0 | 0 | 0 | 0 | 0 | 0 | 0
2026-07-07 18:24:57,SHEETS,REMOVED,Luxury Tax Calculator  - REMOVED Tax Liability | 0 | 47954386 | 0 | 0 | 0 | 0 | 0 | 110694991.8 | 0 | 0 | 0 | 11962322 | 0 | 0 | 0 | 11384793.75 | 0 | 2536082 | 435790.92 | 27298921.5 | 237348750 | 98424340.23 | 35757146.93 | 152161488.8 | 6968912.843 | 30084967 | 0 | 9538293.925 | 0 | 0
2026-07-07 18:24:57,SHEETS,ADDED,Luxury Tax Calculator  + ADDED  Tax Liability | 0 | 47954386 | 0 | 0 | 0 | 0 | 0 | 110694991.8 | 0 | 0 | 0 | 11962322 | 0 | 0 | 0 | 11384793.75 | 0 | 2536082 | 435790.92 | 27298921.5 | 237348750 | 98424340.23 | 35757146.93 | 75167869.29 | 6968912.843 | 30084967 | 0 | 9538293.925 | 0 | 0
2026-07-07 18:24:05,SHEETS,ADDED,"PHX  + ADDED  O'Neale, Royce | 1 - FULL SEASON | 10875000.0 | 11625000.0 |  |  |  |  | 22500000"
2026-07-07 18:24:05,SHEETS,REMOVED,"PHX  - REMOVED Williams, Mark | 4 - CAP HOLD | 18829593.72 |  |  |  |  |  | 18829593.72"
2026-07-07 18:24:05,SHEETS,ADDED,"PHX  + ADDED  Williams, Mark | 1 - FULL SEASON | 11728395.0 | 12666667.0 | 13604938.0 |  |  |  | 38000000"
2026-07-07 18:24:05,SHEETS,REMOVED,PHX  - REMOVED  |  |  |  |  |  |  |  | 0
2026-07-07 18:24:05,SHEETS,REMOVED,"PHX  - REMOVED TEAM SALARY (Art, I §1 (nnn)): |  | 239177479.2 | 176567367.1 | 115727343.9 | 106107653.1 | 3107142.857 | 0 | 640686986.1"
2026-07-07 18:24:05,SHEETS,ADDED,"PHX  + ADDED  TEAM SALARY (Art, I §1 (nnn)): |  | 242951280.5 | 200859034.1 | 129332281.9 | 106107653.1 | 3107142.857 | 0 | 682357392.4"
2026-07-07 18:24:05,SHEETS,REMOVED,PHX  - REMOVED Players Under Contract |  | 171264424 | 154077214.2 | 93237191 | 83617500.2 | 0 | 0 | BOLD = Option Year
2026-07-07 18:24:05,SHEETS,REMOVED,"PHX  - REMOVED Full Season Contracts |  | 171264424 | 154077214.2 | 93237191 | 83617500.2 | 0 | 0 | *=Projected Exten,,"
2026-07-07 18:24:05,SHEETS,ADDED,PHX  + ADDED  Players Under Contract |  | 193867819 | 178368881.2 | 106842129 | 83617500.2 | 0 | 0 | BOLD = Option Year
2026-07-07 18:24:05,SHEETS,ADDED,"PHX  + ADDED  Full Season Contracts |  | 193867819 | 178368881.2 | 106842129 | 83617500.2 | 0 | 0 | *=Projected Exten,,"
2026-07-07 18:24:05,SHEETS,REMOVED,PHX  - REMOVED Cap Holds |  | 44716004.72 | 0 | 0 | 0 | 0 | 0
2026-07-07 18:24:05,SHEETS,ADDED,PHX  + ADDED  Cap Holds |  | 25886411 | 0 | 0 | 0 | 0 | 0
2026-07-07 18:24:05,SHEETS,REMOVED,"PHX  - REMOVED Avg, Salary (Mean) (ALL Compensation Obligations) |  |  | Players Under Contract |  | 13"
2026-07-07 18:24:05,SHEETS,REMOVED,"PHX  - REMOVED Avg, Salary (Mean) (No 10-Day K's) |  |  | Avaiable Spots |  | 2"
2026-07-07 18:24:05,SHEETS,ADDED,"PHX  + ADDED  Avg, Salary (Mean) (ALL Compensation Obligations) |  |  | Players Under Contract |  | 15"
2026-07-07 18:24:05,SHEETS,ADDED,"PHX  + ADDED  Avg, Salary (Mean) (No 10-Day K's) |  |  | Avaiable Spots |  | 0"
2026-07-07 18:24:05,SHEETS,REMOVED,PHX  - REMOVED  |  |  | Cap Holds |  | 12
2026-07-07 18:24:05,SHEETS,ADDED,PHX  + ADDED   |  |  | Cap Holds |  | 11
2026-07-07 18:24:05,SHEETS,REMOVED,Luxury Tax Calculator  - REMOVED Luxury Tax | 0 | 13628752 | 0 | 0 | 0 | 0 | 0 | 23501723 | 0 | 0 | 0 | 10706857.6 | 0 | 0 | 0 | 10244835 | 0 | 2536082 | 435790.92 | 15515049 | 64457758 | 29970320.04 | 17700978.3 | 6566474.524 | 6712130.274 | 16311062 | 0 | 8767635.14 | 0 | 0
2026-07-07 18:24:05,SHEETS,ADDED,Luxury Tax Calculator  + ADDED  Luxury Tax | 0 | 13628752 | 0 | 0 | 0 | 0 | 0 | 23501723 | 0 | 0 | 0 | 10706857.6 | 0 | 0 | 0 | 10244835 | 0 | 2536082 | 435790.92 | 15515049 | 64457758 | 29970320.04 | 17700978.3 | 29169869.52 | 6712130.274 | 16311062 | 0 | 8767635.14 | 0 | 0
2026-07-07 18:24:05,SHEETS,REMOVED,Luxury Tax Calculator  - REMOVED 2nd Incremental Tax Bracket | 0 | 18476250 | 0 | 0 | 0 | 0 | 0 | 18476250 | 0 | 0 | 0 | 6277322 | 0 | 0 | 0 | 5699793.75 | 0 | 0 | 0 | 7106250 | 7106250 | 7106250 | 7106250 | 2864792.202 | 1283912.843 | 7106250 | 0 | 3853293.925 | 0 | 0
2026-07-07 18:24:05,SHEETS,REMOVED,Luxury Tax Calculator  - REMOVED 3rd Incremental Tax Bracket | 0 | 12423136 | 0 | 0 | 0 | 0 | 0 | 31267500 | 0 | 0 | 0 | 0 | 0 | 0 | 0 | 0 | 0 | 0 | 0 | 14507671.5 | 19897500 | 19897500 | 19897500 | 0 | 0 | 17293717 | 0 | 0 | 0 | 0
2026-07-07 18:24:05,SHEETS,REMOVED,Luxury Tax Calculator  - REMOVED 4th Incremental Tax Bracket | 0 | 0 | 0 | 0 | 0 | 0 | 0 | 38373750 | 0 | 0 | 0 | 0 | 0 | 0 | 0 | 0 | 0 | 0 | 0 | 0 | 27003750 | 27003750 | 3068396.925 | 0 | 0 | 0 | 0 | 0 | 0 | 0
2026-07-07 18:24:05,SHEETS,REMOVED,Luxury Tax Calculator  - REMOVED 5th Incremental Tax Bracket | 0 | 0 | 0 | 0 | 0 | 0 | 0 | 5522491.75 | 0 | 0 | 0 | 0 | 0 | 0 | 0 | 0 | 0 | 0 | 0 | 0 | 29846250 | 29846250 | 0 | 0 | 0 | 0 | 0 | 0 | 0 | 0
2026-07-07 18:24:05,SHEETS,REMOVED,Luxury Tax Calculator  - REMOVED 6th Incremental Tax Bracket | 0 | 0 | 0 | 0 | 0 | 0 | 0 | 0 | 0 | 0 | 0 | 0 | 0 | 0 | 0 | 0 | 0 | 0 | 0 | 0 | 32688750 | 8885590.23 | 0 | 0 | 0 | 0 | 0 | 0 | 0 | 0
2026-07-07 18:24:05,SHEETS,ADDED,Luxury Tax Calculator  + ADDED  2nd Incremental Tax Bracket | 0 | 18476250 | 0 | 0 | 0 | 0 | 0 | 18476250 | 0 | 0 | 0 | 6277322 | 0 | 0 | 0 | 5699793.75 | 0 | 0 | 0 | 7106250 | 7106250 | 7106250 | 7106250 | 18476250 | 1283912.843 | 7106250 | 0 | 3853293.925 | 0 | 0
2026-07-07 18:24:05,SHEETS,ADDED,Luxury Tax Calculator  + ADDED  3rd Incremental Tax Bracket | 0 | 12423136 | 0 | 0 | 0 | 0 | 0 | 31267500 | 0 | 0 | 0 | 0 | 0 | 0 | 0 | 0 | 0 | 0 | 0 | 14507671.5 | 19897500 | 19897500 | 19897500 | 31267500 | 0 | 17293717 | 0 | 0 | 0 | 0
2026-07-07 18:24:05,SHEETS,ADDED,Luxury Tax Calculator  + ADDED  4th Incremental Tax Bracket | 0 | 0 | 0 | 0 | 0 | 0 | 0 | 38373750 | 0 | 0 | 0 | 0 | 0 | 0 | 0 | 0 | 0 | 0 | 0 | 0 | 27003750 | 27003750 | 3068396.925 | 38373750 | 0 | 0 | 0 | 0 | 0 | 0
2026-07-07 18:24:05,SHEETS,ADDED,Luxury Tax Calculator  + ADDED  5th Incremental Tax Bracket | 0 | 0 | 0 | 0 | 0 | 0 | 0 | 5522491.75 | 0 | 0 | 0 | 0 | 0 | 0 | 0 | 0 | 0 | 0 | 0 | 0 | 29846250 | 29846250 | 0 | 41216250 | 0 | 0 | 0 | 0 | 0 | 0
2026-07-07 18:24:05,SHEETS,ADDED,Luxury Tax Calculator  + ADDED  6th Incremental Tax Bracket | 0 | 0 | 0 | 0 | 0 | 0 | 0 | 0 | 0 | 0 | 0 | 0 | 0 | 0 | 0 | 0 | 0 | 0 | 0 | 0 | 32688750 | 8885590.23 | 0 | 5772738.81 | 0 | 0 | 0 | 0 | 0 | 0
2026-07-07 18:24:05,SHEETS,REMOVED,Luxury Tax Calculator  - REMOVED Tax Liability | 0 | 47954386 | 0 | 0 | 0 | 0 | 0 | 110694991.8 | 0 | 0 | 0 | 11962322 | 0 | 0 | 0 | 11384793.75 | 0 | 2536082 | 435790.92 | 27298921.5 | 237348750 | 98424340.23 | 35757146.93 | 19919792.2 | 6968912.843 | 30084967 | 0 | 9538293.925 | 0 | 0
2026-07-07 18:24:05,SHEETS,ADDED,Luxury Tax Calculator  + ADDED  Tax Liability | 0 | 47954386 | 0 | 0 | 0 | 0 | 0 | 110694991.8 | 0 | 0 | 0 | 11962322 | 0 | 0 | 0 | 11384793.75 | 0 | 2536082 | 435790.92 | 27298921.5 | 237348750 | 98424340.23 | 35757146.93 | 152161488.8 | 6968912.843 | 30084967 | 0 | 9538293.925 | 0 | 0
2026-07-07 18:23:58,DOCS,REMOVED,2026-27 Veteran Signings  - REMOVED Execution Date: 7/626
2026-07-07 18:23:58,DOCS,ADDED,2026-27 Veteran Signings  + ADDED  Execution Date: 7/7/26
2026-07-07 18:22:57,DOCS,REMOVED,"2026-27 Veteran Signings  - REMOVED 27-28 $24,666,667"
2026-07-07 18:22:57,DOCS,REMOVED,"2026-27 Veteran Signings  - REMOVED 28-29 $22,521,740"
2026-07-07 18:22:57,DOCS,REMOVED,"2026-27 Veteran Signings  - REMOVED 3 Years for $74,000,000. Bird Exception. Advance Payment ($7,400,000). Insurance Premium Reimbursement. Skill; Injury or Illness; Mental. Love of the Game. Physical Exam. Alt. 7(b)."
2026-07-07 18:22:57,DOCS,REMOVED,2026-27 Veteran Signings  - REMOVED Execution Date: 7/6/26
2026-07-07 18:22:57,DOCS,ADDED,"2026-27 Veteran Signings  + ADDED  27-28 $12,666,667"
2026-07-07 18:22:57,DOCS,ADDED,"2026-27 Veteran Signings  + ADDED  28-29 $13,604,938"
2026-07-07 18:22:57,DOCS,ADDED,"2026-27 Veteran Signings  + ADDED  3 Years for $38,000,000. Bird Exception. Insurance Premium Reimbursement. Skill; Injury or Illness; Mental. Love of the Game. Physical Exam. Alt. 7(b)."
2026-07-07 18:22:57,DOCS,ADDED,2026-27 Veteran Signings  + ADDED  Execution Date: 7/626
2026-07-07 18:21:57,SHEETS,REMOVED,"PHX  - REMOVED Goodwin, Jordan | 1 - FULL SEASON | 5864198.0 | 6333333.0 | 6802469.0 |  |  |  | 19000000"
2026-07-07 18:21:57,SHEETS,REMOVED,"PHX  - REMOVED TEAM SALARY (Art, I §1 (nnn)): |  | 245041677.2 | 182900700.1 | 122529812.9 | 106107653.1 | 3107142.857 | 0 | 659686986.1"
2026-07-07 18:21:57,SHEETS,ADDED,PHX  + ADDED   |  |  |  |  |  |  |  | 0
2026-07-07 18:21:57,SHEETS,ADDED,"PHX  + ADDED  TEAM SALARY (Art, I §1 (nnn)): |  | 239177479.2 | 176567367.1 | 115727343.9 | 106107653.1 | 3107142.857 | 0 | 640686986.1"
2026-07-07 18:21:57,SHEETS,REMOVED,PHX  - REMOVED Players Under Contract |  | 177128622 | 160410547.2 | 100039660 | 83617500.2 | 0 | 0 | BOLD = Option Year
2026-07-07 18:21:57,SHEETS,REMOVED,"PHX  - REMOVED Full Season Contracts |  | 177128622 | 160410547.2 | 100039660 | 83617500.2 | 0 | 0 | *=Projected Exten,,"
2026-07-07 18:21:57,SHEETS,ADDED,PHX  + ADDED  Players Under Contract |  | 171264424 | 154077214.2 | 93237191 | 83617500.2 | 0 | 0 | BOLD = Option Year
2026-07-07 18:21:57,SHEETS,ADDED,"PHX  + ADDED  Full Season Contracts |  | 171264424 | 154077214.2 | 93237191 | 83617500.2 | 0 | 0 | *=Projected Exten,,"
2026-07-07 18:21:57,SHEETS,REMOVED,"PHX  - REMOVED Avg, Salary (Mean) (ALL Compensation Obligations) |  |  | Players Under Contract |  | 14"
2026-07-07 18:21:57,SHEETS,REMOVED,"PHX  - REMOVED Avg, Salary (Mean) (No 10-Day K's) |  |  | Avaiable Spots |  | 1"
2026-07-07 18:21:57,SHEETS,ADDED,"PHX  + ADDED  Avg, Salary (Mean) (ALL Compensation Obligations) |  |  | Players Under Contract |  | 13"
2026-07-07 18:21:57,SHEETS,ADDED,"PHX  + ADDED  Avg, Salary (Mean) (No 10-Day K's) |  |  | Avaiable Spots |  | 2"
2026-07-07 18:21:57,SHEETS,REMOVED,Luxury Tax Calculator  - REMOVED Luxury Tax | 0 | 13628752 | 0 | 0 | 0 | 0 | 0 | 23501723 | 0 | 0 | 0 | 10706857.6 | 0 | 0 | 0 | 10244835 | 0 | 2536082 | 435790.92 | 15515049 | 64457758 | 29970320.04 | 17700978.3 | 12430672.52 | 6712130.274 | 16311062 | 0 | 8767635.14 | 0 | 0
2026-07-07 18:21:57,SHEETS,ADDED,Luxury Tax Calculator  + ADDED  Luxury Tax | 0 | 13628752 | 0 | 0 | 0 | 0 | 0 | 23501723 | 0 | 0 | 0 | 10706857.6 | 0 | 0 | 0 | 10244835 | 0 | 2536082 | 435790.92 | 15515049 | 64457758 | 29970320.04 | 17700978.3 | 6566474.524 | 6712130.274 | 16311062 | 0 | 8767635.14 | 0 | 0
2026-07-07 18:21:57,SHEETS,REMOVED,Luxury Tax Calculator  - REMOVED 2nd Incremental Tax Bracket | 0 | 18476250 | 0 | 0 | 0 | 0 | 0 | 18476250 | 0 | 0 | 0 | 6277322 | 0 | 0 | 0 | 5699793.75 | 0 | 0 | 0 | 7106250 | 7106250 | 7106250 | 7106250 | 18476250 | 1283912.843 | 7106250 | 0 | 3853293.925 | 0 | 0
2026-07-07 18:21:57,SHEETS,REMOVED,Luxury Tax Calculator  - REMOVED 3rd Incremental Tax Bracket | 0 | 12423136 | 0 | 0 | 0 | 0 | 0 | 31267500 | 0 | 0 | 0 | 0 | 0 | 0 | 0 | 0 | 0 | 0 | 0 | 14507671.5 | 19897500 | 19897500 | 19897500 | 5833698.881 | 0 | 17293717 | 0 | 0 | 0 | 0
2026-07-07 18:21:57,SHEETS,ADDED,Luxury Tax Calculator  + ADDED  2nd Incremental Tax Bracket | 0 | 18476250 | 0 | 0 | 0 | 0 | 0 | 18476250 | 0 | 0 | 0 | 6277322 | 0 | 0 | 0 | 5699793.75 | 0 | 0 | 0 | 7106250 | 7106250 | 7106250 | 7106250 | 2864792.202 | 1283912.843 | 7106250 | 0 | 3853293.925 | 0 | 0
2026-07-07 18:21:57,SHEETS,ADDED,Luxury Tax Calculator  + ADDED  3rd Incremental Tax Bracket | 0 | 12423136 | 0 | 0 | 0 | 0 | 0 | 31267500 | 0 | 0 | 0 | 0 | 0 | 0 | 0 | 0 | 0 | 0 | 0 | 14507671.5 | 19897500 | 19897500 | 19897500 | 0 | 0 | 17293717 | 0 | 0 | 0 | 0
2026-07-07 18:21:57,SHEETS,REMOVED,Luxury Tax Calculator  - REMOVED Tax Liability | 0 | 47954386 | 0 | 0 | 0 | 0 | 0 | 110694991.8 | 0 | 0 | 0 | 11962322 | 0 | 0 | 0 | 11384793.75 | 0 | 2536082 | 435790.92 | 27298921.5 | 237348750 | 98424340.23 | 35757146.93 | 41364948.88 | 6968912.843 | 30084967 | 0 | 9538293.925 | 0 | 0
2026-07-07 18:21:57,SHEETS,ADDED,Luxury Tax Calculator  + ADDED  Tax Liability | 0 | 47954386 | 0 | 0 | 0 | 0 | 0 | 110694991.8 | 0 | 0 | 0 | 11962322 | 0 | 0 | 0 | 11384793.75 | 0 | 2536082 | 435790.92 | 27298921.5 | 237348750 | 98424340.23 | 35757146.93 | 19919792.2 | 6968912.843 | 30084967 | 0 | 9538293.925 | 0 | 0
2026-07-07 18:21:55,DOCS,ADDED,2026-27 Veteran Signings  + ADDED  Mark Williams Phoenix Suns
2026-07-07 18:21:55,DOCS,ADDED,"2026-27 Veteran Signings  + ADDED  26-27 $11,728,395"
2026-07-07 18:21:55,DOCS,ADDED,"2026-27 Veteran Signings  + ADDED  27-28 $24,666,667"
2026-07-07 18:21:55,DOCS,ADDED,"2026-27 Veteran Signings  + ADDED  28-29 $22,521,740"
2026-07-07 18:21:55,DOCS,ADDED,"2026-27 Veteran Signings  + ADDED  3 Years for $74,000,000. Bird Exception. Advance Payment ($7,400,000). Insurance Premium Reimbursement. Skill; Injury or Illness; Mental. Love of the Game. Physical Exam. Alt. 7(b)."
2026-07-07 18:21:55,DOCS,ADDED,2026-27 Veteran Signings  + ADDED  Execution Date: 7/6/26
2026-07-07 18:18:55,DOCS,REMOVED,"2026-27 Veteran Signings  - REMOVED Update 1.2 (7/7/26): P. Achiuwa, K. Anderson, T. Bryant, M. Conley, A. Drummond, K. Ellis, J. Goodwin, R. Hachimura, T. Hardaway Jr., T. Harris, I. Hartenstein, A. Hukporti, M. Robinson, C. White, K. Williams, T. Young"
2026-07-07 18:18:55,DOCS,ADDED,"2026-27 Veteran Signings  + ADDED  Update 1.2 (7/7/26): P. Achiuwa, K. Anderson, T. Bryant, M. Conley, A. Drummond, K. Ellis, J. Goodwin, R. Hachimura, T. Hardaway Jr., T. Harris, I. Hartenstein, A. Hukporti, M. Robinson, C. White, K. Williams, M. Williams, T. Young"
2026-07-07 18:17:56,DOCS,REMOVED,2026-27 Rookie Signings  - REMOVED #31 Bruce Thornton Cleveland Cavaliers
2026-07-07 18:17:56,DOCS,ADDED,2026-27 Rookie Signings  + ADDED  #31 Bruce Thornton Houston Rockets
2026-07-07 18:17:56,DOCS,REMOVED,"2026-27 Rookie Signings  - REMOVED 4 Years for $9,264,648. Second Round Pick Exception. Advance Payment ($273,909). Team option to extend the contract to include the 2029-30 Season. Skill; Injury or Illness; Mental; Death. Compensation protection for 2029-30 Season is none. Love of the Game. Physical Exam. Alt. 7(b)."
2026-07-07 18:17:56,DOCS,ADDED,"2026-27 Rookie Signings  + ADDED  4 Years for $9,264,648. Second Round Pick Exception."
2026-07-07 18:17:56,DOCS,ADDED,2026-27 Rookie Signings  + ADDED  Team option to extend the contract to include the 2029-30 Season. Skill; Injury or Illness; Mental; Death. Compensation protection for 2029-30 Season is none. Love of the Game. Physical Exam. Alt. 7(b).
2026-07-07 18:16:56,DOCS,REMOVED,2026-27 Rookie Signings  - REMOVED Update 1.2 (7/7/26):
2026-07-07 18:16:56,DOCS,ADDED,2026-27 Rookie Signings  + ADDED  Update 1.2 (7/7/26): B. Thornton
2026-07-07 18:16:56,DOCS,ADDED,2026-27 Rookie Signings  + ADDED  #31 Bruce Thornton Cleveland Cavaliers
2026-07-07 18:16:56,DOCS,ADDED,"2026-27 Rookie Signings  + ADDED  26-27 $1,357,763"
2026-07-07 18:16:56,DOCS,ADDED,"2026-27 Rookie Signings  + ADDED  27-28 $2,294,370"
2026-07-07 18:16:56,DOCS,ADDED,"2026-27 Rookie Signings  + ADDED  28-29 $2,694,363"
2026-07-07 18:16:56,DOCS,ADDED,"2026-27 Rookie Signings  + ADDED  29-30 $2,918,152 (Team Option)"
2026-07-07 18:16:56,DOCS,ADDED,"2026-27 Rookie Signings  + ADDED  4 Years for $9,264,648. Second Round Pick Exception. Advance Payment ($273,909). Team option to extend the contract to include the 2029-30 Season. Skill; Injury or Illness; Mental; Death. Compensation protection for 2029-30 Season is none. Love of the Game. Physical Exam. Alt. 7(b)."
2026-07-07 18:16:56,DOCS,ADDED,2026-27 Rookie Signings  + ADDED  Execution Date: 7/1/26
2026-07-07 18:12:55,DOCS,REMOVED,"2026-27 Veteran Signings  - REMOVED 3 Years for $19,000,000. Early Bird Exception. Player option to extend the contract to include the 2028-29 Season. Insurance Premium Reimbursement. Skill; Injury or Illness; Mental. Love of the Game. Physical Exam. Alt. 7(b)."
2026-07-07 18:12:55,DOCS,REMOVED,2026-27 Veteran Signings  - REMOVED Execution Date: 7/6/26
2026-07-07 18:12:55,DOCS,ADDED,"2026-27 Veteran Signings  + ADDED  3 Years for $19,000,000. Early Bird Exception. Advance Payment ($1,466,050). Player option to extend the contract to include the 2028-29 Season. Insurance Premium Reimbursement. Skill; Injury or Illness; Mental. Love of the Game. Physical Exam. Alt. 7(b)."
2026-07-07 18:12:55,DOCS,ADDED,2026-27 Veteran Signings  + ADDED  Execution Date: 7/7/26
2026-07-07 18:10:55,DOCS,ADDED,2026-27 Veteran Signings  + ADDED  Jordan Goodwin Phoenix Suns
2026-07-07 18:10:55,DOCS,ADDED,"2026-27 Veteran Signings  + ADDED  26-27 $5,864,198"
2026-07-07 18:10:55,DOCS,ADDED,"2026-27 Veteran Signings  + ADDED  27-28 $6,333,333"
2026-07-07 18:10:55,DOCS,ADDED,"2026-27 Veteran Signings  + ADDED  28-29 $6,802,469 (Player Option)"
2026-07-07 18:10:55,DOCS,ADDED,"2026-27 Veteran Signings  + ADDED  3 Years for $19,000,000. Early Bird Exception. Player option to extend the contract to include the 2028-29 Season. Insurance Premium Reimbursement. Skill; Injury or Illness; Mental. Love of the Game. Physical Exam. Alt. 7(b)."
2026-07-07 18:10:55,DOCS,ADDED,2026-27 Veteran Signings  + ADDED  Execution Date: 7/6/26
2026-07-07 18:08:56,DOCS,REMOVED,"2026-27 Veteran Signings  - REMOVED Update 1.2 (7/7/26): P. Achiuwa, K. Anderson, T. Bryant, M. Conley, A. Drummond, K. Ellis, R. Hachimura, T. Hardaway Jr., T. Harris, I. Hartenstein, A. Hukporti, M. Robinson, C. White, K. Williams, T. Young"
2026-07-07 18:08:56,DOCS,ADDED,"2026-27 Veteran Signings  + ADDED  Update 1.2 (7/7/26): P. Achiuwa, K. Anderson, T. Bryant, M. Conley, A. Drummond, K. Ellis, J. Goodwin, R. Hachimura, T. Hardaway Jr., T. Harris, I. Hartenstein, A. Hukporti, M. Robinson, C. White, K. Williams, T. Young"
2026-07-07 18:07:57,SHEETS,ADDED,"PHX  + ADDED  Goodwin, Jordan | 1 - FULL SEASON | 5864198.0 | 6333333.0 | 6802469.0 |  |  |  | 19000000"
2026-07-07 18:07:57,SHEETS,REMOVED,"PHX  - REMOVED Goodwin, Jordan | 4 - CAP HOLD | 2449421.0 |  |  |  |  |  | 2449421"
2026-07-07 18:07:57,SHEETS,ADDED,"PHX  + ADDED  Goodwin, Jordan | 1 - FULL SEASON | 5864198.0 | 6333333.0 | 6802469.0 |  |  |  | 19000000"
2026-07-07 18:07:57,SHEETS,REMOVED,PHX  - REMOVED  |  |  |  |  |  |  |  | 0
2026-07-07 18:07:57,SHEETS,REMOVED,"PHX  - REMOVED TEAM SALARY (Art, I §1 (nnn)): |  | 235762702.2 | 170234034.1 | 108924874.9 | 106107653.1 | 3107142.857 | 0 | 624136407.1"
2026-07-07 18:07:57,SHEETS,ADDED,"PHX  + ADDED  TEAM SALARY (Art, I §1 (nnn)): |  | 245041677.2 | 182900700.1 | 122529812.9 | 106107653.1 | 3107142.857 | 0 | 659686986.1"
2026-07-07 18:07:57,SHEETS,REMOVED,PHX  - REMOVED Players Under Contract |  | 165400226 | 147743881.2 | 86434722 | 83617500.2 | 0 | 0 | BOLD = Option Year
2026-07-07 18:07:57,SHEETS,REMOVED,"PHX  - REMOVED Full Season Contracts |  | 165400226 | 147743881.2 | 86434722 | 83617500.2 | 0 | 0 | *=Projected Exten,,"
2026-07-07 18:07:57,SHEETS,ADDED,PHX  + ADDED  Players Under Contract |  | 177128622 | 160410547.2 | 100039660 | 83617500.2 | 0 | 0 | BOLD = Option Year
2026-07-07 18:07:57,SHEETS,ADDED,"PHX  + ADDED  Full Season Contracts |  | 177128622 | 160410547.2 | 100039660 | 83617500.2 | 0 | 0 | *=Projected Exten,,"
2026-07-07 18:07:57,SHEETS,REMOVED,PHX  - REMOVED Cap Holds |  | 47165425.72 | 0 | 0 | 0 | 0 | 0
2026-07-07 18:07:57,SHEETS,ADDED,PHX  + ADDED  Cap Holds |  | 44716004.72 | 0 | 0 | 0 | 0 | 0
2026-07-07 18:07:57,SHEETS,REMOVED,"PHX  - REMOVED Avg, Salary (Mean) (ALL Compensation Obligations) |  |  | Players Under Contract |  | 12"
2026-07-07 18:07:57,SHEETS,REMOVED,"PHX  - REMOVED Avg, Salary (Mean) (No 10-Day K's) |  |  | Avaiable Spots |  | 3"
2026-07-07 18:07:57,SHEETS,REMOVED,"PHX  - REMOVED Avg, Salary (Mean) (No 10-Day K's & ROS) |  |  | Players to Reach Roster Min, |  | 1"
2026-07-07 18:07:57,SHEETS,REMOVED,PHX  - REMOVED  |  |  | Cap Holds |  | 13
2026-07-07 18:07:57,SHEETS,ADDED,"PHX  + ADDED  Avg, Salary (Mean) (ALL Compensation Obligations) |  |  | Players Under Contract |  | 14"
2026-07-07 18:07:57,SHEETS,ADDED,"PHX  + ADDED  Avg, Salary (Mean) (No 10-Day K's) |  |  | Avaiable Spots |  | 1"
2026-07-07 18:07:57,SHEETS,ADDED,"PHX  + ADDED  Avg, Salary (Mean) (No 10-Day K's & ROS) |  |  | Players to Reach Roster Min, |  | 0"
2026-07-07 18:07:57,SHEETS,ADDED,PHX  + ADDED   |  |  | Cap Holds |  | 12
2026-07-07 18:07:57,SHEETS,REMOVED,Luxury Tax Calculator  - REMOVED Luxury Tax | 0 | 13628752 | 0 | 0 | 0 | 0 | 0 | 23501723 | 0 | 0 | 0 | 10706857.6 | 0 | 0 | 0 | 10244835 | 0 | 2536082 | 435790.92 | 15515049 | 64457758 | 29970320.04 | 17700978.3 | 702276.5238 | 6712130.274 | 16311062 | 0 | 8767635.14 | 0 | 0
2026-07-07 18:07:57,SHEETS,REMOVED,Luxury Tax Calculator  - REMOVED 1st Incremental Tax Bracket | 0 | 17055000 | 0 | 0 | 0 | 0 | 0 | 17055000 | 0 | 0 | 0 | 5685000 | 0 | 0 | 0 | 5685000 | 0 | 2536082 | 435790.92 | 5685000 | 5685000 | 5685000 | 5685000 | 2106829.571 | 5685000 | 5685000 | 0 | 5685000 | 0 | 0
2026-07-07 18:07:57,SHEETS,REMOVED,Luxury Tax Calculator  - REMOVED 2nd Incremental Tax Bracket | 0 | 18476250 | 0 | 0 | 0 | 0 | 0 | 18476250 | 0 | 0 | 0 | 6277322 | 0 | 0 | 0 | 5699793.75 | 0 | 0 | 0 | 7106250 | 7106250 | 7106250 | 7106250 | 0 | 1283912.843 | 7106250 | 0 | 3853293.925 | 0 | 0
2026-07-07 18:07:57,SHEETS,REMOVED,Luxury Tax Calculator  - REMOVED 3rd Incremental Tax Bracket | 0 | 12423136 | 0 | 0 | 0 | 0 | 0 | 31267500 | 0 | 0 | 0 | 0 | 0 | 0 | 0 | 0 | 0 | 0 | 0 | 14507671.5 | 19897500 | 19897500 | 19897500 | 0 | 0 | 17293717 | 0 | 0 | 0 | 0
2026-07-07 18:07:57,SHEETS,ADDED,Luxury Tax Calculator  + ADDED  Luxury Tax | 0 | 13628752 | 0 | 0 | 0 | 0 | 0 | 23501723 | 0 | 0 | 0 | 10706857.6 | 0 | 0 | 0 | 10244835 | 0 | 2536082 | 435790.92 | 15515049 | 64457758 | 29970320.04 | 17700978.3 | 12430672.52 | 6712130.274 | 16311062 | 0 | 8767635.14 | 0 | 0
2026-07-07 18:07:57,SHEETS,ADDED,Luxury Tax Calculator  + ADDED  1st Incremental Tax Bracket | 0 | 17055000 | 0 | 0 | 0 | 0 | 0 | 17055000 | 0 | 0 | 0 | 5685000 | 0 | 0 | 0 | 5685000 | 0 | 2536082 | 435790.92 | 5685000 | 5685000 | 5685000 | 5685000 | 17055000 | 5685000 | 5685000 | 0 | 5685000 | 0 | 0
2026-07-07 18:07:57,SHEETS,ADDED,Luxury Tax Calculator  + ADDED  2nd Incremental Tax Bracket | 0 | 18476250 | 0 | 0 | 0 | 0 | 0 | 18476250 | 0 | 0 | 0 | 6277322 | 0 | 0 | 0 | 5699793.75 | 0 | 0 | 0 | 7106250 | 7106250 | 7106250 | 7106250 | 18476250 | 1283912.843 | 7106250 | 0 | 3853293.925 | 0 | 0
2026-07-07 18:07:57,SHEETS,ADDED,Luxury Tax Calculator  + ADDED  3rd Incremental Tax Bracket | 0 | 12423136 | 0 | 0 | 0 | 0 | 0 | 31267500 | 0 | 0 | 0 | 0 | 0 | 0 | 0 | 0 | 0 | 0 | 0 | 14507671.5 | 19897500 | 19897500 | 19897500 | 5833698.881 | 0 | 17293717 | 0 | 0 | 0 | 0
2026-07-07 18:07:57,SHEETS,REMOVED,Luxury Tax Calculator  - REMOVED Tax Liability | 0 | 47954386 | 0 | 0 | 0 | 0 | 0 | 110694991.8 | 0 | 0 | 0 | 11962322 | 0 | 0 | 0 | 11384793.75 | 0 | 2536082 | 435790.92 | 27298921.5 | 237348750 | 98424340.23 | 35757146.93 | 2106829.571 | 6968912.843 | 30084967 | 0 | 9538293.925 | 0 | 0
2026-07-07 18:07:57,SHEETS,ADDED,Luxury Tax Calculator  + ADDED  Tax Liability | 0 | 47954386 | 0 | 0 | 0 | 0 | 0 | 110694991.8 | 0 | 0 | 0 | 11962322 | 0 | 0 | 0 | 11384793.75 | 0 | 2536082 | 435790.92 | 27298921.5 | 237348750 | 98424340.23 | 35757146.93 | 41364948.88 | 6968912.843 | 30084967 | 0 | 9538293.925 | 0 | 0
2026-07-07 17:36:54,PLAYERS,CHANGED,~ CHANGED Jaden Hardy  team: WAS -> LAL
2026-07-07 17:36:54,PLAYERS,CHANGED,~ CHANGED Deandre Ayton  team: LAL -> WAS
2026-07-07 17:19:56,DOCS,REMOVED,2026-27 Veteran Signings  - REMOVED Previous Achiuwa Sacramento Kings
2026-07-07 17:19:56,DOCS,ADDED,2026-27 Veteran Signings  + ADDED  Precious Achiuwa Sacramento Kings
2026-07-07 17:13:55,DOCS,REMOVED,"2026-27 Veteran Signings  - REMOVED 2 Years for $11,227,850."
2026-07-07 17:13:55,DOCS,REMOVED,2026-27 Veteran Signings  - REMOVED Bi-Annual Exception. Skill; Injury or Illness; Mental; Death. Love of the Game. Physical Exam. Alt. 7(b).
2026-07-07 17:13:55,DOCS,ADDED,"2026-27 Veteran Signings  + ADDED  2 Years for $11,227,850. Bi-Annual Exception. Skill; Injury or Illness; Mental; Death. Love of the Game. Physical Exam. Alt. 7(b)."
2026-07-07 17:12:55,DOCS,REMOVED,"2026-27 Veteran Signings  - REMOVED 26-27 $3,400,000"
2026-07-07 17:12:55,DOCS,REMOVED,2026-27 Veteran Signings  - REMOVED Bi-Annual Exception. Insurance Premium Reimbursement. Skill; Injury or Illness; Mental. Love of the Game. Physical Exam. Alt. 7(b).
2026-07-07 17:12:55,DOCS,ADDED,"2026-27 Veteran Signings  + ADDED  26-27 $5,477,000"
2026-07-07 17:12:55,DOCS,ADDED,"2026-27 Veteran Signings  + ADDED  27-28 $5,750,850"
2026-07-07 17:12:55,DOCS,ADDED,"2026-27 Veteran Signings  + ADDED  2 Years for $11,227,850."
2026-07-07 17:12:55,DOCS,ADDED,2026-27 Veteran Signings  + ADDED  Bi-Annual Exception. Skill; Injury or Illness; Mental; Death. Love of the Game. Physical Exam. Alt. 7(b).
2026-07-07 17:11:57,SHEETS,ADDED,"SAC  + ADDED  Achiuwa, Precious | 1 - FULL SEASON | 5477000.0 | 5750850.0 |  |  |  |  | 11227850"
2026-07-07 17:11:57,SHEETS,REMOVED,"SAC  - REMOVED Achiuwa, Precious | 1 - FULL SEASON | 5477000.0 | 5750850.0 |  |  |  |  | 11227850"
2026-07-07 17:11:56,DOCS,REMOVED,"2026-27 Veteran Signings  - REMOVED Update 1.2 (7/7/26): K. Anderson, T. Bryant, M. Conley, A. Drummond, K. Ellis, R. Hachimura, T. Hardaway Jr., T. Harris, I. Hartenstein, A. Hukporti, M. Robinson, C. White, K. Williams, T. Young"
2026-07-07 17:11:56,DOCS,ADDED,"2026-27 Veteran Signings  + ADDED  Update 1.2 (7/7/26): P. Achiuwa, K. Anderson, T. Bryant, M. Conley, A. Drummond, K. Ellis, R. Hachimura, T. Hardaway Jr., T. Harris, I. Hartenstein, A. Hukporti, M. Robinson, C. White, K. Williams, T. Young"
2026-07-07 17:11:56,DOCS,ADDED,2026-27 Veteran Signings  + ADDED  Previous Achiuwa Sacramento Kings
2026-07-07 17:11:56,DOCS,ADDED,"2026-27 Veteran Signings  + ADDED  26-27 $3,400,000"
2026-07-07 17:11:56,DOCS,ADDED,2026-27 Veteran Signings  + ADDED  Bi-Annual Exception. Insurance Premium Reimbursement. Skill; Injury or Illness; Mental. Love of the Game. Physical Exam. Alt. 7(b).
2026-07-07 17:11:56,DOCS,ADDED,2026-27 Veteran Signings  + ADDED  Execution Date: 7/7/26
2026-07-07 17:10:58,SHEETS,REMOVED,"SAC  - REMOVED Achiuwa, Precious | 4 - CAP HOLD | 2449421.0 |  |  |  |  |  | 2449421"
2026-07-07 17:10:58,SHEETS,ADDED,"SAC  + ADDED  Achiuwa, Precious | 1 - FULL SEASON | 5477000.0 | 5750850.0 |  |  |  |  | 11227850"
2026-07-07 17:10:58,SHEETS,REMOVED,"SAC  - REMOVED TEAM SALARY (Art, I §1 (nnn)): |  | 235180936 | 125913844.3 | 51476261 | 46990836.6 | 31862067 | 0 | 491423944.9"
2026-07-07 17:10:58,SHEETS,ADDED,"SAC  + ADDED  TEAM SALARY (Art, I §1 (nnn)): |  | 238208515 | 131664694.3 | 51476261 | 46990836.6 | 31862067 | 0 | 500202373.9"
2026-07-07 17:10:58,SHEETS,REMOVED,SAC  - REMOVED Players Under Contract |  | 188729062 | 125913844.3 | 51476261 | 46990836.6 | 31862067 | 0 | BOLD = Option Year
2026-07-07 17:10:58,SHEETS,REMOVED,"SAC  - REMOVED Full Season Contracts |  | 188729062 | 125913844.3 | 51476261 | 46990836.6 | 31862067 | 0 | *=Projected Exten,,"
2026-07-07 17:10:58,SHEETS,ADDED,SAC  + ADDED  Players Under Contract |  | 194206062 | 131664694.3 | 51476261 | 46990836.6 | 31862067 | 0 | BOLD = Option Year
2026-07-07 17:10:58,SHEETS,ADDED,"SAC  + ADDED  Full Season Contracts |  | 194206062 | 131664694.3 | 51476261 | 46990836.6 | 31862067 | 0 | *=Projected Exten,,"
2026-07-07 17:10:58,SHEETS,REMOVED,SAC  - REMOVED Cap Holds |  | 36451874 | 0 | 0 | 0 | 0 | 0
2026-07-07 17:10:58,SHEETS,ADDED,SAC  + ADDED  Cap Holds |  | 34002453 | 0 | 0 | 0 | 0 | 0
2026-07-07 17:10:58,SHEETS,REMOVED,"SAC  - REMOVED Avg, Salary (Mean) (ALL Compensation Obligations) |  |  | Players Under Contract |  | 12"
2026-07-07 17:10:58,SHEETS,REMOVED,"SAC  - REMOVED Avg, Salary (Mean) (No 10-Day K's) |  |  | Avaiable Spots |  | 3"
2026-07-07 17:10:58,SHEETS,REMOVED,"SAC  - REMOVED Avg, Salary (Mean) (No 10-Day K's & ROS) |  |  | Players to Reach Roster Min, |  | 1"
2026-07-07 17:10:58,SHEETS,REMOVED,SAC  - REMOVED  |  |  | Cap Holds |  | 10
2026-07-07 17:10:58,SHEETS,ADDED,"SAC  + ADDED  Avg, Salary (Mean) (ALL Compensation Obligations) |  |  | Players Under Contract |  | 13"
2026-07-07 17:10:58,SHEETS,ADDED,"SAC  + ADDED  Avg, Salary (Mean) (No 10-Day K's) |  |  | Avaiable Spots |  | 2"
2026-07-07 17:10:58,SHEETS,ADDED,"SAC  + ADDED  Avg, Salary (Mean) (No 10-Day K's & ROS) |  |  | Players to Reach Roster Min, |  | 0"
2026-07-07 17:10:58,SHEETS,ADDED,SAC  + ADDED   |  |  | Cap Holds |  | 9
2026-07-07 17:10:58,SHEETS,REMOVED,Luxury Tax Calculator  - REMOVED Luxury Tax | 0 | 13628752 | 0 | 0 | 0 | 0 | 0 | 23501723 | 0 | 0 | 0 | 10706857.6 | 0 | 0 | 0 | 10244835 | 0 | 2536082 | 435790.92 | 15515049 | 64457758 | 29970320.04 | 17700978.3 | 702276.5238 | 6712130.274 | 10834062 | 0 | 8767635.14 | 0 | 0
2026-07-07 17:10:58,SHEETS,ADDED,Luxury Tax Calculator  + ADDED  Luxury Tax | 0 | 13628752 | 0 | 0 | 0 | 0 | 0 | 23501723 | 0 | 0 | 0 | 10706857.6 | 0 | 0 | 0 | 10244835 | 0 | 2536082 | 435790.92 | 15515049 | 64457758 | 29970320.04 | 17700978.3 | 702276.5238 | 6712130.274 | 16311062 | 0 | 8767635.14 | 0 | 0
2026-07-07 17:10:58,SHEETS,REMOVED,Luxury Tax Calculator  - REMOVED 2nd Incremental Tax Bracket | 0 | 18476250 | 0 | 0 | 0 | 0 | 0 | 18476250 | 0 | 0 | 0 | 6277322 | 0 | 0 | 0 | 5699793.75 | 0 | 0 | 0 | 7106250 | 7106250 | 7106250 | 7106250 | 0 | 1283912.843 | 6436327.5 | 0 | 3853293.925 | 0 | 0
2026-07-07 17:10:58,SHEETS,REMOVED,Luxury Tax Calculator  - REMOVED 3rd Incremental Tax Bracket | 0 | 12423136 | 0 | 0 | 0 | 0 | 0 | 31267500 | 0 | 0 | 0 | 0 | 0 | 0 | 0 | 0 | 0 | 0 | 0 | 14507671.5 | 19897500 | 19897500 | 19897500 | 0 | 0 | 0 | 0 | 0 | 0 | 0
2026-07-07 17:10:58,SHEETS,ADDED,Luxury Tax Calculator  + ADDED  2nd Incremental Tax Bracket | 0 | 18476250 | 0 | 0 | 0 | 0 | 0 | 18476250 | 0 | 0 | 0 | 6277322 | 0 | 0 | 0 | 5699793.75 | 0 | 0 | 0 | 7106250 | 7106250 | 7106250 | 7106250 | 0 | 1283912.843 | 7106250 | 0 | 3853293.925 | 0 | 0
2026-07-07 17:10:58,SHEETS,ADDED,Luxury Tax Calculator  + ADDED  3rd Incremental Tax Bracket | 0 | 12423136 | 0 | 0 | 0 | 0 | 0 | 31267500 | 0 | 0 | 0 | 0 | 0 | 0 | 0 | 0 | 0 | 0 | 0 | 14507671.5 | 19897500 | 19897500 | 19897500 | 0 | 0 | 17293717 | 0 | 0 | 0 | 0
2026-07-07 17:10:58,SHEETS,REMOVED,Luxury Tax Calculator  - REMOVED Tax Liability | 0 | 47954386 | 0 | 0 | 0 | 0 | 0 | 110694991.8 | 0 | 0 | 0 | 11962322 | 0 | 0 | 0 | 11384793.75 | 0 | 2536082 | 435790.92 | 27298921.5 | 237348750 | 98424340.23 | 35757146.93 | 2106829.571 | 6968912.843 | 12121327.5 | 0 | 9538293.925 | 0 | 0
2026-07-07 17:10:58,SHEETS,ADDED,Luxury Tax Calculator  + ADDED  Tax Liability | 0 | 47954386 | 0 | 0 | 0 | 0 | 0 | 110694991.8 | 0 | 0 | 0 | 11962322 | 0 | 0 | 0 | 11384793.75 | 0 | 2536082 | 435790.92 | 27298921.5 | 237348750 | 98424340.23 | 35757146.93 | 2106829.571 | 6968912.843 | 30084967 | 0 | 9538293.925 | 0 | 0
2026-07-07 17:10:55,TRANSACTIONS,Trade,2026-07-07  Los Angeles Lakers received guard Jaden Hardy from Washington Wizards.
2026-07-07 17:10:55,TRANSACTIONS,Trade,2026-07-07  Los Angeles Lakers received draft consideration from Washington Wizards.
2026-07-07 17:10:55,TRANSACTIONS,Trade,2026-07-07  Washington Wizards received center Deandre Ayton from Los Angeles Lakers.
2026-07-07 17:09:55,DOCS,REMOVED,"2026-27 Veteran Signings  - REMOVED 29-30 $58,396,194 (Pla"
2026-07-07 17:09:55,DOCS,REMOVED,"2026-27 Veteran Signings  - REMOVED 3 Years for $74,000,000. Bird Exception. Advance Payment ($7,400,000). Insurance Premium Reimbursement. Skill; Injury or Illness; Mental. Love of the Game. Physical Exam. Alt. 7(b)."
2026-07-07 17:09:55,DOCS,ADDED,"2026-27 Veteran Signings  + ADDED  29-30 $58,396,194 (Player Option)"
2026-07-07 17:09:55,DOCS,ADDED,"2026-27 Veteran Signings  + ADDED  4 Years for $212,799,690. Bird Exception. Max Contract. Player option to extend the contract to include the 2029-30 Season. Insurance Premium Reimbursement. Skill; Injury or Illness; Mental. Trade Kicker (7.5%). Love of the Game. Physical Exam. Alt. 7(b)."
2026-07-07 17:08:56,DOCS,REMOVED,"2026-27 Veteran Signings  - REMOVED 26-27 $26,811,593"
2026-07-07 17:08:56,DOCS,REMOVED,"2026-27 Veteran Signings  - REMOVED 27-28 $24,666,667"
2026-07-07 17:08:56,DOCS,REMOVED,"2026-27 Veteran Signings  - REMOVED 28-29 $22,521,740"
2026-07-07 17:08:56,DOCS,ADDED,"2026-27 Veteran Signings  + ADDED  26-27 $49,488,300"
2026-07-07 17:08:56,DOCS,ADDED,"2026-27 Veteran Signings  + ADDED  27-28 $50,478,066"
2026-07-07 17:08:56,DOCS,ADDED,"2026-27 Veteran Signings  + ADDED  28-29 $54,437,130"
2026-07-07 17:08:56,DOCS,ADDED,"2026-27 Veteran Signings  + ADDED  29-30 $58,396,194 (Pla"
2026-07-07 17:07:56,DOCS,REMOVED,"2026-27 Veteran Signings  - REMOVED Update 1.2 (7/7/26): K. Anderson, T. Bryant, M. Conley, A. Drummond, K. Ellis, R. Hachimura, T. Hardaway Jr., T. Harris, I. Hartenstein, A. Hukporti, M. Robinson, C. White, K. Williams"
2026-07-07 17:07:56,DOCS,ADDED,"2026-27 Veteran Signings  + ADDED  Update 1.2 (7/7/26): K. Anderson, T. Bryant, M. Conley, A. Drummond, K. Ellis, R. Hachimura, T. Hardaway Jr., T. Harris, I. Hartenstein, A. Hukporti, M. Robinson, C. White, K. Williams, T. Young"
2026-07-07 17:07:56,DOCS,ADDED,2026-27 Veteran Signings  + ADDED  Trae Young Washington Wizards
2026-07-07 17:07:56,DOCS,ADDED,"2026-27 Veteran Signings  + ADDED  26-27 $26,811,593"
2026-07-07 17:07:56,DOCS,ADDED,"2026-27 Veteran Signings  + ADDED  27-28 $24,666,667"
2026-07-07 17:07:56,DOCS,ADDED,"2026-27 Veteran Signings  + ADDED  28-29 $22,521,740"
2026-07-07 17:07:56,DOCS,ADDED,"2026-27 Veteran Signings  + ADDED  3 Years for $74,000,000. Bird Exception. Advance Payment ($7,400,000). Insurance Premium Reimbursement. Skill; Injury or Illness; Mental. Love of the Game. Physical Exam. Alt. 7(b)."
2026-07-07 17:07:56,DOCS,ADDED,2026-27 Veteran Signings  + ADDED  Execution Date: 7/6/26
2026-07-07 17:07:00,SHEETS,ADDED,"WAS  + ADDED  Young, Trae | 1 - FULL SEASON | 49488300.0 | 50478066.0 | 54437130.0 | 58396194.0 |  |  | 212799690"
2026-07-07 17:07:00,SHEETS,REMOVED,"WAS  - REMOVED Young, Trae | 4 - CAP HOLD | 49488300.0 | 50478066.0 | 54437130.0 | 58396194.0 |  |  | 212799690"
2026-07-07 17:07:00,SHEETS,REMOVED,"WAS  - REMOVED Watkins, Jamir | 5 - QUAL OFFER | 2385116.0 |  |  |  |  |  | 2385116"
2026-07-07 17:07:00,SHEETS,REMOVED,"WAS  - REMOVED TEAM SALARY (Art, I §1 (nnn)): |  | 236748071.4 | 181986692.5 | 88305732 | 78853447.44 | 0 | 0 | 585893943.4"
2026-07-07 17:07:00,SHEETS,ADDED,WAS  + ADDED   |  |  |  |  |  |  |  | 0
2026-07-07 17:07:00,SHEETS,ADDED,"WAS  + ADDED  TEAM SALARY (Art, I §1 (nnn)): |  | 234362955.4 | 181986692.5 | 88305732 | 78853447.44 | 0 | 0 | 583508827.4"
2026-07-07 17:07:00,SHEETS,REMOVED,WAS  - REMOVED Players Under Contract |  | 138257241.9 | 131508626.5 | 33868602 | 20457253.44 | 0 | 0 | BOLD = Option Year
2026-07-07 17:07:00,SHEETS,REMOVED,"WAS  - REMOVED Full Season Contracts |  | 138257241.9 | 131508626.5 | 33868602 | 20457253.44 | 0 | 0 | *=Projected Exten,,"
2026-07-07 17:07:00,SHEETS,ADDED,WAS  + ADDED  Players Under Contract |  | 187745541.9 | 181986692.5 | 88305732 | 78853447.44 | 0 | 0 | BOLD = Option Year
2026-07-07 17:07:00,SHEETS,ADDED,"WAS  + ADDED  Full Season Contracts |  | 187745541.9 | 181986692.5 | 88305732 | 78853447.44 | 0 | 0 | *=Projected Exten,,"
2026-07-07 17:07:00,SHEETS,REMOVED,WAS  - REMOVED Cap Holds |  | 96105713.5 | 50478066 | 54437130 | 58396194 | 0 | 0
2026-07-07 17:07:00,SHEETS,REMOVED,WAS  - REMOVED Qualifying Offers |  | 2385116 | 0 | 0 | 0 | 0 | 0
2026-07-07 17:07:00,SHEETS,ADDED,WAS  + ADDED  Cap Holds |  | 46617413.5 | 0 | 0 | 0 | 0 | 0
2026-07-07 17:07:00,SHEETS,ADDED,WAS  + ADDED  Qualifying Offers |  | 0 | 0 | 0 | 0 | 0 | 0
2026-07-07 17:07:00,SHEETS,REMOVED,"WAS  - REMOVED Avg, Salary (Mean) (ALL Compensation Obligations) |  |  | Players Under Contract |  | 13"
2026-07-07 17:07:00,SHEETS,REMOVED,"WAS  - REMOVED Avg, Salary (Mean) (No 10-Day K's) |  |  | Avaiable Spots |  | 2"
2026-07-07 17:07:00,SHEETS,ADDED,"WAS  + ADDED  Avg, Salary (Mean) (ALL Compensation Obligations) |  |  | Players Under Contract |  | 14"
2026-07-07 17:07:00,SHEETS,ADDED,"WAS  + ADDED  Avg, Salary (Mean) (No 10-Day K's) |  |  | Avaiable Spots |  | 1"
2026-07-07 17:07:00,SHEETS,REMOVED,WAS  - REMOVED  |  |  | Cap Holds |  | 10
2026-07-07 17:07:00,SHEETS,ADDED,WAS  + ADDED   |  |  | Cap Holds |  | 9
2026-07-07 17:05:58,SHEETS,REMOVED,"WAS  - REMOVED Young, Trae | 4 - CAP HOLD | 49488300.0 |  |  |  |  |  | 49488300"
2026-07-07 17:05:58,SHEETS,ADDED,"WAS  + ADDED  Young, Trae | 4 - CAP HOLD | 49488300.0 | 50478066.0 | 54437130.0 | 58396194.0 |  |  | 212799690"
2026-07-07 17:05:58,SHEETS,REMOVED,"WAS  - REMOVED TEAM SALARY (Art, I §1 (nnn)): |  | 236748071.4 | 131508626.5 | 33868602 | 20457253.44 | 0 | 0 | 422582553.4"
2026-07-07 17:05:58,SHEETS,ADDED,"WAS  + ADDED  TEAM SALARY (Art, I §1 (nnn)): |  | 236748071.4 | 181986692.5 | 88305732 | 78853447.44 | 0 | 0 | 585893943.4"
2026-07-07 17:05:58,SHEETS,REMOVED,WAS  - REMOVED Cap Holds |  | 96105713.5 | 0 | 0 | 0 | 0 | 0
2026-07-07 17:05:58,SHEETS,ADDED,WAS  + ADDED  Cap Holds |  | 96105713.5 | 50478066 | 54437130 | 58396194 | 0 | 0
2026-07-07 16:59:55,DOCS,REMOVED,"2026-27 Veteran Signings  - REMOVED 3 Years for $47,388,600. Non-Taxpayer Mid-Level Exception. Player option to extend the contract toInsurance Premium Reimbursement. Skill; Injury or Illness. Love of the Game. Physical Exam. Alt. 7(b)."
2026-07-07 16:59:55,DOCS,ADDED,"2026-27 Veteran Signings  + ADDED  3 Years for $47,388,600. Non-Taxpayer Mid-Level Exception. Player option to extend the contract to include the 2028-29 Season. Insurance Premium Reimbursement. Skill; Injury or Illness; Mental. Love of the Game. Physical Exam. Alt. 7(b)."
2026-07-07 16:58:55,DOCS,REMOVED,"2026-27 Veteran Signings  - REMOVED Update 1.2 (7/7/26): K. Anderson, T. Bryant, M. Conley, A. Drummond, K. Ellis, R. Hachimura, T. Hardaway Jr., T. Harris, I. Hartenstein, A. Hukporti, C. White, K. Williams"
2026-07-07 16:58:55,DOCS,ADDED,"2026-27 Veteran Signings  + ADDED  Update 1.2 (7/7/26): K. Anderson, T. Bryant, M. Conley, A. Drummond, K. Ellis, R. Hachimura, T. Hardaway Jr., T. Harris, I. Hartenstein, A. Hukporti, M. Robinson, C. White, K. Williams"
2026-07-07 16:58:55,DOCS,ADDED,2026-27 Veteran Signings  + ADDED  Mitchell Robinson Boston Celtics
2026-07-07 16:58:55,DOCS,ADDED,"2026-27 Veteran Signings  + ADDED  26-27 $15,044,000"
2026-07-07 16:58:55,DOCS,ADDED,"2026-27 Veteran Signings  + ADDED  27-28 $15,796,200"
2026-07-07 16:58:55,DOCS,ADDED,"2026-27 Veteran Signings  + ADDED  28-29 $16,548,400 (Player Option)"
2026-07-07 16:58:55,DOCS,ADDED,"2026-27 Veteran Signings  + ADDED  3 Years for $47,388,600. Non-Taxpayer Mid-Level Exception. Player option to extend the contract toInsurance Premium Reimbursement. Skill; Injury or Illness. Love of the Game. Physical Exam. Alt. 7(b)."
2026-07-07 16:58:55,DOCS,ADDED,2026-27 Veteran Signings  + ADDED  Execution Date: 7/6/26
2026-07-07 16:57:58,SHEETS,REMOVED,"BOS  - REMOVED Robinson, Mitchell | 1 - FULL SEASON | 10848215.0 | 11651785.0 | 12455356.0 |  |  |  | 34955356"
2026-07-07 16:57:58,SHEETS,ADDED,"BOS  + ADDED  Robinson, Mitchell | 1 - FULL SEASON | 15044000.0 | 15796200.0 | 16548400.0 |  |  |  | 47388600"
2026-07-07 16:57:58,SHEETS,REMOVED,"BOS  - REMOVED TEAM SALARY (Art, I §1 (nnn)): |  | 206597041 | 210538055.2 | 152652803 | 95656742.6 | 15500000 | 0 | 680944641.8"
2026-07-07 16:57:58,SHEETS,ADDED,"BOS  + ADDED  TEAM SALARY (Art, I §1 (nnn)): |  | 210792826 | 214682470.2 | 156745847 | 95656742.6 | 15500000 | 0 | 693377885.8"
2026-07-07 16:57:58,SHEETS,REMOVED,BOS  - REMOVED Players Under Contract |  | 197327967 | 210538055.2 | 152652803 | 95656742.6 | 15500000 | 0 | BOLD = Option Year
2026-07-07 16:57:58,SHEETS,REMOVED,"BOS  - REMOVED Full Season Contracts |  | 197327967 | 210538055.2 | 152652803 | 95656742.6 | 15500000 | 0 | *=Projected Exten,,"
2026-07-07 16:57:58,SHEETS,ADDED,BOS  + ADDED  Players Under Contract |  | 201523752 | 214682470.2 | 156745847 | 95656742.6 | 15500000 | 0 | BOLD = Option Year
2026-07-07 16:57:58,SHEETS,ADDED,"BOS  + ADDED  Full Season Contracts |  | 201523752 | 214682470.2 | 156745847 | 95656742.6 | 15500000 | 0 | *=Projected Exten,,"
2026-07-07 16:57:58,SHEETS,REMOVED,Luxury Tax Calculator  - REMOVED Luxury Tax | 0 | 9432967 | 0 | 0 | 0 | 0 | 0 | 23501723 | 0 | 0 | 0 | 10706857.6 | 0 | 0 | 0 | 10244835 | 0 | 2536082 | 435790.92 | 15515049 | 64457758 | 29970320.04 | 17700978.3 | 702276.5238 | 6712130.274 | 10834062 | 0 | 8767635.14 | 0 | 0
2026-07-07 16:57:58,SHEETS,ADDED,Luxury Tax Calculator  + ADDED  Luxury Tax | 0 | 13628752 | 0 | 0 | 0 | 0 | 0 | 23501723 | 0 | 0 | 0 | 10706857.6 | 0 | 0 | 0 | 10244835 | 0 | 2536082 | 435790.92 | 15515049 | 64457758 | 29970320.04 | 17700978.3 | 702276.5238 | 6712130.274 | 10834062 | 0 | 8767635.14 | 0 | 0
2026-07-07 16:57:58,SHEETS,REMOVED,Luxury Tax Calculator  - REMOVED 2nd Incremental Tax Bracket | 0 | 12180892.75 | 0 | 0 | 0 | 0 | 0 | 18476250 | 0 | 0 | 0 | 6277322 | 0 | 0 | 0 | 5699793.75 | 0 | 0 | 0 | 7106250 | 7106250 | 7106250 | 7106250 | 0 | 1283912.843 | 6436327.5 | 0 | 3853293.925 | 0 | 0
2026-07-07 16:57:58,SHEETS,REMOVED,Luxury Tax Calculator  - REMOVED 3rd Incremental Tax Bracket | 0 | 0 | 0 | 0 | 0 | 0 | 0 | 31267500 | 0 | 0 | 0 | 0 | 0 | 0 | 0 | 0 | 0 | 0 | 0 | 14507671.5 | 19897500 | 19897500 | 19897500 | 0 | 0 | 0 | 0 | 0 | 0 | 0
2026-07-07 16:57:58,SHEETS,ADDED,Luxury Tax Calculator  + ADDED  2nd Incremental Tax Bracket | 0 | 18476250 | 0 | 0 | 0 | 0 | 0 | 18476250 | 0 | 0 | 0 | 6277322 | 0 | 0 | 0 | 5699793.75 | 0 | 0 | 0 | 7106250 | 7106250 | 7106250 | 7106250 | 0 | 1283912.843 | 6436327.5 | 0 | 3853293.925 | 0 | 0
2026-07-07 16:57:58,SHEETS,ADDED,Luxury Tax Calculator  + ADDED  3rd Incremental Tax Bracket | 0 | 12423136 | 0 | 0 | 0 | 0 | 0 | 31267500 | 0 | 0 | 0 | 0 | 0 | 0 | 0 | 0 | 0 | 0 | 0 | 14507671.5 | 19897500 | 19897500 | 19897500 | 0 | 0 | 0 | 0 | 0 | 0 | 0
2026-07-07 16:57:58,SHEETS,REMOVED,Luxury Tax Calculator  - REMOVED Tax Liability | 0 | 29235892.75 | 0 | 0 | 0 | 0 | 0 | 110694991.8 | 0 | 0 | 0 | 11962322 | 0 | 0 | 0 | 11384793.75 | 0 | 2536082 | 435790.92 | 27298921.5 | 237348750 | 98424340.23 | 35757146.93 | 2106829.571 | 6968912.843 | 12121327.5 | 0 | 9538293.925 | 0 | 0
2026-07-07 16:57:58,SHEETS,ADDED,Luxury Tax Calculator  + ADDED  Tax Liability | 0 | 47954386 | 0 | 0 | 0 | 0 | 0 | 110694991.8 | 0 | 0 | 0 | 11962322 | 0 | 0 | 0 | 11384793.75 | 0 | 2536082 | 435790.92 | 27298921.5 | 237348750 | 98424340.23 | 35757146.93 | 2106829.571 | 6968912.843 | 12121327.5 | 0 | 9538293.925 | 0 | 0
2026-07-07 16:56:57,SHEETS,ADDED,"BOS  + ADDED  Robinson, Mitchell | 1 - FULL SEASON | 10848215.0 | 11651785.0 | 12455356.0 |  |  |  | 34955356"
2026-07-07 16:56:57,SHEETS,REMOVED,BOS  - REMOVED  |  |  |  |  |  |  |  | 0
2026-07-07 16:56:57,SHEETS,REMOVED,"BOS  - REMOVED TEAM SALARY (Art, I §1 (nnn)): |  | 195748826 | 198886270.2 | 140197447 | 95656742.6 | 15500000 | 0 | 645989285.8"
2026-07-07 16:56:57,SHEETS,ADDED,"BOS  + ADDED  TEAM SALARY (Art, I §1 (nnn)): |  | 206597041 | 210538055.2 | 152652803 | 95656742.6 | 15500000 | 0 | 680944641.8"
2026-07-07 16:56:57,SHEETS,REMOVED,BOS  - REMOVED Players Under Contract |  | 186479752 | 198886270.2 | 140197447 | 95656742.6 | 15500000 | 0 | BOLD = Option Year
2026-07-07 16:56:57,SHEETS,REMOVED,"BOS  - REMOVED Full Season Contracts |  | 186479752 | 198886270.2 | 140197447 | 95656742.6 | 15500000 | 0 | *=Projected Exten,,"
2026-07-07 16:56:57,SHEETS,ADDED,BOS  + ADDED  Players Under Contract |  | 197327967 | 210538055.2 | 152652803 | 95656742.6 | 15500000 | 0 | BOLD = Option Year
2026-07-07 16:56:57,SHEETS,ADDED,"BOS  + ADDED  Full Season Contracts |  | 197327967 | 210538055.2 | 152652803 | 95656742.6 | 15500000 | 0 | *=Projected Exten,,"
2026-07-07 16:56:57,SHEETS,REMOVED,"BOS  - REMOVED Avg, Salary (Mean) (ALL Compensation Obligations) |  |  | Players Under Contract |  | 14"
2026-07-07 16:56:57,SHEETS,REMOVED,"BOS  - REMOVED Avg, Salary (Mean) (No 10-Day K's) |  |  | Avaiable Spots |  | 1"
2026-07-07 16:56:57,SHEETS,ADDED,"BOS  + ADDED  Avg, Salary (Mean) (ALL Compensation Obligations) |  |  | Players Under Contract |  | 15"
2026-07-07 16:56:57,SHEETS,ADDED,"BOS  + ADDED  Avg, Salary (Mean) (No 10-Day K's) |  |  | Avaiable Spots |  | 0"
2026-07-07 16:56:57,SHEETS,REMOVED,Luxury Tax Calculator  - REMOVED Luxury Tax | 0 | 0 | 0 | 0 | 0 | 0 | 0 | 23501723 | 0 | 0 | 0 | 10706857.6 | 0 | 0 | 0 | 10244835 | 0 | 2536082 | 435790.92 | 15515049 | 64457758 | 29970320.04 | 17700978.3 | 702276.5238 | 6712130.274 | 10834062 | 0 | 8767635.14 | 0 | 0
2026-07-07 16:56:57,SHEETS,REMOVED,Luxury Tax Calculator  - REMOVED 1st Incremental Tax Bracket | 0 | 0 | 0 | 0 | 0 | 0 | 0 | 17055000 | 0 | 0 | 0 | 5685000 | 0 | 0 | 0 | 5685000 | 0 | 2536082 | 435790.92 | 5685000 | 5685000 | 5685000 | 5685000 | 2106829.571 | 5685000 | 5685000 | 0 | 5685000 | 0 | 0
2026-07-07 16:56:57,SHEETS,REMOVED,Luxury Tax Calculator  - REMOVED 2nd Incremental Tax Bracket | 0 | 0 | 0 | 0 | 0 | 0 | 0 | 18476250 | 0 | 0 | 0 | 6277322 | 0 | 0 | 0 | 5699793.75 | 0 | 0 | 0 | 7106250 | 7106250 | 7106250 | 7106250 | 0 | 1283912.843 | 6436327.5 | 0 | 3853293.925 | 0 | 0
2026-07-07 16:56:57,SHEETS,ADDED,Luxury Tax Calculator  + ADDED  Luxury Tax | 0 | 9432967 | 0 | 0 | 0 | 0 | 0 | 23501723 | 0 | 0 | 0 | 10706857.6 | 0 | 0 | 0 | 10244835 | 0 | 2536082 | 435790.92 | 15515049 | 64457758 | 29970320.04 | 17700978.3 | 702276.5238 | 6712130.274 | 10834062 | 0 | 8767635.14 | 0 | 0
2026-07-07 16:56:57,SHEETS,ADDED,Luxury Tax Calculator  + ADDED  1st Incremental Tax Bracket | 0 | 17055000 | 0 | 0 | 0 | 0 | 0 | 17055000 | 0 | 0 | 0 | 5685000 | 0 | 0 | 0 | 5685000 | 0 | 2536082 | 435790.92 | 5685000 | 5685000 | 5685000 | 5685000 | 2106829.571 | 5685000 | 5685000 | 0 | 5685000 | 0 | 0
2026-07-07 16:56:57,SHEETS,ADDED,Luxury Tax Calculator  + ADDED  2nd Incremental Tax Bracket | 0 | 12180892.75 | 0 | 0 | 0 | 0 | 0 | 18476250 | 0 | 0 | 0 | 6277322 | 0 | 0 | 0 | 5699793.75 | 0 | 0 | 0 | 7106250 | 7106250 | 7106250 | 7106250 | 0 | 1283912.843 | 6436327.5 | 0 | 3853293.925 | 0 | 0
2026-07-07 16:56:57,SHEETS,REMOVED,Luxury Tax Calculator  - REMOVED Tax Liability | 0 | 0 | 0 | 0 | 0 | 0 | 0 | 110694991.8 | 0 | 0 | 0 | 11962322 | 0 | 0 | 0 | 11384793.75 | 0 | 2536082 | 435790.92 | 27298921.5 | 237348750 | 98424340.23 | 35757146.93 | 2106829.571 | 6968912.843 | 12121327.5 | 0 | 9538293.925 | 0 | 0
2026-07-07 16:56:57,SHEETS,ADDED,Luxury Tax Calculator  + ADDED  Tax Liability | 0 | 29235892.75 | 0 | 0 | 0 | 0 | 0 | 110694991.8 | 0 | 0 | 0 | 11962322 | 0 | 0 | 0 | 11384793.75 | 0 | 2536082 | 435790.92 | 27298921.5 | 237348750 | 98424340.23 | 35757146.93 | 2106829.571 | 6968912.843 | 12121327.5 | 0 | 9538293.925 | 0 | 0
2026-07-07 16:51:55,DOCS,REMOVED,2026-27 Veteran Signings  - REMOVED Execution Date: 7/9/26
2026-07-07 16:51:55,DOCS,ADDED,2026-27 Veteran Signings  + ADDED  Execution Date: 7/6/26
2026-07-07 16:50:56,DOCS,REMOVED,2026-27 Veteran Signings  - REMOVED Tobias Los Angeles Clippers
2026-07-07 16:50:56,DOCS,REMOVED,"2026-27 Veteran Signings  - REMOVED 26-27 $14,000,000"
2026-07-07 16:50:56,DOCS,REMOVED,"2026-27 Veteran Signings  - REMOVED 27-28 $14,000,000 (Team Option)"
2026-07-07 16:50:56,DOCS,REMOVED,"2026-27 Veteran Signings  - REMOVED 2 Years for $28,000,000. Non-Taxpayer Mid-Level Exception (Partial). Team option to extend the contract to include the 2027-28 Season. Insurance Premium Reimbursement. Skill; Injury or Illness; Mental. Love of the Game. Physical Exam. Alt. 7(b)."
2026-07-07 16:50:56,DOCS,REMOVED,2026-27 Veteran Signings  - REMOVED Execution Date: 7/6/26
2026-07-07 16:50:56,DOCS,ADDED,2026-27 Veteran Signings  + ADDED  Tobias Harris San Antonio Spurs
2026-07-07 16:50:56,DOCS,ADDED,"2026-27 Veteran Signings  + ADDED  26-27 $15,044,000"
2026-07-07 16:50:56,DOCS,ADDED,"2026-27 Veteran Signings  + ADDED  27-28 $15,796,200"
2026-07-07 16:50:56,DOCS,ADDED,"2026-27 Veteran Signings  + ADDED  2 Years for $30,840,200. Non-Taxpayer Mid-Level Exception. Insurance Premium Reimbursement. Skill; Injury or Illness. Love of the Game. Physical Exam. Alt. 7(b)."
2026-07-07 16:50:56,DOCS,ADDED,2026-27 Veteran Signings  + ADDED  Execution Date: 7/9/26
2026-07-07 16:49:57,SHEETS,ADDED,"SAN  + ADDED  Harris, Tobias | 1 - FULL SEASON | 15044000.0 | 15796200.0 |  |  |  |  | 30840200"
2026-07-07 16:49:57,SHEETS,REMOVED,"SAN  - REMOVED Harris, Tobias | 1 - FULL SEASON | 15044000.0 | 15796200.0 |  |  |  |  | 30840200"
2026-07-07 16:49:56,DOCS,REMOVED,"2026-27 Veteran Signings  - REMOVED Update 1.2 (7/7/26): K. Anderson, T. Bryant, M. Conley, A. Drummond, K. Ellis, R. Hachimura, T. Hardaway Jr., I. Hartenstein, A. Hukporti, C. White, K. Williams"
2026-07-07 16:49:56,DOCS,ADDED,"2026-27 Veteran Signings  + ADDED  Update 1.2 (7/7/26): K. Anderson, T. Bryant, M. Conley, A. Drummond, K. Ellis, R. Hachimura, T. Hardaway Jr., T. Harris, I. Hartenstein, A. Hukporti, C. White, K. Williams"
2026-07-07 16:49:56,DOCS,ADDED,2026-27 Veteran Signings  + ADDED  Execution Date: 7/6/26
2026-07-07 16:49:56,DOCS,ADDED,2026-27 Veteran Signings  + ADDED  Tobias Los Angeles Clippers
2026-07-07 16:49:56,DOCS,ADDED,"2026-27 Veteran Signings  + ADDED  26-27 $14,000,000"
2026-07-07 16:49:56,DOCS,ADDED,"2026-27 Veteran Signings  + ADDED  27-28 $14,000,000 (Team Option)"
2026-07-07 16:49:56,DOCS,ADDED,"2026-27 Veteran Signings  + ADDED  2 Years for $28,000,000. Non-Taxpayer Mid-Level Exception (Partial). Team option to extend the contract to include the 2027-28 Season. Insurance Premium Reimbursement. Skill; Injury or Illness; Mental. Love of the Game. Physical Exam. Alt. 7(b)."
2026-07-07 16:49:00,SHEETS,ADDED,"SAN  + ADDED  Harris, Tobias | 1 - FULL SEASON | 15044000.0 | 15796200.0 |  |  |  |  | 30840200"
2026-07-07 16:49:00,SHEETS,REMOVED,SAN  - REMOVED  |  |  |  |  |  |  |  | 0
2026-07-07 16:49:00,SHEETS,REMOVED,"SAN  - REMOVED TEAM SALARY (Art, I §1 (nnn)): |  | 236629961.5 | 142452998.8 | 141740319 | 74087330.4 | 0 | 0 | 594910609.7"
2026-07-07 16:49:00,SHEETS,ADDED,"SAN  + ADDED  TEAM SALARY (Art, I §1 (nnn)): |  | 251673961.5 | 158249198.8 | 141740319 | 74087330.4 | 0 | 0 | 625750809.7"
2026-07-07 16:49:00,SHEETS,REMOVED,SAN  - REMOVED Players Under Contract |  | 172786545.7 | 142452998.8 | 141740319 | 74087330.4 | 0 | 0 | BOLD = Option Year
2026-07-07 16:49:00,SHEETS,REMOVED,"SAN  - REMOVED Full Season Contracts |  | 172786545.7 | 142452998.8 | 141740319 | 74087330.4 | 0 | 0 | *=Projected Exten,,"
2026-07-07 16:49:00,SHEETS,ADDED,SAN  + ADDED  Players Under Contract |  | 187830545.7 | 158249198.8 | 141740319 | 74087330.4 | 0 | 0 | BOLD = Option Year
2026-07-07 16:49:00,SHEETS,ADDED,"SAN  + ADDED  Full Season Contracts |  | 187830545.7 | 158249198.8 | 141740319 | 74087330.4 | 0 | 0 | *=Projected Exten,,"
2026-07-07 16:49:00,SHEETS,REMOVED,"SAN  - REMOVED Avg, Salary (Mean) (ALL Compensation Obligations) |  |  | Players Under Contract |  | 11"
2026-07-07 16:49:00,SHEETS,REMOVED,"SAN  - REMOVED Avg, Salary (Mean) (No 10-Day K's) |  |  | Avaiable Spots |  | 4"
2026-07-07 16:49:00,SHEETS,REMOVED,"SAN  - REMOVED Avg, Salary (Mean) (No 10-Day K's & ROS) |  |  | Players to Reach Roster Min, |  | 2"
2026-07-07 16:49:00,SHEETS,ADDED,"SAN  + ADDED  Avg, Salary (Mean) (ALL Compensation Obligations) |  |  | Players Under Contract |  | 12"
2026-07-07 16:49:00,SHEETS,ADDED,"SAN  + ADDED  Avg, Salary (Mean) (No 10-Day K's) |  |  | Avaiable Spots |  | 3"
2026-07-07 16:49:00,SHEETS,ADDED,"SAN  + ADDED  Avg, Salary (Mean) (No 10-Day K's & ROS) |  |  | Players to Reach Roster Min, |  | 1"
2026-07-07 16:37:55,TRANSACTIONS,Signing,2026-07-07  LA Clippers re-signed guard Kobe Sanders to a Contract.
2026-07-07 16:36:54,PLAYERS,REMOVED,- REMOVED Marcus Smart (LAL)
2026-07-07 16:36:54,PLAYERS,REMOVED,- REMOVED Luke Kennard (LAL)
2026-07-07 16:36:54,PLAYERS,REMOVED,- REMOVED Maxi Kleber (LAL)
2026-07-07 16:36:54,PLAYERS,REMOVED,- REMOVED Nick Smith Jr. (LAL)
2026-07-07 16:36:54,PLAYERS,REMOVED,- REMOVED LeBron James (LAL)
2026-07-07 16:36:54,PLAYERS,REMOVED,- REMOVED Jaxson Hayes (LAL)
2026-07-07 16:36:54,PLAYERS,REMOVED,- REMOVED Drew Timme (LAL)
2026-07-07 16:32:56,DOCS,REMOVED,"2026-27 Veteran Signings  - REMOVED 2 Years for $28,000,000. Non-Taxpayer Mid-Level Exception (Partial). Team option to extend the contract to include the 2027-28 Skill; Injury or Illness; Mental; Death. Love of the Game. Physical Exam."
2026-07-07 16:32:56,DOCS,ADDED,"2026-27 Veteran Signings  + ADDED  2 Years for $28,000,000. Non-Taxpayer Mid-Level Exception (Partial). Team option to extend the contract to include the 2027-28 Season. Insurance Premium Reimbursement. Skill; Injury or Illness; Mental. Love of the Game. Physical Exam. Alt. 7(b)."
2026-07-07 16:31:57,DOCS,ADDED,2026-27 Veteran Signings  + ADDED  Rui Hachimura Los Angeles Clippers
2026-07-07 16:31:57,DOCS,ADDED,"2026-27 Veteran Signings  + ADDED  26-27 $14,000,000"
2026-07-07 16:31:57,DOCS,ADDED,"2026-27 Veteran Signings  + ADDED  27-28 $14,000,000 (Team Option)"
2026-07-07 16:31:57,DOCS,ADDED,"2026-27 Veteran Signings  + ADDED  2 Years for $28,000,000. Non-Taxpayer Mid-Level Exception (Partial). Team option to extend the contract to include the 2027-28 Skill; Injury or Illness; Mental; Death. Love of the Game. Physical Exam."
2026-07-07 16:31:57,DOCS,ADDED,2026-27 Veteran Signings  + ADDED  Execution Date: 7/6/26
2026-07-07 16:30:57,SHEETS,ADDED,"LAC  + ADDED  Hachimura, Rui | 1 - FULL SEASON | 14000000.0 | 14000000.0 |  |  |  |  | 28000000"
2026-07-07 16:30:57,SHEETS,REMOVED,LAC  - REMOVED  |  |  |  |  |  |  |  | 0
2026-07-07 16:30:57,SHEETS,REMOVED,"LAC  - REMOVED TEAM SALARY (Art, I §1 (nnn)): |  | 259493210.7 | 66950645 | 16090316 | 13483363.32 | 0 | 0 | 356017535.1"
2026-07-07 16:30:57,SHEETS,ADDED,"LAC  + ADDED  TEAM SALARY (Art, I §1 (nnn)): |  | 273493210.7 | 80950645 | 16090316 | 13483363.32 | 0 | 0 | 384017535.1"
2026-07-07 16:30:57,SHEETS,REMOVED,LAC  - REMOVED Players Under Contract |  | 139666991 | 66950645 | 16090316 | 13483363.32 | 0 | 0 | BOLD = Option Year
2026-07-07 16:30:57,SHEETS,REMOVED,"LAC  - REMOVED Full Season Contracts |  | 139666991 | 66950645 | 16090316 | 13483363.32 | 0 | 0 | *=Projected Exten,,"
2026-07-07 16:30:57,SHEETS,ADDED,LAC  + ADDED  Players Under Contract |  | 153666991 | 80950645 | 16090316 | 13483363.32 | 0 | 0 | BOLD = Option Year
2026-07-07 16:30:57,SHEETS,ADDED,"LAC  + ADDED  Full Season Contracts |  | 153666991 | 80950645 | 16090316 | 13483363.32 | 0 | 0 | *=Projected Exten,,"
2026-07-07 16:30:57,SHEETS,REMOVED,"LAC  - REMOVED Avg, Salary (Mean) (ALL Compensation Obligations) |  |  | Players Under Contract |  | 9"
2026-07-07 16:30:57,SHEETS,REMOVED,"LAC  - REMOVED Avg, Salary (Mean) (No 10-Day K's) |  |  | Avaiable Spots |  | 6"
2026-07-07 16:30:57,SHEETS,REMOVED,"LAC  - REMOVED Avg, Salary (Mean) (No 10-Day K's & ROS) |  |  | Players to Reach Roster Min, |  | 4"
2026-07-07 16:30:57,SHEETS,ADDED,"LAC  + ADDED  Avg, Salary (Mean) (ALL Compensation Obligations) |  |  | Players Under Contract |  | 10"
2026-07-07 16:30:57,SHEETS,ADDED,"LAC  + ADDED  Avg, Salary (Mean) (No 10-Day K's) |  |  | Avaiable Spots |  | 5"
2026-07-07 16:30:57,SHEETS,ADDED,"LAC  + ADDED  Avg, Salary (Mean) (No 10-Day K's & ROS) |  |  | Players to Reach Roster Min, |  | 3"
2026-07-07 16:30:55,DOCS,REMOVED,"2026-27 Veteran Signings  - REMOVED Update 1.2 (7/7/26): K. Anderson, T. Bryant, M. Conley, A. Drummond, K. Ellis, T. Hardaway Jr., I. Hartenstein, A. Hukporti, C. White, K. Williams"
2026-07-07 16:30:55,DOCS,ADDED,"2026-27 Veteran Signings  + ADDED  Update 1.2 (7/7/26): K. Anderson, T. Bryant, M. Conley, A. Drummond, K. Ellis, R. Hachimura, T. Hardaway Jr., I. Hartenstein, A. Hukporti, C. White, K. Williams"
2026-07-07 16:28:56,DOCS,REMOVED,2026-27 Veteran Signings  - REMOVED Keon Ellis Oklahoma City Thunder
2026-07-07 16:28:56,DOCS,ADDED,2026-27 Veteran Signings  + ADDED  Keon Ellis Brooklyn Nets
2026-07-07 16:27:56,DOCS,REMOVED,"2026-27 Veteran Signings  - REMOVED 27-28 $25,000,000 (Player/Team Option)"
2026-07-07 16:27:56,DOCS,REMOVED,"2026-27 Veteran Signings  - REMOVED 3 Years for $75,000,000. Bird Exception. Advance Payment ($1,500,000). Player or Team option to extend the contract to include the 2028-29 Season. Insurance Premium Reimbursement. Skill; Injury or Illness; Mental. Trade Kicker (15%). Love of the Game. Physical Exam. Alt. 7(b)."
2026-07-07 16:27:56,DOCS,ADDED,"2026-27 Veteran Signings  + ADDED  27-28 $9,000,000 (Player/Team Option)"
2026-07-07 16:27:56,DOCS,ADDED,"2026-27 Veteran Signings  + ADDED  2 Years for $18,000,000. Room. Player or Team option to extend the contract to include the 2027-28 Season. Insurance Premium Reimbursement. Skill; Injury or Illness; Mental. Love of the Game. Physical Exam. Alt. 7(b)."
2026-07-07 16:26:55,DOCS,REMOVED,"2026-27 Veteran Signings  - REMOVED Update 1.2 (7/7/26): K. Anderson, T. Bryant, M. Conley, A. Drummond, T. Hardaway Jr., I. Hartenstein, A. Hukporti, C. White, K. Williams"
2026-07-07 16:26:55,DOCS,ADDED,"2026-27 Veteran Signings  + ADDED  Update 1.2 (7/7/26): K. Anderson, T. Bryant, M. Conley, A. Drummond, K. Ellis, T. Hardaway Jr., I. Hartenstein, A. Hukporti, C. White, K. Williams"
2026-07-07 16:26:55,DOCS,ADDED,2026-27 Veteran Signings  + ADDED  Execution Date: 7/6/26
2026-07-07 16:26:55,DOCS,ADDED,2026-27 Veteran Signings  + ADDED  Keon Ellis Oklahoma City Thunder
2026-07-07 16:26:55,DOCS,ADDED,"2026-27 Veteran Signings  + ADDED  26-27 $9,000,000"
2026-07-07 16:26:55,DOCS,ADDED,"2026-27 Veteran Signings  + ADDED  27-28 $25,000,000 (Player/Team Option)"
2026-07-07 16:26:55,DOCS,ADDED,"2026-27 Veteran Signings  + ADDED  3 Years for $75,000,000. Bird Exception. Advance Payment ($1,500,000). Player or Team option to extend the contract to include the 2028-29 Season. Insurance Premium Reimbursement. Skill; Injury or Illness; Mental. Trade Kicker (15%). Love of the Game. Physical Exam. Alt. 7(b)."
2026-07-07 16:25:57,SHEETS,ADDED,"BKN  + ADDED  Ellis, Keon | 1 - FULL SEASON | 9000000.0 | 9000000.0 |  |  |  |  | 18000000"
2026-07-07 16:25:57,SHEETS,REMOVED,BKN  - REMOVED  |  |  |  |  |  |  |  | 0
2026-07-07 16:25:57,SHEETS,REMOVED,"BKN  - REMOVED TEAM SALARY (Art, I §1 (nnn)): |  | 145549579.5 | 82561520 | 43145048 | 12256488 | 0 | 0 | 283512635.5"
2026-07-07 16:25:57,SHEETS,ADDED,"BKN  + ADDED  TEAM SALARY (Art, I §1 (nnn)): |  | 154549579.5 | 91561520 | 43145048 | 12256488 | 0 | 0 | 301512635.5"
2026-07-07 16:25:57,SHEETS,REMOVED,BKN  - REMOVED Players Under Contract |  | 131225158.5 | 82561520 | 43145048 | 12256488 | 0 | 0 | BOLD = Option Year
2026-07-07 16:25:57,SHEETS,REMOVED,"BKN  - REMOVED Full Season Contracts |  | 131225158.5 | 82561520 | 43145048 | 12256488 | 0 | 0 | *=Projected Exten,,"
2026-07-07 16:25:57,SHEETS,ADDED,BKN  + ADDED  Players Under Contract |  | 140225158.5 | 91561520 | 43145048 | 12256488 | 0 | 0 | BOLD = Option Year
2026-07-07 16:25:57,SHEETS,ADDED,"BKN  + ADDED  Full Season Contracts |  | 140225158.5 | 91561520 | 43145048 | 12256488 | 0 | 0 | *=Projected Exten,,"
2026-07-07 16:25:57,SHEETS,REMOVED,"BKN  - REMOVED Avg, Salary (Mean) (ALL Compensation Obligations) |  |  | Players Under Contract |  | 13"
2026-07-07 16:25:57,SHEETS,REMOVED,"BKN  - REMOVED Avg, Salary (Mean) (No 10-Day K's) |  |  | Avaiable Spots |  | 2"
2026-07-07 16:25:57,SHEETS,ADDED,"BKN  + ADDED  Avg, Salary (Mean) (ALL Compensation Obligations) |  |  | Players Under Contract |  | 14"
2026-07-07 16:25:57,SHEETS,ADDED,"BKN  + ADDED  Avg, Salary (Mean) (No 10-Day K's) |  |  | Avaiable Spots |  | 1"
2026-07-07 16:23:55,DOCS,ADDED,2026-27 Two-Way Signings  + ADDED  Felix Okpara (2026 NBA DRAFT) Washington Wizards
2026-07-07 16:23:55,DOCS,ADDED,"2026-27 Two-Way Signings  + ADDED  1 Year. Skill; Injury or Illness; Mental. Compensation protection for 2026-27 Season is for $91,000 but will increase to 50% if team has not requested waivers on player on or before the first day of the 2026-27 Regular Season. Love of the Game. Physical Exam. Alt. 7(b)."
2026-07-07 16:23:55,DOCS,ADDED,2026-27 Two-Way Signings  + ADDED  Execution Date: 7/7/26
2026-07-07 16:22:57,DOCS,REMOVED,"2026-27 Two-Way Signings  - REMOVED Update 1.2 (7/7/26): M. Ajayi, K. Boswell, K. Brea"
2026-07-07 16:22:57,DOCS,ADDED,"2026-27 Two-Way Signings  + ADDED  Update 1.2 (7/7/26): M. Ajayi, K. Boswell, K. Brea, F. Okpara"
2026-07-07 16:21:56,DOCS,REMOVED,"2026-27 Veteran Signings  - REMOVED 3 Years for $75,000,000. Bird Exception. Advance Payment ($1,500,000). Player or Team option to extend the contract to include the 2028-29 Season."
2026-07-07 16:21:56,DOCS,REMOVED,2026-27 Veteran Signings  - REMOVED Insurance Premium Reimbursement. Skill; Injury or Illness; Mental. Trade Kicker (15%). Love of the Game. Physical Exam. Alt. 7(b).
2026-07-07 16:21:56,DOCS,ADDED,"2026-27 Veteran Signings  + ADDED  3 Years for $75,000,000. Bird Exception. Advance Payment ($1,500,000). Player or Team option to extend the contract to include the 2028-29 Season. Insurance Premium Reimbursement. Skill; Injury or Illness; Mental. Trade Kicker (15%). Love of the Game. Physical Exam. Alt. 7(b)."
2026-07-07 16:20:55,DOCS,REMOVED,"2026-27 Veteran Signings  - REMOVED 3 Years for $75,000,000. Bird Exception. Advance Payment ($1,500,000)."
2026-07-07 16:20:55,DOCS,REMOVED,2026-27 Veteran Signings  - REMOVED Insurance Premium Reimbursement. Skill; Injury or Illness; Mental. Love of the Game. Physical Exam. Alt. 7(b).
2026-07-07 16:20:55,DOCS,ADDED,"2026-27 Veteran Signings  + ADDED  3 Years for $75,000,000. Bird Exception. Advance Payment ($1,500,000). Player or Team option to extend the contract to include the 2028-29 Season."
2026-07-07 16:20:55,DOCS,ADDED,2026-27 Veteran Signings  + ADDED  Insurance Premium Reimbursement. Skill; Injury or Illness; Mental. Trade Kicker (15%). Love of the Game. Physical Exam. Alt. 7(b).
2026-07-07 16:19:56,DOCS,REMOVED,2026-27 Veteran Signings  - REMOVED Isaiah Hartenstein Charlotte Hornets
2026-07-07 16:19:56,DOCS,REMOVED,"2026-27 Veteran Signings  - REMOVED 26-27 $26,811,593"
2026-07-07 16:19:56,DOCS,REMOVED,"2026-27 Veteran Signings  - REMOVED 27-28 $24,666,667"
2026-07-07 16:19:56,DOCS,REMOVED,"2026-27 Veteran Signings  - REMOVED 28-29 $22,521,740"
2026-07-07 16:19:56,DOCS,REMOVED,"2026-27 Veteran Signings  - REMOVED 3 Years for $74,000,000. Bird Exception. Advance Payment ($7,400,000). Insurance Premium Reimbursement. Skill; Injury or Illness; Mental. Love of the Game. Physical Exam. Alt. 7(b)."
2026-07-07 16:19:56,DOCS,ADDED,2026-27 Veteran Signings  + ADDED  Isaiah Hartenstein Oklahoma City Thunder
2026-07-07 16:19:56,DOCS,ADDED,"2026-27 Veteran Signings  + ADDED  26-27 $23,148,148"
2026-07-07 16:19:56,DOCS,ADDED,"2026-27 Veteran Signings  + ADDED  27-28 $25,000,000"
2026-07-07 16:19:56,DOCS,ADDED,"2026-27 Veteran Signings  + ADDED  28-29 $26,851,852 (Player/Team Option)"
2026-07-07 16:19:56,DOCS,ADDED,"2026-27 Veteran Signings  + ADDED  3 Years for $75,000,000. Bird Exception. Advance Payment ($1,500,000)."
2026-07-07 16:19:56,DOCS,ADDED,2026-27 Veteran Signings  + ADDED  Insurance Premium Reimbursement. Skill; Injury or Illness; Mental. Love of the Game. Physical Exam. Alt. 7(b).
2026-07-07 16:18:55,DOCS,REMOVED,"2026-27 Veteran Signings  - REMOVED Update 1.2 (7/7/26): K. Anderson, T. Bryant, M. Conley, A. Drummond, T. Hardaway Jr., A. Hukporti, C. White, K. Williams"
2026-07-07 16:18:55,DOCS,ADDED,"2026-27 Veteran Signings  + ADDED  Update 1.2 (7/7/26): K. Anderson, T. Bryant, M. Conley, A. Drummond, T. Hardaway Jr., I. Hartenstein, A. Hukporti, C. White, K. Williams"
2026-07-07 16:18:55,DOCS,ADDED,2026-27 Veteran Signings  + ADDED  Execution Date: 7/6/26
2026-07-07 16:18:55,DOCS,ADDED,2026-27 Veteran Signings  + ADDED  Isaiah Hartenstein Charlotte Hornets
2026-07-07 16:18:55,DOCS,ADDED,"2026-27 Veteran Signings  + ADDED  26-27 $26,811,593"
2026-07-07 16:18:55,DOCS,ADDED,"2026-27 Veteran Signings  + ADDED  27-28 $24,666,667"
2026-07-07 16:18:55,DOCS,ADDED,"2026-27 Veteran Signings  + ADDED  28-29 $22,521,740"
2026-07-07 16:18:55,DOCS,ADDED,"2026-27 Veteran Signings  + ADDED  3 Years for $74,000,000. Bird Exception. Advance Payment ($7,400,000). Insurance Premium Reimbursement. Skill; Injury or Illness; Mental. Love of the Game. Physical Exam. Alt. 7(b)."
2026-07-07 16:17:59,SHEETS,ADDED,"OKC  + ADDED  Hartenstein, Isaiah | 1 - FULL SEASON | 23148148.0 | 25000000.0 | 26851852.0 |  |  |  | 75000000"
2026-07-07 16:17:59,SHEETS,REMOVED,"OKC  - REMOVED Hartenstein, Isaiah | 1 - FULL SEASON | 23148148.0 | 25000000.0 | 26851852.0 |  |  |  | 75000000"
2026-07-07 16:16:58,SHEETS,REMOVED,"OKC  - REMOVED Hartenstein, Isaiah | 4 - CAP HOLD | 37050000.0 |  |  |  |  |  | 37050000"
2026-07-07 16:16:58,SHEETS,ADDED,"OKC  + ADDED  Hartenstein, Isaiah | 1 - FULL SEASON | 23148148.0 | 25000000.0 | 26851852.0 |  |  |  | 75000000"
2026-07-07 16:16:58,SHEETS,REMOVED,"OKC  - REMOVED TEAM SALARY (Art, I §1 (nnn)): |  | 268439726 | 170614737.7 | 145702219 | 119015818.1 | 108874260 | 0 | 812646760.8"
2026-07-07 16:16:58,SHEETS,ADDED,"OKC  + ADDED  TEAM SALARY (Art, I §1 (nnn)): |  | 254537874 | 195614737.7 | 172554071 | 119015818.1 | 108874260 | 0 | 850596760.8"
2026-07-07 16:16:58,SHEETS,REMOVED,OKC  - REMOVED Players Under Contract |  | 229204610 | 170614737.7 | 145702219 | 119015818.1 | 108874260 | 0 | BOLD = Option Year
2026-07-07 16:16:58,SHEETS,REMOVED,"OKC  - REMOVED Full Season Contracts |  | 229204610 | 170614737.7 | 145702219 | 119015818.1 | 108874260 | 0 | *=Projected Exten,,"
2026-07-07 16:16:58,SHEETS,ADDED,OKC  + ADDED  Players Under Contract |  | 252352758 | 195614737.7 | 172554071 | 119015818.1 | 108874260 | 0 | BOLD = Option Year
2026-07-07 16:16:58,SHEETS,ADDED,"OKC  + ADDED  Full Season Contracts |  | 252352758 | 195614737.7 | 172554071 | 119015818.1 | 108874260 | 0 | *=Projected Exten,,"
2026-07-07 16:16:58,SHEETS,REMOVED,OKC  - REMOVED Cap Holds |  | 39235116 | 0 | 0 | 0 | 0 | 0
2026-07-07 16:16:58,SHEETS,ADDED,OKC  + ADDED  Cap Holds |  | 2185116 | 0 | 0 | 0 | 0 | 0
2026-07-07 16:16:58,SHEETS,REMOVED,"OKC  - REMOVED Avg, Salary (Mean) (ALL Compensation Obligations) |  |  | Players Under Contract |  | 16"
2026-07-07 16:16:58,SHEETS,ADDED,"OKC  + ADDED  Avg, Salary (Mean) (ALL Compensation Obligations) |  |  | Players Under Contract |  | 17"
2026-07-07 16:16:58,SHEETS,REMOVED,OKC  - REMOVED  |  |  | Cap Holds |  | 2
2026-07-07 16:16:58,SHEETS,ADDED,OKC  + ADDED   |  |  | Cap Holds |  | 1
2026-07-07 16:16:58,SHEETS,REMOVED,Luxury Tax Calculator  - REMOVED Luxury Tax | 0 | 0 | 0 | 0 | 0 | 0 | 0 | 23501723 | 0 | 0 | 0 | 10706857.6 | 0 | 0 | 0 | 10244835 | 0 | 2536082 | 435790.92 | 15515049 | 41309610 | 29970320.04 | 17700978.3 | 702276.5238 | 6712130.274 | 10834062 | 0 | 8767635.14 | 0 | 0
2026-07-07 16:16:58,SHEETS,ADDED,Luxury Tax Calculator  + ADDED  Luxury Tax | 0 | 0 | 0 | 0 | 0 | 0 | 0 | 23501723 | 0 | 0 | 0 | 10706857.6 | 0 | 0 | 0 | 10244835 | 0 | 2536082 | 435790.92 | 15515049 | 64457758 | 29970320.04 | 17700978.3 | 702276.5238 | 6712130.274 | 10834062 | 0 | 8767635.14 | 0 | 0
2026-07-07 16:16:58,SHEETS,REMOVED,Luxury Tax Calculator  - REMOVED 8th Incremental Tax Bracket | 0 | 0 | 0 | 0 | 0 | 0 | 0 | 0 | 0 | 0 | 0 | 0 | 0 | 0 | 0 | 0 | 0 | 0 | 0 | 0 | 10223617.5 | 0 | 0 | 0 | 0 | 0 | 0 | 0 | 0 | 0
2026-07-07 16:16:58,SHEETS,REMOVED,Luxury Tax Calculator  - REMOVED 9th Incremental Tax Bracket | 0 | 0 | 0 | 0 | 0 | 0 | 0 | 0 | 0 | 0 | 0 | 0 | 0 | 0 | 0 | 0 | 0 | 0 | 0 | 0 | 0 | 0 | 0 | 0 | 0 | 0 | 0 | 0 | 0 | 0
2026-07-07 16:16:58,SHEETS,REMOVED,Luxury Tax Calculator  - REMOVED Tax Liability | 0 | 0 | 0 | 0 | 0 | 0 | 0 | 110694991.8 | 0 | 0 | 0 | 11962322 | 0 | 0 | 0 | 11384793.75 | 0 | 2536082 | 435790.92 | 27298921.5 | 167982367.5 | 98424340.23 | 35757146.93 | 2106829.571 | 6968912.843 | 12121327.5 | 0 | 9538293.925 | 0 | 0
2026-07-07 16:16:58,SHEETS,ADDED,Luxury Tax Calculator  + ADDED  8th Incremental Tax Bracket | 0 | 0 | 0 | 0 | 0 | 0 | 0 | 0 | 0 | 0 | 0 | 0 | 0 | 0 | 0 | 0 | 0 | 0 | 0 | 0 | 38373750 | 0 | 0 | 0 | 0 | 0 | 0 | 0 | 0 | 0
2026-07-07 16:16:58,SHEETS,ADDED,Luxury Tax Calculator  + ADDED  9th Incremental Tax Bracket | 0 | 0 | 0 | 0 | 0 | 0 | 0 | 0 | 0 | 0 | 0 | 0 | 0 | 0 | 0 | 0 | 0 | 0 | 0 | 0 | 41216250 | 0 | 0 | 0 | 0 | 0 | 0 | 0 | 0 | 0
2026-07-07 16:16:58,SHEETS,ADDED,Luxury Tax Calculator  + ADDED  Tax Liability | 0 | 0 | 0 | 0 | 0 | 0 | 0 | 110694991.8 | 0 | 0 | 0 | 11962322 | 0 | 0 | 0 | 11384793.75 | 0 | 2536082 | 435790.92 | 27298921.5 | 237348750 | 98424340.23 | 35757146.93 | 2106829.571 | 6968912.843 | 12121327.5 | 0 | 9538293.925 | 0 | 0
2026-07-07 16:14:56,DOCS,ADDED,2026-27 Veteran Signings  + ADDED  Execution Date: 7/6/26
2026-07-07 16:14:56,DOCS,ADDED,2026-27 Veteran Signings  + ADDED  Ariel Hukporti Philadelphia 76ers
2026-07-07 16:14:56,DOCS,ADDED,"2026-27 Veteran Signings  + ADDED  26-27 $3,400,000"
2026-07-07 16:14:56,DOCS,ADDED,2026-27 Veteran Signings  + ADDED  Bi-Annual Exception (Partial). Insurance Premium Reimbursement. Skill; Injury or Illness; Mental. Love of the Game. Physical Exam. Alt. 7(b).
2026-07-07 16:13:57,DOCS,REMOVED,"2026-27 Veteran Signings  - REMOVED Update 1.2 (7/7/26): K. Anderson, T. Bryant, M. Conley, A. Drummond, T. Hardaway Jr., C. White, K. Williams"
2026-07-07 16:13:57,DOCS,ADDED,"2026-27 Veteran Signings  + ADDED  Update 1.2 (7/7/26): K. Anderson, T. Bryant, M. Conley, A. Drummond, T. Hardaway Jr., A. Hukporti, C. White, K. Williams"
2026-07-07 16:12:57,SHEETS,ADDED,"PHL  + ADDED  Hukporti, Ariel | 1 - FULL SEASON | 3400000.0 |  |  |  |  |  | 3400000"
2026-07-07 16:12:57,SHEETS,REMOVED,PHL  - REMOVED  |  |  |  |  |  |  |  | 0
2026-07-07 16:12:57,SHEETS,REMOVED,"PHL  - REMOVED TEAM SALARY (Art, I §1 (nnn)): |  | 246448855.4 | 207255956.5 | 211305126.7 | 16858870.2 | 0 | 0 | 681868808.8"
2026-07-07 16:12:57,SHEETS,ADDED,"PHL  + ADDED  TEAM SALARY (Art, I §1 (nnn)): |  | 249848855.4 | 207255956.5 | 211305126.7 | 16858870.2 | 0 | 0 | 685268808.8"
2026-07-07 16:12:57,SHEETS,REMOVED,PHL  - REMOVED Players Under Contract |  | 202195978.3 | 207255956.5 | 211305126.7 | 16858870.2 | 0 | 0 | BOLD = Option Year
2026-07-07 16:12:57,SHEETS,REMOVED,"PHL  - REMOVED Full Season Contracts |  | 202195978.3 | 207255956.5 | 211305126.7 | 16858870.2 | 0 | 0 | *=Projected Exten,,"
2026-07-07 16:12:57,SHEETS,ADDED,PHL  + ADDED  Players Under Contract |  | 205595978.3 | 207255956.5 | 211305126.7 | 16858870.2 | 0 | 0 | BOLD = Option Year
2026-07-07 16:12:57,SHEETS,ADDED,"PHL  + ADDED  Full Season Contracts |  | 205595978.3 | 207255956.5 | 211305126.7 | 16858870.2 | 0 | 0 | *=Projected Exten,,"
2026-07-07 16:12:57,SHEETS,REMOVED,"PHL  - REMOVED Avg, Salary (Mean) (ALL Compensation Obligations) |  |  | Players Under Contract |  | 13"
2026-07-07 16:12:57,SHEETS,REMOVED,"PHL  - REMOVED Avg, Salary (Mean) (No 10-Day K's) |  |  | Avaiable Spots |  | 2"
2026-07-07 16:12:57,SHEETS,ADDED,"PHL  + ADDED  Avg, Salary (Mean) (ALL Compensation Obligations) |  |  | Players Under Contract |  | 14"
2026-07-07 16:12:57,SHEETS,ADDED,"PHL  + ADDED  Avg, Salary (Mean) (No 10-Day K's) |  |  | Avaiable Spots |  | 1"
2026-07-07 16:12:57,SHEETS,REMOVED,Luxury Tax Calculator  - REMOVED Luxury Tax | 0 | 0 | 0 | 0 | 0 | 0 | 0 | 23501723 | 0 | 0 | 0 | 10706857.6 | 0 | 0 | 0 | 10244835 | 0 | 2536082 | 435790.92 | 15515049 | 41309610 | 29970320.04 | 14300978.3 | 702276.5238 | 6712130.274 | 10834062 | 0 | 8767635.14 | 0 | 0
2026-07-07 16:12:57,SHEETS,ADDED,Luxury Tax Calculator  + ADDED  Luxury Tax | 0 | 0 | 0 | 0 | 0 | 0 | 0 | 23501723 | 0 | 0 | 0 | 10706857.6 | 0 | 0 | 0 | 10244835 | 0 | 2536082 | 435790.92 | 15515049 | 41309610 | 29970320.04 | 17700978.3 | 702276.5238 | 6712130.274 | 10834062 | 0 | 8767635.14 | 0 | 0
2026-07-07 16:12:57,SHEETS,REMOVED,Luxury Tax Calculator  - REMOVED 3rd Incremental Tax Bracket | 0 | 0 | 0 | 0 | 0 | 0 | 0 | 31267500 | 0 | 0 | 0 | 0 | 0 | 0 | 0 | 0 | 0 | 0 | 0 | 14507671.5 | 19897500 | 19897500 | 10258424.05 | 0 | 0 | 0 | 0 | 0 | 0 | 0
2026-07-07 16:12:57,SHEETS,REMOVED,Luxury Tax Calculator  - REMOVED 4th Incremental Tax Bracket | 0 | 0 | 0 | 0 | 0 | 0 | 0 | 38373750 | 0 | 0 | 0 | 0 | 0 | 0 | 0 | 0 | 0 | 0 | 0 | 0 | 27003750 | 27003750 | 0 | 0 | 0 | 0 | 0 | 0 | 0 | 0
2026-07-07 16:12:57,SHEETS,ADDED,Luxury Tax Calculator  + ADDED  3rd Incremental Tax Bracket | 0 | 0 | 0 | 0 | 0 | 0 | 0 | 31267500 | 0 | 0 | 0 | 0 | 0 | 0 | 0 | 0 | 0 | 0 | 0 | 14507671.5 | 19897500 | 19897500 | 19897500 | 0 | 0 | 0 | 0 | 0 | 0 | 0
2026-07-07 16:12:57,SHEETS,ADDED,Luxury Tax Calculator  + ADDED  4th Incremental Tax Bracket | 0 | 0 | 0 | 0 | 0 | 0 | 0 | 38373750 | 0 | 0 | 0 | 0 | 0 | 0 | 0 | 0 | 0 | 0 | 0 | 0 | 27003750 | 27003750 | 3068396.925 | 0 | 0 | 0 | 0 | 0 | 0 | 0
2026-07-07 16:12:57,SHEETS,REMOVED,Luxury Tax Calculator  - REMOVED Tax Liability | 0 | 0 | 0 | 0 | 0 | 0 | 0 | 110694991.8 | 0 | 0 | 0 | 11962322 | 0 | 0 | 0 | 11384793.75 | 0 | 2536082 | 435790.92 | 27298921.5 | 167982367.5 | 98424340.23 | 23049674.05 | 2106829.571 | 6968912.843 | 12121327.5 | 0 | 9538293.925 | 0 | 0
2026-07-07 16:12:57,SHEETS,ADDED,Luxury Tax Calculator  + ADDED  Tax Liability | 0 | 0 | 0 | 0 | 0 | 0 | 0 | 110694991.8 | 0 | 0 | 0 | 11962322 | 0 | 0 | 0 | 11384793.75 | 0 | 2536082 | 435790.92 | 27298921.5 | 167982367.5 | 98424340.23 | 35757146.93 | 2106829.571 | 6968912.843 | 12121327.5 | 0 | 9538293.925 | 0 | 0
2026-07-07 16:10:55,DOCS,REMOVED,2026-27 Veteran Signings  - REMOVED Tim Hardaway Jr. Miami
2026-07-07 16:10:55,DOCS,REMOVED,"2026-27 Veteran Signings  - REMOVED 26-27 $6,000,000"
2026-07-07 16:10:55,DOCS,REMOVED,"2026-27 Veteran Signings  - REMOVED 27-28 $6,300,000 (Player Option)"
2026-07-07 16:10:55,DOCS,REMOVED,"2026-27 Veteran Signings  - REMOVED 2 Years for $12,300,000. Non-Taxpayer Mid-Level Exception (Partial). Player option to extend the contract to include the 2027-28 Season. Insurance Premium Reimbursement. Skill; Injury or Illness; Mental. Love of the Game. Physical Exam. Alt. 7(b)."
2026-07-07 16:10:55,DOCS,ADDED,2026-27 Veteran Signings  + ADDED  Tim Hardaway Jr. Miami Heat
2026-07-07 16:10:55,DOCS,ADDED,"2026-27 Veteran Signings  + ADDED  26-27 $6,065,000"
2026-07-07 16:10:55,DOCS,ADDED,2026-27 Veteran Signings  + ADDED  Non-Taxpayer Mid-Level Exception (Partial). Skill; Injury or Illness; Mental; Death. Love of the Game. Physical Exam.
2026-07-07 16:09:58,DOCS,REMOVED,"2026-27 Veteran Signings  - REMOVED Update 1.2 (7/7/26): K. Anderson, T. Bryant, M. Conley, A. Drummond, C. White, K. Williams"
2026-07-07 16:09:58,DOCS,ADDED,"2026-27 Veteran Signings  + ADDED  Update 1.2 (7/7/26): K. Anderson, T. Bryant, M. Conley, A. Drummond, T. Hardaway Jr., C. White, K. Williams"
2026-07-07 16:09:58,DOCS,ADDED,2026-27 Veteran Signings  + ADDED  Tim Hardaway Jr. Miami
2026-07-07 16:09:58,DOCS,ADDED,"2026-27 Veteran Signings  + ADDED  26-27 $6,000,000"
2026-07-07 16:09:58,DOCS,ADDED,"2026-27 Veteran Signings  + ADDED  27-28 $6,300,000 (Player Option)"
2026-07-07 16:09:58,DOCS,ADDED,"2026-27 Veteran Signings  + ADDED  2 Years for $12,300,000. Non-Taxpayer Mid-Level Exception (Partial). Player option to extend the contract to include the 2027-28 Season. Insurance Premium Reimbursement. Skill; Injury or Illness; Mental. Love of the Game. Physical Exam. Alt. 7(b)."
2026-07-07 16:09:58,DOCS,ADDED,2026-27 Veteran Signings  + ADDED  Execution Date: 7/6/26
2026-07-07 16:08:57,SHEETS,ADDED,"MIA  + ADDED  Hardaway Jr., Tim | 1 - FULL SEASON | 6065000.0 |  |  |  |  |  | 6065000"
2026-07-07 16:08:57,SHEETS,REMOVED,"MIA  - REMOVED Hardaway Jr., Tim | 1 - FULL SEASON | 6065000.0 |  |  |  |  |  | 6065000"
2026-07-07 16:07:57,SHEETS,REMOVED,"MIA  - REMOVED Hardaway Jr., Tim |  |  |  |  |  |  |  | 0"
2026-07-07 16:07:57,SHEETS,ADDED,"MIA  + ADDED  Hardaway Jr., Tim | 1 - FULL SEASON | 6065000.0 |  |  |  |  |  | 6065000"
2026-07-07 16:07:57,SHEETS,REMOVED,"MIA  - REMOVED TEAM SALARY (Art, I §1 (nnn)): |  | 239680614 | 171000133 | 92517147 | 16200000 | 0 | 0 | 519397894"
2026-07-07 16:07:57,SHEETS,ADDED,"MIA  + ADDED  TEAM SALARY (Art, I §1 (nnn)): |  | 245745614 | 171000133 | 92517147 | 16200000 | 0 | 0 | 525462894"
2026-07-07 16:07:57,SHEETS,REMOVED,MIA  - REMOVED Players Under Contract |  | 192074835 | 171000133 | 92517147 | 16200000 | 0 | 0 | BOLD = Option Year
2026-07-07 16:07:57,SHEETS,REMOVED,"MIA  - REMOVED Full Season Contracts |  | 192074835 | 171000133 | 92517147 | 16200000 | 0 | 0 | *=Projected Exten,,"
2026-07-07 16:07:57,SHEETS,ADDED,MIA  + ADDED  Players Under Contract |  | 198139835 | 171000133 | 92517147 | 16200000 | 0 | 0 | BOLD = Option Year
2026-07-07 16:07:57,SHEETS,ADDED,"MIA  + ADDED  Full Season Contracts |  | 198139835 | 171000133 | 92517147 | 16200000 | 0 | 0 | *=Projected Exten,,"
2026-07-07 16:07:57,SHEETS,REMOVED,"MIA  - REMOVED Avg, Salary (Mean) (ALL Compensation Obligations) |  |  | Players Under Contract |  | 11"
2026-07-07 16:07:57,SHEETS,REMOVED,"MIA  - REMOVED Avg, Salary (Mean) (No 10-Day K's) |  |  | Avaiable Spots |  | 4"
2026-07-07 16:07:57,SHEETS,REMOVED,"MIA  - REMOVED Avg, Salary (Mean) (No 10-Day K's & ROS) |  |  | Players to Reach Roster Min, |  | 2"
2026-07-07 16:07:57,SHEETS,ADDED,"MIA  + ADDED  Avg, Salary (Mean) (ALL Compensation Obligations) |  |  | Players Under Contract |  | 12"
2026-07-07 16:07:57,SHEETS,ADDED,"MIA  + ADDED  Avg, Salary (Mean) (No 10-Day K's) |  |  | Avaiable Spots |  | 3"
2026-07-07 16:07:57,SHEETS,ADDED,"MIA  + ADDED  Avg, Salary (Mean) (No 10-Day K's & ROS) |  |  | Players to Reach Roster Min, |  | 1"
2026-07-07 16:07:57,SHEETS,REMOVED,Luxury Tax Calculator  - REMOVED Luxury Tax | 0 | 0 | 0 | 0 | 0 | 0 | 0 | 23501723 | 0 | 0 | 0 | 10706857.6 | 0 | 0 | 0 | 4179835 | 0 | 2536082 | 435790.92 | 15515049 | 41309610 | 29970320.04 | 14300978.3 | 702276.5238 | 6712130.274 | 10834062 | 0 | 8767635.14 | 0 | 0
2026-07-07 16:07:57,SHEETS,REMOVED,Luxury Tax Calculator  - REMOVED 1st Incremental Tax Bracket | 0 | 0 | 0 | 0 | 0 | 0 | 0 | 17055000 | 0 | 0 | 0 | 5685000 | 0 | 0 | 0 | 4179835 | 0 | 2536082 | 435790.92 | 5685000 | 5685000 | 5685000 | 5685000 | 2106829.571 | 5685000 | 5685000 | 0 | 5685000 | 0 | 0
2026-07-07 16:07:57,SHEETS,REMOVED,Luxury Tax Calculator  - REMOVED 2nd Incremental Tax Bracket | 0 | 0 | 0 | 0 | 0 | 0 | 0 | 18476250 | 0 | 0 | 0 | 6277322 | 0 | 0 | 0 | 0 | 0 | 0 | 0 | 7106250 | 7106250 | 7106250 | 7106250 | 0 | 1283912.843 | 6436327.5 | 0 | 3853293.925 | 0 | 0
2026-07-07 16:07:57,SHEETS,ADDED,Luxury Tax Calculator  + ADDED  Luxury Tax | 0 | 0 | 0 | 0 | 0 | 0 | 0 | 23501723 | 0 | 0 | 0 | 10706857.6 | 0 | 0 | 0 | 10244835 | 0 | 2536082 | 435790.92 | 15515049 | 41309610 | 29970320.04 | 14300978.3 | 702276.5238 | 6712130.274 | 10834062 | 0 | 8767635.14 | 0 | 0
2026-07-07 16:07:57,SHEETS,ADDED,Luxury Tax Calculator  + ADDED  1st Incremental Tax Bracket | 0 | 0 | 0 | 0 | 0 | 0 | 0 | 17055000 | 0 | 0 | 0 | 5685000 | 0 | 0 | 0 | 5685000 | 0 | 2536082 | 435790.92 | 5685000 | 5685000 | 5685000 | 5685000 | 2106829.571 | 5685000 | 5685000 | 0 | 5685000 | 0 | 0
2026-07-07 16:07:57,SHEETS,ADDED,Luxury Tax Calculator  + ADDED  2nd Incremental Tax Bracket | 0 | 0 | 0 | 0 | 0 | 0 | 0 | 18476250 | 0 | 0 | 0 | 6277322 | 0 | 0 | 0 | 5699793.75 | 0 | 0 | 0 | 7106250 | 7106250 | 7106250 | 7106250 | 0 | 1283912.843 | 6436327.5 | 0 | 3853293.925 | 0 | 0
2026-07-07 16:07:57,SHEETS,REMOVED,Luxury Tax Calculator  - REMOVED Tax Liability | 0 | 0 | 0 | 0 | 0 | 0 | 0 | 110694991.8 | 0 | 0 | 0 | 11962322 | 0 | 0 | 0 | 4179835 | 0 | 2536082 | 435790.92 | 27298921.5 | 167982367.5 | 98424340.23 | 23049674.05 | 2106829.571 | 6968912.843 | 12121327.5 | 0 | 9538293.925 | 0 | 0
2026-07-07 16:07:57,SHEETS,ADDED,Luxury Tax Calculator  + ADDED  Tax Liability | 0 | 0 | 0 | 0 | 0 | 0 | 0 | 110694991.8 | 0 | 0 | 0 | 11962322 | 0 | 0 | 0 | 11384793.75 | 0 | 2536082 | 435790.92 | 27298921.5 | 167982367.5 | 98424340.23 | 23049674.05 | 2106829.571 | 6968912.843 | 12121327.5 | 0 | 9538293.925 | 0 | 0
2026-07-07 16:05:59,SHEETS,REMOVED,"DEN  - REMOVED Hardaway Jr., Tim | 4 - CAP HOLD | 2449421.0 |  |  |  |  |  | 2449421"
2026-07-07 16:05:59,SHEETS,REMOVED,"DEN  - REMOVED TEAM SALARY (Art, I §1 (nnn)): |  | 251345476.4 | 187484805.4 | 119623206.9 | 26724137 | 28448274 | 28448274 | 642074173.7"
2026-07-07 16:05:59,SHEETS,ADDED,DEN  + ADDED   |  |  |  |  |  |  |  | 0
2026-07-07 16:05:59,SHEETS,ADDED,"DEN  + ADDED  TEAM SALARY (Art, I §1 (nnn)): |  | 248896055.4 | 187484805.4 | 119623206.9 | 26724137 | 28448274 | 28448274 | 639624752.7"
2026-07-07 16:05:59,SHEETS,REMOVED,DEN  - REMOVED Cap Holds |  | 37299332.4 | 0 | 0 | 0 | 0 | 0
2026-07-07 16:05:59,SHEETS,ADDED,DEN  + ADDED  Cap Holds |  | 34849911.4 | 0 | 0 | 0 | 0 | 0
2026-07-07 16:05:59,SHEETS,REMOVED,DEN  - REMOVED  |  |  | Cap Holds |  | 11
2026-07-07 16:05:59,SHEETS,ADDED,DEN  + ADDED   |  |  | Cap Holds |  | 10
2026-07-07 16:05:59,SHEETS,REMOVED,MIA  - REMOVED  |  |  |  |  |  |  |  | 0
2026-07-07 16:05:59,SHEETS,ADDED,"MIA  + ADDED  Hardaway Jr., Tim |  |  |  |  |  |  |  | 0"
2026-07-07 16:03:59,SHEETS,ADDED,"OKC  + ADDED  Williams, Kenrich | 1 - FULL SEASON | 5000000.0 |  |  |  |  |  | 5000000"
2026-07-07 16:03:59,SHEETS,REMOVED,"OKC  - REMOVED Williams, Kenrich | 1 - FULL SEASON | 5000000.0 |  |  |  |  |  | 5000000"
2026-07-07 16:03:56,DOCS,REMOVED,2026-27 Veteran Signings  - REMOVED Bird Exception. Insurance Premium Reimbursement. Skill; Injury or Illness; Mental. Love of the Game. Physical Exam. Alt. 7(b).
2026-07-07 16:03:56,DOCS,ADDED,"2026-27 Veteran Signings  + ADDED  ($5,500,000 w/unlikely to be earned bonuses). Bird Exception. Insurance Premium Reimbursement. Skill; Injury or Illness; Mental. Love of the Game. Physical Exam. Alt. 7(b)."
2026-07-07 16:02:57,SHEETS,REMOVED,"OKC  - REMOVED Williams, Kenrich | 4 - CAP HOLD | 13609700.0 |  |  |  |  |  | 13609700"
2026-07-07 16:02:57,SHEETS,ADDED,"OKC  + ADDED  Williams, Kenrich | 1 - FULL SEASON | 5000000.0 |  |  |  |  |  | 5000000"
2026-07-07 16:02:57,SHEETS,REMOVED,"OKC  - REMOVED TEAM SALARY (Art, I §1 (nnn)): |  | 277049426 | 170614737.7 | 145702219 | 119015818.1 | 108874260 | 0 | 821256460.8"
2026-07-07 16:02:57,SHEETS,ADDED,"OKC  + ADDED  TEAM SALARY (Art, I §1 (nnn)): |  | 268439726 | 170614737.7 | 145702219 | 119015818.1 | 108874260 | 0 | 812646760.8"
2026-07-07 16:02:57,SHEETS,REMOVED,OKC  - REMOVED Players Under Contract |  | 224204610 | 170614737.7 | 145702219 | 119015818.1 | 108874260 | 0 | BOLD = Option Year
2026-07-07 16:02:57,SHEETS,REMOVED,"OKC  - REMOVED Full Season Contracts |  | 224204610 | 170614737.7 | 145702219 | 119015818.1 | 108874260 | 0 | *=Projected Exten,,"
2026-07-07 16:02:57,SHEETS,ADDED,OKC  + ADDED  Players Under Contract |  | 229204610 | 170614737.7 | 145702219 | 119015818.1 | 108874260 | 0 | BOLD = Option Year
2026-07-07 16:02:57,SHEETS,ADDED,"OKC  + ADDED  Full Season Contracts |  | 229204610 | 170614737.7 | 145702219 | 119015818.1 | 108874260 | 0 | *=Projected Exten,,"
2026-07-07 16:02:57,SHEETS,REMOVED,OKC  - REMOVED Cap Holds |  | 52844816 | 0 | 0 | 0 | 0 | 0
2026-07-07 16:02:57,SHEETS,ADDED,OKC  + ADDED  Cap Holds |  | 39235116 | 0 | 0 | 0 | 0 | 0
2026-07-07 16:02:57,SHEETS,REMOVED,"OKC  - REMOVED Avg, Salary (Mean) (ALL Compensation Obligations) |  |  | Players Under Contract |  | 15"
2026-07-07 16:02:57,SHEETS,ADDED,"OKC  + ADDED  Avg, Salary (Mean) (ALL Compensation Obligations) |  |  | Players Under Contract |  | 16"
2026-07-07 16:02:57,SHEETS,REMOVED,OKC  - REMOVED  |  |  | Cap Holds |  | 3
2026-07-07 16:02:57,SHEETS,ADDED,OKC  + ADDED   |  |  | Cap Holds |  | 2
2026-07-07 16:02:57,SHEETS,REMOVED,Luxury Tax Calculator  - REMOVED Luxury Tax | 0 | 0 | 0 | 0 | 0 | 0 | 0 | 23501723 | 0 | 0 | 0 | 10706857.6 | 0 | 0 | 0 | 4179835 | 0 | 2536082 | 435790.92 | 15515049 | 36309610 | 29970320.04 | 14300978.3 | 702276.5238 | 6712130.274 | 10834062 | 0 | 8767635.14 | 0 | 0
2026-07-07 16:02:57,SHEETS,ADDED,Luxury Tax Calculator  + ADDED  Luxury Tax | 0 | 0 | 0 | 0 | 0 | 0 | 0 | 23501723 | 0 | 0 | 0 | 10706857.6 | 0 | 0 | 0 | 4179835 | 0 | 2536082 | 435790.92 | 15515049 | 41309610 | 29970320.04 | 14300978.3 | 702276.5238 | 6712130.274 | 10834062 | 0 | 8767635.14 | 0 | 0
2026-07-07 16:02:57,SHEETS,REMOVED,Luxury Tax Calculator  - REMOVED 7th Incremental Tax Bracket | 0 | 0 | 0 | 0 | 0 | 0 | 0 | 0 | 0 | 0 | 0 | 0 | 0 | 0 | 0 | 0 | 0 | 0 | 0 | 0 | 13747562.5 | 0 | 0 | 0 | 0 | 0 | 0 | 0 | 0 | 0
2026-07-07 16:02:57,SHEETS,REMOVED,Luxury Tax Calculator  - REMOVED 8th Incremental Tax Bracket | 0 | 0 | 0 | 0 | 0 | 0 | 0 | 0 | 0 | 0 | 0 | 0 | 0 | 0 | 0 | 0 | 0 | 0 | 0 | 0 | 0 | 0 | 0 | 0 | 0 | 0 | 0 | 0 | 0 | 0
2026-07-07 16:02:57,SHEETS,ADDED,Luxury Tax Calculator  + ADDED  7th Incremental Tax Bracket | 0 | 0 | 0 | 0 | 0 | 0 | 0 | 0 | 0 | 0 | 0 | 0 | 0 | 0 | 0 | 0 | 0 | 0 | 0 | 0 | 35531250 | 0 | 0 | 0 | 0 | 0 | 0 | 0 | 0 | 0
2026-07-07 16:02:57,SHEETS,ADDED,Luxury Tax Calculator  + ADDED  8th Incremental Tax Bracket | 0 | 0 | 0 | 0 | 0 | 0 | 0 | 0 | 0 | 0 | 0 | 0 | 0 | 0 | 0 | 0 | 0 | 0 | 0 | 0 | 10223617.5 | 0 | 0 | 0 | 0 | 0 | 0 | 0 | 0 | 0
2026-07-07 16:02:57,SHEETS,REMOVED,Luxury Tax Calculator  - REMOVED Tax Liability | 0 | 0 | 0 | 0 | 0 | 0 | 0 | 110694991.8 | 0 | 0 | 0 | 11962322 | 0 | 0 | 0 | 4179835 | 0 | 2536082 | 435790.92 | 27298921.5 | 135975062.5 | 98424340.23 | 23049674.05 | 2106829.571 | 6968912.843 | 12121327.5 | 0 | 9538293.925 | 0 | 0
2026-07-07 16:02:57,SHEETS,ADDED,Luxury Tax Calculator  + ADDED  Tax Liability | 0 | 0 | 0 | 0 | 0 | 0 | 0 | 110694991.8 | 0 | 0 | 0 | 11962322 | 0 | 0 | 0 | 4179835 | 0 | 2536082 | 435790.92 | 27298921.5 | 167982367.5 | 98424340.23 | 23049674.05 | 2106829.571 | 6968912.843 | 12121327.5 | 0 | 9538293.925 | 0 | 0
2026-07-07 16:00:55,DOCS,REMOVED,2026-27 Veteran Signings  - REMOVED Kenrich Williams Oklahoma City
2026-07-07 16:00:55,DOCS,REMOVED,"2026-27 Veteran Signings  - REMOVED 26-27 $26,811,593"
2026-07-07 16:00:55,DOCS,REMOVED,"2026-27 Veteran Signings  - REMOVED 27-28 $24,666,667"
2026-07-07 16:00:55,DOCS,REMOVED,"2026-27 Veteran Signings  - REMOVED 28-29 $22,521,740"
2026-07-07 16:00:55,DOCS,REMOVED,"2026-27 Veteran Signings  - REMOVED 3 Years for $74,000,000. Bird Exception. Advance Payment ($7,400,000). Insurance Premium Reimbursement. Skill; Injury or Illness; Mental. Love of the Game. Physical Exam. Alt. 7(b)."
2026-07-07 16:00:55,DOCS,ADDED,2026-27 Veteran Signings  + ADDED  Kenrich Williams Oklahoma City Thunder
2026-07-07 16:00:55,DOCS,ADDED,"2026-27 Veteran Signings  + ADDED  26-27 $5,000,000 ($5,500,000)"
2026-07-07 16:00:55,DOCS,ADDED,2026-27 Veteran Signings  + ADDED  Bird Exception. Insurance Premium Reimbursement. Skill; Injury or Illness; Mental. Love of the Game. Physical Exam. Alt. 7(b).
2026-07-07 15:59:55,DOCS,REMOVED,"2026-27 Veteran Signings  - REMOVED Update 1.2 (7/7/26): K. Anderson, T. Bryant, M. Conley, A. Drummond, C. White"
2026-07-07 15:59:55,DOCS,ADDED,"2026-27 Veteran Signings  + ADDED  Update 1.2 (7/7/26): K. Anderson, T. Bryant, M. Conley, A. Drummond, C. White, K. Williams"
2026-07-07 15:59:55,DOCS,ADDED,2026-27 Veteran Signings  + ADDED  Kenrich Williams Oklahoma City
2026-07-07 15:59:55,DOCS,ADDED,"2026-27 Veteran Signings  + ADDED  26-27 $26,811,593"
2026-07-07 15:59:55,DOCS,ADDED,"2026-27 Veteran Signings  + ADDED  27-28 $24,666,667"
2026-07-07 15:59:55,DOCS,ADDED,"2026-27 Veteran Signings  + ADDED  28-29 $22,521,740"
2026-07-07 15:59:55,DOCS,ADDED,"2026-27 Veteran Signings  + ADDED  3 Years for $74,000,000. Bird Exception. Advance Payment ($7,400,000). Insurance Premium Reimbursement. Skill; Injury or Illness; Mental. Love of the Game. Physical Exam. Alt. 7(b)."
2026-07-07 15:59:55,DOCS,ADDED,2026-27 Veteran Signings  + ADDED  Execution Date: 7/6/26
2026-07-07 15:58:56,DOCS,REMOVED,2026-27 Veteran Signings  - REMOVED Mike Conley Boston Celtics
2026-07-07 15:58:56,DOCS,ADDED,2026-27 Veteran Signings  + ADDED  Mike Conley Jr. Boston Celtics
2026-07-07 15:57:56,DOCS,REMOVED,"2026-27 Veteran Signings  - REMOVED Update 1.2 (7/7/26): K. Anderson, T. Bryant, A. Drummond, C. White"
2026-07-07 15:57:56,DOCS,ADDED,"2026-27 Veteran Signings  + ADDED  Update 1.2 (7/7/26): K. Anderson, T. Bryant, M. Conley, A. Drummond, C. White"
2026-07-07 15:57:56,DOCS,ADDED,2026-27 Veteran Signings  + ADDED  Mike Conley Boston Celtics
2026-07-07 15:57:56,DOCS,ADDED,"2026-27 Veteran Signings  + ADDED  26-27 $3,876,529"
2026-07-07 15:57:56,DOCS,ADDED,2026-27 Veteran Signings  + ADDED  Minimum Salary Exception. Insurance Premium Reimbursement. Skill; Injury or Illness; Mental. Love of the Game. Physical Exam. Alt. 7(b).
2026-07-07 15:57:56,DOCS,ADDED,2026-27 Veteran Signings  + ADDED  Execution Date: 7/6/26
2026-07-07 15:56:57,SHEETS,ADDED,"BOS  + ADDED  Conley, Mike | 1 - FULL SEASON | 2449421.0 |  |  |  |  |  | 2449421"
2026-07-07 15:56:57,SHEETS,REMOVED,BOS  - REMOVED  |  |  |  |  |  |  |  | 0
2026-07-07 15:56:57,SHEETS,REMOVED,"BOS  - REMOVED TEAM SALARY (Art, I §1 (nnn)): |  | 193299405 | 198886270.2 | 140197447 | 95656742.6 | 15500000 | 0 | 643539864.8"
2026-07-07 15:56:57,SHEETS,ADDED,"BOS  + ADDED  TEAM SALARY (Art, I §1 (nnn)): |  | 195748826 | 198886270.2 | 140197447 | 95656742.6 | 15500000 | 0 | 645989285.8"
2026-07-07 15:56:57,SHEETS,REMOVED,BOS  - REMOVED Players Under Contract |  | 184030331 | 198886270.2 | 140197447 | 95656742.6 | 15500000 | 0 | BOLD = Option Year
2026-07-07 15:56:57,SHEETS,REMOVED,"BOS  - REMOVED Full Season Contracts |  | 184030331 | 198886270.2 | 140197447 | 95656742.6 | 15500000 | 0 | *=Projected Exten,,"
2026-07-07 15:56:57,SHEETS,ADDED,BOS  + ADDED  Players Under Contract |  | 186479752 | 198886270.2 | 140197447 | 95656742.6 | 15500000 | 0 | BOLD = Option Year
2026-07-07 15:56:57,SHEETS,ADDED,"BOS  + ADDED  Full Season Contracts |  | 186479752 | 198886270.2 | 140197447 | 95656742.6 | 15500000 | 0 | *=Projected Exten,,"
2026-07-07 15:56:57,SHEETS,REMOVED,"BOS  - REMOVED Avg, Salary (Mean) (ALL Compensation Obligations) |  |  | Players Under Contract |  | 13"
2026-07-07 15:56:57,SHEETS,REMOVED,"BOS  - REMOVED Avg, Salary (Mean) (No 10-Day K's) |  |  | Avaiable Spots |  | 2"
2026-07-07 15:56:57,SHEETS,ADDED,"BOS  + ADDED  Avg, Salary (Mean) (ALL Compensation Obligations) |  |  | Players Under Contract |  | 14"
2026-07-07 15:56:57,SHEETS,ADDED,"BOS  + ADDED  Avg, Salary (Mean) (No 10-Day K's) |  |  | Avaiable Spots |  | 1"
2026-07-07 15:56:57,SHEETS,REMOVED,"MIN  - REMOVED Conley, Mike | 4 - CAP HOLD | 2449421.0 |  |  |  |  |  | 2449421"
2026-07-07 15:56:57,SHEETS,REMOVED,"MIN  - REMOVED TEAM SALARY (Art, I §1 (nnn)): |  | 258242417 | 188783460.6 | 119308939 | 28448276 | 0 | 0 | 594783092.6"
2026-07-07 15:56:57,SHEETS,ADDED,MIN  + ADDED   |  |  |  |  |  |  |  | 0
2026-07-07 15:56:57,SHEETS,ADDED,"MIN  + ADDED  TEAM SALARY (Art, I §1 (nnn)): |  | 255792996 | 188783460.6 | 119308939 | 28448276 | 0 | 0 | 592333671.6"
2026-07-07 15:56:57,SHEETS,REMOVED,MIN  - REMOVED Cap Holds |  | 65161914 | 0 | 0 | 0 | 0 | 0
2026-07-07 15:56:57,SHEETS,ADDED,MIN  + ADDED  Cap Holds |  | 62712493 | 0 | 0 | 0 | 0 | 0
2026-07-07 15:56:57,SHEETS,REMOVED,MIN  - REMOVED  |  |  | Cap Holds |  | 8
2026-07-07 15:56:57,SHEETS,ADDED,MIN  + ADDED   |  |  | Cap Holds |  | 7
2026-07-07 15:55:57,SHEETS,REMOVED,"LAL  - REMOVED Kleber, Maxi | 4 - CAP HOLD | 20900000.0 |  |  |  |  |  | 20900000"
2026-07-07 15:55:57,SHEETS,REMOVED,"LAL  - REMOVED Kennard, Luke | 4 - CAP HOLD | 13200000.0 |  |  |  |  |  | 13200000"
2026-07-07 15:55:57,SHEETS,REMOVED,"LAL  - REMOVED Hayes, Jaxson | 4 - CAP HOLD | 6553713.699999999 |  |  |  |  |  | 6553713.7"
2026-07-07 15:55:57,SHEETS,REMOVED,"LAL  - REMOVED Smart, Marcus | 4 - CAP HOLD | 6160800.0 |  |  |  |  |  | 6160800"
2026-07-07 15:55:57,SHEETS,REMOVED,"LAL  - REMOVED Anthony, Carmelo | 4 - CAP HOLD | 2449421.0 |  |  |  |  |  | 2449421"
2026-07-07 15:55:57,SHEETS,REMOVED,"LAL  - REMOVED Bradley, Avery | 4 - CAP HOLD | 2449421.0 |  |  |  |  |  | 2449421"
2026-07-07 15:55:57,SHEETS,REMOVED,"LAL  - REMOVED Dudley, Jared | 4 - CAP HOLD | 2449421.0 |  |  |  |  |  | 2449421"
2026-07-07 15:55:57,SHEETS,REMOVED,"LAL  - REMOVED Ellington, Wayne | 4 - CAP HOLD | 2449421.0 |  |  |  |  |  | 2449421"
2026-07-07 15:55:57,SHEETS,REMOVED,"LAL  - REMOVED Howard, Dwight | 4 - CAP HOLD | 2449421.0 |  |  |  |  |  | 2449421"
2026-07-07 15:55:57,SHEETS,REMOVED,"LAL  - REMOVED Morris, Markieff | 4 - CAP HOLD | 2449421.0 |  |  |  |  |  | 2449421"
2026-07-07 15:55:57,SHEETS,REMOVED,"LAL  - REMOVED Smith Jr., Nick | 4 - CAP HOLD | 2449421.0 |  |  |  |  |  | 2449421"
2026-07-07 15:55:57,SHEETS,REMOVED,"LAL  - REMOVED Waiters, Dion | 4 - CAP HOLD | 2449421.0 |  |  |  |  |  | 2449421"
2026-07-07 15:55:57,SHEETS,REMOVED,"LAL  - REMOVED TEAM SALARY (Art, I §1 (nnn)): |  | 176846041.7 | 83348836.88 | 62845776 | 6378253.2 | 0 | 0 | 329418907.8"
2026-07-07 15:55:57,SHEETS,ADDED,LAL  + ADDED   |  |  |  |  |  |  |  | 0
2026-07-07 15:55:57,SHEETS,ADDED,LAL  + ADDED   |  |  |  |  |  |  |  | 0
2026-07-07 15:55:57,SHEETS,ADDED,LAL  + ADDED   |  |  |  |  |  |  |  | 0
2026-07-07 15:55:57,SHEETS,ADDED,LAL  + ADDED   |  |  |  |  |  |  |  | 0
2026-07-07 15:55:57,SHEETS,ADDED,LAL  + ADDED   |  |  |  |  |  |  |  | 0
2026-07-07 15:55:57,SHEETS,ADDED,LAL  + ADDED   |  |  |  |  |  |  |  | 0
2026-07-07 15:55:57,SHEETS,ADDED,LAL  + ADDED   |  |  |  |  |  |  |  | 0
2026-07-07 15:55:57,SHEETS,ADDED,LAL  + ADDED   |  |  |  |  |  |  |  | 0
2026-07-07 15:55:57,SHEETS,ADDED,LAL  + ADDED   |  |  |  |  |  |  |  | 0
2026-07-07 15:55:57,SHEETS,ADDED,LAL  + ADDED   |  |  |  |  |  |  |  | 0
2026-07-07 15:55:57,SHEETS,ADDED,LAL  + ADDED   |  |  |  |  |  |  |  | 0
2026-07-07 15:55:57,SHEETS,ADDED,LAL  + ADDED   |  |  |  |  |  |  |  | 0
2026-07-07 15:55:57,SHEETS,ADDED,"LAL  + ADDED  TEAM SALARY (Art, I §1 (nnn)): |  | 110436160 | 83348836.88 | 62845776 | 6378253.2 | 0 | 0 | 263009026.1"
2026-07-07 15:55:57,SHEETS,REMOVED,LAL  - REMOVED Cap Holds |  | 87316242.7 | 0 | 0 | 0 | 0 | 0
2026-07-07 15:55:57,SHEETS,ADDED,LAL  + ADDED  Cap Holds |  | 20906361 | 0 | 0 | 0 | 0 | 0
2026-07-07 15:55:57,SHEETS,REMOVED,LAL  - REMOVED  |  |  | Cap Holds |  | 13
2026-07-07 15:55:57,SHEETS,ADDED,LAL  + ADDED   |  |  | Cap Holds |  | 1
2026-07-07 15:53:57,SHEETS,REMOVED,"LAL  - REMOVED James, LeBron | 4 - CAP HOLD | 57736350.0 |  |  |  |  |  | 57736350"
2026-07-07 15:53:57,SHEETS,REMOVED,"LAL  - REMOVED Hachimura, Rui | 4 - CAP HOLD | 27388888.5 |  |  |  |  |  | 27388888.5"
2026-07-07 15:53:57,SHEETS,REMOVED,"LAL  - REMOVED TEAM SALARY (Art, I §1 (nnn)): |  | 261971280.2 | 83348836.88 | 62845776 | 6378253.2 | 0 | 0 | 414544146.3"
2026-07-07 15:53:57,SHEETS,ADDED,LAL  + ADDED   |  |  |  |  |  |  |  | 0
2026-07-07 15:53:57,SHEETS,ADDED,LAL  + ADDED   |  |  |  |  |  |  |  | 0
2026-07-07 15:53:57,SHEETS,ADDED,"LAL  + ADDED  TEAM SALARY (Art, I §1 (nnn)): |  | 176846041.7 | 83348836.88 | 62845776 | 6378253.2 | 0 | 0 | 329418907.8"
2026-07-07 15:53:57,SHEETS,REMOVED,LAL  - REMOVED Cap Holds |  | 172441481.2 | 0 | 0 | 0 | 0 | 0
2026-07-07 15:53:57,SHEETS,ADDED,LAL  + ADDED  Cap Holds |  | 87316242.7 | 0 | 0 | 0 | 0 | 0
2026-07-07 15:53:57,SHEETS,REMOVED,LAL  - REMOVED  |  |  | Cap Holds |  | 15
2026-07-07 15:53:57,SHEETS,ADDED,LAL  + ADDED   |  |  | Cap Holds |  | 13
2026-07-07 15:49:59,SHEETS,REMOVED,MIA  - REMOVED  |  |  | 57641850 |  |  |  |  | 57641850
2026-07-07 15:49:59,SHEETS,REMOVED,"MIA  - REMOVED TEAM SALARY (Art, I §1 (nnn)): |  | 239680614 | 228641983 | 92517147 | 16200000 | 0 | 0 | 577039744"
2026-07-07 15:49:59,SHEETS,ADDED,MIA  + ADDED   |  |  |  |  |  |  |  | 0
2026-07-07 15:49:59,SHEETS,ADDED,"MIA  + ADDED  TEAM SALARY (Art, I §1 (nnn)): |  | 239680614 | 171000133 | 92517147 | 16200000 | 0 | 0 | 519397894"
2026-07-07 15:38:54,PLAYERS,ADDED,+ ADDED   Duke Miles (PHI)
2026-07-07 15:38:54,PLAYERS,CHANGED,~ CHANGED Trey Alexander  team: NOP -> UTA
2026-07-07 14:57:55,TRANSACTIONS,Signing,2026-07-07  Utah Jazz signed guard Trey Alexander to a Two-Way Contract.
2026-07-07 13:41:58,SHEETS,ADDED,"NYK  + ADDED  Drummond, Andre | 1 - FULL SEASON | 2449421.0 |  |  |  |  |  | 2449421"
2026-07-07 13:41:58,SHEETS,REMOVED,NYK  - REMOVED  |  |  |  |  |  |  |  | 0
2026-07-07 13:41:58,SHEETS,REMOVED,"NYK  - REMOVED TEAM SALARY (Art, I §1 (nnn)): |  | 248756486.4 | 213377864 | 130531914 | 41517856 | 0 | 0 | 634184120.4"
2026-07-07 13:41:58,SHEETS,ADDED,"NYK  + ADDED  TEAM SALARY (Art, I §1 (nnn)): |  | 251205907.4 | 213377864 | 130531914 | 41517856 | 0 | 0 | 636633541.4"
2026-07-07 13:41:58,SHEETS,REMOVED,NYK  - REMOVED Players Under Contract |  | 200960628 | 213377864 | 130531914 | 41517856 | 0 | 0 | BOLD = Option Year
2026-07-07 13:41:58,SHEETS,REMOVED,"NYK  - REMOVED Full Season Contracts |  | 200960628 | 213377864 | 130531914 | 41517856 | 0 | 0 | *=Projected Exten,,"
2026-07-07 13:41:58,SHEETS,ADDED,NYK  + ADDED  Players Under Contract |  | 203410049 | 213377864 | 130531914 | 41517856 | 0 | 0 | BOLD = Option Year
2026-07-07 13:41:58,SHEETS,ADDED,"NYK  + ADDED  Full Season Contracts |  | 203410049 | 213377864 | 130531914 | 41517856 | 0 | 0 | *=Projected Exten,,"
2026-07-07 13:41:58,SHEETS,REMOVED,"NYK  - REMOVED Avg, Salary (Mean) (ALL Compensation Obligations) |  |  | Players Under Contract |  | 8"
2026-07-07 13:41:58,SHEETS,REMOVED,"NYK  - REMOVED Avg, Salary (Mean) (No 10-Day K's) |  |  | Avaiable Spots |  | 7"
2026-07-07 13:41:58,SHEETS,REMOVED,"NYK  - REMOVED Avg, Salary (Mean) (No 10-Day K's & ROS) |  |  | Players to Reach Roster Min, |  | 5"
2026-07-07 13:41:58,SHEETS,ADDED,"NYK  + ADDED  Avg, Salary (Mean) (ALL Compensation Obligations) |  |  | Players Under Contract |  | 9"
2026-07-07 13:41:58,SHEETS,ADDED,"NYK  + ADDED  Avg, Salary (Mean) (No 10-Day K's) |  |  | Avaiable Spots |  | 6"
2026-07-07 13:41:58,SHEETS,ADDED,"NYK  + ADDED  Avg, Salary (Mean) (No 10-Day K's & ROS) |  |  | Players to Reach Roster Min, |  | 4"
2026-07-07 13:41:58,SHEETS,REMOVED,"PHL  - REMOVED Drummond, Andre | 4 - CAP HOLD | 6500000.0 |  |  |  |  |  | 6500000"
2026-07-07 13:41:58,SHEETS,REMOVED,"PHL  - REMOVED TEAM SALARY (Art, I §1 (nnn)): |  | 252948855.4 | 207255956.5 | 211305126.7 | 16858870.2 | 0 | 0 | 688368808.8"
2026-07-07 13:41:58,SHEETS,ADDED,PHL  + ADDED   |  |  |  |  |  |  |  | 0
2026-07-07 13:41:58,SHEETS,ADDED,"PHL  + ADDED  TEAM SALARY (Art, I §1 (nnn)): |  | 246448855.4 | 207255956.5 | 211305126.7 | 16858870.2 | 0 | 0 | 681868808.8"
2026-07-07 13:41:58,SHEETS,REMOVED,PHL  - REMOVED Cap Holds |  | 50752877.1 | 0 | 0 | 0 | 0 | 0
2026-07-07 13:41:58,SHEETS,ADDED,PHL  + ADDED  Cap Holds |  | 44252877.1 | 0 | 0 | 0 | 0 | 0
2026-07-07 13:41:58,SHEETS,REMOVED,PHL  - REMOVED  |  |  | Cap Holds |  | 8
2026-07-07 13:41:58,SHEETS,ADDED,PHL  + ADDED   |  |  | Cap Holds |  | 7
2026-07-07 13:41:58,SHEETS,REMOVED,Luxury Tax Calculator  - REMOVED Luxury Tax | 0 | 0 | 0 | 0 | 0 | 0 | 0 | 23501723 | 0 | 0 | 0 | 10706857.6 | 0 | 0 | 0 | 4179835 | 0 | 2536082 | 435790.92 | 13065628 | 36309610 | 29970320.04 | 14300978.3 | 702276.5238 | 6712130.274 | 10834062 | 0 | 8767635.14 | 0 | 0
2026-07-07 13:41:58,SHEETS,ADDED,Luxury Tax Calculator  + ADDED  Luxury Tax | 0 | 0 | 0 | 0 | 0 | 0 | 0 | 23501723 | 0 | 0 | 0 | 10706857.6 | 0 | 0 | 0 | 4179835 | 0 | 2536082 | 435790.92 | 15515049 | 36309610 | 29970320.04 | 14300978.3 | 702276.5238 | 6712130.274 | 10834062 | 0 | 8767635.14 | 0 | 0
2026-07-07 13:41:58,SHEETS,REMOVED,Luxury Tax Calculator  - REMOVED 3rd Incremental Tax Bracket | 0 | 0 | 0 | 0 | 0 | 0 | 0 | 31267500 | 0 | 0 | 0 | 0 | 0 | 0 | 0 | 0 | 0 | 0 | 0 | 5934698 | 19897500 | 19897500 | 10258424.05 | 0 | 0 | 0 | 0 | 0 | 0 | 0
2026-07-07 13:41:58,SHEETS,ADDED,Luxury Tax Calculator  + ADDED  3rd Incremental Tax Bracket | 0 | 0 | 0 | 0 | 0 | 0 | 0 | 31267500 | 0 | 0 | 0 | 0 | 0 | 0 | 0 | 0 | 0 | 0 | 0 | 14507671.5 | 19897500 | 19897500 | 10258424.05 | 0 | 0 | 0 | 0 | 0 | 0 | 0
2026-07-07 13:41:58,SHEETS,REMOVED,Luxury Tax Calculator  - REMOVED Tax Liability | 0 | 0 | 0 | 0 | 0 | 0 | 0 | 110694991.8 | 0 | 0 | 0 | 11962322 | 0 | 0 | 0 | 4179835 | 0 | 2536082 | 435790.92 | 18725948 | 135975062.5 | 98424340.23 | 23049674.05 | 2106829.571 | 6968912.843 | 12121327.5 | 0 | 9538293.925 | 0 | 0
2026-07-07 13:41:58,SHEETS,ADDED,Luxury Tax Calculator  + ADDED  Tax Liability | 0 | 0 | 0 | 0 | 0 | 0 | 0 | 110694991.8 | 0 | 0 | 0 | 11962322 | 0 | 0 | 0 | 4179835 | 0 | 2536082 | 435790.92 | 27298921.5 | 135975062.5 | 98424340.23 | 23049674.05 | 2106829.571 | 6968912.843 | 12121327.5 | 0 | 9538293.925 | 0 | 0
2026-07-07 13:40:55,DOCS,REMOVED,"2026-27 Veteran Signings  - REMOVED Update 1.2 (7/7/26): K. Anderson, T. Bryant, C. White"
2026-07-07 13:40:55,DOCS,ADDED,"2026-27 Veteran Signings  + ADDED  Update 1.2 (7/7/26): K. Anderson, T. Bryant, A. Drummond, C. White"
2026-07-07 13:40:55,DOCS,ADDED,2026-27 Veteran Signings  + ADDED  Andre Drummond New York Knicks
2026-07-07 13:40:55,DOCS,ADDED,"2026-27 Veteran Signings  + ADDED  26-27 $3,876,529"
2026-07-07 13:40:55,DOCS,ADDED,2026-27 Veteran Signings  + ADDED  Minimum Salary Exception. Skill; Injury or Illness; Death. Love of the Game. Physical Exam. Alt. 7(b).
2026-07-07 13:40:55,DOCS,ADDED,2026-27 Veteran Signings  + ADDED  Execution Date: 7/6/26
2026-07-07 13:39:56,DOCS,ADDED,2026-27 Veteran Signings  + ADDED  Thomas Byrant Cleveland Cavaliers
2026-07-07 13:39:56,DOCS,ADDED,"2026-27 Veteran Signings  + ADDED  26-27 $3,524,115"
2026-07-07 13:39:56,DOCS,ADDED,2026-27 Veteran Signings  + ADDED  Minimum Salary Exception. Skill; Injury or Illness; Mental; Death. Love of the Game. Physical Exam. Alt. 7(b).
2026-07-07 13:39:56,DOCS,ADDED,2026-27 Veteran Signings  + ADDED  Execution Date: 7/7/26
2026-07-07 13:38:57,DOCS,REMOVED,"2026-27 Veteran Signings  - REMOVED Update 1.2 (7/7/26): K. Anderson, C. White"
2026-07-07 13:38:57,DOCS,ADDED,"2026-27 Veteran Signings  + ADDED  Update 1.2 (7/7/26): K. Anderson, T. Bryant, C. White"
2026-07-07 13:37:58,SHEETS,ADDED,"CLE  + ADDED  Bryant, Thomas | 1 - FULL SEASON | 2449421.0 |  |  |  |  |  | 2449421"
2026-07-07 13:37:58,SHEETS,REMOVED,"CLE  - REMOVED Bryant, Thomas | 1 - FULL SEASON | 2449421.0 |  |  |  |  |  | 2449421"
2026-07-07 13:37:58,SHEETS,REMOVED,"CLE  - REMOVED Ellis, Keon | 4 - CAP HOLD | 2449421.0 |  |  |  |  |  | 2449421"
2026-07-07 13:37:58,SHEETS,REMOVED,"CLE  - REMOVED TEAM SALARY (Art, I §1 (nnn)): |  | 250315234.3 | 173689767.5 | 105956601 | 64158364 | 0 | 0 | 594119966.8"
2026-07-07 13:37:58,SHEETS,ADDED,CLE  + ADDED   |  |  |  |  |  |  |  | 0
2026-07-07 13:37:58,SHEETS,ADDED,"CLE  + ADDED  TEAM SALARY (Art, I §1 (nnn)): |  | 247865813.3 | 173689767.5 | 105956601 | 64158364 | 0 | 0 | 591670545.8"
2026-07-07 13:37:58,SHEETS,REMOVED,CLE  - REMOVED Cap Holds |  | 66614599.6 | 0 | 0 | 0 | 0 | 0
2026-07-07 13:37:58,SHEETS,ADDED,CLE  + ADDED  Cap Holds |  | 64165178.6 | 0 | 0 | 0 | 0 | 0
2026-07-07 13:37:58,SHEETS,REMOVED,CLE  - REMOVED  |  |  | Cap Holds |  | 9
2026-07-07 13:37:58,SHEETS,ADDED,CLE  + ADDED   |  |  | Cap Holds |  | 8
2026-07-07 13:36:57,SHEETS,REMOVED,"BKN  - REMOVED Agbaji, Ochai | 4 - CAP HOLD | 19150574.04 |  |  |  |  |  | 19150574.04"
2026-07-07 13:36:57,SHEETS,REMOVED,"BKN  - REMOVED TEAM SALARY (Art, I §1 (nnn)): |  | 164700153.6 | 82561520 | 43145048 | 12256488 | 0 | 0 | 302663209.6"
2026-07-07 13:36:57,SHEETS,ADDED,BKN  + ADDED   |  |  |  |  |  |  |  | 0
2026-07-07 13:36:57,SHEETS,ADDED,"BKN  + ADDED  TEAM SALARY (Art, I §1 (nnn)): |  | 145549579.5 | 82561520 | 43145048 | 12256488 | 0 | 0 | 283512635.5"
2026-07-07 13:36:57,SHEETS,REMOVED,BKN  - REMOVED Cap Holds |  | 33474995.04 | 0 | 0 | 0 | 0 | 0
2026-07-07 13:36:57,SHEETS,ADDED,BKN  + ADDED  Cap Holds |  | 14324421 | 0 | 0 | 0 | 0 | 0
2026-07-07 13:36:57,SHEETS,REMOVED,BKN  - REMOVED  |  |  | Cap Holds |  | 3
2026-07-07 13:36:57,SHEETS,ADDED,BKN  + ADDED   |  |  | Cap Holds |  | 2
2026-07-07 13:36:57,SHEETS,REMOVED,"CLE  - REMOVED Bryant, Thomas | 4 - CAP HOLD | 2449421.0 |  |  |  |  |  | 2449421"
2026-07-07 13:36:57,SHEETS,ADDED,"CLE  + ADDED  Bryant, Thomas | 1 - FULL SEASON | 2449421.0 |  |  |  |  |  | 2449421"
2026-07-07 13:36:57,SHEETS,REMOVED,CLE  - REMOVED Players Under Contract |  | 180826542 | 173689767.5 | 105956601 | 64158364 | 0 | 0 | BOLD = Option Year
2026-07-07 13:36:57,SHEETS,REMOVED,"CLE  - REMOVED Full Season Contracts |  | 180826542 | 173689767.5 | 105956601 | 64158364 | 0 | 0 | *=Projected Exten,,"
2026-07-07 13:36:57,SHEETS,ADDED,CLE  + ADDED  Players Under Contract |  | 183275963 | 173689767.5 | 105956601 | 64158364 | 0 | 0 | BOLD = Option Year
2026-07-07 13:36:57,SHEETS,ADDED,"CLE  + ADDED  Full Season Contracts |  | 183275963 | 173689767.5 | 105956601 | 64158364 | 0 | 0 | *=Projected Exten,,"
2026-07-07 13:36:57,SHEETS,REMOVED,CLE  - REMOVED Cap Holds |  | 69064020.6 | 0 | 0 | 0 | 0 | 0
2026-07-07 13:36:57,SHEETS,ADDED,CLE  + ADDED  Cap Holds |  | 66614599.6 | 0 | 0 | 0 | 0 | 0
2026-07-07 13:36:57,SHEETS,REMOVED,"CLE  - REMOVED Avg, Salary (Mean) (ALL Compensation Obligations) |  |  | Players Under Contract |  | 11"
2026-07-07 13:36:57,SHEETS,REMOVED,"CLE  - REMOVED Avg, Salary (Mean) (No 10-Day K's) |  |  | Avaiable Spots |  | 4"
2026-07-07 13:36:57,SHEETS,REMOVED,"CLE  - REMOVED Avg, Salary (Mean) (No 10-Day K's & ROS) |  |  | Players to Reach Roster Min, |  | 2"
2026-07-07 13:36:57,SHEETS,REMOVED,CLE  - REMOVED  |  |  | Cap Holds |  | 10
2026-07-07 13:36:57,SHEETS,ADDED,"CLE  + ADDED  Avg, Salary (Mean) (ALL Compensation Obligations) |  |  | Players Under Contract |  | 12"
2026-07-07 13:36:57,SHEETS,ADDED,"CLE  + ADDED  Avg, Salary (Mean) (No 10-Day K's) |  |  | Avaiable Spots |  | 3"
2026-07-07 13:36:57,SHEETS,ADDED,"CLE  + ADDED  Avg, Salary (Mean) (No 10-Day K's & ROS) |  |  | Players to Reach Roster Min, |  | 1"
2026-07-07 13:36:57,SHEETS,ADDED,CLE  + ADDED   |  |  | Cap Holds |  | 9
2026-07-07 13:36:54,PLAYERS,CHANGED,~ CHANGED Jamir Watkins  school: VCU -> Florida State
2026-07-07 13:36:54,PLAYERS,CHANGED,~ CHANGED Julian Reese  name: Juju Reese -> Julian Reese
2026-07-07 13:36:54,PLAYERS,CHANGED,~ CHANGED AJ Dybantsa  school: BYU -> Brigham Young
2026-07-07 13:36:54,PLAYERS,CHANGED,~ CHANGED Will Riley  school: Illinois -> Illinois-Urbana-Champaign
2026-07-07 13:35:59,DOCS,REMOVED,"2026-27 Veteran Signings  - REMOVED 3 Years for $74,000,000. Bird Exception. Advance Payment ($2,681,. Insurance Premium Reimbursement. Skill; Injury or Illness; Mental. Love of the Game."
2026-07-07 13:35:59,DOCS,ADDED,"2026-27 Veteran Signings  + ADDED  3 Years for $74,000,000. Bird Exception. Advance Payment ($7,400,000). Insurance Premium Reimbursement. Skill; Injury or Illness; Mental. Love of the Game. Physical Exam. Alt. 7(b)."
2026-07-07 13:34:56,DOCS,REMOVED,2026-27 Veteran Signings  - REMOVED Andrew Wiggins Miami Heat
2026-07-07 13:34:56,DOCS,REMOVED,"2026-27 Veteran Signings  - REMOVED 27-28 $16,510,000"
2026-07-07 13:34:56,DOCS,REMOVED,"2026-27 Veteran Signings  - REMOVED 28-29 $17,320,356 (Player Option)"
2026-07-07 13:34:56,DOCS,REMOVED,"2026-27 Veteran Signings  - REMOVED 2 Years for $33,830,356. Veteran Extension. Player option to extend the contract to include the 2028-29 Season. Insurance Premium Reimbursement. Skill; Injury or Illness; Mental. Love of the Game."
2026-07-07 13:34:56,DOCS,ADDED,2026-27 Veteran Signings  + ADDED  Coby White Charlotte Hornets
2026-07-07 13:34:56,DOCS,ADDED,"2026-27 Veteran Signings  + ADDED  26-27 $26,811,593"
2026-07-07 13:34:56,DOCS,ADDED,"2026-27 Veteran Signings  + ADDED  27-28 $24,666,667"
2026-07-07 13:34:56,DOCS,ADDED,"2026-27 Veteran Signings  + ADDED  28-29 $22,521,740"
2026-07-07 13:34:56,DOCS,ADDED,"2026-27 Veteran Signings  + ADDED  3 Years for $74,000,000. Bird Exception. Advance Payment ($2,681,. Insurance Premium Reimbursement. Skill; Injury or Illness; Mental. Love of the Game."
2026-07-07 13:33:58,SHEETS,ADDED,"CHA  + ADDED  White, Coby | 1 - FULL SEASON | 26811593.0 | 24666667.0 | 22521740.0 |  |  |  | 74000000"
2026-07-07 13:33:58,SHEETS,REMOVED,"CHA  - REMOVED White, Coby | 4 - CAP HOLD | 24488889.099999998 |  |  |  |  |  | 24488889.1"
2026-07-07 13:33:58,SHEETS,REMOVED,"CHA  - REMOVED TEAM SALARY (Art, I §1 (nnn)): |  | 184825007.7 | 91096153.84 | 81723707 | 15718625.52 | 0 | 0 | 373363494.1"
2026-07-07 13:33:58,SHEETS,ADDED,"CHA  + ADDED  TEAM SALARY (Art, I §1 (nnn)): |  | 187147711.6 | 115762820.8 | 104245447 | 15718625.52 | 0 | 0 | 422874605"
2026-07-07 13:33:58,SHEETS,REMOVED,CHA  - REMOVED Players Under Contract |  | 157886697.6 | 91096153.84 | 81723707 | 15718625.52 | 0 | 0 | BOLD = Option Year
2026-07-07 13:33:58,SHEETS,REMOVED,"CHA  - REMOVED Full Season Contracts |  | 157886697.6 | 91096153.84 | 81723707 | 15718625.52 | 0 | 0 | *=Projected Exten,,"
2026-07-07 13:33:58,SHEETS,ADDED,CHA  + ADDED  Players Under Contract |  | 184698290.6 | 115762820.8 | 104245447 | 15718625.52 | 0 | 0 | BOLD = Option Year
2026-07-07 13:33:58,SHEETS,ADDED,"CHA  + ADDED  Full Season Contracts |  | 184698290.6 | 115762820.8 | 104245447 | 15718625.52 | 0 | 0 | *=Projected Exten,,"
2026-07-07 13:33:58,SHEETS,REMOVED,CHA  - REMOVED Cap Holds |  | 26938310.1 | 0 | 0 | 0 | 0 | 0
2026-07-07 13:33:58,SHEETS,ADDED,CHA  + ADDED  Cap Holds |  | 2449421 | 0 | 0 | 0 | 0 | 0
2026-07-07 13:33:58,SHEETS,REMOVED,"CHA  - REMOVED Avg, Salary (Mean) (ALL Compensation Obligations) |  |  | Players Under Contract |  | 15"
2026-07-07 13:33:58,SHEETS,ADDED,"CHA  + ADDED  Avg, Salary (Mean) (ALL Compensation Obligations) |  |  | Players Under Contract |  | 16"
2026-07-07 13:33:58,SHEETS,REMOVED,CHA  - REMOVED  |  |  | Cap Holds |  | 2
2026-07-07 13:33:58,SHEETS,ADDED,CHA  + ADDED   |  |  | Cap Holds |  | 1
2026-07-07 13:33:56,DOCS,REMOVED,2026-27 Veteran Signings  - REMOVED Update 1.2 (7/7/26): K. Anderson
2026-07-07 13:33:56,DOCS,ADDED,"2026-27 Veteran Signings  + ADDED  Update 1.2 (7/7/26): K. Anderson, C. White"
2026-07-07 13:33:56,DOCS,ADDED,2026-27 Veteran Signings  + ADDED  Andrew Wiggins Miami Heat
2026-07-07 13:33:56,DOCS,ADDED,"2026-27 Veteran Signings  + ADDED  27-28 $16,510,000"
2026-07-07 13:33:56,DOCS,ADDED,"2026-27 Veteran Signings  + ADDED  28-29 $17,320,356 (Player Option)"
2026-07-07 13:33:56,DOCS,ADDED,"2026-27 Veteran Signings  + ADDED  2 Years for $33,830,356. Veteran Extension. Player option to extend the contract to include the 2028-29 Season. Insurance Premium Reimbursement. Skill; Injury or Illness; Mental. Love of the Game."
2026-07-07 13:33:56,DOCS,ADDED,2026-27 Veteran Signings  + ADDED  Execution Date: 7/6/26
2026-07-07 13:32:55,DOCS,ADDED,2026-27 Two-Way Signings  + ADDED  Kylan Boswell Charlotte Hornets
2026-07-07 13:32:55,DOCS,ADDED,"2026-27 Two-Way Signings  + ADDED  2 Years. Skill; Injury or Illness; Mental. Compensation protection for 2026-27 Season is for $91,000 but will increase to 50% if team has not requested waivers on player on or before the first day of the 2026-27 Regular Season. Compensation protection for 2027-28 Season is none. Love of the Game. Physical Exam. Alt. 7(b)."
2026-07-07 13:32:55,DOCS,ADDED,2026-27 Two-Way Signings  + ADDED  Execution Date: 7/6/26
2026-07-07 13:31:56,DOCS,REMOVED,"2026-27 Two-Way Signings  - REMOVED Update 1.2 (7/7/26): M. Ajayi, K. Brea"
2026-07-07 13:31:56,DOCS,ADDED,"2026-27 Two-Way Signings  + ADDED  Update 1.2 (7/7/26): M. Ajayi, K. Boswell, K. Brea"
2026-07-07 13:30:56,DOCS,REMOVED,2026-27 Two-Way Signings  - REMOVED Update 1.2 (7/7/26): K. Brea
2026-07-07 13:30:56,DOCS,ADDED,"2026-27 Two-Way Signings  + ADDED  Update 1.2 (7/7/26): M. Ajayi, K. Brea"
2026-07-07 13:30:56,DOCS,ADDED,2026-27 Two-Way Signings  + ADDED  Michael Ajayi Charlotte Hornets
2026-07-07 13:30:56,DOCS,ADDED,"2026-27 Two-Way Signings  + ADDED  2 Years. Skill; Injury or Illness; Mental. Compensation protection for 2026-27 Season is for $91,000 but will increase to 50% if team has not requested waivers on player on or before the first day of the 2026-27 Regular Season. Compensation protection for 2027-28 Season is none. Love of the Game. Physical Exam. Alt. 7(b)."
2026-07-07 13:30:56,DOCS,ADDED,2026-27 Two-Way Signings  + ADDED  Execution Date: 7/6/26
2026-07-07 13:29:56,DOCS,REMOVED,2026-27 Two-Way Signings  - REMOVED Brooks Barnhizer Oklahoma City Thunder
2026-07-07 13:29:56,DOCS,REMOVED,"2026-27 Two-Way Signings  - REMOVED 1 Year. Skill; Injury or Illness. Compensation protection for 2026-27 Season is for $91,000 but will increase to 50% if team has not requested waivers on player on or before the first day of the 2026-27 Regular Season. Love of the Game. Physical Exam. Alt. 7(b)."
2026-07-07 13:29:56,DOCS,REMOVED,2026-27 Two-Way Signings  - REMOVED Execution Date: 7/3/26
2026-07-07 13:29:56,DOCS,ADDED,2026-27 Two-Way Signings  + ADDED  Koby Brea Phoenix Suns
2026-07-07 13:29:56,DOCS,ADDED,"2026-27 Two-Way Signings  + ADDED  1 Year. Advance Payment ($45,500). Skill; Injury or Illness; Mental. Compensation protection for 2026-27 Season is for $91,000 but will increase to 50% if team has not requested waivers on player on or before the first day of the 2026-27 Regular Season. Love of the Game. Physical Exam. Alt. 7(b)."
2026-07-07 13:29:56,DOCS,ADDED,2026-27 Two-Way Signings  + ADDED  Execution Date: 7/6/26
2026-07-07 13:28:56,DOCS,REMOVED,2026-27 Two-Way Signings  - REMOVED Update 1.2 (7/7/26):
2026-07-07 13:28:56,DOCS,ADDED,2026-27 Two-Way Signings  + ADDED  Update 1.2 (7/7/26): K. Brea
2026-07-07 13:28:56,DOCS,ADDED,2026-27 Two-Way Signings  + ADDED  Brooks Barnhizer Oklahoma City Thunder
2026-07-07 13:28:56,DOCS,ADDED,"2026-27 Two-Way Signings  + ADDED  1 Year. Skill; Injury or Illness. Compensation protection for 2026-27 Season is for $91,000 but will increase to 50% if team has not requested waivers on player on or before the first day of the 2026-27 Regular Season. Love of the Game. Physical Exam. Alt. 7(b)."
2026-07-07 13:28:56,DOCS,ADDED,2026-27 Two-Way Signings  + ADDED  Execution Date: 7/3/26
2026-07-07 13:17:55,TRANSACTIONS,Signing,2026-07-07  New Orleans Pelicans re-signed guard Trey Alexander to a Two-Way Contract.
2026-07-07 12:59:59,SHEETS,ADDED,MIA  + ADDED   |  |  | 57641850 |  |  |  |  | 57641850
2026-07-07 12:59:59,SHEETS,REMOVED,MIA  - REMOVED  |  |  |  |  |  |  |  | 0
2026-07-07 12:59:59,SHEETS,REMOVED,"MIA  - REMOVED TEAM SALARY (Art, I §1 (nnn)): |  | 239680614 | 171000133 | 92517147 | 16200000 | 0 | 0 | 519397894"
2026-07-07 12:59:59,SHEETS,ADDED,"MIA  + ADDED  TEAM SALARY (Art, I §1 (nnn)): |  | 239680614 | 228641983 | 92517147 | 16200000 | 0 | 0 | 577039744"
2026-07-07 12:57:54,PLAYERS,CHANGED,~ CHANGED Noa Essengue  school: - -> Ratiopharm Ulm (Germany)
2026-07-07 12:42:55,PLAYERS,CHANGED,~ CHANGED AJ Dybantsa  school: Brigham Young -> BYU
2026-07-07 12:42:55,PLAYERS,CHANGED,~ CHANGED Juju Reese  name: Julian Reese -> Juju Reese
2026-07-07 12:42:55,PLAYERS,CHANGED,~ CHANGED Will Riley  school: Illinois-Urbana-Champaign -> Illinois
2026-07-07 12:42:55,PLAYERS,CHANGED,~ CHANGED Jamir Watkins  school: Florida State -> VCU
2026-07-07 11:45:55,TRANSACTIONS,Signing,2026-07-07  Sacramento Kings re-signed forward Precious Achiuwa to a Contract.
2026-07-07 11:33:54,PLAYERS,CHANGED,~ CHANGED Lachlan Olbrich  school: UC Riverside -> Illawarra
2026-07-07 11:33:54,PLAYERS,CHANGED,~ CHANGED Yaxel Lendeborg  school: Michigan -> Alabama-Birmingham
2026-07-07 11:33:54,PLAYERS,CHANGED,~ CHANGED Norchad Omier  school: Baylor -> Miami
2026-07-07 11:33:54,PLAYERS,CHANGED,~ CHANGED Max Shulga  school: VCU -> Virginia Commonwealth
2026-07-07 11:33:54,PLAYERS,CHANGED,~ CHANGED Sean Pedulla  school: Ole Miss -> Mississippi
2026-07-07 11:19:54,PLAYERS,CHANGED,~ CHANGED Norchad Omier  school: Miami -> Baylor
2026-07-07 11:19:54,PLAYERS,CHANGED,~ CHANGED Sean Pedulla  school: Mississippi -> Ole Miss
2026-07-07 11:08:54,PLAYERS,CHANGED,~ CHANGED Max Shulga  school: Virginia Commonwealth -> VCU
2026-07-07 11:08:54,PLAYERS,CHANGED,~ CHANGED Yaxel Lendeborg  school: Alabama-Birmingham -> Michigan
2026-07-07 11:08:54,PLAYERS,CHANGED,~ CHANGED Lachlan Olbrich  school: Illawarra -> UC Riverside
2026-07-07 10:42:55,DOCS,REMOVED,2026-27 Veteran Signings  - REMOVED Minimum Salary Exception. Insurance Premium Reimbursement. Skill; Injury or Illness. Love of the Game. Physical Exam. Alt. 7(b).
2026-07-07 10:42:55,DOCS,ADDED,2026-27 Veteran Signings  + ADDED  Minimum Salary Exception. Skill; Injury or Illness; Death. Love of the Game. Physical Exam. Alt. 7(b).
2026-07-07 10:41:58,SHEETS,ADDED,"TOR  + ADDED  Anderson, Kyle | 1 - FULL SEASON | 2449421.0 |  |  |  |  |  | 2449421"
2026-07-07 10:41:58,SHEETS,REMOVED,"TOR  - REMOVED Anderson, Kyle | 1 - FULL SEASON | 2449421.0 |  |  |  |  |  | 2449421"
2026-07-07 10:41:56,DOCS,REMOVED,2026-27 Veteran Signings  - REMOVED Execution Date: 7/1/26
2026-07-07 10:41:56,DOCS,ADDED,2026-27 Veteran Signings  + ADDED  Execution Date: 7/6/26
2026-07-07 10:25:55,TRANSACTIONS,Signing,2026-07-07  Phoenix Suns re-signed guard Collin Gillespie to a Contract.
2026-07-07 10:25:55,TRANSACTIONS,Signing,2026-07-07  Washington Wizards signed center Felix Okpara to a Two-Way Contract.
2026-07-07 10:05:56,DOCS,ADDED,2026-27 Two-Way Signings  + ADDED  Update 1.2 (7/7/26):
2026-07-07 10:05:56,DOCS,ADDED,2026-27 Rookie Signings  + ADDED  Update 1.2 (7/7/26):
2026-07-07 10:04:55,DOCS,REMOVED,2026-27 Veteran Signings  - REMOVED Update 1.2 (7/7/26):
2026-07-07 10:04:55,DOCS,ADDED,2026-27 Veteran Signings  + ADDED  Update 1.2 (7/7/26): K. Anderson
2026-07-07 10:04:55,DOCS,ADDED,2026-27 Veteran Signings  + ADDED  Kyle Anderson Toronto Raptors
2026-07-07 10:04:55,DOCS,ADDED,"2026-27 Veteran Signings  + ADDED  26-27 $3,876,529"
2026-07-07 10:04:55,DOCS,ADDED,2026-27 Veteran Signings  + ADDED  Minimum Salary Exception. Insurance Premium Reimbursement. Skill; Injury or Illness. Love of the Game. Physical Exam. Alt. 7(b).
2026-07-07 10:04:55,DOCS,ADDED,2026-27 Veteran Signings  + ADDED  Execution Date: 7/1/26
2026-07-07 10:02:57,DOCS,REMOVED,2026-27 Veteran Signings  - REMOVED Update 1.1 (7/1/26 -
2026-07-07 10:02:57,DOCS,ADDED,2026-27 Veteran Signings  + ADDED  Update 1.2 (7/7/26):
2026-07-07 10:02:00,DOCS,REMOVED,"2026-27 Veteran Signings  - REMOVED Update 1.1 (7/1/26): B. Carlson, J. Carter, S. Fontecchio, R. Harper Jr., A. Horford, N. Hyland, J. Isaac, A. Martin, J. Minott, N. Queta, D. Sharpe, A. Simons, N. Vucevic, D. Wade, A. Wiggins"
2026-07-07 10:02:00,DOCS,ADDED,"2026-27 Veteran Signings  + ADDED  Update 1.1 (7/1/26 - 7/6/26): B. Carlson, J. Carter, S. Fontecchio, R. Harper Jr., A. Horford, N. Hyland, J. Isaac, A. Martin, J. Minott, N. Queta, D. Sharpe, A. Simons, N. Vucevic, D. Wade, A. Wiggins"
2026-07-07 10:02:00,DOCS,ADDED,2026-27 Veteran Signings  + ADDED  Update 1.1 (7/1/26 -
2026-07-07 10:02:00,DOCS,REMOVED,"2026-27 Two-Way Signings  - REMOVED Update 1.1 (7/1/26): T. Awaka, B. Barnhizer, T. Bates, T. Bilodeau, J. Bradley, M. Brown, C. Castleton, J. Dix, T. Donaldson, A. Flager, E. Freeman, J. Gillespie, K. Jones, T. Lawal, C. Love, C. Manon, N. Martinelli, J. Mogbo, I. Nelson, A. Okereke, U. Onyenso, O. Oweh, J. Sellers, P. Spencer, P. Suder, E. Udeh, J. Watkins, A. Williams"
2026-07-07 10:02:00,DOCS,ADDED,"2026-27 Two-Way Signings  + ADDED  Update 1.1 (7/1/26 - 7/6/26): T. Awaka, B. Barnhizer, T. Bates, T. Bilodeau, J. Bradley, M. Brown, C. Castleton, J. Dix, T. Donaldson, A. Flager, E. Freeman, J. Gillespie, K. Jones, T. Lawal, C. Love, C. Manon, N. Martinelli, J. Mogbo, I. Nelson, A. Okereke, U. Onyenso, O. Oweh, J. Sellers, P. Spencer, P. Suder, E. Udeh, J. Watkins, A. Williams"
2026-07-07 10:00:57,SHEETS,REMOVED,"MIN  - REMOVED Anderson, Kyle | 4 - CAP HOLD | 2449421.0 |  |  |  |  |  | 2449421"
2026-07-07 10:00:57,SHEETS,REMOVED,"MIN  - REMOVED TEAM SALARY (Art, I §1 (nnn)): |  | 260691838 | 188783460.6 | 119308939 | 28448276 | 0 | 0 | 597232513.6"
2026-07-07 10:00:57,SHEETS,ADDED,MIN  + ADDED   |  |  |  |  |  |  |  | 0
2026-07-07 10:00:57,SHEETS,ADDED,"MIN  + ADDED  TEAM SALARY (Art, I §1 (nnn)): |  | 258242417 | 188783460.6 | 119308939 | 28448276 | 0 | 0 | 594783092.6"
2026-07-07 10:00:57,SHEETS,REMOVED,MIN  - REMOVED Cap Holds |  | 67611335 | 0 | 0 | 0 | 0 | 0
2026-07-07 10:00:57,SHEETS,ADDED,MIN  + ADDED  Cap Holds |  | 65161914 | 0 | 0 | 0 | 0 | 0
2026-07-07 10:00:57,SHEETS,REMOVED,MIN  - REMOVED  |  |  | Cap Holds |  | 9
2026-07-07 10:00:57,SHEETS,ADDED,MIN  + ADDED   |  |  | Cap Holds |  | 8
2026-07-07 09:59:57,SHEETS,REMOVED,"TOR  - REMOVED Mogbo, Jonathan | 4 - CAP HOLD | 2449421.0 |  |  |  |  |  | 2449421"
2026-07-07 09:59:57,SHEETS,ADDED,"TOR  + ADDED  Anderson, Kyle | 1 - FULL SEASON | 2449421.0 |  |  |  |  |  | 2449421"
2026-07-07 09:59:57,SHEETS,REMOVED,TOR  - REMOVED Players Under Contract |  | 194213214.1 | 166229338.8 | 123271894 | 85221375.6 | 0 | 0 | BOLD = Option Year
2026-07-07 09:59:57,SHEETS,REMOVED,"TOR  - REMOVED Full Season Contracts |  | 194213214.1 | 166229338.8 | 123271894 | 85221375.6 | 0 | 0 | *=Projected Exten,,"
2026-07-07 09:59:57,SHEETS,ADDED,TOR  + ADDED  Players Under Contract |  | 196662635.1 | 166229338.8 | 123271894 | 85221375.6 | 0 | 0 | BOLD = Option Year
2026-07-07 09:59:57,SHEETS,ADDED,"TOR  + ADDED  Full Season Contracts |  | 196662635.1 | 166229338.8 | 123271894 | 85221375.6 | 0 | 0 | *=Projected Exten,,"
2026-07-07 09:59:57,SHEETS,REMOVED,TOR  - REMOVED Cap Holds |  | 17947105 | 0 | 0 | 0 | 0 | 0
2026-07-07 09:59:57,SHEETS,ADDED,TOR  + ADDED  Cap Holds |  | 15497684 | 0 | 0 | 0 | 0 | 0
2026-07-07 09:59:57,SHEETS,REMOVED,"TOR  - REMOVED Avg, Salary (Mean) (ALL Compensation Obligations) |  |  | Players Under Contract |  | 13"
2026-07-07 09:59:57,SHEETS,REMOVED,"TOR  - REMOVED Avg, Salary (Mean) (No 10-Day K's) |  |  | Avaiable Spots |  | 2"
2026-07-07 09:59:57,SHEETS,ADDED,"TOR  + ADDED  Avg, Salary (Mean) (ALL Compensation Obligations) |  |  | Players Under Contract |  | 14"
2026-07-07 09:59:57,SHEETS,ADDED,"TOR  + ADDED  Avg, Salary (Mean) (No 10-Day K's) |  |  | Avaiable Spots |  | 1"
2026-07-07 09:59:57,SHEETS,REMOVED,TOR  - REMOVED  |  |  | Cap Holds |  | 6
2026-07-07 09:59:57,SHEETS,ADDED,TOR  + ADDED   |  |  | Cap Holds |  | 5
2026-07-07 09:59:57,SHEETS,REMOVED,Luxury Tax Calculator  - REMOVED Luxury Tax | 0 | 0 | 0 | 0 | 0 | 0 | 0 | 23501723 | 0 | 0 | 0 | 10706857.6 | 0 | 0 | 0 | 4179835 | 0 | 2536082 | 435790.92 | 13065628 | 36309610 | 29970320.04 | 14300978.3 | 702276.5238 | 6712130.274 | 10834062 | 0 | 6318214.14 | 0 | 0
2026-07-07 09:59:57,SHEETS,ADDED,Luxury Tax Calculator  + ADDED  Luxury Tax | 0 | 0 | 0 | 0 | 0 | 0 | 0 | 23501723 | 0 | 0 | 0 | 10706857.6 | 0 | 0 | 0 | 4179835 | 0 | 2536082 | 435790.92 | 13065628 | 36309610 | 29970320.04 | 14300978.3 | 702276.5238 | 6712130.274 | 10834062 | 0 | 8767635.14 | 0 | 0
2026-07-07 09:59:57,SHEETS,REMOVED,Luxury Tax Calculator  - REMOVED 2nd Incremental Tax Bracket | 0 | 0 | 0 | 0 | 0 | 0 | 0 | 18476250 | 0 | 0 | 0 | 6277322 | 0 | 0 | 0 | 0 | 0 | 0 | 0 | 7106250 | 7106250 | 7106250 | 7106250 | 0 | 1283912.843 | 6436327.5 | 0 | 791517.675 | 0 | 0
2026-07-07 09:59:57,SHEETS,ADDED,Luxury Tax Calculator  + ADDED  2nd Incremental Tax Bracket | 0 | 0 | 0 | 0 | 0 | 0 | 0 | 18476250 | 0 | 0 | 0 | 6277322 | 0 | 0 | 0 | 0 | 0 | 0 | 0 | 7106250 | 7106250 | 7106250 | 7106250 | 0 | 1283912.843 | 6436327.5 | 0 | 3853293.925 | 0 | 0
2026-07-07 09:59:57,SHEETS,REMOVED,Luxury Tax Calculator  - REMOVED Tax Liability | 0 | 0 | 0 | 0 | 0 | 0 | 0 | 110694991.8 | 0 | 0 | 0 | 11962322 | 0 | 0 | 0 | 4179835 | 0 | 2536082 | 435790.92 | 18725948 | 135975062.5 | 98424340.23 | 23049674.05 | 2106829.571 | 6968912.843 | 12121327.5 | 0 | 6476517.675 | 0 | 0
2026-07-07 09:59:57,SHEETS,ADDED,Luxury Tax Calculator  + ADDED  Tax Liability | 0 | 0 | 0 | 0 | 0 | 0 | 0 | 110694991.8 | 0 | 0 | 0 | 11962322 | 0 | 0 | 0 | 4179835 | 0 | 2536082 | 435790.92 | 18725948 | 135975062.5 | 98424340.23 | 23049674.05 | 2106829.571 | 6968912.843 | 12121327.5 | 0 | 9538293.925 | 0 | 0
2026-07-07 09:56:55,TRANSACTIONS,Signing,2026-07-07  Phoenix Suns re-signed center Mark Williams to a Contract.
2026-07-07 09:56:55,TRANSACTIONS,Signing,2026-07-07  Phoenix Suns re-signed guard Jordan Goodwin to a Contract.
2026-07-07 09:35:54,PLAYERS,CHANGED,~ CHANGED Kenrich Williams  school: Texas Christian -> TCU
2026-07-07 09:34:54,PLAYERS,CHANGED,~ CHANGED Kenrich Williams  school: TCU -> Texas Christian
2026-07-07 09:33:54,PLAYERS,CHANGED,~ CHANGED Kenrich Williams  school: Texas Christian -> TCU
2026-07-07 09:25:55,TRANSACTIONS,Signing,2026-07-07  Cleveland Cavaliers re-signed center Thomas Bryant to a Contract.
2026-07-07 08:57:54,PLAYERS,CHANGED,~ CHANGED Kenrich Williams  school: TCU -> Texas Christian
2026-07-07 08:33:54,PLAYERS,CHANGED,~ CHANGED Tre Donaldson  number: - -> 24
2026-07-07 08:33:54,PLAYERS,CHANGED,~ CHANGED Tre Donaldson  position: - -> G
2026-07-07 08:33:54,PLAYERS,CHANGED,~ CHANGED Tre Donaldson  height: - -> 6-3
2026-07-07 08:33:54,PLAYERS,CHANGED,~ CHANGED Tre Donaldson  weight: - -> 195
2026-07-07 08:33:54,PLAYERS,CHANGED,~ CHANGED Giannis Antetokounmpo  number: 34 -> 7
2026-07-07 08:33:54,PLAYERS,CHANGED,~ CHANGED Ryan Conwell  number: - -> 4
2026-07-07 08:29:55,PLAYERS,CHANGED,~ CHANGED Tre Donaldson  country: - -> USA
2026-07-07 08:25:55,TRANSACTIONS,Signing,2026-07-03  Miami Heat signed guard Tre Donaldson to a Two-Way Contract.
2026-07-07 08:15:56,TRANSACTIONS,Signing,2026-07-07  Houston Rockets signed guard Bruce Thornton to a Contract.
2026-07-07 08:04:02,TRANSACTIONS,Signing,2026-07-06  LA Clippers signed forward Rui Hachimura to a Contract.
2026-07-07 08:04:02,TRANSACTIONS,Signing,2026-07-06  Washington Wizards re-signed guard Trae Young to a Contract.
2026-07-07 08:04:02,TRANSACTIONS,Signing,2026-07-06  Oklahoma City Thunder re-signed center Isaiah Hartenstein to a Contract.
2026-07-07 08:04:02,TRANSACTIONS,Signing,2026-07-06  Oklahoma City Thunder re-signed guard Kenrich Williams to a Contract.
2026-07-07 08:04:01,PLAYERS,CHANGED,~ CHANGED Rui Hachimura  team: LAL -> LAC
2026-07-06 21:07:55,DOCS,REMOVED,"2026-27 Veteran Signings  - REMOVED Update 1.1 (7/1/26): B. Carlson, J. Carter, S. Fontecchio, R. Harper Jr., A. Horford, N. Hyland, J. Isaac, A. Martin, J. Minott, N. Queta, D. Sharpe, A. Simons, N. Vukevic, D. Wade, A. Wiggins"
2026-07-06 21:07:55,DOCS,ADDED,"2026-27 Veteran Signings  + ADDED  Update 1.1 (7/1/26): B. Carlson, J. Carter, S. Fontecchio, R. Harper Jr., A. Horford, N. Hyland, J. Isaac, A. Martin, J. Minott, N. Queta, D. Sharpe, A. Simons, N. Vucevic, D. Wade, A. Wiggins"
2026-07-06 21:00:55,DOCS,REMOVED,2026-27 Two-Way Signings  - REMOVED Jaylin Seller Chicago Bulls
2026-07-06 21:00:55,DOCS,ADDED,2026-27 Two-Way Signings  + ADDED  Jaylin Sellers Chicago Bulls
2026-07-06 20:59:56,DOCS,REMOVED,"2026-27 Rookie Signings  - REMOVED Update 1.1 (7/1/26): A. Dybantsa, D. Peterson, C. Wilson, K. Wagler, M. Brown, D. Acuff Jr., K. Flemings, M. Johnson, A. Mara, H. Steinbach, Y. Lendeborg, D. Swain, B. Stritz, C. Anderson, A. Graves, J. Quaintance, L. Philon, Z. Eijfor, C. Carr, S. De Larrea, T. Reed Jr., C. Cenac, A. Karaban, K. Peat, M. Thomas, R. Conwell, E. Sharp, B. Markovic, H. Veesaar"
2026-07-06 20:59:56,DOCS,ADDED,"2026-27 Rookie Signings  + ADDED  Update 1.1 (7/1/26 - 7/6/26): A. Dybantsa, D. Peterson, C. Wilson, K. Wagler, M. Brown, D. Acuff Jr., K. Flemings, M. Johnson, B. Burries, Y. Lendeborg, A. Mara, H. Steinbach, D. Swain, B. Stritz, E. Okorie, C. Anderson, A. Graves, J. Quaintance, L. Philon, Z. Eijfor, C. Carr, S. De Larrea, T. Reed Jr., C. Cenac, A. Karaban, K. Peat, M. Thomas, R. Conwell, E. Sharp, B. Markovic, H. Veesaar"
2026-07-06 20:53:56,DOCS,REMOVED,"2026-27 Veteran Signings  - REMOVED 4 Years for $13704,229. Non-Qualifying Veteran Free Agent Exception. Team option to extend the contract to include the 2029-30 Season. Skill; Injury or Illness; Mental. Compensation protection for 2028-29 Season is none, but will increase to full if team has not requested waivers on playero n or before 7/7/2028. Love of the Game. Physical Exam. Alt. 7(b)."
2026-07-06 20:53:56,DOCS,ADDED,"2026-27 Veteran Signings  + ADDED  4 Years for $13704,229. Non-Qualifying Veteran Free Agent Exception. Team option to extend the contract to include the 2029-30 Season. Skill; Injury or Illness; Mental. Compensation protection for 2028-29 Season is none, but will increase to full if team has not requested waivers on player on or before 7/7/2028. Compensation protection for 2029-30 Season is none, but will increase to full if team has not requested waivers on player on or before 7/7/2029. Love of the Game. Physical Exam. Alt. 7(b)."
2026-07-06 20:52:56,DOCS,REMOVED,"2026-27 Veteran Signings  - REMOVED 4 Years for $13,985,100. Non-Qualifying Veteran Free Agent Exception. Advance Payment ($1,040,040). Player option to extend the contract to include the 2027-28 Season. Insurance Premium Reimbursement. Skill; Injury or Illness; Mental. Trade Kicker (15%). Love of the Game. Physical Exam. Alt. 7(b)."
2026-07-06 20:52:56,DOCS,ADDED,"2026-27 Veteran Signings  + ADDED  4 Years for $13704,229. Non-Qualifying Veteran Free Agent Exception. Team option to extend the contract to include the 2029-30 Season. Skill; Injury or Illness; Mental. Compensation protection for 2028-29 Season is none, but will increase to full if team has not requested waivers on playero n or before 7/7/2028. Love of the Game. Physical Exam. Alt. 7(b)."
2026-07-06 20:51:55,DOCS,REMOVED,"2026-27 Veteran Signings  - REMOVED Update 1.1 (7/1/26): B. Carlson, J. Carter, S. Fontecchio, A. Horford, N. Hyland, J. Isaac, A. Martin, J. Minott, N. Queta, D. Sharpe, A. Simons, N. Vukevic, D. Wade, A. Wiggins"
2026-07-06 20:51:55,DOCS,ADDED,"2026-27 Veteran Signings  + ADDED  Update 1.1 (7/1/26): B. Carlson, J. Carter, S. Fontecchio, R. Harper Jr., A. Horford, N. Hyland, J. Isaac, A. Martin, J. Minott, N. Queta, D. Sharpe, A. Simons, N. Vukevic, D. Wade, A. Wiggins"
2026-07-06 20:51:55,DOCS,ADDED,2026-27 Veteran Signings  + ADDED  Ron Harper Jr. Boston Celtics
2026-07-06 20:51:55,DOCS,ADDED,"2026-27 Veteran Signings  + ADDED  26-27 $3,150,752"
2026-07-06 20:51:55,DOCS,ADDED,"2026-27 Veteran Signings  + ADDED  27-28 $3,308,290"
2026-07-06 20:51:55,DOCS,ADDED,"2026-27 Veteran Signings  + ADDED  28-29 $3,465,828"
2026-07-06 20:51:55,DOCS,ADDED,"2026-27 Veteran Signings  + ADDED  29-30 $3,779,359 (Team Option)"
2026-07-06 20:51:55,DOCS,ADDED,"2026-27 Veteran Signings  + ADDED  4 Years for $13,985,100. Non-Qualifying Veteran Free Agent Exception. Advance Payment ($1,040,040). Player option to extend the contract to include the 2027-28 Season. Insurance Premium Reimbursement. Skill; Injury or Illness; Mental. Trade Kicker (15%). Love of the Game. Physical Exam. Alt. 7(b)."
2026-07-06 20:51:55,DOCS,ADDED,2026-27 Veteran Signings  + ADDED  Execution Date: 7/6/26
2026-07-06 20:51:00,SHEETS,ADDED,"BOS  + ADDED  Harper Jr., Ron | 1 - FULL SEASON | 3150752.0 | 3308290.0 | 3465828.0 | 3779359.0 |  |  | 13704229"
2026-07-06 20:51:00,SHEETS,REMOVED,"BOS  - REMOVED Harper Jr., Ron | 4 - CAP HOLD | 3150752.0 | 3308290.0 | 3465828.0 |  |  |  | 9924870"
2026-07-06 20:51:00,SHEETS,REMOVED,"BOS  - REMOVED TEAM SALARY (Art, I §1 (nnn)): |  | 193299405 | 198886270.2 | 140197447 | 91877383.6 | 15500000 | 0 | 639760505.8"
2026-07-06 20:51:00,SHEETS,ADDED,"BOS  + ADDED  TEAM SALARY (Art, I §1 (nnn)): |  | 193299405 | 198886270.2 | 140197447 | 95656742.6 | 15500000 | 0 | 643539864.8"
2026-07-06 20:51:00,SHEETS,REMOVED,BOS  - REMOVED Players Under Contract |  | 180879579 | 195577980.2 | 136731619 | 91877383.6 | 15500000 | 0 | BOLD = Option Year
2026-07-06 20:51:00,SHEETS,REMOVED,"BOS  - REMOVED Full Season Contracts |  | 180879579 | 195577980.2 | 136731619 | 91877383.6 | 15500000 | 0 | *=Projected Exten,,"
2026-07-06 20:51:00,SHEETS,ADDED,BOS  + ADDED  Players Under Contract |  | 184030331 | 198886270.2 | 140197447 | 95656742.6 | 15500000 | 0 | BOLD = Option Year
2026-07-06 20:51:00,SHEETS,ADDED,"BOS  + ADDED  Full Season Contracts |  | 184030331 | 198886270.2 | 140197447 | 95656742.6 | 15500000 | 0 | *=Projected Exten,,"
2026-07-06 20:51:00,SHEETS,REMOVED,BOS  - REMOVED Cap Holds |  | 12419826 | 3308290 | 3465828 | 0 | 0 | 0
2026-07-06 20:51:00,SHEETS,ADDED,BOS  + ADDED  Cap Holds |  | 9269074 | 0 | 0 | 0 | 0 | 0
2026-07-06 20:51:00,SHEETS,REMOVED,"BOS  - REMOVED Avg, Salary (Mean) (ALL Compensation Obligations) |  |  | Players Under Contract |  | 12"
2026-07-06 20:51:00,SHEETS,REMOVED,"BOS  - REMOVED Avg, Salary (Mean) (No 10-Day K's) |  |  | Avaiable Spots |  | 3"
2026-07-06 20:51:00,SHEETS,REMOVED,"BOS  - REMOVED Avg, Salary (Mean) (No 10-Day K's & ROS) |  |  | Players to Reach Roster Min, |  | 1"
2026-07-06 20:51:00,SHEETS,REMOVED,BOS  - REMOVED  |  |  | Cap Holds |  | 5
2026-07-06 20:51:00,SHEETS,ADDED,"BOS  + ADDED  Avg, Salary (Mean) (ALL Compensation Obligations) |  |  | Players Under Contract |  | 13"
2026-07-06 20:51:00,SHEETS,ADDED,"BOS  + ADDED  Avg, Salary (Mean) (No 10-Day K's) |  |  | Avaiable Spots |  | 2"
2026-07-06 20:51:00,SHEETS,ADDED,"BOS  + ADDED  Avg, Salary (Mean) (No 10-Day K's & ROS) |  |  | Players to Reach Roster Min, |  | 0"
2026-07-06 20:51:00,SHEETS,ADDED,BOS  + ADDED   |  |  | Cap Holds |  | 4
2026-07-06 20:49:58,SHEETS,REMOVED,"BOS  - REMOVED Harper Jr., Ron | 4 - CAP HOLD | 2449421.0 |  |  |  |  |  | 2449421"
2026-07-06 20:49:58,SHEETS,ADDED,"BOS  + ADDED  Harper Jr., Ron | 4 - CAP HOLD | 3150752.0 | 3308290.0 | 3465828.0 |  |  |  | 9924870"
2026-07-06 20:49:58,SHEETS,REMOVED,"BOS  - REMOVED Williams, Amari | 4 - CAP HOLD | 2185116.0 |  |  |  |  |  | 2185116"
2026-07-06 20:49:58,SHEETS,REMOVED,"BOS  - REMOVED TEAM SALARY (Art, I §1 (nnn)): |  | 194783190 | 195577980.2 | 136731619 | 91877383.6 | 15500000 | 0 | 634470172.8"
2026-07-06 20:49:58,SHEETS,ADDED,BOS  + ADDED   |  |  |  |  |  |  |  | 0
2026-07-06 20:49:58,SHEETS,ADDED,"BOS  + ADDED  TEAM SALARY (Art, I §1 (nnn)): |  | 193299405 | 198886270.2 | 140197447 | 91877383.6 | 15500000 | 0 | 639760505.8"
2026-07-06 20:49:58,SHEETS,REMOVED,BOS  - REMOVED Cap Holds |  | 13903611 | 0 | 0 | 0 | 0 | 0
2026-07-06 20:49:58,SHEETS,ADDED,BOS  + ADDED  Cap Holds |  | 12419826 | 3308290 | 3465828 | 0 | 0 | 0
2026-07-06 20:49:58,SHEETS,REMOVED,BOS  - REMOVED  |  |  | Cap Holds |  | 6
2026-07-06 20:49:58,SHEETS,ADDED,BOS  + ADDED   |  |  | Cap Holds |  | 5
2026-07-06 20:47:55,DOCS,REMOVED,"2026-27 Veteran Signings  - REMOVED 27-28 $12,500,000"
2026-07-06 20:47:55,DOCS,REMOVED,"2026-27 Veteran Signings  - REMOVED 28-29 $13,500,000 (Player Option)"
2026-07-06 20:47:55,DOCS,ADDED,"2026-27 Veteran Signings  + ADDED  27-28 $16,510,000"
2026-07-06 20:47:55,DOCS,ADDED,"2026-27 Veteran Signings  + ADDED  28-29 $17,320,356 (Player Option)"
2026-07-06 20:46:55,DOCS,ADDED,2026-27 Veteran Signings  + ADDED  Andrew Wiggins Miami Heat
2026-07-06 20:46:55,DOCS,ADDED,"2026-27 Veteran Signings  + ADDED  27-28 $12,500,000"
2026-07-06 20:46:55,DOCS,ADDED,"2026-27 Veteran Signings  + ADDED  28-29 $13,500,000 (Player Option)"
2026-07-06 20:46:55,DOCS,ADDED,"2026-27 Veteran Signings  + ADDED  2 Years for $33,830,356. Veteran Extension. Player option to extend the contract to include the 2028-29 Season. Insurance Premium Reimbursement. Skill; Injury or Illness; Mental. Love of the Game."
2026-07-06 20:46:55,DOCS,ADDED,2026-27 Veteran Signings  + ADDED  Execution Date: 7/6/26
2026-07-06 20:45:57,SHEETS,REMOVED,"MIA  - REMOVED Wiggins, Andrew | 1 - FULL SEASON | 30169644.0 |  |  |  |  |  | 30169644"
2026-07-06 20:45:57,SHEETS,ADDED,"MIA  + ADDED  Wiggins, Andrew | 1 - FULL SEASON | 30169644.0 | 16510000.0 | 17320356.0 |  |  |  | 64000000"
2026-07-06 20:45:57,SHEETS,REMOVED,"MIA  - REMOVED TEAM SALARY (Art, I §1 (nnn)): |  | 239680614 | 154490133 | 75196791 | 16200000 | 0 | 0 | 485567538"
2026-07-06 20:45:57,SHEETS,ADDED,"MIA  + ADDED  TEAM SALARY (Art, I §1 (nnn)): |  | 239680614 | 171000133 | 92517147 | 16200000 | 0 | 0 | 519397894"
2026-07-06 20:45:57,SHEETS,REMOVED,MIA  - REMOVED Players Under Contract |  | 192074835 | 154490133 | 75196791 | 16200000 | 0 | 0 | BOLD = Option Year
2026-07-06 20:45:57,SHEETS,REMOVED,"MIA  - REMOVED Full Season Contracts |  | 192074835 | 154490133 | 75196791 | 16200000 | 0 | 0 | *=Projected Exten,,"
2026-07-06 20:45:57,SHEETS,ADDED,MIA  + ADDED  Players Under Contract |  | 192074835 | 171000133 | 92517147 | 16200000 | 0 | 0 | BOLD = Option Year
2026-07-06 20:45:57,SHEETS,ADDED,"MIA  + ADDED  Full Season Contracts |  | 192074835 | 171000133 | 92517147 | 16200000 | 0 | 0 | *=Projected Exten,,"
2026-07-06 20:45:55,DOCS,REMOVED,"2026-27 Veteran Signings  - REMOVED Update 1.1 (7/1/26): B. Carlson, J. Carter, S. Fontecchio, A. Horford, N. Hyland, J. Isaac, A. Martin, J. Minott, N. Queta, D. Sharpe, A. Simons, N. Vukevic, D. Wade"
2026-07-06 20:45:55,DOCS,ADDED,"2026-27 Veteran Signings  + ADDED  Update 1.1 (7/1/26): B. Carlson, J. Carter, S. Fontecchio, A. Horford, N. Hyland, J. Isaac, A. Martin, J. Minott, N. Queta, D. Sharpe, A. Simons, N. Vukevic, D. Wade, A. Wiggins"
2026-07-06 20:44:55,DOCS,REMOVED,"2026-27 Veteran Signings  - REMOVED 27-28 $36,160,714"
2026-07-06 20:44:55,DOCS,REMOVED,"2026-27 Veteran Signings  - REMOVED 28-29 $38,839,285"
2026-07-06 20:44:55,DOCS,REMOVED,"2026-27 Veteran Signings  - REMOVED 29-30 $41,517,856"
2026-07-06 20:44:55,DOCS,REMOVED,2026-27 Veteran Signings  - REMOVED 30-31
2026-07-06 20:44:55,DOCS,REMOVED,"2026-27 Veteran Signings  - REMOVED 4 Years for $56,000,000. Veteran Extension. Insurance Premium Reimbursement. Skill; Injury or Illness; Mental. Trade Kicker (5.69%). Love of the Game."
2026-07-06 20:44:55,DOCS,REMOVED,2026-27 Veteran Signings  - REMOVED Execution Date: 8/1/25
2026-07-06 20:44:55,DOCS,ADDED,"2026-27 Veteran Signings  + ADDED  27-28 $12,500,000"
2026-07-06 20:44:55,DOCS,ADDED,"2026-27 Veteran Signings  + ADDED  28-29 $13,500,000"
2026-07-06 20:44:55,DOCS,ADDED,"2026-27 Veteran Signings  + ADDED  29-30 $14,500,000"
2026-07-06 20:44:55,DOCS,ADDED,"2026-27 Veteran Signings  + ADDED  30-31 $15,500,000"
2026-07-06 20:44:55,DOCS,ADDED,"2026-27 Veteran Signings  + ADDED  4 Years for $56,000,000. Veteran Extension. Insurance Premium Reimbursement. Skill; Injury or Illness; Mental."
2026-07-06 20:44:55,DOCS,ADDED,2026-27 Veteran Signings  + ADDED  Execution Date: 7/6/26
2026-07-06 20:43:56,DOCS,REMOVED,"2026-27 Veteran Signings  - REMOVED Update 1.1 (7/1/26): B. Carlson, J. Carter, S. Fontecchio, A. Horford, N. Hyland, J. Isaac, A. Martin, J. Minott, N. Quetta, D. Sharpe, A. Simons, N. Vukevic, D. Wade"
2026-07-06 20:43:56,DOCS,ADDED,"2026-27 Veteran Signings  + ADDED  Update 1.1 (7/1/26): B. Carlson, J. Carter, S. Fontecchio, A. Horford, N. Hyland, J. Isaac, A. Martin, J. Minott, N. Queta, D. Sharpe, A. Simons, N. Vukevic, D. Wade"
2026-07-06 20:43:56,DOCS,ADDED,2026-27 Veteran Signings  + ADDED  Neemias Queta Boston Celtics
2026-07-06 20:43:56,DOCS,ADDED,"2026-27 Veteran Signings  + ADDED  27-28 $36,160,714"
2026-07-06 20:43:56,DOCS,ADDED,"2026-27 Veteran Signings  + ADDED  28-29 $38,839,285"
2026-07-06 20:43:56,DOCS,ADDED,"2026-27 Veteran Signings  + ADDED  29-30 $41,517,856"
2026-07-06 20:43:56,DOCS,ADDED,2026-27 Veteran Signings  + ADDED  30-31
2026-07-06 20:43:56,DOCS,ADDED,"2026-27 Veteran Signings  + ADDED  4 Years for $56,000,000. Veteran Extension. Insurance Premium Reimbursement. Skill; Injury or Illness; Mental. Trade Kicker (5.69%). Love of the Game."
2026-07-06 20:43:56,DOCS,ADDED,2026-27 Veteran Signings  + ADDED  Execution Date: 8/1/25
2026-07-06 20:42:59,SHEETS,REMOVED,"BOS  - REMOVED Queta, Neemias | 1 - FULL SEASON | 2667944.0 |  |  |  |  |  | 2667944"
2026-07-06 20:42:59,SHEETS,ADDED,"BOS  + ADDED  Queta, Neemias | 1 - FULL SEASON | 2667944.0 | 12500000.0 | 13500000.0 | 14500000.0 | 15500000.0 |  | 58667944"
2026-07-06 20:42:59,SHEETS,REMOVED,"BOS  - REMOVED TEAM SALARY (Art, I §1 (nnn)): |  | 194783190 | 183077980.2 | 123231619 | 77377383.6 | 0 | 0 | 578470172.8"
2026-07-06 20:42:59,SHEETS,ADDED,"BOS  + ADDED  TEAM SALARY (Art, I §1 (nnn)): |  | 194783190 | 195577980.2 | 136731619 | 91877383.6 | 15500000 | 0 | 634470172.8"
2026-07-06 20:42:59,SHEETS,REMOVED,BOS  - REMOVED Players Under Contract |  | 180879579 | 183077980.2 | 123231619 | 77377383.6 | 0 | 0 | BOLD = Option Year
2026-07-06 20:42:59,SHEETS,REMOVED,"BOS  - REMOVED Full Season Contracts |  | 180879579 | 183077980.2 | 123231619 | 77377383.6 | 0 | 0 | *=Projected Exten,,"
2026-07-06 20:42:59,SHEETS,ADDED,BOS  + ADDED  Players Under Contract |  | 180879579 | 195577980.2 | 136731619 | 91877383.6 | 15500000 | 0 | BOLD = Option Year
2026-07-06 20:42:59,SHEETS,ADDED,"BOS  + ADDED  Full Season Contracts |  | 180879579 | 195577980.2 | 136731619 | 91877383.6 | 15500000 | 0 | *=Projected Exten,,"
2026-07-06 20:42:57,DOCS,REMOVED,"2026-27 Veteran Signings  - REMOVED Update 1.1 (7/1/26): B. Carlson, J. Carter, S. Fontecchio, A. Horford, N. Hyland, J. Isaac, A. Martin, J. Minott, D. Sharpe, A. Simons, N. Vukevic, D. Wade"
2026-07-06 20:42:57,DOCS,ADDED,"2026-27 Veteran Signings  + ADDED  Update 1.1 (7/1/26): B. Carlson, J. Carter, S. Fontecchio, A. Horford, N. Hyland, J. Isaac, A. Martin, J. Minott, N. Quetta, D. Sharpe, A. Simons, N. Vukevic, D. Wade"
2026-07-06 20:36:55,DOCS,REMOVED,"2026-27 Veteran Signings  - REMOVED 2 Years for $13,985,100. Non-Qualifying Veteran Free Agent Except. Team option to extend the contract to include the 2027-28 Season. Player Trade Consent. Insurance Premium Reimbursement. Skill; Injury or Illness; Mental. Love of the Game. Physical Exam. Alt. 7(b)."
2026-07-06 20:36:55,DOCS,ADDED,"2026-27 Veteran Signings  + ADDED  2 Years for $13,985,100. Non-Qualifying Veteran Free Agent Exception. Advance Payment ($1,040,040). Player option to extend the contract to include the 2027-28 Season. Insurance Premium Reimbursement. Skill; Injury or Illness; Mental. Trade Kicker (15%). Love of the Game. Physical Exam. Alt. 7(b)."
2026-07-06 20:35:55,DOCS,ADDED,2026-27 Veteran Signings  + ADDED  Al Horford Golden State Warriors
2026-07-06 20:35:55,DOCS,ADDED,"2026-27 Veteran Signings  + ADDED  26-27 $6,822,000"
2026-07-06 20:35:55,DOCS,ADDED,"2026-27 Veteran Signings  + ADDED  27-28 $7,163,100 (Player Option)"
2026-07-06 20:35:55,DOCS,ADDED,"2026-27 Veteran Signings  + ADDED  2 Years for $13,985,100. Non-Qualifying Veteran Free Agent Except. Team option to extend the contract to include the 2027-28 Season. Player Trade Consent. Insurance Premium Reimbursement. Skill; Injury or Illness; Mental. Love of the Game. Physical Exam. Alt. 7(b)."
2026-07-06 20:35:55,DOCS,ADDED,2026-27 Veteran Signings  + ADDED  Execution Date: 7/6/26
2026-07-06 20:34:58,SHEETS,ADDED,"GOS  + ADDED  Horford, Al | 1 - FULL SEASON | 6822000.0 | 7163100.0 |  |  |  |  | 13985100"
2026-07-06 20:34:58,SHEETS,REMOVED,"GOS  - REMOVED Horford, Al | 4 - CAP HOLD | 6822000.0 | 7163100 |  |  |  |  | 13985100"
2026-07-06 20:34:58,SHEETS,REMOVED,GOS  - REMOVED Players Under Contract |  | 170476176.3 | 47353106 | 14812268 | 8899127.4 | 0 | 0 | BOLD = Option Year
2026-07-06 20:34:58,SHEETS,REMOVED,"GOS  - REMOVED Full Season Contracts |  | 170476176.3 | 47353106 | 14812268 | 8899127.4 | 0 | 0 | *=Projected Exten,,"
2026-07-06 20:34:58,SHEETS,ADDED,GOS  + ADDED  Players Under Contract |  | 177298176.3 | 54516206 | 14812268 | 8899127.4 | 0 | 0 | BOLD = Option Year
2026-07-06 20:34:58,SHEETS,ADDED,"GOS  + ADDED  Full Season Contracts |  | 177298176.3 | 54516206 | 14812268 | 8899127.4 | 0 | 0 | *=Projected Exten,,"
2026-07-06 20:34:58,SHEETS,REMOVED,GOS  - REMOVED Cap Holds |  | 84059106.5 | 7163100 | 0 | 0 | 0 | 0
2026-07-06 20:34:58,SHEETS,ADDED,GOS  + ADDED  Cap Holds |  | 77237106.5 | 0 | 0 | 0 | 0 | 0
2026-07-06 20:34:58,SHEETS,REMOVED,"GOS  - REMOVED Avg, Salary (Mean) (ALL Compensation Obligations) |  |  | Players Under Contract |  | 8"
2026-07-06 20:34:58,SHEETS,REMOVED,"GOS  - REMOVED Avg, Salary (Mean) (No 10-Day K's) |  |  | Avaiable Spots |  | 7"
2026-07-06 20:34:58,SHEETS,REMOVED,"GOS  - REMOVED Avg, Salary (Mean) (No 10-Day K's & ROS) |  |  | Players to Reach Roster Min, |  | 5"
2026-07-06 20:34:58,SHEETS,REMOVED,GOS  - REMOVED  |  |  | Cap Holds |  | 18
2026-07-06 20:34:58,SHEETS,ADDED,"GOS  + ADDED  Avg, Salary (Mean) (ALL Compensation Obligations) |  |  | Players Under Contract |  | 9"
2026-07-06 20:34:58,SHEETS,ADDED,"GOS  + ADDED  Avg, Salary (Mean) (No 10-Day K's) |  |  | Avaiable Spots |  | 6"
2026-07-06 20:34:58,SHEETS,ADDED,"GOS  + ADDED  Avg, Salary (Mean) (No 10-Day K's & ROS) |  |  | Players to Reach Roster Min, |  | 4"
2026-07-06 20:34:58,SHEETS,ADDED,GOS  + ADDED   |  |  | Cap Holds |  | 17
2026-07-06 20:34:55,DOCS,REMOVED,"2026-27 Veteran Signings  - REMOVED Update 1.1 (7/1/26): B. Carlson, J. Carter, S. Fontecchio, N. Hyland, J. Isaac, A. Martin, J. Minott, D. Sharpe, A. Simons, N. Vukevic, D. Wade"
2026-07-06 20:34:55,DOCS,ADDED,"2026-27 Veteran Signings  + ADDED  Update 1.1 (7/1/26): B. Carlson, J. Carter, S. Fontecchio, A. Horford, N. Hyland, J. Isaac, A. Martin, J. Minott, D. Sharpe, A. Simons, N. Vukevic, D. Wade"
2026-07-06 20:33:57,SHEETS,REMOVED,"GOS  - REMOVED Horford, Al | 4 - CAP HOLD | 6822000.0 |  |  |  |  |  | 6822000"
2026-07-06 20:33:57,SHEETS,ADDED,"GOS  + ADDED  Horford, Al | 4 - CAP HOLD | 6822000.0 | 7163100 |  |  |  |  | 13985100"
2026-07-06 20:33:57,SHEETS,REMOVED,"GOS  - REMOVED TEAM SALARY (Art, I §1 (nnn)): |  | 257184703.8 | 47353106 | 14812268 | 8899127.4 | 0 | 0 | 328249205.2"
2026-07-06 20:33:57,SHEETS,ADDED,"GOS  + ADDED  TEAM SALARY (Art, I §1 (nnn)): |  | 257184703.8 | 54516206 | 14812268 | 8899127.4 | 0 | 0 | 335412305.2"
2026-07-06 20:33:57,SHEETS,REMOVED,GOS  - REMOVED Cap Holds |  | 84059106.5 | 0 | 0 | 0 | 0 | 0
2026-07-06 20:33:57,SHEETS,ADDED,GOS  + ADDED  Cap Holds |  | 84059106.5 | 7163100 | 0 | 0 | 0 | 0
2026-07-06 20:21:57,SHEETS,REMOVED,"SAC  - REMOVED DeRozan, DeMar | 1 - FULL SEASON | 25740000.0 |  |  |  |  |  | 25740000"
2026-07-06 20:21:57,SHEETS,ADDED,"SAC  + ADDED  DeRozan, DeMar | 7 - WAIVED | 10000000.0 |  |  |  |  |  | 10000000"
2026-07-06 20:21:57,SHEETS,REMOVED,"SAC  - REMOVED TEAM SALARY (Art, I §1 (nnn)): |  | 250920936 | 125913844.3 | 51476261 | 46990836.6 | 31862067 | 0 | 507163944.9"
2026-07-06 20:21:57,SHEETS,ADDED,"SAC  + ADDED  TEAM SALARY (Art, I §1 (nnn)): |  | 235180936 | 125913844.3 | 51476261 | 46990836.6 | 31862067 | 0 | 491423944.9"
2026-07-06 20:21:57,SHEETS,REMOVED,SAC  - REMOVED Players Under Contract |  | 214469062 | 125913844.3 | 51476261 | 46990836.6 | 31862067 | 0 | BOLD = Option Year
2026-07-06 20:21:57,SHEETS,REMOVED,"SAC  - REMOVED Full Season Contracts |  | 214469062 | 125913844.3 | 51476261 | 46990836.6 | 31862067 | 0 | *=Projected Exten,,"
2026-07-06 20:21:57,SHEETS,ADDED,SAC  + ADDED  Players Under Contract |  | 188729062 | 125913844.3 | 51476261 | 46990836.6 | 31862067 | 0 | BOLD = Option Year
2026-07-06 20:21:57,SHEETS,ADDED,"SAC  + ADDED  Full Season Contracts |  | 188729062 | 125913844.3 | 51476261 | 46990836.6 | 31862067 | 0 | *=Projected Exten,,"
2026-07-06 20:21:57,SHEETS,REMOVED,SAC  - REMOVED Waived Contracts |  | 0 | 0 | 0 | 0 | 0 | 0
2026-07-06 20:21:57,SHEETS,ADDED,SAC  + ADDED  Waived Contracts |  | 10000000 | 0 | 0 | 0 | 0 | 0
2026-07-06 20:21:57,SHEETS,REMOVED,"SAC  - REMOVED Avg, Salary (Mean) (ALL Compensation Obligations) |  |  | Players Under Contract |  | 13"
2026-07-06 20:21:57,SHEETS,REMOVED,"SAC  - REMOVED Avg, Salary (Mean) (No 10-Day K's) |  |  | Avaiable Spots |  | 2"
2026-07-06 20:21:57,SHEETS,REMOVED,"SAC  - REMOVED Avg, Salary (Mean) (No 10-Day K's & ROS) |  |  | Players to Reach Roster Min, |  | 0"
2026-07-06 20:21:57,SHEETS,ADDED,"SAC  + ADDED  Avg, Salary (Mean) (ALL Compensation Obligations) |  |  | Players Under Contract |  | 12"
2026-07-06 20:21:57,SHEETS,ADDED,"SAC  + ADDED  Avg, Salary (Mean) (No 10-Day K's) |  |  | Avaiable Spots |  | 3"
2026-07-06 20:21:57,SHEETS,ADDED,"SAC  + ADDED  Avg, Salary (Mean) (No 10-Day K's & ROS) |  |  | Players to Reach Roster Min, |  | 1"
2026-07-06 20:21:57,SHEETS,REMOVED,Luxury Tax Calculator  - REMOVED Luxury Tax | 0 | 0 | 0 | 0 | 0 | 0 | 0 | 23501723 | 0 | 0 | 0 | 10706857.6 | 0 | 0 | 0 | 4179835 | 0 | 2536082 | 435790.92 | 13065628 | 36309610 | 29970320.04 | 14300978.3 | 702276.5238 | 6712130.274 | 26574062 | 0 | 6318214.14 | 0 | 0
2026-07-06 20:21:57,SHEETS,ADDED,Luxury Tax Calculator  + ADDED  Luxury Tax | 0 | 0 | 0 | 0 | 0 | 0 | 0 | 23501723 | 0 | 0 | 0 | 10706857.6 | 0 | 0 | 0 | 4179835 | 0 | 2536082 | 435790.92 | 13065628 | 36309610 | 29970320.04 | 14300978.3 | 702276.5238 | 6712130.274 | 10834062 | 0 | 6318214.14 | 0 | 0
2026-07-06 20:21:57,SHEETS,REMOVED,Luxury Tax Calculator  - REMOVED 2nd Incremental Tax Bracket | 0 | 0 | 0 | 0 | 0 | 0 | 0 | 18476250 | 0 | 0 | 0 | 6277322 | 0 | 0 | 0 | 0 | 0 | 0 | 0 | 7106250 | 7106250 | 7106250 | 7106250 | 0 | 1283912.843 | 7106250 | 0 | 791517.675 | 0 | 0
2026-07-06 20:21:57,SHEETS,REMOVED,Luxury Tax Calculator  - REMOVED 3rd Incremental Tax Bracket | 0 | 0 | 0 | 0 | 0 | 0 | 0 | 31267500 | 0 | 0 | 0 | 0 | 0 | 0 | 0 | 0 | 0 | 0 | 0 | 5934698 | 19897500 | 19897500 | 10258424.05 | 0 | 0 | 19897500 | 0 | 0 | 0 | 0
2026-07-06 20:21:57,SHEETS,REMOVED,Luxury Tax Calculator  - REMOVED 4th Incremental Tax Bracket | 0 | 0 | 0 | 0 | 0 | 0 | 0 | 38373750 | 0 | 0 | 0 | 0 | 0 | 0 | 0 | 0 | 0 | 0 | 0 | 0 | 27003750 | 27003750 | 0 | 0 | 0 | 27003750 | 0 | 0 | 0 | 0
2026-07-06 20:21:57,SHEETS,REMOVED,Luxury Tax Calculator  - REMOVED 5th Incremental Tax Bracket | 0 | 0 | 0 | 0 | 0 | 0 | 0 | 5522491.75 | 0 | 0 | 0 | 0 | 0 | 0 | 0 | 0 | 0 | 0 | 0 | 0 | 29846250 | 29846250 | 0 | 0 | 0 | 20128825.5 | 0 | 0 | 0 | 0
2026-07-06 20:21:57,SHEETS,ADDED,Luxury Tax Calculator  + ADDED  2nd Incremental Tax Bracket | 0 | 0 | 0 | 0 | 0 | 0 | 0 | 18476250 | 0 | 0 | 0 | 6277322 | 0 | 0 | 0 | 0 | 0 | 0 | 0 | 7106250 | 7106250 | 7106250 | 7106250 | 0 | 1283912.843 | 6436327.5 | 0 | 791517.675 | 0 | 0
2026-07-06 20:21:57,SHEETS,ADDED,Luxury Tax Calculator  + ADDED  3rd Incremental Tax Bracket | 0 | 0 | 0 | 0 | 0 | 0 | 0 | 31267500 | 0 | 0 | 0 | 0 | 0 | 0 | 0 | 0 | 0 | 0 | 0 | 5934698 | 19897500 | 19897500 | 10258424.05 | 0 | 0 | 0 | 0 | 0 | 0 | 0
2026-07-06 20:21:57,SHEETS,ADDED,Luxury Tax Calculator  + ADDED  4th Incremental Tax Bracket | 0 | 0 | 0 | 0 | 0 | 0 | 0 | 38373750 | 0 | 0 | 0 | 0 | 0 | 0 | 0 | 0 | 0 | 0 | 0 | 0 | 27003750 | 27003750 | 0 | 0 | 0 | 0 | 0 | 0 | 0 | 0
2026-07-06 20:21:57,SHEETS,ADDED,Luxury Tax Calculator  + ADDED  5th Incremental Tax Bracket | 0 | 0 | 0 | 0 | 0 | 0 | 0 | 5522491.75 | 0 | 0 | 0 | 0 | 0 | 0 | 0 | 0 | 0 | 0 | 0 | 0 | 29846250 | 29846250 | 0 | 0 | 0 | 0 | 0 | 0 | 0 | 0
2026-07-06 20:21:57,SHEETS,REMOVED,Luxury Tax Calculator  - REMOVED Tax Liability | 0 | 0 | 0 | 0 | 0 | 0 | 0 | 110694991.8 | 0 | 0 | 0 | 11962322 | 0 | 0 | 0 | 4179835 | 0 | 2536082 | 435790.92 | 18725948 | 135975062.5 | 98424340.23 | 23049674.05 | 2106829.571 | 6968912.843 | 79821325.5 | 0 | 6476517.675 | 0 | 0
2026-07-06 20:21:57,SHEETS,ADDED,Luxury Tax Calculator  + ADDED  Tax Liability | 0 | 0 | 0 | 0 | 0 | 0 | 0 | 110694991.8 | 0 | 0 | 0 | 11962322 | 0 | 0 | 0 | 4179835 | 0 | 2536082 | 435790.92 | 18725948 | 135975062.5 | 98424340.23 | 23049674.05 | 2106829.571 | 6968912.843 | 12121327.5 | 0 | 6476517.675 | 0 | 0
2026-07-06 18:42:54,PLAYERS,CHANGED,~ CHANGED Mitchell Robinson  team: NYK -> BOS
2026-07-06 18:42:54,PLAYERS,CHANGED,~ CHANGED Mike Conley  team: MIN -> BOS
2026-07-06 18:10:01,TRANSACTIONS,Signing,2026-07-02  Brooklyn Nets signed guard Mikel Brown Jr. to a Rookie Scale Contract.
2026-07-06 17:46:55,TRANSACTIONS,Signing,2026-07-06  Boston Celtics signed center Mitchell Robinson to a Contract.
2026-07-06 17:46:55,TRANSACTIONS,Signing,2026-07-06  New York Knicks re-signed guard Landry Shamet to a Contract.
2026-07-06 17:46:55,TRANSACTIONS,Signing,2026-07-06  Boston Celtics signed guard Mike Conley to a Contract.
2026-07-06 17:36:54,PLAYERS,CHANGED,~ CHANGED Tim Hardaway Jr.  team: DEN -> MIA
2026-07-06 17:36:54,PLAYERS,CHANGED,~ CHANGED Ariel Hukporti  team: NYK -> PHI
2026-07-06 17:35:54,PLAYERS,CHANGED,~ CHANGED Tim Hardaway Jr.  team: MIA -> DEN
2026-07-06 17:35:54,PLAYERS,CHANGED,~ CHANGED Ariel Hukporti  team: PHI -> NYK
2026-07-06 17:33:56,PLAYERS,CHANGED,~ CHANGED Tim Hardaway Jr.  team: DEN -> MIA
2026-07-06 17:33:56,PLAYERS,CHANGED,~ CHANGED Ariel Hukporti  team: NYK -> PHI
2026-07-06 17:18:55,TRANSACTIONS,Signing,2026-07-06  Philadelphia 76ers signed center Ariel Hukporti to a Contract.
2026-07-06 16:38:54,PLAYERS,CHANGED,~ CHANGED Tobias Harris  team: DET -> SAS
2026-07-06 16:38:54,PLAYERS,CHANGED,~ CHANGED Dorian Finney-Smith  team: HOU -> CHA
2026-07-06 16:36:55,TRANSACTIONS,Signing,2026-07-06  Miami Heat signed guard Tim Hardaway Jr. to a Contract.
2026-07-06 16:05:55,TRANSACTIONS,Trade,2026-07-06  Charlotte Hornets received forward Dorian Finney-Smith from Houston Rockets.
2026-07-06 16:05:55,TRANSACTIONS,Trade,2026-07-06  Charlotte Hornets received draft consideration from Houston Rockets.
2026-07-06 15:56:55,TRANSACTIONS,Signing,2026-07-06  San Antonio Spurs signed forward Tobias Harris to a Contract.
2026-07-06 15:36:54,PLAYERS,ADDED,+ ADDED   Michael Ajayi (CHA)
2026-07-06 15:36:54,PLAYERS,ADDED,+ ADDED   Kylan Boswell (CHA)
2026-07-06 15:36:54,PLAYERS,CHANGED,~ CHANGED Andre Drummond  team: PHI -> NYK
2026-07-06 15:36:54,PLAYERS,CHANGED,~ CHANGED Kyle Anderson  team: MIN -> TOR
2026-07-06 15:36:54,PLAYERS,CHANGED,~ CHANGED Keon Ellis  team: CLE -> BKN
2026-07-06 15:29:55,TRANSACTIONS,Signing,2026-07-06  New York Knicks signed center Andre Drummond to a Contract.
2026-07-06 15:19:56,TRANSACTIONS,Signing,2026-07-06  New York Knicks re-signed guard Jose Alvarado to a Contract.
2026-07-06 15:19:56,TRANSACTIONS,Signing,2026-07-06  New York Knicks re-signed forward Mohamed Diawara to a Contract.
2026-07-06 15:17:56,DOCS,REMOVED,"2026-27 Two-Way Signings  - REMOVED Update 1.1 (7/1/26): T. Awaka, B. Barnhizer T. Bates, T. Bilodeau, J. Bradley, M. Brown, C. Castleton, J. Dix, T. Donaldson, A. Flager, E. Freeman, J. Gillespie, K. Jones, T. Lawal, C. Love, C. Manon, N. Martinelli, J. Mogbo, I. Nelson, A. Okereke, U. Onyenso, O. Oweh, J. Sellers, P. Spencer, P. Suder, E. Udeh, J. Watkins, A. Williams"
2026-07-06 15:17:56,DOCS,ADDED,"2026-27 Two-Way Signings  + ADDED  Update 1.1 (7/1/26): T. Awaka, B. Barnhizer, T. Bates, T. Bilodeau, J. Bradley, M. Brown, C. Castleton, J. Dix, T. Donaldson, A. Flager, E. Freeman, J. Gillespie, K. Jones, T. Lawal, C. Love, C. Manon, N. Martinelli, J. Mogbo, I. Nelson, A. Okereke, U. Onyenso, O. Oweh, J. Sellers, P. Spencer, P. Suder, E. Udeh, J. Watkins, A. Williams"
2026-07-06 15:16:55,DOCS,REMOVED,"2026-27 Two-Way Signings  - REMOVED Update 1.1 (7/1/26): T. Awaka, T. Bates, T. Bilodeau, J. Bradley, M. Brown, C. Castleton, J. Dix, T. Donaldson, A. Flager, E. Freeman, J. Gillespie, K. Jones, T. Lawal, C. Love, C. Manon, N. Martinelli, J. Mogbo, I. Nelson, A. Okereke, U. Onyenso, O. Oweh, J. Sellers, P. Spencer, P. Suder, E. Udeh, J. Watkins, A. Williams"
2026-07-06 15:16:55,DOCS,ADDED,"2026-27 Two-Way Signings  + ADDED  Update 1.1 (7/1/26): T. Awaka, B. Barnhizer T. Bates, T. Bilodeau, J. Bradley, M. Brown, C. Castleton, J. Dix, T. Donaldson, A. Flager, E. Freeman, J. Gillespie, K. Jones, T. Lawal, C. Love, C. Manon, N. Martinelli, J. Mogbo, I. Nelson, A. Okereke, U. Onyenso, O. Oweh, J. Sellers, P. Spencer, P. Suder, E. Udeh, J. Watkins, A. Williams"
2026-07-06 15:05:55,TRANSACTIONS,Signing,2026-07-06  Charlotte Hornets signed guard Kylan Boswell to a Two-Way Contract.
2026-07-06 14:56:55,TRANSACTIONS,Signing,2026-07-06  Charlotte Hornets signed guard Michael Ajayi to a Two-Way Contract.
2026-07-06 14:45:55,TRANSACTIONS,Signing,2026-07-06  Toronto Raptors signed forward Kyle Anderson to a Contract.
2026-07-06 14:45:55,TRANSACTIONS,Signing,2026-07-06  Brooklyn Nets signed guard Keon Ellis to a Contract.
2026-07-06 14:35:54,PLAYERS,REMOVED,- REMOVED DeMar DeRozan (SAC)
2026-07-06 14:35:54,PLAYERS,REMOVED,- REMOVED Tosan Evbuomwan (CHA)
2026-07-06 14:35:54,PLAYERS,CHANGED,~ CHANGED Peter Suder  number: - -> 35
2026-07-06 14:35:54,PLAYERS,CHANGED,"~ CHANGED Peter Suder  school: Miami, Ohio -> Miami (Ohio)"
2026-07-06 14:35:54,PLAYERS,CHANGED,~ CHANGED AK Okereke  number: - -> 31
2026-07-06 14:35:54,PLAYERS,CHANGED,~ CHANGED Tyler Bilodeau  number: - -> 34
2026-07-06 14:30:55,PLAYERS,CHANGED,~ CHANGED DeMar DeRozan  school: Southern California -> USC
2026-07-06 14:17:55,TRANSACTIONS,Signing,2026-07-06  Charlotte Hornets re-signed guard Coby White to a Contract.
2026-07-06 14:17:55,TRANSACTIONS,Waive,2026-07-06  Sacramento Kings waived guard DeMar DeRozan.
2026-07-06 14:17:55,TRANSACTIONS,Waive,2026-07-06  Charlotte Hornets waived forward Tosan Evbuomwan.
2026-07-06 14:04:55,TRANSACTIONS,Signing,2026-07-06  Phoenix Suns re-signed guard Koby Brea to a Two-Way Contract.
2026-07-06 13:46:54,PLAYERS,CHANGED,"~ CHANGED Peter Suder  school: Miami (Ohio) -> Miami, Ohio"
2026-07-06 13:38:54,PLAYERS,CHANGED,~ CHANGED Isaiah Joe  team: OKC -> DET
2026-07-06 13:23:58,SHEETS,REMOVED,"BKN  - REMOVED Sharpe, Day'Ron | 1 - FULL SEASON | 10000000.0 | 10000000.0 |  |  |  |  | 20000000"
2026-07-06 13:23:58,SHEETS,REMOVED,"BKN  - REMOVED TEAM SALARY (Art, I §1 (nnn)): |  | 174700153.6 | 92561520 | 43145048 | 12256488 | 0 | 0 | 322663209.6"
2026-07-06 13:23:58,SHEETS,ADDED,BKN  + ADDED   |  |  |  |  |  |  |  | 0
2026-07-06 13:23:58,SHEETS,ADDED,"BKN  + ADDED  TEAM SALARY (Art, I §1 (nnn)): |  | 164700153.6 | 82561520 | 43145048 | 12256488 | 0 | 0 | 302663209.6"
2026-07-06 13:23:58,SHEETS,REMOVED,BKN  - REMOVED Players Under Contract |  | 141225158.5 | 92561520 | 43145048 | 12256488 | 0 | 0 | BOLD = Option Year
2026-07-06 13:23:58,SHEETS,REMOVED,"BKN  - REMOVED Full Season Contracts |  | 141225158.5 | 92561520 | 43145048 | 12256488 | 0 | 0 | *=Projected Exten,,"
2026-07-06 13:23:58,SHEETS,ADDED,BKN  + ADDED  Players Under Contract |  | 131225158.5 | 82561520 | 43145048 | 12256488 | 0 | 0 | BOLD = Option Year
2026-07-06 13:23:58,SHEETS,ADDED,"BKN  + ADDED  Full Season Contracts |  | 131225158.5 | 82561520 | 43145048 | 12256488 | 0 | 0 | *=Projected Exten,,"
2026-07-06 13:23:58,SHEETS,REMOVED,"BKN  - REMOVED Avg, Salary (Mean) (ALL Compensation Obligations) |  |  | Players Under Contract |  | 14"
2026-07-06 13:23:58,SHEETS,REMOVED,"BKN  - REMOVED Avg, Salary (Mean) (No 10-Day K's) |  |  | Avaiable Spots |  | 1"
2026-07-06 13:23:58,SHEETS,ADDED,"BKN  + ADDED  Avg, Salary (Mean) (ALL Compensation Obligations) |  |  | Players Under Contract |  | 13"
2026-07-06 13:23:58,SHEETS,ADDED,"BKN  + ADDED  Avg, Salary (Mean) (No 10-Day K's) |  |  | Avaiable Spots |  | 2"
2026-07-06 13:23:56,DOCS,ADDED,2026-27 Veteran Signings  + ADDED  Day’Ron Sharpe Brooklyn Nets
2026-07-06 13:23:56,DOCS,ADDED,"2026-27 Veteran Signings  + ADDED  26-27 $10,000,000"
2026-07-06 13:23:56,DOCS,ADDED,"2026-27 Veteran Signings  + ADDED  27-28 $10,000,000 (Team Option)"
2026-07-06 13:23:56,DOCS,ADDED,"2026-27 Veteran Signings  + ADDED  2 Years for $20,000,000. Room. Team option to extend the contract to include the 2027-28 Season. Player Trade Consent. Insurance Premium Reimbursement. Skill; Injury or Illness; Mental. Love of the Game. Physical Exam. Alt. 7(b)."
2026-07-06 13:23:56,DOCS,ADDED,2026-27 Veteran Signings  + ADDED  Execution Date: 7/6/26
2026-07-06 13:22:58,SHEETS,ADDED,"BKN  + ADDED  Sharpe, Day'Ron | 1 - FULL SEASON | 10000000.0 | 10000000.0 |  |  |  |  | 20000000"
2026-07-06 13:22:58,SHEETS,REMOVED,"BKN  - REMOVED Sharpe, Day'Ron | 4 - CAP HOLD | 11875000.0 |  |  |  |  |  | 11875000"
2026-07-06 13:22:58,SHEETS,ADDED,"BKN  + ADDED  Sharpe, Day'Ron | 1 - FULL SEASON | 10000000.0 | 10000000.0 |  |  |  |  | 20000000"
2026-07-06 13:22:58,SHEETS,REMOVED,BKN  - REMOVED  |  |  |  |  |  |  |  | 0
2026-07-06 13:22:58,SHEETS,REMOVED,"BKN  - REMOVED TEAM SALARY (Art, I §1 (nnn)): |  | 166575153.6 | 72561520 | 43145048 | 12256488 | 0 | 0 | 294538209.6"
2026-07-06 13:22:58,SHEETS,ADDED,"BKN  + ADDED  TEAM SALARY (Art, I §1 (nnn)): |  | 174700153.6 | 92561520 | 43145048 | 12256488 | 0 | 0 | 322663209.6"
2026-07-06 13:22:58,SHEETS,REMOVED,BKN  - REMOVED Players Under Contract |  | 121225158.5 | 72561520 | 43145048 | 12256488 | 0 | 0 | BOLD = Option Year
2026-07-06 13:22:58,SHEETS,REMOVED,"BKN  - REMOVED Full Season Contracts |  | 121225158.5 | 72561520 | 43145048 | 12256488 | 0 | 0 | *=Projected Exten,,"
2026-07-06 13:22:58,SHEETS,ADDED,BKN  + ADDED  Players Under Contract |  | 141225158.5 | 92561520 | 43145048 | 12256488 | 0 | 0 | BOLD = Option Year
2026-07-06 13:22:58,SHEETS,ADDED,"BKN  + ADDED  Full Season Contracts |  | 141225158.5 | 92561520 | 43145048 | 12256488 | 0 | 0 | *=Projected Exten,,"
2026-07-06 13:22:58,SHEETS,REMOVED,BKN  - REMOVED Cap Holds |  | 45349995.04 | 0 | 0 | 0 | 0 | 0
2026-07-06 13:22:58,SHEETS,ADDED,BKN  + ADDED  Cap Holds |  | 33474995.04 | 0 | 0 | 0 | 0 | 0
2026-07-06 13:22:58,SHEETS,REMOVED,"BKN  - REMOVED Avg, Salary (Mean) (ALL Compensation Obligations) |  |  | Players Under Contract |  | 12"
2026-07-06 13:22:58,SHEETS,REMOVED,"BKN  - REMOVED Avg, Salary (Mean) (No 10-Day K's) |  |  | Avaiable Spots |  | 3"
2026-07-06 13:22:58,SHEETS,REMOVED,"BKN  - REMOVED Avg, Salary (Mean) (No 10-Day K's & ROS) |  |  | Players to Reach Roster Min, |  | 1"
2026-07-06 13:22:58,SHEETS,REMOVED,BKN  - REMOVED  |  |  | Cap Holds |  | 4
2026-07-06 13:22:58,SHEETS,ADDED,"BKN  + ADDED  Avg, Salary (Mean) (ALL Compensation Obligations) |  |  | Players Under Contract |  | 14"
2026-07-06 13:22:58,SHEETS,ADDED,"BKN  + ADDED  Avg, Salary (Mean) (No 10-Day K's) |  |  | Avaiable Spots |  | 1"
2026-07-06 13:22:58,SHEETS,ADDED,"BKN  + ADDED  Avg, Salary (Mean) (No 10-Day K's & ROS) |  |  | Players to Reach Roster Min, |  | 0"
2026-07-06 13:22:58,SHEETS,ADDED,BKN  + ADDED   |  |  | Cap Holds |  | 3
2026-07-06 13:21:56,DOCS,REMOVED,"2026-27 Veteran Signings  - REMOVED Update 1.1 (7/1/26): B. Carlson, J. Carter, S. Fontecchio, N. Hyland, J. Isaac, A. Martin, J. Minott, A. Simons, N. Vukevic, D. Wade"
2026-07-06 13:21:56,DOCS,ADDED,"2026-27 Veteran Signings  + ADDED  Update 1.1 (7/1/26): B. Carlson, J. Carter, S. Fontecchio, N. Hyland, J. Isaac, A. Martin, J. Minott, D. Sharpe, A. Simons, N. Vukevic, D. Wade"
2026-07-06 13:20:55,DOCS,REMOVED,"2026-27 Veteran Signings  - REMOVED 2 Years for $9,000,000. Non-Taxpayer Mid-Level Exception (Partial). Player option to extend the contract to include the 2027-28 Season. Insurance Premium Reimbursement. Skill; Injury or Illness; Mental. Love of the Game. Physical Exam. Alt. 7(b)."
2026-07-06 13:20:55,DOCS,ADDED,"2026-27 Veteran Signings  + ADDED  2 Years for $9,000,000. Room. Team option to extend the contract to include the 2027-28 Season. Player Trade Consent. Insurance Premium Reimbursement. Skill; Injury or Illness; Mental. Love of the Game. Physical Exam. Alt. 7(b)."
2026-07-06 13:19:58,SHEETS,REMOVED,"BKN  - REMOVED Powell, Drake | 1 - FULL SEASON | 3540600.0 | 3709320.0 | 6101831.0 |  |  |  | 13351751"
2026-07-06 13:19:58,SHEETS,ADDED,"BKN  + ADDED  Minott, Josh | 1 - FULL SEASON | 4500000.0 | 4500000.0 |  |  |  |  | 9000000"
2026-07-06 13:19:58,SHEETS,REMOVED,"BKN  - REMOVED Minott, Josh | 1 - FULL SEASON | 4500000.0 | 4500000.0 |  |  |  |  | 9000000"
2026-07-06 13:19:58,SHEETS,REMOVED,"BKN  - REMOVED TEAM SALARY (Art, I §1 (nnn)): |  | 170115753.6 | 76270840 | 49246879 | 12256488 | 0 | 0 | 307889960.6"
2026-07-06 13:19:58,SHEETS,ADDED,BKN  + ADDED   |  |  |  |  |  |  |  | 0
2026-07-06 13:19:58,SHEETS,ADDED,"BKN  + ADDED  TEAM SALARY (Art, I §1 (nnn)): |  | 166575153.6 | 72561520 | 43145048 | 12256488 | 0 | 0 | 294538209.6"
2026-07-06 13:19:58,SHEETS,REMOVED,BKN  - REMOVED Players Under Contract |  | 124765758.5 | 76270840 | 49246879 | 12256488 | 0 | 0 | BOLD = Option Year
2026-07-06 13:19:58,SHEETS,REMOVED,"BKN  - REMOVED Full Season Contracts |  | 124765758.5 | 76270840 | 49246879 | 12256488 | 0 | 0 | *=Projected Exten,,"
2026-07-06 13:19:58,SHEETS,ADDED,BKN  + ADDED  Players Under Contract |  | 121225158.5 | 72561520 | 43145048 | 12256488 | 0 | 0 | BOLD = Option Year
2026-07-06 13:19:58,SHEETS,ADDED,"BKN  + ADDED  Full Season Contracts |  | 121225158.5 | 72561520 | 43145048 | 12256488 | 0 | 0 | *=Projected Exten,,"
2026-07-06 13:19:58,SHEETS,REMOVED,"BKN  - REMOVED Avg, Salary (Mean) (ALL Compensation Obligations) |  |  | Players Under Contract |  | 13"
2026-07-06 13:19:58,SHEETS,REMOVED,"BKN  - REMOVED Avg, Salary (Mean) (No 10-Day K's) |  |  | Avaiable Spots |  | 2"
2026-07-06 13:19:58,SHEETS,REMOVED,"BKN  - REMOVED Avg, Salary (Mean) (No 10-Day K's & ROS) |  |  | Players to Reach Roster Min, |  | 0"
2026-07-06 13:19:58,SHEETS,ADDED,"BKN  + ADDED  Avg, Salary (Mean) (ALL Compensation Obligations) |  |  | Players Under Contract |  | 12"
2026-07-06 13:19:58,SHEETS,ADDED,"BKN  + ADDED  Avg, Salary (Mean) (No 10-Day K's) |  |  | Avaiable Spots |  | 3"
2026-07-06 13:19:58,SHEETS,ADDED,"BKN  + ADDED  Avg, Salary (Mean) (No 10-Day K's & ROS) |  |  | Players to Reach Roster Min, |  | 1"
2026-07-06 13:19:55,DOCS,REMOVED,"2026-27 Veteran Signings  - REMOVED Update 1.1 (7/1/26): B. Carlson, J. Carter, S. Fontecchio, N. Hyland, J. Isaac, A. Martin, A. Simons, N. Vukevic, D. Wade"
2026-07-06 13:19:55,DOCS,ADDED,"2026-27 Veteran Signings  + ADDED  Update 1.1 (7/1/26): B. Carlson, J. Carter, S. Fontecchio, N. Hyland, J. Isaac, A. Martin, J. Minott, A. Simons, N. Vukevic, D. Wade"
2026-07-06 13:19:55,DOCS,ADDED,2026-27 Veteran Signings  + ADDED  Josh Minott Brooklyn Nets
2026-07-06 13:19:55,DOCS,ADDED,"2026-27 Veteran Signings  + ADDED  26-27 $4,500,000"
2026-07-06 13:19:55,DOCS,ADDED,"2026-27 Veteran Signings  + ADDED  27-28 $4,500,000 (Team Option)"
2026-07-06 13:19:55,DOCS,ADDED,"2026-27 Veteran Signings  + ADDED  2 Years for $9,000,000. Non-Taxpayer Mid-Level Exception (Partial). Player option to extend the contract to include the 2027-28 Season. Insurance Premium Reimbursement. Skill; Injury or Illness; Mental. Love of the Game. Physical Exam. Alt. 7(b)."
2026-07-06 13:19:55,DOCS,ADDED,2026-27 Veteran Signings  + ADDED  Execution Date: 7/6/26
2026-07-06 13:19:01,SHEETS,ADDED,"BKN  + ADDED  Powell, Drake | 1 - FULL SEASON | 3540600.0 | 3709320.0 | 6101831.0 |  |  |  | 13351751"
2026-07-06 13:19:01,SHEETS,REMOVED,"BKN  - REMOVED Minott, Josh | 4 - CAP HOLD | 2449421.0 |  |  |  |  |  | 2449421"
2026-07-06 13:19:01,SHEETS,ADDED,"BKN  + ADDED  Minott, Josh | 1 - FULL SEASON | 4500000.0 | 4500000.0 |  |  |  |  | 9000000"
2026-07-06 13:19:01,SHEETS,REMOVED,BKN  - REMOVED  |  |  |  |  |  |  |  | 0
2026-07-06 13:19:01,SHEETS,REMOVED,"BKN  - REMOVED TEAM SALARY (Art, I §1 (nnn)): |  | 164524574.6 | 68061520 | 43145048 | 12256488 | 0 | 0 | 287987630.6"
2026-07-06 13:19:01,SHEETS,ADDED,"BKN  + ADDED  TEAM SALARY (Art, I §1 (nnn)): |  | 170115753.6 | 76270840 | 49246879 | 12256488 | 0 | 0 | 307889960.6"
2026-07-06 13:19:01,SHEETS,REMOVED,BKN  - REMOVED Players Under Contract |  | 116725158.5 | 68061520 | 43145048 | 12256488 | 0 | 0 | BOLD = Option Year
2026-07-06 13:19:01,SHEETS,REMOVED,"BKN  - REMOVED Full Season Contracts |  | 116725158.5 | 68061520 | 43145048 | 12256488 | 0 | 0 | *=Projected Exten,,"
2026-07-06 13:19:01,SHEETS,ADDED,BKN  + ADDED  Players Under Contract |  | 124765758.5 | 76270840 | 49246879 | 12256488 | 0 | 0 | BOLD = Option Year
2026-07-06 13:19:01,SHEETS,ADDED,"BKN  + ADDED  Full Season Contracts |  | 124765758.5 | 76270840 | 49246879 | 12256488 | 0 | 0 | *=Projected Exten,,"
2026-07-06 13:19:01,SHEETS,REMOVED,BKN  - REMOVED Cap Holds |  | 47799416.04 | 0 | 0 | 0 | 0 | 0
2026-07-06 13:19:01,SHEETS,ADDED,BKN  + ADDED  Cap Holds |  | 45349995.04 | 0 | 0 | 0 | 0 | 0
2026-07-06 13:19:01,SHEETS,REMOVED,"BKN  - REMOVED Avg, Salary (Mean) (ALL Compensation Obligations) |  |  | Players Under Contract |  | 11"
2026-07-06 13:19:01,SHEETS,REMOVED,"BKN  - REMOVED Avg, Salary (Mean) (No 10-Day K's) |  |  | Avaiable Spots |  | 4"
2026-07-06 13:19:01,SHEETS,REMOVED,"BKN  - REMOVED Avg, Salary (Mean) (No 10-Day K's & ROS) |  |  | Players to Reach Roster Min, |  | 2"
2026-07-06 13:19:01,SHEETS,REMOVED,BKN  - REMOVED  |  |  | Cap Holds |  | 5
2026-07-06 13:19:01,SHEETS,ADDED,"BKN  + ADDED  Avg, Salary (Mean) (ALL Compensation Obligations) |  |  | Players Under Contract |  | 13"
2026-07-06 13:19:01,SHEETS,ADDED,"BKN  + ADDED  Avg, Salary (Mean) (No 10-Day K's) |  |  | Avaiable Spots |  | 2"
2026-07-06 13:19:01,SHEETS,ADDED,"BKN  + ADDED  Avg, Salary (Mean) (No 10-Day K's & ROS) |  |  | Players to Reach Roster Min, |  | 0"
2026-07-06 13:19:01,SHEETS,ADDED,BKN  + ADDED   |  |  | Cap Holds |  | 4
2026-07-06 13:13:55,DOCS,REMOVED,"2026-27 Veteran Signings  - REMOVED 4 Years for $38,700,000. Non-Taxpayer Mid-Level Exception (Partial). Insurance Premium Reimbursement. Skill; Injury or Illness; Mental. Compensation protection for 2029-30 Season is for $1,650,000 but will increase to full if tea"
2026-07-06 13:13:55,DOCS,REMOVED,2026-27 Veteran Signings  - REMOVED Love of the Game. Physical Exam. Alt. 7(b).
2026-07-06 13:13:55,DOCS,ADDED,"2026-27 Veteran Signings  + ADDED  4 Years for $38,700,000. Non-Taxpayer Mid-Level Exception (Partial). Insurance Premium Reimbursement. Skill; Injury or Illness; Mental. Compensation protection for 2029-30 Season is for $1,650,000 but will increase to full if team has not requested waivers on player on or before 6/28/2029. Love of the Game. Physical Exam. Alt. 7(b)."
2026-07-06 13:12:55,DOCS,REMOVED,"2026-27 Veteran Signings  - REMOVED 27-28 $9,450,"
2026-07-06 13:12:55,DOCS,REMOVED,2026-27 Veteran Signings  - REMOVED 28-29
2026-07-06 13:12:55,DOCS,REMOVED,2026-27 Veteran Signings  - REMOVED 29-30
2026-07-06 13:12:55,DOCS,REMOVED,"2026-27 Veteran Signings  - REMOVED 2 Years for $12,300,000. Non-Taxpayer Mid-Level Exception (Partial). Player option to extend the contract to include the 2027-28 Season. Insurance Premium Reimbursement. Skill; Injury or Illness; Mental. Love of the Game. Physical Exam. Alt. 7(b)."
2026-07-06 13:12:55,DOCS,ADDED,"2026-27 Veteran Signings  + ADDED  27-28 $9,450,000"
2026-07-06 13:12:55,DOCS,ADDED,"2026-27 Veteran Signings  + ADDED  28-29 $9,900,000"
2026-07-06 13:12:55,DOCS,ADDED,"2026-27 Veteran Signings  + ADDED  29-30 $10,350,000"
2026-07-06 13:12:55,DOCS,ADDED,"2026-27 Veteran Signings  + ADDED  4 Years for $38,700,000. Non-Taxpayer Mid-Level Exception (Partial). Insurance Premium Reimbursement. Skill; Injury or Illness; Mental. Compensation protection for 2029-30 Season is for $1,650,000 but will increase to full if tea"
2026-07-06 13:12:55,DOCS,ADDED,2026-27 Veteran Signings  + ADDED  Love of the Game. Physical Exam. Alt. 7(b).
2026-07-06 13:11:57,DOCS,REMOVED,"2026-27 Veteran Signings  - REMOVED 26-27 $6,000,000"
2026-07-06 13:11:57,DOCS,REMOVED,"2026-27 Veteran Signings  - REMOVED 27-28 $6,300,000 (Player Option)"
2026-07-06 13:11:57,DOCS,ADDED,"2026-27 Veteran Signings  + ADDED  26-27 $9,000,000"
2026-07-06 13:11:57,DOCS,ADDED,"2026-27 Veteran Signings  + ADDED  27-28 $9,450,"
2026-07-06 13:11:57,DOCS,ADDED,2026-27 Veteran Signings  + ADDED  28-29
2026-07-06 13:11:57,DOCS,ADDED,2026-27 Veteran Signings  + ADDED  29-30
2026-07-06 13:03:55,DOCS,REMOVED,"2026-27 Veteran Signings  - REMOVED Update 1.1 (7/1/26): B. Carlson, J. Carter, S. Fontecchio, N. Hyland, J. Isaac, A. Martin, A. Simons, N. Vukevic"
2026-07-06 13:03:55,DOCS,ADDED,"2026-27 Veteran Signings  + ADDED  Update 1.1 (7/1/26): B. Carlson, J. Carter, S. Fontecchio, N. Hyland, J. Isaac, A. Martin, A. Simons, N. Vukevic, D. Wade"
2026-07-06 13:03:55,DOCS,ADDED,2026-27 Veteran Signings  + ADDED  Dean Wade Philadelphia 76ers
2026-07-06 13:03:55,DOCS,ADDED,"2026-27 Veteran Signings  + ADDED  26-27 $6,000,000"
2026-07-06 13:03:55,DOCS,ADDED,"2026-27 Veteran Signings  + ADDED  27-28 $6,300,000 (Player Option)"
2026-07-06 13:03:55,DOCS,ADDED,"2026-27 Veteran Signings  + ADDED  2 Years for $12,300,000. Non-Taxpayer Mid-Level Exception (Partial). Player option to extend the contract to include the 2027-28 Season. Insurance Premium Reimbursement. Skill; Injury or Illness; Mental. Love of the Game. Physical Exam. Alt. 7(b)."
2026-07-06 13:03:55,DOCS,ADDED,2026-27 Veteran Signings  + ADDED  Execution Date: 7/6/26
2026-07-06 13:02:57,SHEETS,ADDED,"PHL  + ADDED  Wade, Dean | 1 - FULL SEASON | 9000000.0 | 9450000.0 | 9900000.0 | 10350000.0 |  |  | 38700000"
2026-07-06 13:02:57,SHEETS,REMOVED,"PHL  - REMOVED Wade, Dean | 1 - FULL SEASON | 9000000.0 | 9450000.0 | 9900000.0 |  |  |  | 28350000"
2026-07-06 13:02:57,SHEETS,REMOVED,"PHL  - REMOVED TEAM SALARY (Art, I §1 (nnn)): |  | 252948855.4 | 207255956.5 | 211305126.7 | 6508870.2 | 0 | 0 | 678018808.8"
2026-07-06 13:02:57,SHEETS,ADDED,"PHL  + ADDED  TEAM SALARY (Art, I §1 (nnn)): |  | 252948855.4 | 207255956.5 | 211305126.7 | 16858870.2 | 0 | 0 | 688368808.8"
2026-07-06 13:02:57,SHEETS,REMOVED,PHL  - REMOVED Players Under Contract |  | 202195978.3 | 207255956.5 | 211305126.7 | 6508870.2 | 0 | 0 | BOLD = Option Year
2026-07-06 13:02:57,SHEETS,REMOVED,"PHL  - REMOVED Full Season Contracts |  | 202195978.3 | 207255956.5 | 211305126.7 | 6508870.2 | 0 | 0 | *=Projected Exten,,"
2026-07-06 13:02:57,SHEETS,ADDED,PHL  + ADDED  Players Under Contract |  | 202195978.3 | 207255956.5 | 211305126.7 | 16858870.2 | 0 | 0 | BOLD = Option Year
2026-07-06 13:02:57,SHEETS,ADDED,"PHL  + ADDED  Full Season Contracts |  | 202195978.3 | 207255956.5 | 211305126.7 | 16858870.2 | 0 | 0 | *=Projected Exten,,"
2026-07-06 13:01:57,SHEETS,ADDED,"PHL  + ADDED  Wade, Dean | 1 - FULL SEASON | 9000000.0 | 9450000.0 | 9900000.0 |  |  |  | 28350000"
2026-07-06 13:01:57,SHEETS,REMOVED,PHL  - REMOVED  |  |  |  |  |  |  |  | 0
2026-07-06 13:01:57,SHEETS,REMOVED,"PHL  - REMOVED TEAM SALARY (Art, I §1 (nnn)): |  | 243948855.4 | 197805956.5 | 201405126.7 | 6508870.2 | 0 | 0 | 649668808.8"
2026-07-06 13:01:57,SHEETS,ADDED,"PHL  + ADDED  TEAM SALARY (Art, I §1 (nnn)): |  | 252948855.4 | 207255956.5 | 211305126.7 | 6508870.2 | 0 | 0 | 678018808.8"
2026-07-06 13:01:57,SHEETS,REMOVED,PHL  - REMOVED Players Under Contract |  | 193195978.3 | 197805956.5 | 201405126.7 | 6508870.2 | 0 | 0 | BOLD = Option Year
2026-07-06 13:01:57,SHEETS,REMOVED,"PHL  - REMOVED Full Season Contracts |  | 193195978.3 | 197805956.5 | 201405126.7 | 6508870.2 | 0 | 0 | *=Projected Exten,,"
2026-07-06 13:01:57,SHEETS,ADDED,PHL  + ADDED  Players Under Contract |  | 202195978.3 | 207255956.5 | 211305126.7 | 6508870.2 | 0 | 0 | BOLD = Option Year
2026-07-06 13:01:57,SHEETS,ADDED,"PHL  + ADDED  Full Season Contracts |  | 202195978.3 | 207255956.5 | 211305126.7 | 6508870.2 | 0 | 0 | *=Projected Exten,,"
2026-07-06 13:01:57,SHEETS,REMOVED,"PHL  - REMOVED Avg, Salary (Mean) (ALL Compensation Obligations) |  |  | Players Under Contract |  | 12"
2026-07-06 13:01:57,SHEETS,REMOVED,"PHL  - REMOVED Avg, Salary (Mean) (No 10-Day K's) |  |  | Avaiable Spots |  | 3"
2026-07-06 13:01:57,SHEETS,REMOVED,"PHL  - REMOVED Avg, Salary (Mean) (No 10-Day K's & ROS) |  |  | Players to Reach Roster Min, |  | 1"
2026-07-06 13:01:57,SHEETS,ADDED,"PHL  + ADDED  Avg, Salary (Mean) (ALL Compensation Obligations) |  |  | Players Under Contract |  | 13"
2026-07-06 13:01:57,SHEETS,ADDED,"PHL  + ADDED  Avg, Salary (Mean) (No 10-Day K's) |  |  | Avaiable Spots |  | 2"
2026-07-06 13:01:57,SHEETS,ADDED,"PHL  + ADDED  Avg, Salary (Mean) (No 10-Day K's & ROS) |  |  | Players to Reach Roster Min, |  | 0"
2026-07-06 13:01:57,SHEETS,REMOVED,Luxury Tax Calculator  - REMOVED Luxury Tax | 0 | 0 | 0 | 0 | 0 | 0 | 0 | 23501723 | 0 | 0 | 0 | 10706857.6 | 0 | 0 | 0 | 4179835 | 0 | 2536082 | 435790.92 | 13065628 | 36309610 | 29970320.04 | 5300978.3 | 702276.5238 | 6712130.274 | 26574062 | 0 | 6318214.14 | 0 | 0
2026-07-06 13:01:57,SHEETS,REMOVED,Luxury Tax Calculator  - REMOVED 1st Incremental Tax Bracket | 0 | 0 | 0 | 0 | 0 | 0 | 0 | 17055000 | 0 | 0 | 0 | 5685000 | 0 | 0 | 0 | 4179835 | 0 | 2536082 | 435790.92 | 5685000 | 5685000 | 5685000 | 5300978.3 | 2106829.571 | 5685000 | 5685000 | 0 | 5685000 | 0 | 0
2026-07-06 13:01:57,SHEETS,REMOVED,Luxury Tax Calculator  - REMOVED 2nd Incremental Tax Bracket | 0 | 0 | 0 | 0 | 0 | 0 | 0 | 18476250 | 0 | 0 | 0 | 6277322 | 0 | 0 | 0 | 0 | 0 | 0 | 0 | 7106250 | 7106250 | 7106250 | 0 | 0 | 1283912.843 | 7106250 | 0 | 791517.675 | 0 | 0
2026-07-06 13:01:57,SHEETS,REMOVED,Luxury Tax Calculator  - REMOVED 3rd Incremental Tax Bracket | 0 | 0 | 0 | 0 | 0 | 0 | 0 | 31267500 | 0 | 0 | 0 | 0 | 0 | 0 | 0 | 0 | 0 | 0 | 0 | 5934698 | 19897500 | 19897500 | 0 | 0 | 0 | 19897500 | 0 | 0 | 0 | 0
2026-07-06 13:01:57,SHEETS,ADDED,Luxury Tax Calculator  + ADDED  Luxury Tax | 0 | 0 | 0 | 0 | 0 | 0 | 0 | 23501723 | 0 | 0 | 0 | 10706857.6 | 0 | 0 | 0 | 4179835 | 0 | 2536082 | 435790.92 | 13065628 | 36309610 | 29970320.04 | 14300978.3 | 702276.5238 | 6712130.274 | 26574062 | 0 | 6318214.14 | 0 | 0
2026-07-06 13:01:57,SHEETS,ADDED,Luxury Tax Calculator  + ADDED  1st Incremental Tax Bracket | 0 | 0 | 0 | 0 | 0 | 0 | 0 | 17055000 | 0 | 0 | 0 | 5685000 | 0 | 0 | 0 | 4179835 | 0 | 2536082 | 435790.92 | 5685000 | 5685000 | 5685000 | 5685000 | 2106829.571 | 5685000 | 5685000 | 0 | 5685000 | 0 | 0
2026-07-06 13:01:57,SHEETS,ADDED,Luxury Tax Calculator  + ADDED  2nd Incremental Tax Bracket | 0 | 0 | 0 | 0 | 0 | 0 | 0 | 18476250 | 0 | 0 | 0 | 6277322 | 0 | 0 | 0 | 0 | 0 | 0 | 0 | 7106250 | 7106250 | 7106250 | 7106250 | 0 | 1283912.843 | 7106250 | 0 | 791517.675 | 0 | 0
2026-07-06 13:01:57,SHEETS,ADDED,Luxury Tax Calculator  + ADDED  3rd Incremental Tax Bracket | 0 | 0 | 0 | 0 | 0 | 0 | 0 | 31267500 | 0 | 0 | 0 | 0 | 0 | 0 | 0 | 0 | 0 | 0 | 0 | 5934698 | 19897500 | 19897500 | 10258424.05 | 0 | 0 | 19897500 | 0 | 0 | 0 | 0
2026-07-06 13:01:57,SHEETS,REMOVED,Luxury Tax Calculator  - REMOVED Tax Liability | 0 | 0 | 0 | 0 | 0 | 0 | 0 | 110694991.8 | 0 | 0 | 0 | 11962322 | 0 | 0 | 0 | 4179835 | 0 | 2536082 | 435790.92 | 18725948 | 135975062.5 | 98424340.23 | 5300978.3 | 2106829.571 | 6968912.843 | 79821325.5 | 0 | 6476517.675 | 0 | 0
2026-07-06 13:01:57,SHEETS,ADDED,Luxury Tax Calculator  + ADDED  Tax Liability | 0 | 0 | 0 | 0 | 0 | 0 | 0 | 110694991.8 | 0 | 0 | 0 | 11962322 | 0 | 0 | 0 | 4179835 | 0 | 2536082 | 435790.92 | 18725948 | 135975062.5 | 98424340.23 | 23049674.05 | 2106829.571 | 6968912.843 | 79821325.5 | 0 | 6476517.675 | 0 | 0
2026-07-06 13:00:56,DOCS,REMOVED,2026-27 Veteran Signings  - REMOVED Execution Date: 7/1/26
2026-07-06 13:00:56,DOCS,ADDED,2026-27 Veteran Signings  + ADDED  Execution Date: 7/6/26
2026-07-06 12:59:55,DOCS,REMOVED,2026-27 Veteran Signings  - REMOVED Anfernee Orlando Magic
2026-07-06 12:59:55,DOCS,REMOVED,"2026-27 Veteran Signings  - REMOVED 26-27 $3,876,529"
2026-07-06 12:59:55,DOCS,REMOVED,2026-27 Veteran Signings  - REMOVED Minimum Salary Exception. Insurance Premium Reimbursement. Skill; Injury or Illness. Love of the Game. Physical Exam. Alt. 7(b).
2026-07-06 12:59:55,DOCS,ADDED,2026-27 Veteran Signings  + ADDED  Anfernee Simons Philadelphia 76ers
2026-07-06 12:59:55,DOCS,ADDED,"2026-27 Veteran Signings  + ADDED  26-27 $6,000,000"
2026-07-06 12:59:55,DOCS,ADDED,"2026-27 Veteran Signings  + ADDED  27-28 $6,300,000 (Player Option)"
2026-07-06 12:59:55,DOCS,ADDED,"2026-27 Veteran Signings  + ADDED  2 Years for $12,300,000. Non-Taxpayer Mid-Level Exception (Partial). Player option to extend the contract to include the 2027-28 Season. Insurance Premium Reimbursement. Skill; Injury or Illness; Mental. Love of the Game. Physical Exam. Alt. 7(b)."
2026-07-06 12:58:55,DOCS,ADDED,2026-27 Veteran Signings  + ADDED  Simone Fontecchio Miami Heat
2026-07-06 12:58:55,DOCS,ADDED,"2026-27 Veteran Signings  + ADDED  26-27 $2,625,627"
2026-07-06 12:58:55,DOCS,ADDED,2026-27 Veteran Signings  + ADDED  Minimum Salary Exception. Skill; Injury or Illness; Mental; Death. Love of the Game. Physical Exam.
2026-07-06 12:58:55,DOCS,ADDED,2026-27 Veteran Signings  + ADDED  Execution Date: 7/2/26
2026-07-06 12:58:55,DOCS,REMOVED,2026-27 Veteran Signings  - REMOVED Simone Fontecchio Miami Heat
2026-07-06 12:58:55,DOCS,REMOVED,"2026-27 Veteran Signings  - REMOVED 26-27 $2,625,627"
2026-07-06 12:58:55,DOCS,REMOVED,2026-27 Veteran Signings  - REMOVED Minimum Salary Exception. Skill; Injury or Illness; Mental; Death. Love of the Game. Physical Exam.
2026-07-06 12:58:55,DOCS,REMOVED,2026-27 Veteran Signings  - REMOVED Execution Date: 7/2/26
2026-07-06 12:58:55,DOCS,ADDED,2026-27 Veteran Signings  + ADDED  Anfernee Orlando Magic
2026-07-06 12:58:55,DOCS,ADDED,"2026-27 Veteran Signings  + ADDED  26-27 $3,876,529"
2026-07-06 12:58:55,DOCS,ADDED,2026-27 Veteran Signings  + ADDED  Minimum Salary Exception. Insurance Premium Reimbursement. Skill; Injury or Illness. Love of the Game. Physical Exam. Alt. 7(b).
2026-07-06 12:58:55,DOCS,ADDED,2026-27 Veteran Signings  + ADDED  Execution Date: 7/1/26
2026-07-06 12:57:55,DOCS,REMOVED,"2026-27 Veteran Signings  - REMOVED Update 1.1 (7/1/26): B. Carlson, J. Carter, S. Fontecchio, N. Hyland, J. Isaac, A. Martin, N. Vukevic"
2026-07-06 12:57:55,DOCS,ADDED,"2026-27 Veteran Signings  + ADDED  Update 1.1 (7/1/26): B. Carlson, J. Carter, S. Fontecchio, N. Hyland, J. Isaac, A. Martin, A. Simons, N. Vukevic"
2026-07-06 12:54:57,SHEETS,ADDED,"PHL  + ADDED  Simons, Anfernee | 1 - FULL SEASON | 6000000.0 | 6300000.0 |  |  |  |  | 12300000"
2026-07-06 12:54:57,SHEETS,REMOVED,PHL  - REMOVED  |  |  |  |  |  |  |  | 0
2026-07-06 12:54:57,SHEETS,REMOVED,"PHL  - REMOVED TEAM SALARY (Art, I §1 (nnn)): |  | 237948855.4 | 191505956.5 | 201405126.7 | 6508870.2 | 0 | 0 | 637368808.8"
2026-07-06 12:54:57,SHEETS,ADDED,"PHL  + ADDED  TEAM SALARY (Art, I §1 (nnn)): |  | 243948855.4 | 197805956.5 | 201405126.7 | 6508870.2 | 0 | 0 | 649668808.8"
2026-07-06 12:54:57,SHEETS,REMOVED,PHL  - REMOVED Players Under Contract |  | 187195978.3 | 191505956.5 | 201405126.7 | 6508870.2 | 0 | 0 | BOLD = Option Year
2026-07-06 12:54:57,SHEETS,REMOVED,"PHL  - REMOVED Full Season Contracts |  | 187195978.3 | 191505956.5 | 201405126.7 | 6508870.2 | 0 | 0 | *=Projected Exten,,"
2026-07-06 12:54:57,SHEETS,ADDED,PHL  + ADDED  Players Under Contract |  | 193195978.3 | 197805956.5 | 201405126.7 | 6508870.2 | 0 | 0 | BOLD = Option Year
2026-07-06 12:54:57,SHEETS,ADDED,"PHL  + ADDED  Full Season Contracts |  | 193195978.3 | 197805956.5 | 201405126.7 | 6508870.2 | 0 | 0 | *=Projected Exten,,"
2026-07-06 12:54:57,SHEETS,REMOVED,"PHL  - REMOVED Avg, Salary (Mean) (ALL Compensation Obligations) |  |  | Players Under Contract |  | 11"
2026-07-06 12:54:57,SHEETS,REMOVED,"PHL  - REMOVED Avg, Salary (Mean) (No 10-Day K's) |  |  | Avaiable Spots |  | 4"
2026-07-06 12:54:57,SHEETS,REMOVED,"PHL  - REMOVED Avg, Salary (Mean) (No 10-Day K's & ROS) |  |  | Players to Reach Roster Min, |  | 2"
2026-07-06 12:54:57,SHEETS,ADDED,"PHL  + ADDED  Avg, Salary (Mean) (ALL Compensation Obligations) |  |  | Players Under Contract |  | 12"
2026-07-06 12:54:57,SHEETS,ADDED,"PHL  + ADDED  Avg, Salary (Mean) (No 10-Day K's) |  |  | Avaiable Spots |  | 3"
2026-07-06 12:54:57,SHEETS,ADDED,"PHL  + ADDED  Avg, Salary (Mean) (No 10-Day K's & ROS) |  |  | Players to Reach Roster Min, |  | 1"
2026-07-06 12:54:57,SHEETS,REMOVED,Luxury Tax Calculator  - REMOVED Luxury Tax | 0 | 0 | 0 | 0 | 0 | 0 | 0 | 23501723 | 0 | 0 | 0 | 10706857.6 | 0 | 0 | 0 | 4179835 | 0 | 2536082 | 435790.92 | 13065628 | 36309610 | 29970320.04 | 0 | 702276.5238 | 6712130.274 | 26574062 | 0 | 6318214.14 | 0 | 0
2026-07-06 12:54:57,SHEETS,REMOVED,Luxury Tax Calculator  - REMOVED 1st Incremental Tax Bracket | 0 | 0 | 0 | 0 | 0 | 0 | 0 | 17055000 | 0 | 0 | 0 | 5685000 | 0 | 0 | 0 | 4179835 | 0 | 2536082 | 435790.92 | 5685000 | 5685000 | 5685000 | 0 | 2106829.571 | 5685000 | 5685000 | 0 | 5685000 | 0 | 0
2026-07-06 12:54:57,SHEETS,ADDED,Luxury Tax Calculator  + ADDED  Luxury Tax | 0 | 0 | 0 | 0 | 0 | 0 | 0 | 23501723 | 0 | 0 | 0 | 10706857.6 | 0 | 0 | 0 | 4179835 | 0 | 2536082 | 435790.92 | 13065628 | 36309610 | 29970320.04 | 5300978.3 | 702276.5238 | 6712130.274 | 26574062 | 0 | 6318214.14 | 0 | 0
2026-07-06 12:54:57,SHEETS,ADDED,Luxury Tax Calculator  + ADDED  1st Incremental Tax Bracket | 0 | 0 | 0 | 0 | 0 | 0 | 0 | 17055000 | 0 | 0 | 0 | 5685000 | 0 | 0 | 0 | 4179835 | 0 | 2536082 | 435790.92 | 5685000 | 5685000 | 5685000 | 5300978.3 | 2106829.571 | 5685000 | 5685000 | 0 | 5685000 | 0 | 0
2026-07-06 12:54:57,SHEETS,REMOVED,Luxury Tax Calculator  - REMOVED Tax Liability | 0 | 0 | 0 | 0 | 0 | 0 | 0 | 110694991.8 | 0 | 0 | 0 | 11962322 | 0 | 0 | 0 | 4179835 | 0 | 2536082 | 435790.92 | 18725948 | 135975062.5 | 98424340.23 | 0 | 2106829.571 | 6968912.843 | 79821325.5 | 0 | 6476517.675 | 0 | 0
2026-07-06 12:54:57,SHEETS,ADDED,Luxury Tax Calculator  + ADDED  Tax Liability | 0 | 0 | 0 | 0 | 0 | 0 | 0 | 110694991.8 | 0 | 0 | 0 | 11962322 | 0 | 0 | 0 | 4179835 | 0 | 2536082 | 435790.92 | 18725948 | 135975062.5 | 98424340.23 | 5300978.3 | 2106829.571 | 6968912.843 | 79821325.5 | 0 | 6476517.675 | 0 | 0
2026-07-06 12:54:55,TRANSACTIONS,Signing,2026-07-06  Golden State Warriors re-signed center Al Horford to a Contract.
2026-07-06 12:53:58,SHEETS,REMOVED,"CHI  - REMOVED Simons, Anfernee | 4 - CAP HOLD | 41517856.5 |  |  |  |  |  | 41517856.5"
2026-07-06 12:53:58,SHEETS,ADDED,"CHI  + ADDED  Jefferson, Joshua | 6 - DRAFT PICK | 2969520.0 | 3118560.0 | 3266880.0 | 5896718.4 |  |  | 15251678.4"
2026-07-06 12:53:58,SHEETS,REMOVED,CHI  - REMOVED  |  |  |  |  |  |  |  | 0
2026-07-06 12:53:58,SHEETS,REMOVED,CHI  - REMOVED  |  |  |  |  |  |  |  | 0
2026-07-06 12:53:58,SHEETS,REMOVED,"CHI  - REMOVED Jefferson, Joshua | 6 - DRAFT PICK | 2969520.0 | 3118560.0 | 3266880.0 | 5896718.4 |  |  | 15251678.4"
2026-07-06 12:53:58,SHEETS,REMOVED,"CHI  - REMOVED TEAM SALARY (Art, I §1 (nnn)): |  | 214839937.5 | 101370537.8 | 71711583 | 29136526.56 | 0 | 0 | 417058584.8"
2026-07-06 12:53:58,SHEETS,ADDED,CHI  + ADDED   |  |  |  |  |  |  |  | 0
2026-07-06 12:53:58,SHEETS,ADDED,CHI  + ADDED   |  |  |  |  |  |  |  | 0
2026-07-06 12:53:58,SHEETS,ADDED,CHI  + ADDED   |  |  |  |  |  |  |  | 0
2026-07-06 12:53:58,SHEETS,ADDED,"CHI  + ADDED  TEAM SALARY (Art, I §1 (nnn)): |  | 173322081 | 101370537.8 | 71711583 | 29136526.56 | 0 | 0 | 375540728.3"
2026-07-06 12:53:58,SHEETS,REMOVED,CHI  - REMOVED Cap Holds |  | 91279198.5 | 0 | 0 | 0 | 0 | 0
2026-07-06 12:53:58,SHEETS,ADDED,CHI  + ADDED  Cap Holds |  | 49761342 | 0 | 0 | 0 | 0 | 0
2026-07-06 12:53:58,SHEETS,REMOVED,CHI  - REMOVED  |  |  | Cap Holds |  | 6
2026-07-06 12:53:58,SHEETS,ADDED,CHI  + ADDED   |  |  | Cap Holds |  | 5
2026-07-06 12:53:58,SHEETS,REMOVED,"CLE  - REMOVED Wade, Dean | 4 - CAP HOLD | 12584566.399999999 |  |  |  |  |  | 12584566.4"
2026-07-06 12:53:58,SHEETS,REMOVED,"CLE  - REMOVED TEAM SALARY (Art, I §1 (nnn)): |  | 262899800.7 | 173689767.5 | 105956601 | 64158364 | 0 | 0 | 606704533.2"
2026-07-06 12:53:58,SHEETS,ADDED,CLE  + ADDED   |  |  |  |  |  |  |  | 0
2026-07-06 12:53:58,SHEETS,ADDED,"CLE  + ADDED  TEAM SALARY (Art, I §1 (nnn)): |  | 250315234.3 | 173689767.5 | 105956601 | 64158364 | 0 | 0 | 594119966.8"
2026-07-06 12:53:58,SHEETS,REMOVED,CLE  - REMOVED Cap Holds |  | 81648587 | 0 | 0 | 0 | 0 | 0
2026-07-06 12:53:58,SHEETS,ADDED,CLE  + ADDED  Cap Holds |  | 69064020.6 | 0 | 0 | 0 | 0 | 0
2026-07-06 12:53:58,SHEETS,REMOVED,CLE  - REMOVED  |  |  | Cap Holds |  | 11
2026-07-06 12:53:58,SHEETS,ADDED,CLE  + ADDED   |  |  | Cap Holds |  | 10
2026-07-06 12:51:00,SHEETS,REMOVED,"PHL  - REMOVED Brown, Jaylen | 1 - FULL SEASON | 57736350.0 | 61672814.0 | 65609278.0 |  |  |  | 185018442"
2026-07-06 12:51:00,SHEETS,REMOVED,"PHL  - REMOVED TEAM SALARY (Art, I §1 (nnn)): |  | 295685205.4 | 253178770.5 | 267014404.7 | 6508870.2 | 0 | 0 | 822387250.8"
2026-07-06 12:51:00,SHEETS,ADDED,PHL  + ADDED   |  |  |  |  |  |  |  | 0
2026-07-06 12:51:00,SHEETS,ADDED,"PHL  + ADDED  TEAM SALARY (Art, I §1 (nnn)): |  | 237948855.4 | 191505956.5 | 201405126.7 | 6508870.2 | 0 | 0 | 637368808.8"
2026-07-06 12:51:00,SHEETS,REMOVED,PHL  - REMOVED Players Under Contract |  | 244932328.3 | 253178770.5 | 267014404.7 | 6508870.2 | 0 | 0 | BOLD = Option Year
2026-07-06 12:51:00,SHEETS,REMOVED,"PHL  - REMOVED Full Season Contracts |  | 244932328.3 | 253178770.5 | 267014404.7 | 6508870.2 | 0 | 0 | *=Projected Exten,,"
2026-07-06 12:51:00,SHEETS,ADDED,PHL  + ADDED  Players Under Contract |  | 187195978.3 | 191505956.5 | 201405126.7 | 6508870.2 | 0 | 0 | BOLD = Option Year
2026-07-06 12:51:00,SHEETS,ADDED,"PHL  + ADDED  Full Season Contracts |  | 187195978.3 | 191505956.5 | 201405126.7 | 6508870.2 | 0 | 0 | *=Projected Exten,,"
2026-07-06 12:51:00,SHEETS,REMOVED,"PHL  - REMOVED Avg, Salary (Mean) (ALL Compensation Obligations) |  |  | Players Under Contract |  | 12"
2026-07-06 12:51:00,SHEETS,REMOVED,"PHL  - REMOVED Avg, Salary (Mean) (No 10-Day K's) |  |  | Avaiable Spots |  | 3"
2026-07-06 12:51:00,SHEETS,REMOVED,"PHL  - REMOVED Avg, Salary (Mean) (No 10-Day K's & ROS) |  |  | Players to Reach Roster Min, |  | 1"
2026-07-06 12:51:00,SHEETS,ADDED,"PHL  + ADDED  Avg, Salary (Mean) (ALL Compensation Obligations) |  |  | Players Under Contract |  | 11"
2026-07-06 12:51:00,SHEETS,ADDED,"PHL  + ADDED  Avg, Salary (Mean) (No 10-Day K's) |  |  | Avaiable Spots |  | 4"
2026-07-06 12:51:00,SHEETS,ADDED,"PHL  + ADDED  Avg, Salary (Mean) (No 10-Day K's & ROS) |  |  | Players to Reach Roster Min, |  | 2"
2026-07-06 12:51:00,SHEETS,REMOVED,Luxury Tax Calculator  - REMOVED Luxury Tax | 0 | 0 | 0 | 0 | 0 | 0 | 0 | 23501723 | 0 | 0 | 0 | 10706857.6 | 0 | 0 | 0 | 4179835 | 0 | 2536082 | 435790.92 | 13065628 | 36309610 | 29970320.04 | 57037328.3 | 702276.5238 | 6712130.274 | 26574062 | 0 | 6318214.14 | 0 | 0
2026-07-06 12:51:00,SHEETS,REMOVED,Luxury Tax Calculator  - REMOVED 1st Incremental Tax Bracket | 0 | 0 | 0 | 0 | 0 | 0 | 0 | 17055000 | 0 | 0 | 0 | 5685000 | 0 | 0 | 0 | 4179835 | 0 | 2536082 | 435790.92 | 5685000 | 5685000 | 5685000 | 5685000 | 2106829.571 | 5685000 | 5685000 | 0 | 5685000 | 0 | 0
2026-07-06 12:51:00,SHEETS,REMOVED,Luxury Tax Calculator  - REMOVED 2nd Incremental Tax Bracket | 0 | 0 | 0 | 0 | 0 | 0 | 0 | 18476250 | 0 | 0 | 0 | 6277322 | 0 | 0 | 0 | 0 | 0 | 0 | 0 | 7106250 | 7106250 | 7106250 | 7106250 | 0 | 1283912.843 | 7106250 | 0 | 791517.675 | 0 | 0
2026-07-06 12:51:00,SHEETS,REMOVED,Luxury Tax Calculator  - REMOVED 3rd Incremental Tax Bracket | 0 | 0 | 0 | 0 | 0 | 0 | 0 | 31267500 | 0 | 0 | 0 | 0 | 0 | 0 | 0 | 0 | 0 | 0 | 0 | 5934698 | 19897500 | 19897500 | 19897500 | 0 | 0 | 19897500 | 0 | 0 | 0 | 0
2026-07-06 12:51:00,SHEETS,REMOVED,Luxury Tax Calculator  - REMOVED 4th Incremental Tax Bracket | 0 | 0 | 0 | 0 | 0 | 0 | 0 | 38373750 | 0 | 0 | 0 | 0 | 0 | 0 | 0 | 0 | 0 | 0 | 0 | 0 | 27003750 | 27003750 | 27003750 | 0 | 0 | 27003750 | 0 | 0 | 0 | 0
2026-07-06 12:51:00,SHEETS,REMOVED,Luxury Tax Calculator  - REMOVED 5th Incremental Tax Bracket | 0 | 0 | 0 | 0 | 0 | 0 | 0 | 5522491.75 | 0 | 0 | 0 | 0 | 0 | 0 | 0 | 0 | 0 | 0 | 0 | 0 | 29846250 | 29846250 | 29846250 | 0 | 0 | 20128825.5 | 0 | 0 | 0 | 0
2026-07-06 12:51:00,SHEETS,REMOVED,Luxury Tax Calculator  - REMOVED 6th Incremental Tax Bracket | 0 | 0 | 0 | 0 | 0 | 0 | 0 | 0 | 0 | 0 | 0 | 0 | 0 | 0 | 0 | 0 | 0 | 0 | 0 | 0 | 32688750 | 8885590.23 | 32688750 | 0 | 0 | 0 | 0 | 0 | 0 | 0
2026-07-06 12:51:00,SHEETS,REMOVED,Luxury Tax Calculator  - REMOVED 7th Incremental Tax Bracket | 0 | 0 | 0 | 0 | 0 | 0 | 0 | 0 | 0 | 0 | 0 | 0 | 0 | 0 | 0 | 0 | 0 | 0 | 0 | 0 | 13747562.5 | 0 | 35531250 | 0 | 0 | 0 | 0 | 0 | 0 | 0
2026-07-06 12:51:00,SHEETS,REMOVED,Luxury Tax Calculator  - REMOVED 8th Incremental Tax Bracket | 0 | 0 | 0 | 0 | 0 | 0 | 0 | 0 | 0 | 0 | 0 | 0 | 0 | 0 | 0 | 0 | 0 | 0 | 0 | 0 | 0 | 0 | 38373750 | 0 | 0 | 0 | 0 | 0 | 0 | 0
2026-07-06 12:51:00,SHEETS,REMOVED,Luxury Tax Calculator  - REMOVED 9th Incremental Tax Bracket | 0 | 0 | 0 | 0 | 0 | 0 | 0 | 0 | 0 | 0 | 0 | 0 | 0 | 0 | 0 | 0 | 0 | 0 | 0 | 0 | 0 | 0 | 41216250 | 0 | 0 | 0 | 0 | 0 | 0 | 0
2026-07-06 12:51:00,SHEETS,REMOVED,Luxury Tax Calculator  - REMOVED Tax Liability | 0 | 0 | 0 | 0 | 0 | 0 | 0 | 110694991.8 | 0 | 0 | 0 | 11962322 | 0 | 0 | 0 | 4179835 | 0 | 2536082 | 435790.92 | 18725948 | 135975062.5 | 98424340.23 | 237348750 | 2106829.571 | 6968912.843 | 79821325.5 | 0 | 6476517.675 | 0 | 0
2026-07-06 12:51:00,SHEETS,ADDED,Luxury Tax Calculator  + ADDED  Luxury Tax | 0 | 0 | 0 | 0 | 0 | 0 | 0 | 23501723 | 0 | 0 | 0 | 10706857.6 | 0 | 0 | 0 | 4179835 | 0 | 2536082 | 435790.92 | 13065628 | 36309610 | 29970320.04 | 0 | 702276.5238 | 6712130.274 | 26574062 | 0 | 6318214.14 | 0 | 0
2026-07-06 12:51:00,SHEETS,ADDED,Luxury Tax Calculator  + ADDED  1st Incremental Tax Bracket | 0 | 0 | 0 | 0 | 0 | 0 | 0 | 17055000 | 0 | 0 | 0 | 5685000 | 0 | 0 | 0 | 4179835 | 0 | 2536082 | 435790.92 | 5685000 | 5685000 | 5685000 | 0 | 2106829.571 | 5685000 | 5685000 | 0 | 5685000 | 0 | 0
2026-07-06 12:51:00,SHEETS,ADDED,Luxury Tax Calculator  + ADDED  2nd Incremental Tax Bracket | 0 | 0 | 0 | 0 | 0 | 0 | 0 | 18476250 | 0 | 0 | 0 | 6277322 | 0 | 0 | 0 | 0 | 0 | 0 | 0 | 7106250 | 7106250 | 7106250 | 0 | 0 | 1283912.843 | 7106250 | 0 | 791517.675 | 0 | 0
2026-07-06 12:51:00,SHEETS,ADDED,Luxury Tax Calculator  + ADDED  3rd Incremental Tax Bracket | 0 | 0 | 0 | 0 | 0 | 0 | 0 | 31267500 | 0 | 0 | 0 | 0 | 0 | 0 | 0 | 0 | 0 | 0 | 0 | 5934698 | 19897500 | 19897500 | 0 | 0 | 0 | 19897500 | 0 | 0 | 0 | 0
2026-07-06 12:51:00,SHEETS,ADDED,Luxury Tax Calculator  + ADDED  4th Incremental Tax Bracket | 0 | 0 | 0 | 0 | 0 | 0 | 0 | 38373750 | 0 | 0 | 0 | 0 | 0 | 0 | 0 | 0 | 0 | 0 | 0 | 0 | 27003750 | 27003750 | 0 | 0 | 0 | 27003750 | 0 | 0 | 0 | 0
2026-07-06 12:51:00,SHEETS,ADDED,Luxury Tax Calculator  + ADDED  5th Incremental Tax Bracket | 0 | 0 | 0 | 0 | 0 | 0 | 0 | 5522491.75 | 0 | 0 | 0 | 0 | 0 | 0 | 0 | 0 | 0 | 0 | 0 | 0 | 29846250 | 29846250 | 0 | 0 | 0 | 20128825.5 | 0 | 0 | 0 | 0
2026-07-06 12:51:00,SHEETS,ADDED,Luxury Tax Calculator  + ADDED  6th Incremental Tax Bracket | 0 | 0 | 0 | 0 | 0 | 0 | 0 | 0 | 0 | 0 | 0 | 0 | 0 | 0 | 0 | 0 | 0 | 0 | 0 | 0 | 32688750 | 8885590.23 | 0 | 0 | 0 | 0 | 0 | 0 | 0 | 0
2026-07-06 12:51:00,SHEETS,ADDED,Luxury Tax Calculator  + ADDED  7th Incremental Tax Bracket | 0 | 0 | 0 | 0 | 0 | 0 | 0 | 0 | 0 | 0 | 0 | 0 | 0 | 0 | 0 | 0 | 0 | 0 | 0 | 0 | 13747562.5 | 0 | 0 | 0 | 0 | 0 | 0 | 0 | 0 | 0
2026-07-06 12:51:00,SHEETS,ADDED,Luxury Tax Calculator  + ADDED  8th Incremental Tax Bracket | 0 | 0 | 0 | 0 | 0 | 0 | 0 | 0 | 0 | 0 | 0 | 0 | 0 | 0 | 0 | 0 | 0 | 0 | 0 | 0 | 0 | 0 | 0 | 0 | 0 | 0 | 0 | 0 | 0 | 0
2026-07-06 12:51:00,SHEETS,ADDED,Luxury Tax Calculator  + ADDED  9th Incremental Tax Bracket | 0 | 0 | 0 | 0 | 0 | 0 | 0 | 0 | 0 | 0 | 0 | 0 | 0 | 0 | 0 | 0 | 0 | 0 | 0 | 0 | 0 | 0 | 0 | 0 | 0 | 0 | 0 | 0 | 0 | 0
2026-07-06 12:51:00,SHEETS,ADDED,Luxury Tax Calculator  + ADDED  Tax Liability | 0 | 0 | 0 | 0 | 0 | 0 | 0 | 110694991.8 | 0 | 0 | 0 | 11962322 | 0 | 0 | 0 | 4179835 | 0 | 2536082 | 435790.92 | 18725948 | 135975062.5 | 98424340.23 | 0 | 2106829.571 | 6968912.843 | 79821325.5 | 0 | 6476517.675 | 0 | 0
2026-07-06 12:49:58,SHEETS,REMOVED,"PHL  - REMOVED George, Paul | 1 - FULL SEASON | 54126380.0 | 56586670.0 |  |  |  |  | 110713050"
2026-07-06 12:49:58,SHEETS,ADDED,"PHL  + ADDED  Brown, Jaylen | 1 - FULL SEASON | 57736350.0 | 61672814.0 | 65609278.0 |  |  |  | 185018442"
2026-07-06 12:49:58,SHEETS,REMOVED,"PHL  - REMOVED Brown, Jaylen | 1 - FULL SEASON | 57078728.0 | 61015192.0 | 64951656.0 |  |  |  | 183045576"
2026-07-06 12:49:58,SHEETS,REMOVED,PHL  - REMOVED  |  |  |  |  |  |  |  | 0
2026-07-06 12:49:58,SHEETS,REMOVED,PHL  - REMOVED  |  | 57736350.0 | 61672814 | 65609278 |  |  |  | 185018442
2026-07-06 12:49:58,SHEETS,REMOVED,PHL  - REMOVED  |  | 657622 |  |  |  |  |  | 657622
2026-07-06 12:49:58,SHEETS,ADDED,"PHL  + ADDED  Brown, Jaylen | 1 - FULL SEASON | 57736350.0 | 61672814.0 | 65609278.0 |  |  |  | 185018442"
2026-07-06 12:49:58,SHEETS,REMOVED,"PHL  - REMOVED TEAM SALARY (Art, I §1 (nnn)): |  | 349811585.4 | 309107818.5 | 266356782.7 | 6508870.2 | 0 | 0 | 931785056.8"
2026-07-06 12:49:58,SHEETS,ADDED,PHL  + ADDED   |  |  |  |  |  |  |  | 0
2026-07-06 12:49:58,SHEETS,ADDED,PHL  + ADDED   |  |  |  |  |  |  |  | 0
2026-07-06 12:49:58,SHEETS,ADDED,PHL  + ADDED   |  |  |  |  |  |  |  | 0
2026-07-06 12:49:58,SHEETS,ADDED,"PHL  + ADDED  TEAM SALARY (Art, I §1 (nnn)): |  | 295685205.4 | 253178770.5 | 267014404.7 | 6508870.2 | 0 | 0 | 822387250.8"
2026-07-06 12:49:58,SHEETS,REMOVED,PHL  - REMOVED Players Under Contract |  | 240664736.3 | 247435004.5 | 200747504.7 | 6508870.2 | 0 | 0 | BOLD = Option Year
2026-07-06 12:49:58,SHEETS,REMOVED,"PHL  - REMOVED Full Season Contracts |  | 240664736.3 | 247435004.5 | 200747504.7 | 6508870.2 | 0 | 0 | *=Projected Exten,,"
2026-07-06 12:49:58,SHEETS,ADDED,PHL  + ADDED  Players Under Contract |  | 244932328.3 | 253178770.5 | 267014404.7 | 6508870.2 | 0 | 0 | BOLD = Option Year
2026-07-06 12:49:58,SHEETS,ADDED,"PHL  + ADDED  Full Season Contracts |  | 244932328.3 | 253178770.5 | 267014404.7 | 6508870.2 | 0 | 0 | *=Projected Exten,,"
2026-07-06 12:49:58,SHEETS,REMOVED,Luxury Tax Calculator  - REMOVED Luxury Tax | 0 | 0 | 0 | 0 | 0 | 0 | 0 | 23501723 | 0 | 0 | 0 | 10706857.6 | 0 | 0 | 0 | 4179835 | 0 | 2536082 | 435790.92 | 13065628 | 36309610 | 29970320.04 | 52769736.3 | 702276.5238 | 6712130.274 | 26574062 | 0 | 6318214.14 | 0 | 0
2026-07-06 12:49:58,SHEETS,ADDED,Luxury Tax Calculator  + ADDED  Luxury Tax | 0 | 0 | 0 | 0 | 0 | 0 | 0 | 23501723 | 0 | 0 | 0 | 10706857.6 | 0 | 0 | 0 | 4179835 | 0 | 2536082 | 435790.92 | 13065628 | 36309610 | 29970320.04 | 57037328.3 | 702276.5238 | 6712130.274 | 26574062 | 0 | 6318214.14 | 0 | 0
2026-07-06 12:48:58,SHEETS,ADDED,PHL  + ADDED   |  | 57736350.0 | 61672814 | 65609278 |  |  |  | 185018442
2026-07-06 12:48:58,SHEETS,ADDED,PHL  + ADDED   |  | 657622 |  |  |  |  |  | 657622
2026-07-06 12:48:58,SHEETS,REMOVED,PHL  - REMOVED  |  |  |  |  |  |  |  | 0
2026-07-06 12:48:58,SHEETS,REMOVED,PHL  - REMOVED  |  |  |  |  |  |  |  | 0
2026-07-06 12:48:58,SHEETS,REMOVED,"PHL  - REMOVED TEAM SALARY (Art, I §1 (nnn)): |  | 291417613.4 | 247435004.5 | 200747504.7 | 6508870.2 | 0 | 0 | 746108992.8"
2026-07-06 12:48:58,SHEETS,ADDED,"PHL  + ADDED  TEAM SALARY (Art, I §1 (nnn)): |  | 349811585.4 | 309107818.5 | 266356782.7 | 6508870.2 | 0 | 0 | 931785056.8"
2026-07-06 12:47:58,SHEETS,REMOVED,"BOS  - REMOVED Brown, Jaylen | 1 - FULL SEASON | 57078728.0 | 61015192.0 | 64951656.0 |  |  |  | 183045576"
2026-07-06 12:47:58,SHEETS,ADDED,"BOS  + ADDED  George, Paul | 1 - FULL SEASON | 54126380.0 | 56586670.0 |  |  |  |  | 110713050"
2026-07-06 12:47:58,SHEETS,REMOVED,"BOS  - REMOVED TEAM SALARY (Art, I §1 (nnn)): |  | 197735538 | 187506502.2 | 188183275 | 77377383.6 | 0 | 0 | 650802698.8"
2026-07-06 12:47:58,SHEETS,ADDED,"BOS  + ADDED  TEAM SALARY (Art, I §1 (nnn)): |  | 194783190 | 183077980.2 | 123231619 | 77377383.6 | 0 | 0 | 578470172.8"
2026-07-06 12:47:58,SHEETS,REMOVED,BOS  - REMOVED Players Under Contract |  | 183831927 | 187506502.2 | 188183275 | 77377383.6 | 0 | 0 | BOLD = Option Year
2026-07-06 12:47:58,SHEETS,REMOVED,"BOS  - REMOVED Full Season Contracts |  | 183831927 | 187506502.2 | 188183275 | 77377383.6 | 0 | 0 | *=Projected Exten,,"
2026-07-06 12:47:58,SHEETS,ADDED,BOS  + ADDED  Players Under Contract |  | 180879579 | 183077980.2 | 123231619 | 77377383.6 | 0 | 0 | BOLD = Option Year
2026-07-06 12:47:58,SHEETS,ADDED,"BOS  + ADDED  Full Season Contracts |  | 180879579 | 183077980.2 | 123231619 | 77377383.6 | 0 | 0 | *=Projected Exten,,"
2026-07-06 12:47:58,SHEETS,ADDED,"PHL  + ADDED  Brown, Jaylen | 1 - FULL SEASON | 57078728.0 | 61015192.0 | 64951656.0 |  |  |  | 183045576"
2026-07-06 12:47:58,SHEETS,REMOVED,PHL  - REMOVED  |  |  |  |  |  |  |  | 0
2026-07-06 12:47:58,SHEETS,REMOVED,"PHL  - REMOVED TEAM SALARY (Art, I §1 (nnn)): |  | 234338885.4 | 186419812.5 | 135795848.7 | 6508870.2 | 0 | 0 | 563063416.8"
2026-07-06 12:47:58,SHEETS,ADDED,"PHL  + ADDED  TEAM SALARY (Art, I §1 (nnn)): |  | 291417613.4 | 247435004.5 | 200747504.7 | 6508870.2 | 0 | 0 | 746108992.8"
2026-07-06 12:47:58,SHEETS,REMOVED,PHL  - REMOVED Players Under Contract |  | 183586008.3 | 186419812.5 | 135795848.7 | 6508870.2 | 0 | 0 | BOLD = Option Year
2026-07-06 12:47:58,SHEETS,REMOVED,"PHL  - REMOVED Full Season Contracts |  | 183586008.3 | 186419812.5 | 135795848.7 | 6508870.2 | 0 | 0 | *=Projected Exten,,"
2026-07-06 12:47:58,SHEETS,ADDED,PHL  + ADDED  Players Under Contract |  | 240664736.3 | 247435004.5 | 200747504.7 | 6508870.2 | 0 | 0 | BOLD = Option Year
2026-07-06 12:47:58,SHEETS,ADDED,"PHL  + ADDED  Full Season Contracts |  | 240664736.3 | 247435004.5 | 200747504.7 | 6508870.2 | 0 | 0 | *=Projected Exten,,"
2026-07-06 12:47:58,SHEETS,REMOVED,"PHL  - REMOVED Avg, Salary (Mean) (ALL Compensation Obligations) |  |  | Players Under Contract |  | 11"
2026-07-06 12:47:58,SHEETS,REMOVED,"PHL  - REMOVED Avg, Salary (Mean) (No 10-Day K's) |  |  | Avaiable Spots |  | 4"
2026-07-06 12:47:58,SHEETS,REMOVED,"PHL  - REMOVED Avg, Salary (Mean) (No 10-Day K's & ROS) |  |  | Players to Reach Roster Min, |  | 2"
2026-07-06 12:47:58,SHEETS,ADDED,"PHL  + ADDED  Avg, Salary (Mean) (ALL Compensation Obligations) |  |  | Players Under Contract |  | 12"
2026-07-06 12:47:58,SHEETS,ADDED,"PHL  + ADDED  Avg, Salary (Mean) (No 10-Day K's) |  |  | Avaiable Spots |  | 3"
2026-07-06 12:47:58,SHEETS,ADDED,"PHL  + ADDED  Avg, Salary (Mean) (No 10-Day K's & ROS) |  |  | Players to Reach Roster Min, |  | 1"
2026-07-06 12:47:58,SHEETS,REMOVED,Luxury Tax Calculator  - REMOVED Luxury Tax | 0 | 0 | 0 | 0 | 0 | 0 | 0 | 23501723 | 0 | 0 | 0 | 10706857.6 | 0 | 0 | 0 | 4179835 | 0 | 2536082 | 435790.92 | 13065628 | 36309610 | 29970320.04 | 0 | 702276.5238 | 6712130.274 | 26574062 | 0 | 6318214.14 | 0 | 0
2026-07-06 12:47:58,SHEETS,REMOVED,Luxury Tax Calculator  - REMOVED 1st Incremental Tax Bracket | 0 | 0 | 0 | 0 | 0 | 0 | 0 | 17055000 | 0 | 0 | 0 | 5685000 | 0 | 0 | 0 | 4179835 | 0 | 2536082 | 435790.92 | 5685000 | 5685000 | 5685000 | 0 | 2106829.571 | 5685000 | 5685000 | 0 | 5685000 | 0 | 0
2026-07-06 12:47:58,SHEETS,REMOVED,Luxury Tax Calculator  - REMOVED 2nd Incremental Tax Bracket | 0 | 0 | 0 | 0 | 0 | 0 | 0 | 18476250 | 0 | 0 | 0 | 6277322 | 0 | 0 | 0 | 0 | 0 | 0 | 0 | 7106250 | 7106250 | 7106250 | 0 | 0 | 1283912.843 | 7106250 | 0 | 791517.675 | 0 | 0
2026-07-06 12:47:58,SHEETS,REMOVED,Luxury Tax Calculator  - REMOVED 3rd Incremental Tax Bracket | 0 | 0 | 0 | 0 | 0 | 0 | 0 | 31267500 | 0 | 0 | 0 | 0 | 0 | 0 | 0 | 0 | 0 | 0 | 0 | 5934698 | 19897500 | 19897500 | 0 | 0 | 0 | 19897500 | 0 | 0 | 0 | 0
2026-07-06 12:47:58,SHEETS,REMOVED,Luxury Tax Calculator  - REMOVED 4th Incremental Tax Bracket | 0 | 0 | 0 | 0 | 0 | 0 | 0 | 38373750 | 0 | 0 | 0 | 0 | 0 | 0 | 0 | 0 | 0 | 0 | 0 | 0 | 27003750 | 27003750 | 0 | 0 | 0 | 27003750 | 0 | 0 | 0 | 0
2026-07-06 12:47:58,SHEETS,REMOVED,Luxury Tax Calculator  - REMOVED 5th Incremental Tax Bracket | 0 | 0 | 0 | 0 | 0 | 0 | 0 | 5522491.75 | 0 | 0 | 0 | 0 | 0 | 0 | 0 | 0 | 0 | 0 | 0 | 0 | 29846250 | 29846250 | 0 | 0 | 0 | 20128825.5 | 0 | 0 | 0 | 0
2026-07-06 12:47:58,SHEETS,REMOVED,Luxury Tax Calculator  - REMOVED 6th Incremental Tax Bracket | 0 | 0 | 0 | 0 | 0 | 0 | 0 | 0 | 0 | 0 | 0 | 0 | 0 | 0 | 0 | 0 | 0 | 0 | 0 | 0 | 32688750 | 8885590.23 | 0 | 0 | 0 | 0 | 0 | 0 | 0 | 0
2026-07-06 12:47:58,SHEETS,REMOVED,Luxury Tax Calculator  - REMOVED 7th Incremental Tax Bracket | 0 | 0 | 0 | 0 | 0 | 0 | 0 | 0 | 0 | 0 | 0 | 0 | 0 | 0 | 0 | 0 | 0 | 0 | 0 | 0 | 13747562.5 | 0 | 0 | 0 | 0 | 0 | 0 | 0 | 0 | 0
2026-07-06 12:47:58,SHEETS,REMOVED,Luxury Tax Calculator  - REMOVED 8th Incremental Tax Bracket | 0 | 0 | 0 | 0 | 0 | 0 | 0 | 0 | 0 | 0 | 0 | 0 | 0 | 0 | 0 | 0 | 0 | 0 | 0 | 0 | 0 | 0 | 0 | 0 | 0 | 0 | 0 | 0 | 0 | 0
2026-07-06 12:47:58,SHEETS,REMOVED,Luxury Tax Calculator  - REMOVED 9th Incremental Tax Bracket | 0 | 0 | 0 | 0 | 0 | 0 | 0 | 0 | 0 | 0 | 0 | 0 | 0 | 0 | 0 | 0 | 0 | 0 | 0 | 0 | 0 | 0 | 0 | 0 | 0 | 0 | 0 | 0 | 0 | 0
2026-07-06 12:47:58,SHEETS,REMOVED,Luxury Tax Calculator  - REMOVED Tax Liability | 0 | 0 | 0 | 0 | 0 | 0 | 0 | 110694991.8 | 0 | 0 | 0 | 11962322 | 0 | 0 | 0 | 4179835 | 0 | 2536082 | 435790.92 | 18725948 | 135975062.5 | 98424340.23 | 0 | 2106829.571 | 6968912.843 | 79821325.5 | 0 | 6476517.675 | 0 | 0
2026-07-06 12:47:58,SHEETS,ADDED,Luxury Tax Calculator  + ADDED  Luxury Tax | 0 | 0 | 0 | 0 | 0 | 0 | 0 | 23501723 | 0 | 0 | 0 | 10706857.6 | 0 | 0 | 0 | 4179835 | 0 | 2536082 | 435790.92 | 13065628 | 36309610 | 29970320.04 | 52769736.3 | 702276.5238 | 6712130.274 | 26574062 | 0 | 6318214.14 | 0 | 0
2026-07-06 12:47:58,SHEETS,ADDED,Luxury Tax Calculator  + ADDED  1st Incremental Tax Bracket | 0 | 0 | 0 | 0 | 0 | 0 | 0 | 17055000 | 0 | 0 | 0 | 5685000 | 0 | 0 | 0 | 4179835 | 0 | 2536082 | 435790.92 | 5685000 | 5685000 | 5685000 | 5685000 | 2106829.571 | 5685000 | 5685000 | 0 | 5685000 | 0 | 0
2026-07-06 12:47:58,SHEETS,ADDED,Luxury Tax Calculator  + ADDED  2nd Incremental Tax Bracket | 0 | 0 | 0 | 0 | 0 | 0 | 0 | 18476250 | 0 | 0 | 0 | 6277322 | 0 | 0 | 0 | 0 | 0 | 0 | 0 | 7106250 | 7106250 | 7106250 | 7106250 | 0 | 1283912.843 | 7106250 | 0 | 791517.675 | 0 | 0
2026-07-06 12:47:58,SHEETS,ADDED,Luxury Tax Calculator  + ADDED  3rd Incremental Tax Bracket | 0 | 0 | 0 | 0 | 0 | 0 | 0 | 31267500 | 0 | 0 | 0 | 0 | 0 | 0 | 0 | 0 | 0 | 0 | 0 | 5934698 | 19897500 | 19897500 | 19897500 | 0 | 0 | 19897500 | 0 | 0 | 0 | 0
2026-07-06 12:47:58,SHEETS,ADDED,Luxury Tax Calculator  + ADDED  4th Incremental Tax Bracket | 0 | 0 | 0 | 0 | 0 | 0 | 0 | 38373750 | 0 | 0 | 0 | 0 | 0 | 0 | 0 | 0 | 0 | 0 | 0 | 0 | 27003750 | 27003750 | 27003750 | 0 | 0 | 27003750 | 0 | 0 | 0 | 0
2026-07-06 12:47:58,SHEETS,ADDED,Luxury Tax Calculator  + ADDED  5th Incremental Tax Bracket | 0 | 0 | 0 | 0 | 0 | 0 | 0 | 5522491.75 | 0 | 0 | 0 | 0 | 0 | 0 | 0 | 0 | 0 | 0 | 0 | 0 | 29846250 | 29846250 | 29846250 | 0 | 0 | 20128825.5 | 0 | 0 | 0 | 0
2026-07-06 12:47:58,SHEETS,ADDED,Luxury Tax Calculator  + ADDED  6th Incremental Tax Bracket | 0 | 0 | 0 | 0 | 0 | 0 | 0 | 0 | 0 | 0 | 0 | 0 | 0 | 0 | 0 | 0 | 0 | 0 | 0 | 0 | 32688750 | 8885590.23 | 32688750 | 0 | 0 | 0 | 0 | 0 | 0 | 0
2026-07-06 12:47:58,SHEETS,ADDED,Luxury Tax Calculator  + ADDED  7th Incremental Tax Bracket | 0 | 0 | 0 | 0 | 0 | 0 | 0 | 0 | 0 | 0 | 0 | 0 | 0 | 0 | 0 | 0 | 0 | 0 | 0 | 0 | 13747562.5 | 0 | 35531250 | 0 | 0 | 0 | 0 | 0 | 0 | 0
2026-07-06 12:47:58,SHEETS,ADDED,Luxury Tax Calculator  + ADDED  8th Incremental Tax Bracket | 0 | 0 | 0 | 0 | 0 | 0 | 0 | 0 | 0 | 0 | 0 | 0 | 0 | 0 | 0 | 0 | 0 | 0 | 0 | 0 | 0 | 0 | 38373750 | 0 | 0 | 0 | 0 | 0 | 0 | 0
2026-07-06 12:47:58,SHEETS,ADDED,Luxury Tax Calculator  + ADDED  9th Incremental Tax Bracket | 0 | 0 | 0 | 0 | 0 | 0 | 0 | 0 | 0 | 0 | 0 | 0 | 0 | 0 | 0 | 0 | 0 | 0 | 0 | 0 | 0 | 0 | 41216250 | 0 | 0 | 0 | 0 | 0 | 0 | 0
2026-07-06 12:47:58,SHEETS,ADDED,Luxury Tax Calculator  + ADDED  Tax Liability | 0 | 0 | 0 | 0 | 0 | 0 | 0 | 110694991.8 | 0 | 0 | 0 | 11962322 | 0 | 0 | 0 | 4179835 | 0 | 2536082 | 435790.92 | 18725948 | 135975062.5 | 98424340.23 | 237348750 | 2106829.571 | 6968912.843 | 79821325.5 | 0 | 6476517.675 | 0 | 0
2026-07-06 12:46:59,SHEETS,REMOVED,"MIA  - REMOVED Adebayo, Bam | 1 - FULL SEASON | 49488300.0 | 53447364.0 | 57406428.0 |  |  |  | 160342092"
2026-07-06 12:46:59,SHEETS,ADDED,"MIA  + ADDED  Antetokounmpo, Giannis | 1 - FULL SEASON | 58456566.0 | 62786682.0 |  |  |  |  | 121243248"
2026-07-06 12:46:59,SHEETS,ADDED,"MIA  + ADDED  Portis, Bobby | 1 - FULL SEASON | 14521414.0 | 15597074.0 |  |  |  |  | 30118488"
2026-07-06 12:46:59,SHEETS,REMOVED,"MIA  - REMOVED Jaquez, Jaime | 1 - FULL SEASON | 5939140.8 |  |  |  |  |  | 5939140.8"
2026-07-06 12:46:59,SHEETS,REMOVED,"MIA  - REMOVED Ware, Kel'el | 1 - FULL SEASON | 4654920.0 | 7135992.359999999 |  |  |  |  | 11790912.36"
2026-07-06 12:46:59,SHEETS,REMOVED,"MIA  - REMOVED Jakucionis, Kasparas | 1 - FULL SEASON | 3841680.0 | 4024440.0 | 6205686.0 |  |  |  | 14071806"
2026-07-06 12:46:59,SHEETS,REMOVED,"MIA  - REMOVED Antetokounmpo, Giannis | 1 - FULL SEASON | 58456566.0 | 62786682.0 |  |  |  |  | 121243248"
2026-07-06 12:46:59,SHEETS,REMOVED,MIA  - REMOVED  |  |  |  |  |  |  |  | 0
2026-07-06 12:46:59,SHEETS,REMOVED,"MIA  - REMOVED Portis, Bobby | 1 - FULL SEASON | 14521414.0 | 15597074.0 |  |  |  |  | 30118488"
2026-07-06 12:46:59,SHEETS,REMOVED,"MIA  - REMOVED TEAM SALARY (Art, I §1 (nnn)): |  | 303604654.8 | 219097929.4 | 138808905 | 16200000 | 0 | 0 | 677711489.2"
2026-07-06 12:46:59,SHEETS,ADDED,MIA  + ADDED   |  |  |  |  |  |  |  | 0
2026-07-06 12:46:59,SHEETS,ADDED,MIA  + ADDED   |  |  |  |  |  |  |  | 0
2026-07-06 12:46:59,SHEETS,ADDED,MIA  + ADDED   |  |  |  |  |  |  |  | 0
2026-07-06 12:46:59,SHEETS,ADDED,MIA  + ADDED   |  |  |  |  |  |  |  | 0
2026-07-06 12:46:59,SHEETS,ADDED,MIA  + ADDED   |  |  |  |  |  |  |  | 0
2026-07-06 12:46:59,SHEETS,ADDED,"MIA  + ADDED  TEAM SALARY (Art, I §1 (nnn)): |  | 239680614 | 154490133 | 75196791 | 16200000 | 0 | 0 | 485567538"
2026-07-06 12:46:59,SHEETS,REMOVED,MIA  - REMOVED Players Under Contract |  | 255998875.8 | 219097929.4 | 138808905 | 16200000 | 0 | 0 | BOLD = Option Year
2026-07-06 12:46:59,SHEETS,REMOVED,"MIA  - REMOVED Full Season Contracts |  | 255998875.8 | 219097929.4 | 138808905 | 16200000 | 0 | 0 | *=Projected Exten,,"
2026-07-06 12:46:59,SHEETS,ADDED,MIA  + ADDED  Players Under Contract |  | 192074835 | 154490133 | 75196791 | 16200000 | 0 | 0 | BOLD = Option Year
2026-07-06 12:46:59,SHEETS,ADDED,"MIA  + ADDED  Full Season Contracts |  | 192074835 | 154490133 | 75196791 | 16200000 | 0 | 0 | *=Projected Exten,,"
2026-07-06 12:46:59,SHEETS,REMOVED,"MIA  - REMOVED Avg, Salary (Mean) (ALL Compensation Obligations) |  |  | Players Under Contract |  | 15"
2026-07-06 12:46:59,SHEETS,REMOVED,"MIA  - REMOVED Avg, Salary (Mean) (No 10-Day K's) |  |  | Avaiable Spots |  | 0"
2026-07-06 12:46:59,SHEETS,REMOVED,"MIA  - REMOVED Avg, Salary (Mean) (No 10-Day K's & ROS) |  |  | Players to Reach Roster Min, |  | 0"
2026-07-06 12:46:59,SHEETS,ADDED,"MIA  + ADDED  Avg, Salary (Mean) (ALL Compensation Obligations) |  |  | Players Under Contract |  | 11"
2026-07-06 12:46:59,SHEETS,ADDED,"MIA  + ADDED  Avg, Salary (Mean) (No 10-Day K's) |  |  | Avaiable Spots |  | 4"
2026-07-06 12:46:59,SHEETS,ADDED,"MIA  + ADDED  Avg, Salary (Mean) (No 10-Day K's & ROS) |  |  | Players to Reach Roster Min, |  | 2"
2026-07-06 12:46:59,SHEETS,REMOVED,Luxury Tax Calculator  - REMOVED Luxury Tax | 0 | 0 | 0 | 0 | 0 | 0 | 0 | 23501723 | 0 | 0 | 0 | 10706857.6 | 0 | 0 | 0 | 68103875.8 | 0 | 2536082 | 435790.92 | 13065628 | 36309610 | 29970320.04 | 0 | 702276.5238 | 6712130.274 | 26574062 | 0 | 6318214.14 | 0 | 0
2026-07-06 12:46:59,SHEETS,REMOVED,Luxury Tax Calculator  - REMOVED 1st Incremental Tax Bracket | 0 | 0 | 0 | 0 | 0 | 0 | 0 | 17055000 | 0 | 0 | 0 | 5685000 | 0 | 0 | 0 | 5685000 | 0 | 2536082 | 435790.92 | 5685000 | 5685000 | 5685000 | 0 | 2106829.571 | 5685000 | 5685000 | 0 | 5685000 | 0 | 0
2026-07-06 12:46:59,SHEETS,REMOVED,Luxury Tax Calculator  - REMOVED 2nd Incremental Tax Bracket | 0 | 0 | 0 | 0 | 0 | 0 | 0 | 18476250 | 0 | 0 | 0 | 6277322 | 0 | 0 | 0 | 7106250 | 0 | 0 | 0 | 7106250 | 7106250 | 7106250 | 0 | 0 | 1283912.843 | 7106250 | 0 | 791517.675 | 0 | 0
2026-07-06 12:46:59,SHEETS,REMOVED,Luxury Tax Calculator  - REMOVED 3rd Incremental Tax Bracket | 0 | 0 | 0 | 0 | 0 | 0 | 0 | 31267500 | 0 | 0 | 0 | 0 | 0 | 0 | 0 | 19897500 | 0 | 0 | 0 | 5934698 | 19897500 | 19897500 | 0 | 0 | 0 | 19897500 | 0 | 0 | 0 | 0
2026-07-06 12:46:59,SHEETS,REMOVED,Luxury Tax Calculator  - REMOVED 4th Incremental Tax Bracket | 0 | 0 | 0 | 0 | 0 | 0 | 0 | 38373750 | 0 | 0 | 0 | 0 | 0 | 0 | 0 | 27003750 | 0 | 0 | 0 | 0 | 27003750 | 27003750 | 0 | 0 | 0 | 27003750 | 0 | 0 | 0 | 0
2026-07-06 12:46:59,SHEETS,REMOVED,Luxury Tax Calculator  - REMOVED 5th Incremental Tax Bracket | 0 | 0 | 0 | 0 | 0 | 0 | 0 | 5522491.75 | 0 | 0 | 0 | 0 | 0 | 0 | 0 | 29846250 | 0 | 0 | 0 | 0 | 29846250 | 29846250 | 0 | 0 | 0 | 20128825.5 | 0 | 0 | 0 | 0
2026-07-06 12:46:59,SHEETS,REMOVED,Luxury Tax Calculator  - REMOVED 6th Incremental Tax Bracket | 0 | 0 | 0 | 0 | 0 | 0 | 0 | 0 | 0 | 0 | 0 | 0 | 0 | 0 | 0 | 32688750 | 0 | 0 | 0 | 0 | 32688750 | 8885590.23 | 0 | 0 | 0 | 0 | 0 | 0 | 0 | 0
2026-07-06 12:46:59,SHEETS,REMOVED,Luxury Tax Calculator  - REMOVED 7th Incremental Tax Bracket | 0 | 0 | 0 | 0 | 0 | 0 | 0 | 0 | 0 | 0 | 0 | 0 | 0 | 0 | 0 | 35531250 | 0 | 0 | 0 | 0 | 13747562.5 | 0 | 0 | 0 | 0 | 0 | 0 | 0 | 0 | 0
2026-07-06 12:46:59,SHEETS,REMOVED,Luxury Tax Calculator  - REMOVED 8th Incremental Tax Bracket | 0 | 0 | 0 | 0 | 0 | 0 | 0 | 0 | 0 | 0 | 0 | 0 | 0 | 0 | 0 | 38373750 | 0 | 0 | 0 | 0 | 0 | 0 | 0 | 0 | 0 | 0 | 0 | 0 | 0 | 0
2026-07-06 12:46:59,SHEETS,REMOVED,Luxury Tax Calculator  - REMOVED 9th Incremental Tax Bracket | 0 | 0 | 0 | 0 | 0 | 0 | 0 | 0 | 0 | 0 | 0 | 0 | 0 | 0 | 0 | 41216250 | 0 | 0 | 0 | 0 | 0 | 0 | 0 | 0 | 0 | 0 | 0 | 0 | 0 | 0
2026-07-06 12:46:59,SHEETS,REMOVED,Luxury Tax Calculator  - REMOVED Tax Liability | 0 | 0 | 0 | 0 | 0 | 0 | 0 | 110694991.8 | 0 | 0 | 0 | 11962322 | 0 | 0 | 0 | 237348750 | 0 | 2536082 | 435790.92 | 18725948 | 135975062.5 | 98424340.23 | 0 | 2106829.571 | 6968912.843 | 79821325.5 | 0 | 6476517.675 | 0 | 0
2026-07-06 12:46:59,SHEETS,ADDED,Luxury Tax Calculator  + ADDED  Luxury Tax | 0 | 0 | 0 | 0 | 0 | 0 | 0 | 23501723 | 0 | 0 | 0 | 10706857.6 | 0 | 0 | 0 | 4179835 | 0 | 2536082 | 435790.92 | 13065628 | 36309610 | 29970320.04 | 0 | 702276.5238 | 6712130.274 | 26574062 | 0 | 6318214.14 | 0 | 0
2026-07-06 12:46:59,SHEETS,ADDED,Luxury Tax Calculator  + ADDED  1st Incremental Tax Bracket | 0 | 0 | 0 | 0 | 0 | 0 | 0 | 17055000 | 0 | 0 | 0 | 5685000 | 0 | 0 | 0 | 4179835 | 0 | 2536082 | 435790.92 | 5685000 | 5685000 | 5685000 | 0 | 2106829.571 | 5685000 | 5685000 | 0 | 5685000 | 0 | 0
2026-07-06 12:46:59,SHEETS,ADDED,Luxury Tax Calculator  + ADDED  2nd Incremental Tax Bracket | 0 | 0 | 0 | 0 | 0 | 0 | 0 | 18476250 | 0 | 0 | 0 | 6277322 | 0 | 0 | 0 | 0 | 0 | 0 | 0 | 7106250 | 7106250 | 7106250 | 0 | 0 | 1283912.843 | 7106250 | 0 | 791517.675 | 0 | 0
2026-07-06 12:46:59,SHEETS,ADDED,Luxury Tax Calculator  + ADDED  3rd Incremental Tax Bracket | 0 | 0 | 0 | 0 | 0 | 0 | 0 | 31267500 | 0 | 0 | 0 | 0 | 0 | 0 | 0 | 0 | 0 | 0 | 0 | 5934698 | 19897500 | 19897500 | 0 | 0 | 0 | 19897500 | 0 | 0 | 0 | 0
2026-07-06 12:46:59,SHEETS,ADDED,Luxury Tax Calculator  + ADDED  4th Incremental Tax Bracket | 0 | 0 | 0 | 0 | 0 | 0 | 0 | 38373750 | 0 | 0 | 0 | 0 | 0 | 0 | 0 | 0 | 0 | 0 | 0 | 0 | 27003750 | 27003750 | 0 | 0 | 0 | 27003750 | 0 | 0 | 0 | 0
2026-07-06 12:46:59,SHEETS,ADDED,Luxury Tax Calculator  + ADDED  5th Incremental Tax Bracket | 0 | 0 | 0 | 0 | 0 | 0 | 0 | 5522491.75 | 0 | 0 | 0 | 0 | 0 | 0 | 0 | 0 | 0 | 0 | 0 | 0 | 29846250 | 29846250 | 0 | 0 | 0 | 20128825.5 | 0 | 0 | 0 | 0
2026-07-06 12:46:59,SHEETS,ADDED,Luxury Tax Calculator  + ADDED  6th Incremental Tax Bracket | 0 | 0 | 0 | 0 | 0 | 0 | 0 | 0 | 0 | 0 | 0 | 0 | 0 | 0 | 0 | 0 | 0 | 0 | 0 | 0 | 32688750 | 8885590.23 | 0 | 0 | 0 | 0 | 0 | 0 | 0 | 0
2026-07-06 12:46:59,SHEETS,ADDED,Luxury Tax Calculator  + ADDED  7th Incremental Tax Bracket | 0 | 0 | 0 | 0 | 0 | 0 | 0 | 0 | 0 | 0 | 0 | 0 | 0 | 0 | 0 | 0 | 0 | 0 | 0 | 0 | 13747562.5 | 0 | 0 | 0 | 0 | 0 | 0 | 0 | 0 | 0
2026-07-06 12:46:59,SHEETS,ADDED,Luxury Tax Calculator  + ADDED  8th Incremental Tax Bracket | 0 | 0 | 0 | 0 | 0 | 0 | 0 | 0 | 0 | 0 | 0 | 0 | 0 | 0 | 0 | 0 | 0 | 0 | 0 | 0 | 0 | 0 | 0 | 0 | 0 | 0 | 0 | 0 | 0 | 0
2026-07-06 12:46:59,SHEETS,ADDED,Luxury Tax Calculator  + ADDED  9th Incremental Tax Bracket | 0 | 0 | 0 | 0 | 0 | 0 | 0 | 0 | 0 | 0 | 0 | 0 | 0 | 0 | 0 | 0 | 0 | 0 | 0 | 0 | 0 | 0 | 0 | 0 | 0 | 0 | 0 | 0 | 0 | 0
2026-07-06 12:46:59,SHEETS,ADDED,Luxury Tax Calculator  + ADDED  Tax Liability | 0 | 0 | 0 | 0 | 0 | 0 | 0 | 110694991.8 | 0 | 0 | 0 | 11962322 | 0 | 0 | 0 | 4179835 | 0 | 2536082 | 435790.92 | 18725948 | 135975062.5 | 98424340.23 | 0 | 2106829.571 | 6968912.843 | 79821325.5 | 0 | 6476517.675 | 0 | 0
2026-07-06 12:45:59,SHEETS,REMOVED,"MIA  - REMOVED Herro, Tyler | 1 - FULL SEASON | 33000000.0 |  |  |  |  |  | 33000000"
2026-07-06 12:45:59,SHEETS,ADDED,"MIA  + ADDED  Adebayo, Bam | 1 - FULL SEASON | 49488300.0 | 53447364.0 | 57406428.0 |  |  |  | 160342092"
2026-07-06 12:45:59,SHEETS,REMOVED,"MIA  - REMOVED TEAM SALARY (Art, I §1 (nnn)): |  | 287116354.8 | 165650565.4 | 81402477 | 16200000 | 0 | 0 | 550369397.2"
2026-07-06 12:45:59,SHEETS,ADDED,"MIA  + ADDED  TEAM SALARY (Art, I §1 (nnn)): |  | 303604654.8 | 219097929.4 | 138808905 | 16200000 | 0 | 0 | 677711489.2"
2026-07-06 12:45:59,SHEETS,REMOVED,MIA  - REMOVED Players Under Contract |  | 239510575.8 | 165650565.4 | 81402477 | 16200000 | 0 | 0 | BOLD = Option Year
2026-07-06 12:45:59,SHEETS,REMOVED,"MIA  - REMOVED Full Season Contracts |  | 239510575.8 | 165650565.4 | 81402477 | 16200000 | 0 | 0 | *=Projected Exten,,"
2026-07-06 12:45:59,SHEETS,ADDED,MIA  + ADDED  Players Under Contract |  | 255998875.8 | 219097929.4 | 138808905 | 16200000 | 0 | 0 | BOLD = Option Year
2026-07-06 12:45:59,SHEETS,ADDED,"MIA  + ADDED  Full Season Contracts |  | 255998875.8 | 219097929.4 | 138808905 | 16200000 | 0 | 0 | *=Projected Exten,,"
2026-07-06 12:45:59,SHEETS,REMOVED,Luxury Tax Calculator  - REMOVED Luxury Tax | 0 | 0 | 0 | 0 | 0 | 0 | 0 | 23501723 | 0 | 0 | 0 | 10706857.6 | 0 | 0 | 0 | 51615575.8 | 0 | 2536082 | 435790.92 | 13065628 | 36309610 | 29970320.04 | 0 | 702276.5238 | 6712130.274 | 26574062 | 0 | 6318214.14 | 0 | 0
2026-07-06 12:45:59,SHEETS,ADDED,Luxury Tax Calculator  + ADDED  Luxury Tax | 0 | 0 | 0 | 0 | 0 | 0 | 0 | 23501723 | 0 | 0 | 0 | 10706857.6 | 0 | 0 | 0 | 68103875.8 | 0 | 2536082 | 435790.92 | 13065628 | 36309610 | 29970320.04 | 0 | 702276.5238 | 6712130.274 | 26574062 | 0 | 6318214.14 | 0 | 0
2026-07-06 12:44:58,SHEETS,ADDED,"MIL  + ADDED  Jaquez, Jaime | 1 - FULL SEASON | 5939140.8 |  |  |  |  |  | 5939140.8"
2026-07-06 12:44:58,SHEETS,ADDED,"MIL  + ADDED  Ware, Kel'el | 1 - FULL SEASON | 4654920.0 | 7135992.359999999 |  |  |  |  | 11790912.36"
2026-07-06 12:44:58,SHEETS,ADDED,"MIL  + ADDED  Jakucionis, Kasparas | 1 - FULL SEASON | 3841680.0 | 4024440.0 | 6205686.0 |  |  |  | 14071806"
2026-07-06 12:44:58,SHEETS,REMOVED,"MIL  - REMOVED Jaquez, Jaime | 1 - FULL SEASON | 5939140.8 |  |  |  |  |  | 5939140.8"
2026-07-06 12:44:58,SHEETS,REMOVED,"MIL  - REMOVED Ware, Kel'el | 1 - FULL SEASON | 4654920.0 | 7135992.359999999 |  |  |  |  | 11790912.36"
2026-07-06 12:44:58,SHEETS,REMOVED,"MIL  - REMOVED Jakucionis, Kasparas | 1 - FULL SEASON | 3841680.0 | 4024440.0 | 6205686.0 |  |  |  | 14071806"
2026-07-06 12:43:57,SHEETS,ADDED,"MIA  + ADDED  Antetokounmpo, Giannis | 1 - FULL SEASON | 58456566.0 | 62786682.0 |  |  |  |  | 121243248"
2026-07-06 12:43:57,SHEETS,ADDED,MIA  + ADDED   |  |  |  |  |  |  |  | 0
2026-07-06 12:43:57,SHEETS,ADDED,"MIA  + ADDED  Portis, Bobby | 1 - FULL SEASON | 14521414.0 | 15597074.0 |  |  |  |  | 30118488"
2026-07-06 12:43:57,SHEETS,REMOVED,MIA  - REMOVED  |  |  |  |  |  |  |  | 0
2026-07-06 12:43:57,SHEETS,REMOVED,MIA  - REMOVED  |  |  |  |  |  |  |  | 0
2026-07-06 12:43:57,SHEETS,REMOVED,MIA  - REMOVED  |  |  |  |  |  |  |  | 0
2026-07-06 12:43:57,SHEETS,REMOVED,"MIA  - REMOVED TEAM SALARY (Art, I §1 (nnn)): |  | 214138374.8 | 87266809.36 | 81402477 | 16200000 | 0 | 0 | 399007661.2"
2026-07-06 12:43:57,SHEETS,ADDED,"MIA  + ADDED  TEAM SALARY (Art, I §1 (nnn)): |  | 287116354.8 | 165650565.4 | 81402477 | 16200000 | 0 | 0 | 550369397.2"
2026-07-06 12:43:57,SHEETS,REMOVED,MIA  - REMOVED Players Under Contract |  | 166532595.8 | 87266809.36 | 81402477 | 16200000 | 0 | 0 | BOLD = Option Year
2026-07-06 12:43:57,SHEETS,REMOVED,"MIA  - REMOVED Full Season Contracts |  | 166532595.8 | 87266809.36 | 81402477 | 16200000 | 0 | 0 | *=Projected Exten,,"
2026-07-06 12:43:57,SHEETS,ADDED,MIA  + ADDED  Players Under Contract |  | 239510575.8 | 165650565.4 | 81402477 | 16200000 | 0 | 0 | BOLD = Option Year
2026-07-06 12:43:57,SHEETS,ADDED,"MIA  + ADDED  Full Season Contracts |  | 239510575.8 | 165650565.4 | 81402477 | 16200000 | 0 | 0 | *=Projected Exten,,"
2026-07-06 12:43:57,SHEETS,REMOVED,"MIA  - REMOVED Avg, Salary (Mean) (ALL Compensation Obligations) |  |  | Players Under Contract |  | 13"
2026-07-06 12:43:57,SHEETS,REMOVED,"MIA  - REMOVED Avg, Salary (Mean) (No 10-Day K's) |  |  | Avaiable Spots |  | 2"
2026-07-06 12:43:57,SHEETS,ADDED,"MIA  + ADDED  Avg, Salary (Mean) (ALL Compensation Obligations) |  |  | Players Under Contract |  | 15"
2026-07-06 12:43:57,SHEETS,ADDED,"MIA  + ADDED  Avg, Salary (Mean) (No 10-Day K's) |  |  | Avaiable Spots |  | 0"
2026-07-06 12:43:57,SHEETS,REMOVED,"MIL  - REMOVED Antetokounmpo, Giannis | 1 - FULL SEASON | 58456566.0 | 62786682.0 |  |  |  |  | 121243248"
2026-07-06 12:43:57,SHEETS,ADDED,"MIL  + ADDED  Herro, Tyler | 1 - FULL SEASON | 33000000.0 |  |  |  |  |  | 33000000"
2026-07-06 12:43:57,SHEETS,REMOVED,"MIL  - REMOVED Portis, Bobby | 1 - FULL SEASON | 14521414.0 | 15597074.0 |  |  |  |  | 30118488"
2026-07-06 12:43:57,SHEETS,REMOVED,"MIL  - REMOVED Herro, Tyler | 1 - FULL SEASON | 33000000.0 |  |  |  |  |  | 33000000"
2026-07-06 12:43:57,SHEETS,ADDED,MIL  + ADDED   |  |  |  |  |  |  |  | 0
2026-07-06 12:43:57,SHEETS,ADDED,MIL  + ADDED   |  |  |  |  |  |  |  | 0
2026-07-06 12:43:57,SHEETS,REMOVED,"MIL  - REMOVED TEAM SALARY (Art, I §1 (nnn)): |  | 261177750.5 | 170235400.2 | 85295148.2 | 55538317 | 0 | 0 | 572246615.9"
2026-07-06 12:43:57,SHEETS,ADDED,"MIL  + ADDED  TEAM SALARY (Art, I §1 (nnn)): |  | 188199770.5 | 91851644.23 | 85295148.2 | 55538317 | 0 | 0 | 420884879.9"
2026-07-06 12:43:57,SHEETS,REMOVED,MIL  - REMOVED Players Under Contract |  | 205131571.4 | 141274850.4 | 56726345 | 24373120 | 0 | 0 | BOLD = Option Year
2026-07-06 12:43:57,SHEETS,REMOVED,"MIL  - REMOVED Full Season Contracts |  | 205131571.4 | 141274850.4 | 56726345 | 24373120 | 0 | 0 | *=Projected Exten,,"
2026-07-06 12:43:57,SHEETS,ADDED,MIL  + ADDED  Players Under Contract |  | 132153591.4 | 62891094.36 | 56726345 | 24373120 | 0 | 0 | BOLD = Option Year
2026-07-06 12:43:57,SHEETS,ADDED,"MIL  + ADDED  Full Season Contracts |  | 132153591.4 | 62891094.36 | 56726345 | 24373120 | 0 | 0 | *=Projected Exten,,"
2026-07-06 12:43:57,SHEETS,REMOVED,"MIL  - REMOVED Avg, Salary (Mean) (ALL Compensation Obligations) |  |  | Players Under Contract |  | 16"
2026-07-06 12:43:57,SHEETS,REMOVED,"MIL  - REMOVED Avg, Salary (Mean) (No 10-Day K's) |  |  | Avaiable Spots |  | 0"
2026-07-06 12:43:57,SHEETS,ADDED,"MIL  + ADDED  Avg, Salary (Mean) (ALL Compensation Obligations) |  |  | Players Under Contract |  | 14"
2026-07-06 12:43:57,SHEETS,ADDED,"MIL  + ADDED  Avg, Salary (Mean) (No 10-Day K's) |  |  | Avaiable Spots |  | 1"
2026-07-06 12:43:57,SHEETS,REMOVED,Luxury Tax Calculator  - REMOVED Luxury Tax | 0 | 0 | 0 | 0 | 0 | 0 | 0 | 23501723 | 0 | 0 | 0 | 10706857.6 | 0 | 0 | 0 | 0 | 40419841.22 | 2536082 | 435790.92 | 13065628 | 36309610 | 29970320.04 | 0 | 702276.5238 | 6712130.274 | 26574062 | 0 | 6318214.14 | 0 | 0
2026-07-06 12:43:57,SHEETS,REMOVED,Luxury Tax Calculator  - REMOVED 1st Incremental Tax Bracket | 0 | 0 | 0 | 0 | 0 | 0 | 0 | 17055000 | 0 | 0 | 0 | 5685000 | 0 | 0 | 0 | 0 | 17055000 | 2536082 | 435790.92 | 5685000 | 5685000 | 5685000 | 0 | 2106829.571 | 5685000 | 5685000 | 0 | 5685000 | 0 | 0
2026-07-06 12:43:57,SHEETS,REMOVED,Luxury Tax Calculator  - REMOVED 2nd Incremental Tax Bracket | 0 | 0 | 0 | 0 | 0 | 0 | 0 | 18476250 | 0 | 0 | 0 | 6277322 | 0 | 0 | 0 | 0 | 18476250 | 0 | 0 | 7106250 | 7106250 | 7106250 | 0 | 0 | 1283912.843 | 7106250 | 0 | 791517.675 | 0 | 0
2026-07-06 12:43:57,SHEETS,REMOVED,Luxury Tax Calculator  - REMOVED 3rd Incremental Tax Bracket | 0 | 0 | 0 | 0 | 0 | 0 | 0 | 31267500 | 0 | 0 | 0 | 0 | 0 | 0 | 0 | 0 | 31267500 | 0 | 0 | 5934698 | 19897500 | 19897500 | 0 | 0 | 0 | 19897500 | 0 | 0 | 0 | 0
2026-07-06 12:43:57,SHEETS,REMOVED,Luxury Tax Calculator  - REMOVED 4th Incremental Tax Bracket | 0 | 0 | 0 | 0 | 0 | 0 | 0 | 38373750 | 0 | 0 | 0 | 0 | 0 | 0 | 0 | 0 | 38373750 | 0 | 0 | 0 | 27003750 | 27003750 | 0 | 0 | 0 | 27003750 | 0 | 0 | 0 | 0
2026-07-06 12:43:57,SHEETS,REMOVED,Luxury Tax Calculator  - REMOVED 5th Incremental Tax Bracket | 0 | 0 | 0 | 0 | 0 | 0 | 0 | 5522491.75 | 0 | 0 | 0 | 0 | 0 | 0 | 0 | 0 | 41216250 | 0 | 0 | 0 | 29846250 | 29846250 | 0 | 0 | 0 | 20128825.5 | 0 | 0 | 0 | 0
2026-07-06 12:43:57,SHEETS,REMOVED,Luxury Tax Calculator  - REMOVED 6th Incremental Tax Bracket | 0 | 0 | 0 | 0 | 0 | 0 | 0 | 0 | 0 | 0 | 0 | 0 | 0 | 0 | 0 | 0 | 44058750 | 0 | 0 | 0 | 32688750 | 8885590.23 | 0 | 0 | 0 | 0 | 0 | 0 | 0 | 0
2026-07-06 12:43:57,SHEETS,REMOVED,Luxury Tax Calculator  - REMOVED 7th Incremental Tax Bracket | 0 | 0 | 0 | 0 | 0 | 0 | 0 | 0 | 0 | 0 | 0 | 0 | 0 | 0 | 0 | 0 | 46901250 | 0 | 0 | 0 | 13747562.5 | 0 | 0 | 0 | 0 | 0 | 0 | 0 | 0 | 0
2026-07-06 12:43:57,SHEETS,REMOVED,Luxury Tax Calculator  - REMOVED 8th Incremental Tax Bracket | 0 | 0 | 0 | 0 | 0 | 0 | 0 | 0 | 0 | 0 | 0 | 0 | 0 | 0 | 0 | 0 | 5467360.646 | 0 | 0 | 0 | 0 | 0 | 0 | 0 | 0 | 0 | 0 | 0 | 0 | 0
2026-07-06 12:43:57,SHEETS,REMOVED,Luxury Tax Calculator  - REMOVED 9th Incremental Tax Bracket | 0 | 0 | 0 | 0 | 0 | 0 | 0 | 0 | 0 | 0 | 0 | 0 | 0 | 0 | 0 | 0 | 0 | 0 | 0 | 0 | 0 | 0 | 0 | 0 | 0 | 0 | 0 | 0 | 0 | 0
2026-07-06 12:43:57,SHEETS,REMOVED,Luxury Tax Calculator  - REMOVED Tax Liability | 0 | 0 | 0 | 0 | 0 | 0 | 0 | 110694991.8 | 0 | 0 | 0 | 11962322 | 0 | 0 | 0 | 0 | 242816110.6 | 2536082 | 435790.92 | 18725948 | 135975062.5 | 98424340.23 | 0 | 2106829.571 | 6968912.843 | 79821325.5 | 0 | 6476517.675 | 0 | 0
2026-07-06 12:43:57,SHEETS,ADDED,Luxury Tax Calculator  + ADDED  Luxury Tax | 0 | 0 | 0 | 0 | 0 | 0 | 0 | 23501723 | 0 | 0 | 0 | 10706857.6 | 0 | 0 | 0 | 51615575.8 | 0 | 2536082 | 435790.92 | 13065628 | 36309610 | 29970320.04 | 0 | 702276.5238 | 6712130.274 | 26574062 | 0 | 6318214.14 | 0 | 0
2026-07-06 12:43:57,SHEETS,ADDED,Luxury Tax Calculator  + ADDED  1st Incremental Tax Bracket | 0 | 0 | 0 | 0 | 0 | 0 | 0 | 17055000 | 0 | 0 | 0 | 5685000 | 0 | 0 | 0 | 5685000 | 0 | 2536082 | 435790.92 | 5685000 | 5685000 | 5685000 | 0 | 2106829.571 | 5685000 | 5685000 | 0 | 5685000 | 0 | 0
2026-07-06 12:43:57,SHEETS,ADDED,Luxury Tax Calculator  + ADDED  2nd Incremental Tax Bracket | 0 | 0 | 0 | 0 | 0 | 0 | 0 | 18476250 | 0 | 0 | 0 | 6277322 | 0 | 0 | 0 | 7106250 | 0 | 0 | 0 | 7106250 | 7106250 | 7106250 | 0 | 0 | 1283912.843 | 7106250 | 0 | 791517.675 | 0 | 0
2026-07-06 12:43:57,SHEETS,ADDED,Luxury Tax Calculator  + ADDED  3rd Incremental Tax Bracket | 0 | 0 | 0 | 0 | 0 | 0 | 0 | 31267500 | 0 | 0 | 0 | 0 | 0 | 0 | 0 | 19897500 | 0 | 0 | 0 | 5934698 | 19897500 | 19897500 | 0 | 0 | 0 | 19897500 | 0 | 0 | 0 | 0
2026-07-06 12:43:57,SHEETS,ADDED,Luxury Tax Calculator  + ADDED  4th Incremental Tax Bracket | 0 | 0 | 0 | 0 | 0 | 0 | 0 | 38373750 | 0 | 0 | 0 | 0 | 0 | 0 | 0 | 27003750 | 0 | 0 | 0 | 0 | 27003750 | 27003750 | 0 | 0 | 0 | 27003750 | 0 | 0 | 0 | 0
2026-07-06 12:43:57,SHEETS,ADDED,Luxury Tax Calculator  + ADDED  5th Incremental Tax Bracket | 0 | 0 | 0 | 0 | 0 | 0 | 0 | 5522491.75 | 0 | 0 | 0 | 0 | 0 | 0 | 0 | 29846250 | 0 | 0 | 0 | 0 | 29846250 | 29846250 | 0 | 0 | 0 | 20128825.5 | 0 | 0 | 0 | 0
2026-07-06 12:43:57,SHEETS,ADDED,Luxury Tax Calculator  + ADDED  6th Incremental Tax Bracket | 0 | 0 | 0 | 0 | 0 | 0 | 0 | 0 | 0 | 0 | 0 | 0 | 0 | 0 | 0 | 32688750 | 0 | 0 | 0 | 0 | 32688750 | 8885590.23 | 0 | 0 | 0 | 0 | 0 | 0 | 0 | 0
2026-07-06 12:43:57,SHEETS,ADDED,Luxury Tax Calculator  + ADDED  7th Incremental Tax Bracket | 0 | 0 | 0 | 0 | 0 | 0 | 0 | 0 | 0 | 0 | 0 | 0 | 0 | 0 | 0 | 35531250 | 0 | 0 | 0 | 0 | 13747562.5 | 0 | 0 | 0 | 0 | 0 | 0 | 0 | 0 | 0
2026-07-06 12:43:57,SHEETS,ADDED,Luxury Tax Calculator  + ADDED  8th Incremental Tax Bracket | 0 | 0 | 0 | 0 | 0 | 0 | 0 | 0 | 0 | 0 | 0 | 0 | 0 | 0 | 0 | 38373750 | 0 | 0 | 0 | 0 | 0 | 0 | 0 | 0 | 0 | 0 | 0 | 0 | 0 | 0
2026-07-06 12:43:57,SHEETS,ADDED,Luxury Tax Calculator  + ADDED  9th Incremental Tax Bracket | 0 | 0 | 0 | 0 | 0 | 0 | 0 | 0 | 0 | 0 | 0 | 0 | 0 | 0 | 0 | 41216250 | 0 | 0 | 0 | 0 | 0 | 0 | 0 | 0 | 0 | 0 | 0 | 0 | 0 | 0
2026-07-06 12:43:57,SHEETS,ADDED,Luxury Tax Calculator  + ADDED  Tax Liability | 0 | 0 | 0 | 0 | 0 | 0 | 0 | 110694991.8 | 0 | 0 | 0 | 11962322 | 0 | 0 | 0 | 237348750 | 0 | 2536082 | 435790.92 | 18725948 | 135975062.5 | 98424340.23 | 0 | 2106829.571 | 6968912.843 | 79821325.5 | 0 | 6476517.675 | 0 | 0
2026-07-06 12:43:55,TRANSACTIONS,Signing,2026-07-06  Boston Celtics re-signed center Neemias Queta to a Veteran Extension.
2026-07-06 12:43:55,TRANSACTIONS,Signing,2026-07-06  Miami Heat re-signed forward Andrew Wiggins to a Veteran Extension.
2026-07-06 12:42:57,SHEETS,ADDED,"MIL  + ADDED  Herro, Tyler | 1 - FULL SEASON | 33000000.0 |  |  |  |  |  | 33000000"
2026-07-06 12:42:57,SHEETS,ADDED,"MIL  + ADDED  Jaquez, Jaime | 1 - FULL SEASON | 5939140.8 |  |  |  |  |  | 5939140.8"
2026-07-06 12:42:57,SHEETS,ADDED,"MIL  + ADDED  Ware, Kel'el | 1 - FULL SEASON | 4654920.0 | 7135992.359999999 |  |  |  |  | 11790912.36"
2026-07-06 12:42:57,SHEETS,ADDED,"MIL  + ADDED  Jakucionis, Kasparas | 1 - FULL SEASON | 3841680.0 | 4024440.0 | 6205686.0 |  |  |  | 14071806"
2026-07-06 12:42:57,SHEETS,REMOVED,MIL  - REMOVED  |  |  |  |  |  |  |  | 0
2026-07-06 12:42:57,SHEETS,REMOVED,MIL  - REMOVED  |  |  |  |  |  |  |  | 0
2026-07-06 12:42:57,SHEETS,REMOVED,MIL  - REMOVED  |  |  |  |  |  |  |  | 0
2026-07-06 12:42:57,SHEETS,REMOVED,MIL  - REMOVED  |  |  |  |  |  |  |  | 0
2026-07-06 12:42:57,SHEETS,REMOVED,"MIL  - REMOVED TEAM SALARY (Art, I §1 (nnn)): |  | 213742009.7 | 159074967.9 | 79089462.2 | 55538317 | 0 | 0 | 507444756.7"
2026-07-06 12:42:57,SHEETS,ADDED,"MIL  + ADDED  TEAM SALARY (Art, I §1 (nnn)): |  | 261177750.5 | 170235400.2 | 85295148.2 | 55538317 | 0 | 0 | 572246615.9"
2026-07-06 12:42:57,SHEETS,REMOVED,MIL  - REMOVED Players Under Contract |  | 157695830.6 | 130114418 | 50520659 | 24373120 | 0 | 0 | BOLD = Option Year
2026-07-06 12:42:57,SHEETS,REMOVED,"MIL  - REMOVED Full Season Contracts |  | 157695830.6 | 130114418 | 50520659 | 24373120 | 0 | 0 | *=Projected Exten,,"
2026-07-06 12:42:57,SHEETS,ADDED,MIL  + ADDED  Players Under Contract |  | 205131571.4 | 141274850.4 | 56726345 | 24373120 | 0 | 0 | BOLD = Option Year
2026-07-06 12:42:57,SHEETS,ADDED,"MIL  + ADDED  Full Season Contracts |  | 205131571.4 | 141274850.4 | 56726345 | 24373120 | 0 | 0 | *=Projected Exten,,"
2026-07-06 12:42:57,SHEETS,REMOVED,"MIL  - REMOVED Avg, Salary (Mean) (ALL Compensation Obligations) |  |  | Players Under Contract |  | 12"
2026-07-06 12:42:57,SHEETS,REMOVED,"MIL  - REMOVED Avg, Salary (Mean) (No 10-Day K's) |  |  | Avaiable Spots |  | 3"
2026-07-06 12:42:57,SHEETS,REMOVED,"MIL  - REMOVED Avg, Salary (Mean) (No 10-Day K's & ROS) |  |  | Players to Reach Roster Min, |  | 1"
2026-07-06 12:42:57,SHEETS,ADDED,"MIL  + ADDED  Avg, Salary (Mean) (ALL Compensation Obligations) |  |  | Players Under Contract |  | 16"
2026-07-06 12:42:57,SHEETS,ADDED,"MIL  + ADDED  Avg, Salary (Mean) (No 10-Day K's) |  |  | Avaiable Spots |  | 0"
2026-07-06 12:42:57,SHEETS,ADDED,"MIL  + ADDED  Avg, Salary (Mean) (No 10-Day K's & ROS) |  |  | Players to Reach Roster Min, |  | 0"
2026-07-06 12:42:57,SHEETS,REMOVED,Luxury Tax Calculator  - REMOVED Luxury Tax | 0 | 0 | 0 | 0 | 0 | 0 | 0 | 23501723 | 0 | 0 | 0 | 10706857.6 | 0 | 0 | 0 | 0 | 0 | 2536082 | 435790.92 | 13065628 | 36309610 | 29970320.04 | 0 | 702276.5238 | 6712130.274 | 26574062 | 0 | 6318214.14 | 0 | 0
2026-07-06 12:42:57,SHEETS,REMOVED,Luxury Tax Calculator  - REMOVED 1st Incremental Tax Bracket | 0 | 0 | 0 | 0 | 0 | 0 | 0 | 17055000 | 0 | 0 | 0 | 5685000 | 0 | 0 | 0 | 0 | 0 | 2536082 | 435790.92 | 5685000 | 5685000 | 5685000 | 0 | 2106829.571 | 5685000 | 5685000 | 0 | 5685000 | 0 | 0
2026-07-06 12:42:57,SHEETS,REMOVED,Luxury Tax Calculator  - REMOVED 2nd Incremental Tax Bracket | 0 | 0 | 0 | 0 | 0 | 0 | 0 | 18476250 | 0 | 0 | 0 | 6277322 | 0 | 0 | 0 | 0 | 0 | 0 | 0 | 7106250 | 7106250 | 7106250 | 0 | 0 | 1283912.843 | 7106250 | 0 | 791517.675 | 0 | 0
2026-07-06 12:42:57,SHEETS,REMOVED,Luxury Tax Calculator  - REMOVED 3rd Incremental Tax Bracket | 0 | 0 | 0 | 0 | 0 | 0 | 0 | 31267500 | 0 | 0 | 0 | 0 | 0 | 0 | 0 | 0 | 0 | 0 | 0 | 5934698 | 19897500 | 19897500 | 0 | 0 | 0 | 19897500 | 0 | 0 | 0 | 0
2026-07-06 12:42:57,SHEETS,REMOVED,Luxury Tax Calculator  - REMOVED 4th Incremental Tax Bracket | 0 | 0 | 0 | 0 | 0 | 0 | 0 | 38373750 | 0 | 0 | 0 | 0 | 0 | 0 | 0 | 0 | 0 | 0 | 0 | 0 | 27003750 | 27003750 | 0 | 0 | 0 | 27003750 | 0 | 0 | 0 | 0
2026-07-06 12:42:57,SHEETS,REMOVED,Luxury Tax Calculator  - REMOVED 5th Incremental Tax Bracket | 0 | 0 | 0 | 0 | 0 | 0 | 0 | 5522491.75 | 0 | 0 | 0 | 0 | 0 | 0 | 0 | 0 | 0 | 0 | 0 | 0 | 29846250 | 29846250 | 0 | 0 | 0 | 20128825.5 | 0 | 0 | 0 | 0
2026-07-06 12:42:57,SHEETS,REMOVED,Luxury Tax Calculator  - REMOVED 6th Incremental Tax Bracket | 0 | 0 | 0 | 0 | 0 | 0 | 0 | 0 | 0 | 0 | 0 | 0 | 0 | 0 | 0 | 0 | 0 | 0 | 0 | 0 | 32688750 | 8885590.23 | 0 | 0 | 0 | 0 | 0 | 0 | 0 | 0
2026-07-06 12:42:57,SHEETS,REMOVED,Luxury Tax Calculator  - REMOVED 7th Incremental Tax Bracket | 0 | 0 | 0 | 0 | 0 | 0 | 0 | 0 | 0 | 0 | 0 | 0 | 0 | 0 | 0 | 0 | 0 | 0 | 0 | 0 | 13747562.5 | 0 | 0 | 0 | 0 | 0 | 0 | 0 | 0 | 0
2026-07-06 12:42:57,SHEETS,REMOVED,Luxury Tax Calculator  - REMOVED 8th Incremental Tax Bracket | 0 | 0 | 0 | 0 | 0 | 0 | 0 | 0 | 0 | 0 | 0 | 0 | 0 | 0 | 0 | 0 | 0 | 0 | 0 | 0 | 0 | 0 | 0 | 0 | 0 | 0 | 0 | 0 | 0 | 0
2026-07-06 12:42:57,SHEETS,ADDED,Luxury Tax Calculator  + ADDED  Luxury Tax | 0 | 0 | 0 | 0 | 0 | 0 | 0 | 23501723 | 0 | 0 | 0 | 10706857.6 | 0 | 0 | 0 | 0 | 40419841.22 | 2536082 | 435790.92 | 13065628 | 36309610 | 29970320.04 | 0 | 702276.5238 | 6712130.274 | 26574062 | 0 | 6318214.14 | 0 | 0
2026-07-06 12:42:57,SHEETS,ADDED,Luxury Tax Calculator  + ADDED  1st Incremental Tax Bracket | 0 | 0 | 0 | 0 | 0 | 0 | 0 | 17055000 | 0 | 0 | 0 | 5685000 | 0 | 0 | 0 | 0 | 17055000 | 2536082 | 435790.92 | 5685000 | 5685000 | 5685000 | 0 | 2106829.571 | 5685000 | 5685000 | 0 | 5685000 | 0 | 0
2026-07-06 12:42:57,SHEETS,ADDED,Luxury Tax Calculator  + ADDED  2nd Incremental Tax Bracket | 0 | 0 | 0 | 0 | 0 | 0 | 0 | 18476250 | 0 | 0 | 0 | 6277322 | 0 | 0 | 0 | 0 | 18476250 | 0 | 0 | 7106250 | 7106250 | 7106250 | 0 | 0 | 1283912.843 | 7106250 | 0 | 791517.675 | 0 | 0
2026-07-06 12:42:57,SHEETS,ADDED,Luxury Tax Calculator  + ADDED  3rd Incremental Tax Bracket | 0 | 0 | 0 | 0 | 0 | 0 | 0 | 31267500 | 0 | 0 | 0 | 0 | 0 | 0 | 0 | 0 | 31267500 | 0 | 0 | 5934698 | 19897500 | 19897500 | 0 | 0 | 0 | 19897500 | 0 | 0 | 0 | 0
2026-07-06 12:42:57,SHEETS,ADDED,Luxury Tax Calculator  + ADDED  4th Incremental Tax Bracket | 0 | 0 | 0 | 0 | 0 | 0 | 0 | 38373750 | 0 | 0 | 0 | 0 | 0 | 0 | 0 | 0 | 38373750 | 0 | 0 | 0 | 27003750 | 27003750 | 0 | 0 | 0 | 27003750 | 0 | 0 | 0 | 0
2026-07-06 12:42:57,SHEETS,ADDED,Luxury Tax Calculator  + ADDED  5th Incremental Tax Bracket | 0 | 0 | 0 | 0 | 0 | 0 | 0 | 5522491.75 | 0 | 0 | 0 | 0 | 0 | 0 | 0 | 0 | 41216250 | 0 | 0 | 0 | 29846250 | 29846250 | 0 | 0 | 0 | 20128825.5 | 0 | 0 | 0 | 0
2026-07-06 12:42:57,SHEETS,ADDED,Luxury Tax Calculator  + ADDED  6th Incremental Tax Bracket | 0 | 0 | 0 | 0 | 0 | 0 | 0 | 0 | 0 | 0 | 0 | 0 | 0 | 0 | 0 | 0 | 44058750 | 0 | 0 | 0 | 32688750 | 8885590.23 | 0 | 0 | 0 | 0 | 0 | 0 | 0 | 0
2026-07-06 12:42:57,SHEETS,ADDED,Luxury Tax Calculator  + ADDED  7th Incremental Tax Bracket | 0 | 0 | 0 | 0 | 0 | 0 | 0 | 0 | 0 | 0 | 0 | 0 | 0 | 0 | 0 | 0 | 46901250 | 0 | 0 | 0 | 13747562.5 | 0 | 0 | 0 | 0 | 0 | 0 | 0 | 0 | 0
2026-07-06 12:42:57,SHEETS,ADDED,Luxury Tax Calculator  + ADDED  8th Incremental Tax Bracket | 0 | 0 | 0 | 0 | 0 | 0 | 0 | 0 | 0 | 0 | 0 | 0 | 0 | 0 | 0 | 0 | 5467360.646 | 0 | 0 | 0 | 0 | 0 | 0 | 0 | 0 | 0 | 0 | 0 | 0 | 0
2026-07-06 12:42:57,SHEETS,REMOVED,Luxury Tax Calculator  - REMOVED Tax Liability | 0 | 0 | 0 | 0 | 0 | 0 | 0 | 110694991.8 | 0 | 0 | 0 | 11962322 | 0 | 0 | 0 | 0 | 0 | 2536082 | 435790.92 | 18725948 | 135975062.5 | 98424340.23 | 0 | 2106829.571 | 6968912.843 | 79821325.5 | 0 | 6476517.675 | 0 | 0
2026-07-06 12:42:57,SHEETS,ADDED,Luxury Tax Calculator  + ADDED  Tax Liability | 0 | 0 | 0 | 0 | 0 | 0 | 0 | 110694991.8 | 0 | 0 | 0 | 11962322 | 0 | 0 | 0 | 0 | 242816110.6 | 2536082 | 435790.92 | 18725948 | 135975062.5 | 98424340.23 | 0 | 2106829.571 | 6968912.843 | 79821325.5 | 0 | 6476517.675 | 0 | 0
2026-07-06 12:39:56,DOCS,REMOVED,2026-27 Rookie Signings  - REMOVED Execution Date: 7/3/26
2026-07-06 12:39:56,DOCS,ADDED,2026-27 Rookie Signings  + ADDED  Execution Date: 7/6/26
2026-07-06 12:38:55,DOCS,REMOVED,"2026-27 Rookie Signings  - REMOVED 26-27 $4,717,320"
2026-07-06 12:38:55,DOCS,REMOVED,"2026-27 Rookie Signings  - REMOVED 27-28 $4,127,700 ($4,953,240)"
2026-07-06 12:38:55,DOCS,REMOVED,"2026-27 Rookie Signings  - REMOVED 28-29 $5,189,400 (Team Option)"
2026-07-06 12:38:55,DOCS,REMOVED,"2026-27 Rookie Signings  - REMOVED 29-30 $7,960,540 (Team Option)"
2026-07-06 12:38:55,DOCS,REMOVED,2026-27 Rookie Signings  - REMOVED 120% (with likely to be earned bonuses - Summer League and Summer Conditioning). Rookie Scale Exception. Insurance Premium Reimbursement. Skill; Injury or Illness; Mental. Love of the Game. Physical Exam. Alt. 7(b).
2026-07-06 12:38:55,DOCS,ADDED,"2026-27 Rookie Signings  + ADDED  26-27 $4,381,280 ($4,481,280)"
2026-07-06 12:38:55,DOCS,ADDED,"2026-27 Rookie Signings  + ADDED  27-28 $4,605,440 ($4,705,440)"
2026-07-06 12:38:55,DOCS,ADDED,"2026-27 Rookie Signings  + ADDED  28-29 $4,929,360 (Team Option)"
2026-07-06 12:38:55,DOCS,ADDED,"2026-27 Rookie Signings  + ADDED  29-30 $7,571,497 (Team Option)"
2026-07-06 12:38:55,DOCS,ADDED,"2026-27 Rookie Signings  + ADDED  120% (with likely to be earned bonuses - Summer League and Summer Conditioning). Rookie Scale Exception. Advance Payment ($600,000). Insurance Premium Reimbursement. Skill; Injury or Illness. Love of the Game. Physical Exam. Alt. 7(b)."
2026-07-06 12:37:59,SHEETS,ADDED,"DET  + ADDED  Okorie, Ebuka | 1 - FULL SEASON | 4481280.0 | 4705440.0 | 4929360.0 | 7571496.96 |  |  | 21687576.96"
2026-07-06 12:37:59,SHEETS,REMOVED,"DET  - REMOVED Okorie, Ebuka | 1 - FULL SEASON | 4481280.0 | 4705440.0 | 4929360.0 | 7571496.96 |  |  | 21687576.96"
2026-07-06 12:37:56,DOCS,ADDED,"2026-27 Rookie Signings  + ADDED  26-27 $4,717,320"
2026-07-06 12:37:56,DOCS,ADDED,"2026-27 Rookie Signings  + ADDED  27-28 $4,127,700 ($4,953,240)"
2026-07-06 12:37:56,DOCS,ADDED,"2026-27 Rookie Signings  + ADDED  28-29 $5,189,400 (Team Option)"
2026-07-06 12:37:56,DOCS,ADDED,"2026-27 Rookie Signings  + ADDED  29-30 $7,960,540 (Team Option)"
2026-07-06 12:37:56,DOCS,ADDED,2026-27 Rookie Signings  + ADDED  120% (with likely to be earned bonuses - Summer League and Summer Conditioning). Rookie Scale Exception. Insurance Premium Reimbursement. Skill; Injury or Illness; Mental. Love of the Game. Physical Exam. Alt. 7(b).
2026-07-06 12:37:56,DOCS,ADDED,2026-27 Rookie Signings  + ADDED  Execution Date: 7/3/26
2026-07-06 12:37:56,DOCS,ADDED,2026-27 Rookie Signings  + ADDED  #17 Ebuka Okorie Detroit Pistons
2026-07-06 12:36:58,SHEETS,REMOVED,"DET  - REMOVED Okorie, Ebuka | 6 - DRAFT PICK | 4481280.0 | 4705440.0 | 4929360.0 | 7571496.96 |  |  | 21687576.96"
2026-07-06 12:36:58,SHEETS,ADDED,"DET  + ADDED  Okorie, Ebuka | 1 - FULL SEASON | 4481280.0 | 4705440.0 | 4929360.0 | 7571496.96 |  |  | 21687576.96"
2026-07-06 12:36:58,SHEETS,REMOVED,DET  - REMOVED Players Under Contract |  | 135458988.7 | 97985462.2 | 60264382 | 61240212 | 0 | 0 | BOLD = Option Year
2026-07-06 12:36:58,SHEETS,REMOVED,"DET  - REMOVED Full Season Contracts |  | 135458988.7 | 97985462.2 | 60264382 | 61240212 | 0 | 0 | *=Projected Exten,,"
2026-07-06 12:36:58,SHEETS,ADDED,DET  + ADDED  Players Under Contract |  | 139940268.7 | 102690902.2 | 65193742 | 68811708.96 | 0 | 0 | BOLD = Option Year
2026-07-06 12:36:58,SHEETS,ADDED,"DET  + ADDED  Full Season Contracts |  | 139940268.7 | 102690902.2 | 65193742 | 68811708.96 | 0 | 0 | *=Projected Exten,,"
2026-07-06 12:36:58,SHEETS,REMOVED,DET  - REMOVED Draft Picks |  | 4481280 | 4705440 | 4929360 | 7571496.96 | 0 | 0
2026-07-06 12:36:58,SHEETS,ADDED,DET  + ADDED  Draft Picks |  | 0 | 0 | 0 | 0 | 0 | 0
2026-07-06 12:36:58,SHEETS,REMOVED,"DET  - REMOVED Avg, Salary (Mean) (ALL Compensation Obligations) |  |  | Players Under Contract |  | 11"
2026-07-06 12:36:58,SHEETS,REMOVED,"DET  - REMOVED Avg, Salary (Mean) (No 10-Day K's) |  |  | Avaiable Spots |  | 4"
2026-07-06 12:36:58,SHEETS,REMOVED,"DET  - REMOVED Avg, Salary (Mean) (No 10-Day K's & ROS) |  |  | Players to Reach Roster Min, |  | 2"
2026-07-06 12:36:58,SHEETS,ADDED,"DET  + ADDED  Avg, Salary (Mean) (ALL Compensation Obligations) |  |  | Players Under Contract |  | 12"
2026-07-06 12:36:58,SHEETS,ADDED,"DET  + ADDED  Avg, Salary (Mean) (No 10-Day K's) |  |  | Avaiable Spots |  | 3"
2026-07-06 12:36:58,SHEETS,ADDED,"DET  + ADDED  Avg, Salary (Mean) (No 10-Day K's & ROS) |  |  | Players to Reach Roster Min, |  | 1"
2026-07-06 12:35:55,TRANSACTIONS,Signing,2026-07-06  Boston Celtics re-signed guard Ron Harper Jr. to a Contract.
2026-07-06 12:35:55,TRANSACTIONS,Trade,2026-07-06  Oklahoma City Thunder received draft consideration from Detroit Pistons.
2026-07-06 12:35:55,TRANSACTIONS,Trade,2026-07-06  Detroit Pistons received guard Isaiah Joe from Oklahoma City Thunder.
2026-07-06 12:35:55,DOCS,REMOVED,"2026-27 Rookie Signings  - REMOVED 26-27 $5,227,200"
2026-07-06 12:35:55,DOCS,REMOVED,"2026-27 Rookie Signings  - REMOVED 27-28 $5,488,560"
2026-07-06 12:35:55,DOCS,REMOVED,"2026-27 Rookie Signings  - REMOVED 28-29 $5,750,160 (Team Option)"
2026-07-06 12:35:55,DOCS,REMOVED,"2026-27 Rookie Signings  - REMOVED 29-30 $8,515,987 (Team Option)"
2026-07-06 12:35:55,DOCS,REMOVED,"2026-27 Rookie Signings  - REMOVED 120%. Rookie Scale Exception. Advance Payment ($523,000). Insurance Premium Reimbursement. Skill; Injury or Illness; Mental. Love of the Game. Physical Exam. Alt. 7(b)."
2026-07-06 12:35:55,DOCS,ADDED,"2026-27 Rookie Signings  + ADDED  26-27 $4,257,480"
2026-07-06 12:35:55,DOCS,ADDED,"2026-27 Rookie Signings  + ADDED  27-28 $4,470,000"
2026-07-06 12:35:55,DOCS,ADDED,"2026-27 Rookie Signings  + ADDED  28-29 $4,683,120 (Team Option)"
2026-07-06 12:35:55,DOCS,ADDED,"2026-27 Rookie Signings  + ADDED  29-30 $7,202,639 (Team Option)"
2026-07-06 12:35:55,DOCS,ADDED,"2026-27 Rookie Signings  + ADDED  120%. Rookie Scale Exception. Advance Payment ($426,000). Insurance Premium Reimbursement. Skill; Injury or Illness; Mental. Love of the Game. Physical Exam. Alt. 7(b)."
2026-07-06 12:34:55,DOCS,REMOVED,"2026-27 Rookie Signings  - REMOVED Update 1.1 (7/1/26): A. Dybantsa, D. Peterson, C. Wilson, K. Wagler, M. Brown, D. Acuff Jr., K. Flemings, M. Johnson, A. Mara, H. Steinbach, Y. Lendeborg, D. Swain, A. Graves, J. Quaintance, L. Philon, Z. Eijfor, C. Carr, S. De Larrea, T. Reed Jr., C. Cenac, A. Karaban, K. Peat, M. Thomas, R. Conwell, E. Sharp, B. Markovic, H. Veesaar"
2026-07-06 12:34:55,DOCS,ADDED,"2026-27 Rookie Signings  + ADDED  Update 1.1 (7/1/26): A. Dybantsa, D. Peterson, C. Wilson, K. Wagler, M. Brown, D. Acuff Jr., K. Flemings, M. Johnson, A. Mara, H. Steinbach, Y. Lendeborg, D. Swain, B. Stritz, C. Anderson, A. Graves, J. Quaintance, L. Philon, Z. Eijfor, C. Carr, S. De Larrea, T. Reed Jr., C. Cenac, A. Karaban, K. Peat, M. Thomas, R. Conwell, E. Sharp, B. Markovic, H. Veesaar"
2026-07-06 12:33:55,DOCS,REMOVED,"2026-27 Rookie Signings  - REMOVED Update 1.1 (7/1/26): A. Dybantsa, D. Peterson, C. Wilson, K. Wagler, M. Brown, D. Acuff Jr., K. Flemings, M. Johnson, A. Mara, Y. Lendeborg, D. Swain, A. Graves, J. Quaintance, L. Philon, Z. Eijfor, C. Carr, S. De Larrea, T. Reed Jr., C. Cenac, A. Karaban, K. Peat, M. Thomas, R. Conwell, E. Sharp, B. Markovic, H. Veesaar"
2026-07-06 12:33:55,DOCS,ADDED,"2026-27 Rookie Signings  + ADDED  Update 1.1 (7/1/26): A. Dybantsa, D. Peterson, C. Wilson, K. Wagler, M. Brown, D. Acuff Jr., K. Flemings, M. Johnson, A. Mara, H. Steinbach, Y. Lendeborg, D. Swain, A. Graves, J. Quaintance, L. Philon, Z. Eijfor, C. Carr, S. De Larrea, T. Reed Jr., C. Cenac, A. Karaban, K. Peat, M. Thomas, R. Conwell, E. Sharp, B. Markovic, H. Veesaar"
2026-07-06 12:33:55,DOCS,REMOVED,"2026-27 Rookie Signings  - REMOVED 120%. Rookie Scale Exception. Advance Payment ($523,000). Insurance Premium Reimbursement. Skill; Injury or Illness; Death. Love of the Game. Physical Exam. Alt. 7(b)."
2026-07-06 12:33:55,DOCS,REMOVED,2026-27 Rookie Signings  - REMOVED Execution Date: 7/3/26
2026-07-06 12:33:55,DOCS,ADDED,"2026-27 Rookie Signings  + ADDED  120%. Rookie Scale Exception. Advance Payment ($523,000). Insurance Premium Reimbursement. Skill; Injury or Illness; Mental. Love of the Game. Physical Exam. Alt. 7(b)."
2026-07-06 12:33:55,DOCS,ADDED,2026-27 Rookie Signings  + ADDED  Execution Date: 7/6/26
2026-07-06 12:33:55,DOCS,ADDED,2026-27 Rookie Signings  + ADDED  #18 Christian Anderson Jr. Charlotte Hornets
2026-07-06 12:33:55,DOCS,ADDED,"2026-27 Rookie Signings  + ADDED  26-27 $5,227,200"
2026-07-06 12:33:55,DOCS,ADDED,"2026-27 Rookie Signings  + ADDED  27-28 $5,488,560"
2026-07-06 12:33:55,DOCS,ADDED,"2026-27 Rookie Signings  + ADDED  28-29 $5,750,160 (Team Option)"
2026-07-06 12:33:55,DOCS,ADDED,"2026-27 Rookie Signings  + ADDED  29-30 $8,515,987 (Team Option)"
2026-07-06 12:33:55,DOCS,ADDED,"2026-27 Rookie Signings  + ADDED  120%. Rookie Scale Exception. Advance Payment ($523,000). Insurance Premium Reimbursement. Skill; Injury or Illness; Mental. Love of the Game. Physical Exam. Alt. 7(b)."
2026-07-06 12:33:55,DOCS,ADDED,2026-27 Rookie Signings  + ADDED  Execution Date: 7/6/26
2026-07-06 12:33:54,PLAYERS,CHANGED,~ CHANGED Johni Broome  school: Philadelphia 76ers -> Auburn
2026-07-06 12:33:54,PLAYERS,CHANGED,~ CHANGED Labaron Philon  name: Labaron Philon Jr. -> Labaron Philon
2026-07-06 12:32:55,DOCS,ADDED,2026-27 Rookie Signings  + ADDED  Execution Date: 7/3/26
2026-07-06 12:32:55,DOCS,ADDED,2026-27 Rookie Signings  + ADDED  #14 Hannes Steinbach Charlotte Hornets
2026-07-06 12:32:55,DOCS,ADDED,"2026-27 Rookie Signings  + ADDED  26-27 $5,227,200"
2026-07-06 12:32:55,DOCS,ADDED,"2026-27 Rookie Signings  + ADDED  27-28 $5,488,560"
2026-07-06 12:32:55,DOCS,ADDED,"2026-27 Rookie Signings  + ADDED  28-29 $5,750,160 (Team Option)"
2026-07-06 12:32:55,DOCS,ADDED,"2026-27 Rookie Signings  + ADDED  29-30 $8,515,987 (Team Option)"
2026-07-06 12:32:55,DOCS,ADDED,"2026-27 Rookie Signings  + ADDED  120%. Rookie Scale Exception. Advance Payment ($523,000). Insurance Premium Reimbursement. Skill; Injury or Illness; Death. Love of the Game. Physical Exam. Alt. 7(b)."
2026-07-06 12:31:58,SHEETS,ADDED,"CHA  + ADDED  Steinbach, Hannes | 1 - FULL SEASON | 5227200.0 | 5488560.0 | 5750160.0 | 8515986.959999999 |  |  | 24981906.96"
2026-07-06 12:31:58,SHEETS,ADDED,"CHA  + ADDED  Anderson, Christian | 1 - FULL SEASON | 4257480.0 | 4470000.0 | 4683120.0 | 7202638.5600000005 |  |  | 20613238.56"
2026-07-06 12:31:58,SHEETS,REMOVED,"CHA  - REMOVED Steinbach, Hannes | 1 - FULL SEASON | 5227200.0 | 5488560.0 | 5750160.0 | 8515986.959999999 |  |  | 24981906.96"
2026-07-06 12:31:58,SHEETS,REMOVED,"CHA  - REMOVED Anderson, Christian | 1 - FULL SEASON | 4257480.0 | 4470000.0 | 4683120.0 | 7202638.5600000005 |  |  | 20613238.56"
2026-07-06 12:30:58,SHEETS,REMOVED,"CHA  - REMOVED Steinbach, Hannes | 6 - DRAFT PICK | 5227200.0 | 5488560.0 | 5750160.0 | 8515986.959999999 |  |  | 24981906.96"
2026-07-06 12:30:58,SHEETS,REMOVED,"CHA  - REMOVED Anderson, Christian | 6 - DRAFT PICK | 4257480.0 | 4470000.0 | 4683120.0 | 7202638.5600000005 |  |  | 20613238.56"
2026-07-06 12:30:58,SHEETS,ADDED,"CHA  + ADDED  Steinbach, Hannes | 1 - FULL SEASON | 5227200.0 | 5488560.0 | 5750160.0 | 8515986.959999999 |  |  | 24981906.96"
2026-07-06 12:30:58,SHEETS,ADDED,"CHA  + ADDED  Anderson, Christian | 1 - FULL SEASON | 4257480.0 | 4470000.0 | 4683120.0 | 7202638.5600000005 |  |  | 20613238.56"
2026-07-06 12:30:58,SHEETS,REMOVED,CHA  - REMOVED Players Under Contract |  | 148402017.6 | 81137593.84 | 71290427 | 0 | 0 | 0 | BOLD = Option Year
2026-07-06 12:30:58,SHEETS,REMOVED,"CHA  - REMOVED Full Season Contracts |  | 148402017.6 | 81137593.84 | 71290427 | 0 | 0 | 0 | *=Projected Exten,,"
2026-07-06 12:30:58,SHEETS,ADDED,CHA  + ADDED  Players Under Contract |  | 157886697.6 | 91096153.84 | 81723707 | 15718625.52 | 0 | 0 | BOLD = Option Year
2026-07-06 12:30:58,SHEETS,ADDED,"CHA  + ADDED  Full Season Contracts |  | 157886697.6 | 91096153.84 | 81723707 | 15718625.52 | 0 | 0 | *=Projected Exten,,"
2026-07-06 12:30:58,SHEETS,REMOVED,CHA  - REMOVED Draft Picks |  | 9484680 | 9958560 | 10433280 | 15718625.52 | 0 | 0
2026-07-06 12:30:58,SHEETS,ADDED,CHA  + ADDED  Draft Picks |  | 0 | 0 | 0 | 0 | 0 | 0
2026-07-06 12:30:58,SHEETS,REMOVED,"CHA  - REMOVED Avg, Salary (Mean) (ALL Compensation Obligations) |  |  | Players Under Contract |  | 13"
2026-07-06 12:30:58,SHEETS,REMOVED,"CHA  - REMOVED Avg, Salary (Mean) (No 10-Day K's) |  |  | Avaiable Spots |  | 2"
2026-07-06 12:30:58,SHEETS,ADDED,"CHA  + ADDED  Avg, Salary (Mean) (ALL Compensation Obligations) |  |  | Players Under Contract |  | 15"
2026-07-06 12:30:58,SHEETS,ADDED,"CHA  + ADDED  Avg, Salary (Mean) (No 10-Day K's) |  |  | Avaiable Spots |  | 0"
2026-07-06 12:29:56,DOCS,REMOVED,2026-27 Rookie Signings  - REMOVED Execution Date: 7/2/26
2026-07-06 12:29:56,DOCS,ADDED,2026-27 Rookie Signings  + ADDED  Execution Date: 7/5/26
2026-07-06 12:28:55,DOCS,REMOVED,"2026-27 Rookie Signings  - REMOVED 28-29 $7, (Team Option)"
2026-07-06 12:28:55,DOCS,REMOVED,"2026-27 Rookie Signings  - REMOVED 29-30 $6,887,866 (Team Option)"
2026-07-06 12:28:55,DOCS,REMOVED,2026-27 Rookie Signings  - REMOVED 120% (with likely to be earned bonuses - Summer League and Summer Conditioning). Rookie Scale Exception. Skill; Injury or Illness; Death. Love of the Game. Physical Exam. Alt. 7(b).
2026-07-06 12:28:55,DOCS,ADDED,"2026-27 Rookie Signings  + ADDED  28-29 $7,058,520 (Team Option)"
2026-07-06 12:28:55,DOCS,ADDED,"2026-27 Rookie Signings  + ADDED  29-30 $8,999,613 (Team Option)"
2026-07-06 12:28:55,DOCS,ADDED,"2026-27 Rookie Signings  + ADDED  120% (with likely to be earned bonuses - Summer League and Summer Conditioning). Rookie Scale Exception. Advance Payment ($1,315,536). Skill; Injury or Illness. Love of the Game. Physical Exam. Alt. 7(b)."
2026-07-06 12:27:55,DOCS,ADDED,2026-27 Rookie Signings  + ADDED  Execution Date: 7/2/26
2026-07-06 12:27:55,DOCS,ADDED,2026-27 Rookie Signings  + ADDED  #10 Brayden Burries Milwaukee Bucks
2026-07-06 12:27:55,DOCS,ADDED,"2026-27 Rookie Signings  + ADDED  26-27 $5,775,624 ($6,417,360)"
2026-07-06 12:27:55,DOCS,ADDED,"2026-27 Rookie Signings  + ADDED  27-28 $6,738,000"
2026-07-06 12:27:55,DOCS,ADDED,"2026-27 Rookie Signings  + ADDED  28-29 $7, (Team Option)"
2026-07-06 12:27:55,DOCS,ADDED,"2026-27 Rookie Signings  + ADDED  29-30 $6,887,866 (Team Option)"
2026-07-06 12:27:55,DOCS,ADDED,2026-27 Rookie Signings  + ADDED  120% (with likely to be earned bonuses - Summer League and Summer Conditioning). Rookie Scale Exception. Skill; Injury or Illness; Death. Love of the Game. Physical Exam. Alt. 7(b).
2026-07-06 12:24:57,SHEETS,ADDED,"MIL  + ADDED  Burries, Brayden | 1 - FULL SEASON | 6417360.0 | 6738000.0 | 7058520.0 | 8999613.0 |  |  | 29213493"
2026-07-06 12:24:57,SHEETS,REMOVED,"MIL  - REMOVED Burries, Brayden | 1 - FULL SEASON | 6417360.0 | 6738000.0 | 7058520.0 | 8999613.0 |  |  | 29213493"
2026-07-06 12:23:59,SHEETS,REMOVED,"MIL  - REMOVED Burries, Brayden | 6 - DRAFT PICK | 6417360.0 | 6738000.0 | 7058520.0 | 8999613.0 |  |  | 29213493"
2026-07-06 12:23:59,SHEETS,ADDED,"MIL  + ADDED  Burries, Brayden | 1 - FULL SEASON | 6417360.0 | 6738000.0 | 7058520.0 | 8999613.0 |  |  | 29213493"
2026-07-06 12:23:59,SHEETS,REMOVED,MIL  - REMOVED Players Under Contract |  | 151278470.6 | 123376418 | 43462139 | 15373507 | 0 | 0 | BOLD = Option Year
2026-07-06 12:23:59,SHEETS,REMOVED,"MIL  - REMOVED Full Season Contracts |  | 151278470.6 | 123376418 | 43462139 | 15373507 | 0 | 0 | *=Projected Exten,,"
2026-07-06 12:23:59,SHEETS,ADDED,MIL  + ADDED  Players Under Contract |  | 157695830.6 | 130114418 | 50520659 | 24373120 | 0 | 0 | BOLD = Option Year
2026-07-06 12:23:59,SHEETS,ADDED,"MIL  + ADDED  Full Season Contracts |  | 157695830.6 | 130114418 | 50520659 | 24373120 | 0 | 0 | *=Projected Exten,,"
2026-07-06 12:23:59,SHEETS,REMOVED,MIL  - REMOVED Draft Picks |  | 11919360 | 12515280 | 13110720 | 17648206.8 | 0 | 0
2026-07-06 12:23:59,SHEETS,ADDED,MIL  + ADDED  Draft Picks |  | 5502000 | 5777280 | 6052200 | 8648593.8 | 0 | 0
2026-07-06 12:23:59,SHEETS,REMOVED,"MIL  - REMOVED Avg, Salary (Mean) (ALL Compensation Obligations) |  |  | Players Under Contract |  | 11"
2026-07-06 12:23:59,SHEETS,REMOVED,"MIL  - REMOVED Avg, Salary (Mean) (No 10-Day K's) |  |  | Avaiable Spots |  | 4"
2026-07-06 12:23:59,SHEETS,REMOVED,"MIL  - REMOVED Avg, Salary (Mean) (No 10-Day K's & ROS) |  |  | Players to Reach Roster Min, |  | 2"
2026-07-06 12:23:59,SHEETS,ADDED,"MIL  + ADDED  Avg, Salary (Mean) (ALL Compensation Obligations) |  |  | Players Under Contract |  | 12"
2026-07-06 12:23:59,SHEETS,ADDED,"MIL  + ADDED  Avg, Salary (Mean) (No 10-Day K's) |  |  | Avaiable Spots |  | 3"
2026-07-06 12:23:59,SHEETS,ADDED,"MIL  + ADDED  Avg, Salary (Mean) (No 10-Day K's & ROS) |  |  | Players to Reach Roster Min, |  | 1"
2026-07-06 12:19:54,PLAYERS,CHANGED,~ CHANGED Labaron Philon Jr.  name: Labaron Philon -> Labaron Philon Jr.
2026-07-06 12:19:54,PLAYERS,CHANGED,~ CHANGED Johni Broome  school: Auburn -> Philadelphia 76ers
2026-07-06 12:18:58,DOCS,REMOVED,2026-27 Two-Way Signings  - REMOVED Kam Jones MI
2026-07-06 12:18:58,DOCS,REMOVED,"2026-27 Two-Way Signings  - REMOVED 1 Year. Skill; Injury or Illness. Compensation protection for 2026-27 Season is for $91,000 but will increase to 50% if team has not requested waivers on player on or before the first day of the 2026-27 Regular Season. Love of the Game. Physical Exam. Alt. 7(b)."
2026-07-06 12:18:58,DOCS,ADDED,2026-27 Two-Way Signings  + ADDED  Kam Jones Milwaukee Bucks
2026-07-06 12:18:58,DOCS,ADDED,2026-27 Two-Way Signings  + ADDED  1 Year. Prior Injury Exclusion. Love of the Game. Physical Exam.
2026-07-06 12:17:56,DOCS,REMOVED,"2026-27 Two-Way Signings  - REMOVED Update 1.1 (7/1/26): T. Awaka, T. Bates, T. Bilodeau, J. Bradley, M. Brown, C. Castleton, J. Dix, T. Donaldson, A. Flager, E. Freeman, J. Gillespie, T. Lawal, C. Love, C. Manon, N. Martinelli, J. Mogbo, I. Nelson, A. Okereke, U. Onyenso, O. Oweh, J. Sellers, P. Spencer, P. Suder, E. Udeh, J. Watkins, A. Williams"
2026-07-06 12:17:56,DOCS,ADDED,"2026-27 Two-Way Signings  + ADDED  Update 1.1 (7/1/26): T. Awaka, T. Bates, T. Bilodeau, J. Bradley, M. Brown, C. Castleton, J. Dix, T. Donaldson, A. Flager, E. Freeman, J. Gillespie, K. Jones, T. Lawal, C. Love, C. Manon, N. Martinelli, J. Mogbo, I. Nelson, A. Okereke, U. Onyenso, O. Oweh, J. Sellers, P. Spencer, P. Suder, E. Udeh, J. Watkins, A. Williams"
2026-07-06 12:17:56,DOCS,ADDED,2026-27 Two-Way Signings  + ADDED  Kam Jones MI
2026-07-06 12:17:56,DOCS,ADDED,"2026-27 Two-Way Signings  + ADDED  1 Year. Skill; Injury or Illness. Compensation protection for 2026-27 Season is for $91,000 but will increase to 50% if team has not requested waivers on player on or before the first day of the 2026-27 Regular Season. Love of the Game. Physical Exam. Alt. 7(b)."
2026-07-06 12:17:56,DOCS,ADDED,2026-27 Two-Way Signings  + ADDED  Execution Date: 7/5/26
2026-07-06 12:15:55,TRANSACTIONS,Signing,2026-07-06  Detroit Pistons signed guard Ebuka Okorie to a Rookie Scale Contract.
2026-07-06 12:10:55,DOCS,REMOVED,"2026-27 Two-Way Signings  - REMOVED Update 1.1 (7/1/26): T. Awaka, T. Bates, T. Bilodeau, J. Bradley, M. Brown, C. Castleton, J. Dix, T. Donaldson, A. Flager, E. Freeman, J. Gillespie, T. Lawal, C. Love, N. Martinelli, C. Manon, J. Mogbo, I. Nelson, A. Okereke, U. Onyenso, O. Oweh, J. Sellers, P. Spencer, P. Suder, E. Udeh, J. Watkins, A. Williams"
2026-07-06 12:10:55,DOCS,ADDED,"2026-27 Two-Way Signings  + ADDED  Update 1.1 (7/1/26): T. Awaka, T. Bates, T. Bilodeau, J. Bradley, M. Brown, C. Castleton, J. Dix, T. Donaldson, A. Flager, E. Freeman, J. Gillespie, T. Lawal, C. Love, C. Manon, N. Martinelli, J. Mogbo, I. Nelson, A. Okereke, U. Onyenso, O. Oweh, J. Sellers, P. Spencer, P. Suder, E. Udeh, J. Watkins, A. Williams"
2026-07-06 12:09:55,DOCS,REMOVED,"2026-27 Two-Way Signings  - REMOVED 2 Years. Advance Payment ($45,000). Skill; Injury or Illness; Mental. Compensation protection for 2026-27 Season is for $91,000 but will increase to 50% if team has not requested waivers on player on or before the first day of the 2026-27 Regular Season. Compensation protection for 2027-28 Season is none but will increase to the Maximum Two-Way Protection Amount if team has not requested waivers on player on or before 6/29/2027 and increase to 50% if team has not requested waivers on player on or before the first day of the 2027-28 Regular Season. Love of the Game. Physical Exam. Alt. 7(b)."
2026-07-06 12:09:55,DOCS,ADDED,"2026-27 Two-Way Signings  + ADDED  2 Years. Advance Payment ($45,500). Skill; Injury or Illness; Mental. Compensation protection for 2026-27 Season is for $91,000 but will increase to 50% if team has not requested waivers on player on or before the first day of the 2026-27 Regular Season. Compensation protection for 2027-28 Season is none but will increase to the Maximum Two-Way Protection Amount if team has not requested waivers on player on or before 6/29/2027 and increase to 50% if team has not requested waivers on player on or before the first day of the 2027-28 Regular Season. Love of the Game. Physical Exam. Alt. 7(b)."
2026-07-06 12:08:55,DOCS,REMOVED,"2026-27 Two-Way Signings  - REMOVED 2 Years. Advance Payment ($45,000). Skill; Injury or Illness; Mental. Compensation protection for 2026-27 Season is for $91,000 but will increase to 50% if team has not requested waivers on player on or before the first day of the 2026-27 Regular Season. Compensation protection for 2027-28 Season is none but will increase to the Maximum Two-Way Protection Amount if team has not requested waivers on player on or before 6/29/2027 and increase to 5."
2026-07-06 12:08:55,DOCS,REMOVED,2026-27 Two-Way Signings  - REMOVED Love of the Game. Physical Exam. Alt. 7(b).
2026-07-06 12:08:55,DOCS,ADDED,"2026-27 Two-Way Signings  + ADDED  2 Years. Advance Payment ($45,000). Skill; Injury or Illness; Mental. Compensation protection for 2026-27 Season is for $91,000 but will increase to 50% if team has not requested waivers on player on or before the first day of the 2026-27 Regular Season. Compensation protection for 2027-28 Season is none but will increase to the Maximum Two-Way Protection Amount if team has not requested waivers on player on or before 6/29/2027 and increase to 50% if team has not requested waivers on player on or before the first day of the 2027-28 Regular Season. Love of the Game. Physical Exam. Alt. 7(b)."
2026-07-06 12:07:56,DOCS,REMOVED,2026-27 Two-Way Signings  - REMOVED Nicholas Martinelli (2026 NBA DRAFT) Los Angeles Cli
2026-07-06 12:07:56,DOCS,REMOVED,"2026-27 Two-Way Signings  - REMOVED 2 Years. Skill; Injury or Illness. Compensation protection for 2026-27 Season is for $91,000 but will increase to 50% if team has not requested waivers on player on or before the first day of the 2026-27 Regular Season. Compensation protection for 2027-28 Season is none but will increase to the Maximum Two-Way Protection Amount if team has not requested waivers on player on or before 8/1/2027. Love of the Game. Physical Exam. Alt. 7(b)."
2026-07-06 12:07:56,DOCS,REMOVED,2026-27 Two-Way Signings  - REMOVED Execution Date: 7/1/26
2026-07-06 12:07:56,DOCS,ADDED,2026-27 Two-Way Signings  + ADDED  Nicholas Martinelli (2026 NBA DRAFT) Los Angeles Clippers
2026-07-06 12:07:56,DOCS,ADDED,"2026-27 Two-Way Signings  + ADDED  2 Years. Advance Payment ($45,000). Skill; Injury or Illness; Mental. Compensation protection for 2026-27 Season is for $91,000 but will increase to 50% if team has not requested waivers on player on or before the first day of the 2026-27 Regular Season. Compensation protection for 2027-28 Season is none but will increase to the Maximum Two-Way Protection Amount if team has not requested waivers on player on or before 6/29/2027 and increase to 5."
2026-07-06 12:07:56,DOCS,ADDED,2026-27 Two-Way Signings  + ADDED  Love of the Game. Physical Exam. Alt. 7(b).
2026-07-06 12:07:56,DOCS,ADDED,2026-27 Two-Way Signings  + ADDED  Execution Date: 7/5/26
2026-07-06 12:06:55,DOCS,REMOVED,"2026-27 Two-Way Signings  - REMOVED Update 1.1 (7/1/26): T. Awaka, T. Bates, T. Bilodeau, J. Bradley, M. Brown, C. Castleton, J. Dix, T. Donaldson, A. Flager, E. Freeman, J. Gillespie, T. Lawal, C. Love, C. Manon, J. Mogbo, I. Nelson, A. Okereke, U. Onyenso, O. Oweh, J. Sellers, P. Spencer, P. Suder, E. Udeh, J. Watkins, A. Williams"
2026-07-06 12:06:55,DOCS,ADDED,"2026-27 Two-Way Signings  + ADDED  Update 1.1 (7/1/26): T. Awaka, T. Bates, T. Bilodeau, J. Bradley, M. Brown, C. Castleton, J. Dix, T. Donaldson, A. Flager, E. Freeman, J. Gillespie, T. Lawal, C. Love, N. Martinelli, C. Manon, J. Mogbo, I. Nelson, A. Okereke, U. Onyenso, O. Oweh, J. Sellers, P. Spencer, P. Suder, E. Udeh, J. Watkins, A. Williams"
2026-07-06 12:06:55,DOCS,ADDED,2026-27 Two-Way Signings  + ADDED  Nicholas Martinelli (2026 NBA DRAFT) Los Angeles Cli
2026-07-06 12:06:55,DOCS,ADDED,"2026-27 Two-Way Signings  + ADDED  2 Years. Skill; Injury or Illness. Compensation protection for 2026-27 Season is for $91,000 but will increase to 50% if team has not requested waivers on player on or before the first day of the 2026-27 Regular Season. Compensation protection for 2027-28 Season is none but will increase to the Maximum Two-Way Protection Amount if team has not requested waivers on player on or before 8/1/2027. Love of the Game. Physical Exam. Alt. 7(b)."
2026-07-06 12:06:55,DOCS,ADDED,2026-27 Two-Way Signings  + ADDED  Execution Date: 7/1/26
2026-07-06 11:35:54,PLAYERS,CHANGED,~ CHANGED Paul George  team: PHI -> BOS
2026-07-06 11:35:54,PLAYERS,CHANGED,~ CHANGED Anfernee Simons  team: CHI -> PHI
2026-07-06 11:35:54,PLAYERS,CHANGED,~ CHANGED Jaylen Brown  team: BOS -> PHI
2026-07-06 11:21:55,DOCS,REMOVED,"2026-27 Two-Way Signings  - REMOVED Update 1.1 (7/1/26): T. Awaka, T. Bates, T. Bilodeau, J. Bradley, M. Brown, C. Castleton, J. Dix, T. Donaldson, A. Flager, E. Freeman, J. Gillespie, T. Lawal, C. Manon, J. Mogbo, I. Nelson, A. Okereke, U. Onyenso, O. Oweh, J. Sellers, P. Spencer, P. Suder, E. Udeh, J. Watkins, A. Williams"
2026-07-06 11:21:55,DOCS,ADDED,"2026-27 Two-Way Signings  + ADDED  Update 1.1 (7/1/26): T. Awaka, T. Bates, T. Bilodeau, J. Bradley, M. Brown, C. Castleton, J. Dix, T. Donaldson, A. Flager, E. Freeman, J. Gillespie, T. Lawal, C. Love, C. Manon, J. Mogbo, I. Nelson, A. Okereke, U. Onyenso, O. Oweh, J. Sellers, P. Spencer, P. Suder, E. Udeh, J. Watkins, A. Williams"
2026-07-06 11:21:55,DOCS,ADDED,2026-27 Two-Way Signings  + ADDED  Caleb Love Philadelphia 76ers
2026-07-06 11:21:55,DOCS,ADDED,"2026-27 Two-Way Signings  + ADDED  1 Year. Skill; Injury or Illness. Compensation protection for 2026-27 Season is for $91,000 but will increase to 50% if team has not requested waivers on player on or before the first day of the 2026-27 Regular Season. Love of the Game. Physical Exam. Alt. 7(b)."
2026-07-06 11:21:55,DOCS,ADDED,2026-27 Two-Way Signings  + ADDED  Execution Date: 7/5/26
2026-07-06 10:53:55,TRANSACTIONS,Trade,2026-07-06  Boston Celtics received forward Paul George from Philadelphia 76ers.
2026-07-06 10:53:55,TRANSACTIONS,Trade,2026-07-06  Boston Celtics received draft consideration from Philadelphia 76ers.
2026-07-06 10:53:55,TRANSACTIONS,Trade,2026-07-06  Philadelphia 76ers received guard Jaylen Brown from Boston Celtics.
2026-07-06 10:36:55,TRANSACTIONS,Signing,2026-07-06  Philadelphia 76ers signed guard Anfernee Simons to a Contract.
2026-07-06 10:35:54,PLAYERS,ADDED,+ ADDED   Day'Ron Sharpe (BKN)
2026-07-06 10:35:54,PLAYERS,ADDED,+ ADDED   Josh Minott (BKN)
2026-07-06 10:35:54,PLAYERS,CHANGED,~ CHANGED Dean Wade  team: CLE -> PHI
2026-07-06 10:35:54,PLAYERS,CHANGED,~ CHANGED Aaron Wiggins  team: OKC -> ATL
2026-07-06 10:35:54,PLAYERS,CHANGED,~ CHANGED Giannis Antetokounmpo  team: MIL -> MIA
2026-07-06 10:35:54,PLAYERS,CHANGED,~ CHANGED Kel'el Ware  team: MIA -> MIL
2026-07-06 10:35:54,PLAYERS,CHANGED,~ CHANGED Tyler Herro  team: MIA -> MIL
2026-07-06 10:35:54,PLAYERS,CHANGED,~ CHANGED Bobby Portis  team: MIL -> MIA
2026-07-06 10:35:54,PLAYERS,CHANGED,~ CHANGED Nate Ament  name: Nathaniel Ament -> Nate Ament
2026-07-06 10:35:54,PLAYERS,CHANGED,~ CHANGED Nate Ament  team: MIA -> MIL
2026-07-06 10:35:54,PLAYERS,CHANGED,~ CHANGED Jaime Jaquez Jr.  team: MIA -> MIL
2026-07-06 10:35:54,PLAYERS,CHANGED,~ CHANGED Kasparas Jakučionis  name: Kasparas Jakucionis -> Kasparas Jakučionis
2026-07-06 10:35:54,PLAYERS,CHANGED,~ CHANGED Kasparas Jakučionis  team: MIA -> MIL
2026-07-06 10:35:54,PLAYERS,CHANGED,~ CHANGED Kasparas Jakučionis  school: University of Illinois at Urbana?Ch -> Illinois-Urbana-Champaign
2026-07-06 10:16:54,PLAYERS,CHANGED,~ CHANGED Nathaniel Ament  name: Nate Ament -> Nathaniel Ament
2026-07-06 10:16:54,PLAYERS,CHANGED,~ CHANGED Kasparas Jakucionis  name: Kasparas Jakučionis -> Kasparas Jakucionis
2026-07-06 10:16:54,PLAYERS,CHANGED,~ CHANGED Kasparas Jakucionis  school: Illinois-Urbana-Champaign -> University of Illinois at Urbana?Ch
2026-07-06 10:15:55,TRANSACTIONS,Trade,2026-07-06  Miami Heat received forward Bobby Portis from Milwaukee Bucks.
2026-07-06 10:15:55,TRANSACTIONS,Trade,2026-07-06  Miami Heat received forward Giannis Antetokounmpo from Milwaukee Bucks.
2026-07-06 10:15:55,TRANSACTIONS,Trade,2026-07-06  Milwaukee Bucks received guard Kasparas Jakucionis from Miami Heat.
2026-07-06 10:15:55,TRANSACTIONS,Trade,2026-07-06  Milwaukee Bucks received center Kel'el Ware from Miami Heat.
2026-07-06 10:15:55,TRANSACTIONS,Trade,2026-07-06  Milwaukee Bucks received guard Jaime Jaquez Jr. from Miami Heat.
2026-07-06 10:15:55,TRANSACTIONS,Trade,2026-07-06  Milwaukee Bucks received guard Tyler Herro from Miami Heat.
2026-07-06 10:15:55,TRANSACTIONS,Trade,2026-07-06  Milwaukee Bucks received draft consideration from Miami Heat.
2026-07-06 09:53:55,TRANSACTIONS,Signing,2026-07-06  Brooklyn Nets signed center Day'Ron Sharpe to a Contract.
2026-07-06 09:53:55,TRANSACTIONS,Signing,2026-07-06  Brooklyn Nets signed forward Josh Minott to a Contract.
2026-07-06 09:43:55,TRANSACTIONS,Signing,2026-07-06  Philadelphia 76ers signed forward Dean Wade to a Contract.
2026-07-06 09:35:54,PLAYERS,REMOVED,- REMOVED Ochai Agbaji (BKN)
2026-07-06 09:35:54,PLAYERS,REMOVED,- REMOVED Day'Ron Sharpe (BKN)
2026-07-06 09:35:54,PLAYERS,REMOVED,- REMOVED Josh Minott (BKN)
2026-07-06 09:35:54,PLAYERS,CHANGED,~ CHANGED Tobi Lawal  number: - -> 33
2026-07-06 09:35:54,PLAYERS,CHANGED,~ CHANGED AK Okereke  position: - -> F
2026-07-06 09:35:54,PLAYERS,CHANGED,~ CHANGED AK Okereke  height: - -> 6-7
2026-07-06 09:35:54,PLAYERS,CHANGED,~ CHANGED AK Okereke  weight: - -> 244
2026-07-06 09:35:54,PLAYERS,CHANGED,~ CHANGED John Poulakidas  number: - -> 1
2026-07-06 09:35:54,PLAYERS,CHANGED,~ CHANGED Peter Suder  position: - -> G
2026-07-06 09:35:54,PLAYERS,CHANGED,~ CHANGED Peter Suder  height: - -> 6-5
2026-07-06 09:35:54,PLAYERS,CHANGED,~ CHANGED Peter Suder  weight: - -> 215
2026-07-06 09:35:54,PLAYERS,CHANGED,"~ CHANGED Peter Suder  school: Miami, Ohio -> Miami (Ohio)"
2026-07-06 09:34:55,TRANSACTIONS,Trade,2026-07-06  Atlanta Hawks received guard Aaron Wiggins from Oklahoma City Thunder.
2026-07-06 09:34:55,TRANSACTIONS,Trade,2026-07-06  Oklahoma City Thunder received draft consideration from Atlanta Hawks.
2026-07-06 09:12:55,TRANSACTIONS,Signing,2026-07-06  Charlotte Hornets signed guard Christian Anderson to a Rookie Scale Contract.
2026-07-06 09:12:54,PLAYERS,CHANGED,~ CHANGED AK Okereke  school: - -> Vanderbilt
2026-07-06 09:12:54,PLAYERS,CHANGED,~ CHANGED AK Okereke  country: - -> USA
2026-07-06 09:12:54,PLAYERS,CHANGED,"~ CHANGED Peter Suder  school: Miami (OH) -> Miami, Ohio"
2026-07-06 09:12:54,PLAYERS,CHANGED,~ CHANGED Peter Suder  country: - -> USA
2026-07-06 09:01:55,TRANSACTIONS,Signing,2026-07-06  Charlotte Hornets signed forward Hannes Steinbach to a Rookie Scale Contract.
2026-07-06 09:01:55,TRANSACTIONS,Signing,2026-07-03  Los Angeles Lakers signed guard Peter Suder to a Two-Way Contract.
2026-07-06 09:01:55,TRANSACTIONS,Signing,2026-07-03  Los Angeles Lakers signed forward AK Okereke to a Two-Way Contract.
2026-07-06 08:34:54,PLAYERS,ADDED,+ ADDED   Kam Jones (MIL)
2026-07-06 08:34:54,PLAYERS,REMOVED,- REMOVED Quinten Post (GSW)
2026-07-06 08:13:55,TRANSACTIONS,Signing,2026-07-06  Milwaukee Bucks signed guard Kam Jones to a Two-Way Contract.
2026-07-06 08:13:55,TRANSACTIONS,Signing,2026-07-05  LA Clippers signed forward Nick Martinelli to a Two-Way Contract.
2026-07-06 08:13:55,TRANSACTIONS,Signing,2026-07-05  Milwaukee Bucks signed guard Brayden Burries to a Rookie Scale Contract.
2026-07-06 08:04:55,TRANSACTIONS,Signing,2026-07-06  Milwaukee Bucks signed guard Brayden Burries to a Rookie Scale Contract.
2026-07-06 08:04:55,TRANSACTIONS,Signing,2026-07-02  Washington Wizards signed forward AJ Dybantsa to a Rookie Scale Contract.
2026-07-06 07:58:55,TRANSACTIONS,Signing,2026-07-06  LA Clippers signed forward Nick Martinelli to a Two-Way Contract.
2026-07-05 18:15:00,DOCS,REMOVED,"2026-27 Veteran Signings  - REMOVED 2 Years for $4,757,011. Minimum Salary Exception. Advance Payment ($50,000). Skill; Injury or Illness; Death. Compensation protection for 2027-28 Season is for $500,000 but will increase to full if team has not requested waivers on player on or before"
2026-07-05 18:15:00,DOCS,REMOVED,2026-27 Veteran Signings  - REMOVED Love of the Game. Physical Exam. Alt. 7(b).
2026-07-05 18:15:00,DOCS,REMOVED,2026-27 Veteran Signings  - REMOVED Execution Date: 7/1/26
2026-07-05 18:15:00,DOCS,ADDED,"2026-27 Veteran Signings  + ADDED  2 Years for $4,757,011. Minimum Salary Exception. Advance Payment ($50,000). Skill; Injury or Illness; Death. Compensation protection for 2027-28 Season is for $500,000 but will increase to full if team has not requested waivers on player on or before 7/1/2027. Love of the Game. Alt. 7(b)."
2026-07-05 18:15:00,DOCS,ADDED,2026-27 Veteran Signings  + ADDED  Execution Date: 7/3/26
2026-07-05 18:14:00,DOCS,REMOVED,"2026-27 Veteran Signings  - REMOVED 27-28 $2,57"
2026-07-05 18:14:00,DOCS,REMOVED,2026-27 Veteran Signings  - REMOVED Minimum Salary Exception. Skill; Injury or Illness; Mental; Death. Love of the Game. Physical Exam. Alt. 7(b).
2026-07-05 18:14:00,DOCS,ADDED,"2026-27 Veteran Signings  + ADDED  27-28 $2,571,895"
2026-07-05 18:14:00,DOCS,ADDED,"2026-27 Veteran Signings  + ADDED  2 Years for $4,757,011. Minimum Salary Exception. Advance Payment ($50,000). Skill; Injury or Illness; Death. Compensation protection for 2027-28 Season is for $500,000 but will increase to full if team has not requested waivers on player on or before"
2026-07-05 18:14:00,DOCS,ADDED,2026-27 Veteran Signings  + ADDED  Love of the Game. Physical Exam. Alt. 7(b).
2026-07-05 18:12:58,DOCS,REMOVED,"2026-27 Veteran Signings  - REMOVED Update 1.1 (7/1/26): B. Carlson, J. Carter, N. Hyland, J. Isaac, N. Vukevic"
2026-07-05 18:12:58,DOCS,ADDED,"2026-27 Veteran Signings  + ADDED  Update 1.1 (7/1/26): B. Carlson, J. Carter, S. Fontecchio, N. Hyland, J. Isaac, A. Martin, N. Vukevic"
2026-07-05 18:12:58,DOCS,ADDED,2026-27 Veteran Signings  + ADDED  Alijah Martin Toronto Raptors
2026-07-05 18:12:58,DOCS,ADDED,"2026-27 Veteran Signings  + ADDED  26-27 $2,185,116"
2026-07-05 18:12:58,DOCS,ADDED,"2026-27 Veteran Signings  + ADDED  27-28 $2,57"
2026-07-05 18:12:58,DOCS,ADDED,2026-27 Veteran Signings  + ADDED  Minimum Salary Exception. Skill; Injury or Illness; Mental; Death. Love of the Game. Physical Exam. Alt. 7(b).
2026-07-05 18:12:58,DOCS,ADDED,2026-27 Veteran Signings  + ADDED  Execution Date: 7/1/26
2026-07-05 18:12:35,SHEETS,ADDED,"TOR  + ADDED  Martin, Alijah | 1 - FULL SEASON | 2185116.0 | 2571895.0 |  |  |  |  | 4757011"
2026-07-05 18:12:35,SHEETS,REMOVED,TOR  - REMOVED  |  |  |  |  |  |  |  | 0
2026-07-05 18:12:35,SHEETS,REMOVED,"TOR  - REMOVED TEAM SALARY (Art, I §1 (nnn)): |  | 209975203.1 | 163657443.8 | 123271894 | 85221375.6 | 0 | 0 | 582125916.5"
2026-07-05 18:12:35,SHEETS,ADDED,"TOR  + ADDED  TEAM SALARY (Art, I §1 (nnn)): |  | 212160319.1 | 166229338.8 | 123271894 | 85221375.6 | 0 | 0 | 586882927.5"
2026-07-05 18:12:35,SHEETS,REMOVED,TOR  - REMOVED Players Under Contract |  | 192028098.1 | 163657443.8 | 123271894 | 85221375.6 | 0 | 0 | BOLD = Option Year
2026-07-05 18:12:35,SHEETS,REMOVED,"TOR  - REMOVED Full Season Contracts |  | 192028098.1 | 163657443.8 | 123271894 | 85221375.6 | 0 | 0 | *=Projected Exten,,"
2026-07-05 18:12:35,SHEETS,ADDED,TOR  + ADDED  Players Under Contract |  | 194213214.1 | 166229338.8 | 123271894 | 85221375.6 | 0 | 0 | BOLD = Option Year
2026-07-05 18:12:35,SHEETS,ADDED,"TOR  + ADDED  Full Season Contracts |  | 194213214.1 | 166229338.8 | 123271894 | 85221375.6 | 0 | 0 | *=Projected Exten,,"
2026-07-05 18:12:35,SHEETS,REMOVED,"TOR  - REMOVED Avg, Salary (Mean) (ALL Compensation Obligations) |  |  | Players Under Contract |  | 12"
2026-07-05 18:12:35,SHEETS,REMOVED,"TOR  - REMOVED Avg, Salary (Mean) (No 10-Day K's) |  |  | Avaiable Spots |  | 3"
2026-07-05 18:12:35,SHEETS,REMOVED,"TOR  - REMOVED Avg, Salary (Mean) (No 10-Day K's & ROS) |  |  | Players to Reach Roster Min, |  | 1"
2026-07-05 18:12:35,SHEETS,ADDED,"TOR  + ADDED  Avg, Salary (Mean) (ALL Compensation Obligations) |  |  | Players Under Contract |  | 13"
2026-07-05 18:12:35,SHEETS,ADDED,"TOR  + ADDED  Avg, Salary (Mean) (No 10-Day K's) |  |  | Avaiable Spots |  | 2"
2026-07-05 18:12:35,SHEETS,ADDED,"TOR  + ADDED  Avg, Salary (Mean) (No 10-Day K's & ROS) |  |  | Players to Reach Roster Min, |  | 0"
2026-07-05 18:12:35,SHEETS,REMOVED,Luxury Tax Calculator  - REMOVED Luxury Tax | 0 | 0 | 0 | 0 | 0 | 0 | 0 | 23501723 | 0 | 0 | 0 | 10706857.6 | 0 | 0 | 0 | 0 | 0 | 2536082 | 435790.92 | 13065628 | 36309610 | 29970320.04 | 0 | 702276.5238 | 6712130.274 | 26574062 | 0 | 4133098.14 | 0 | 0
2026-07-05 18:12:35,SHEETS,REMOVED,Luxury Tax Calculator  - REMOVED 1st Incremental Tax Bracket | 0 | 0 | 0 | 0 | 0 | 0 | 0 | 17055000 | 0 | 0 | 0 | 5685000 | 0 | 0 | 0 | 0 | 0 | 2536082 | 435790.92 | 5685000 | 5685000 | 5685000 | 0 | 2106829.571 | 5685000 | 5685000 | 0 | 4133098.14 | 0 | 0
2026-07-05 18:12:35,SHEETS,REMOVED,Luxury Tax Calculator  - REMOVED 2nd Incremental Tax Bracket | 0 | 0 | 0 | 0 | 0 | 0 | 0 | 18476250 | 0 | 0 | 0 | 6277322 | 0 | 0 | 0 | 0 | 0 | 0 | 0 | 7106250 | 7106250 | 7106250 | 0 | 0 | 1283912.843 | 7106250 | 0 | 0 | 0 | 0
2026-07-05 18:12:35,SHEETS,ADDED,Luxury Tax Calculator  + ADDED  Luxury Tax | 0 | 0 | 0 | 0 | 0 | 0 | 0 | 23501723 | 0 | 0 | 0 | 10706857.6 | 0 | 0 | 0 | 0 | 0 | 2536082 | 435790.92 | 13065628 | 36309610 | 29970320.04 | 0 | 702276.5238 | 6712130.274 | 26574062 | 0 | 6318214.14 | 0 | 0
2026-07-05 18:12:35,SHEETS,ADDED,Luxury Tax Calculator  + ADDED  1st Incremental Tax Bracket | 0 | 0 | 0 | 0 | 0 | 0 | 0 | 17055000 | 0 | 0 | 0 | 5685000 | 0 | 0 | 0 | 0 | 0 | 2536082 | 435790.92 | 5685000 | 5685000 | 5685000 | 0 | 2106829.571 | 5685000 | 5685000 | 0 | 5685000 | 0 | 0
2026-07-05 18:12:35,SHEETS,ADDED,Luxury Tax Calculator  + ADDED  2nd Incremental Tax Bracket | 0 | 0 | 0 | 0 | 0 | 0 | 0 | 18476250 | 0 | 0 | 0 | 6277322 | 0 | 0 | 0 | 0 | 0 | 0 | 0 | 7106250 | 7106250 | 7106250 | 0 | 0 | 1283912.843 | 7106250 | 0 | 791517.675 | 0 | 0
2026-07-05 18:12:35,SHEETS,REMOVED,Luxury Tax Calculator  - REMOVED Tax Liability | 0 | 0 | 0 | 0 | 0 | 0 | 0 | 110694991.8 | 0 | 0 | 0 | 11962322 | 0 | 0 | 0 | 0 | 0 | 2536082 | 435790.92 | 18725948 | 135975062.5 | 98424340.23 | 0 | 2106829.571 | 6968912.843 | 79821325.5 | 0 | 4133098.14 | 0 | 0
2026-07-05 18:12:35,SHEETS,ADDED,Luxury Tax Calculator  + ADDED  Tax Liability | 0 | 0 | 0 | 0 | 0 | 0 | 0 | 110694991.8 | 0 | 0 | 0 | 11962322 | 0 | 0 | 0 | 0 | 0 | 2536082 | 435790.92 | 18725948 | 135975062.5 | 98424340.23 | 0 | 2106829.571 | 6968912.843 | 79821325.5 | 0 | 6476517.675 | 0 | 0
2026-07-05 18:12:21,DOCS,REMOVED,"2026-27 Veteran Signings  - REMOVED Update 1.1 (7/1/26): B. Carlson, J. Carter, J. Isaac, S. Fontecchio, N. Vukevic"
2026-07-05 18:12:21,DOCS,ADDED,"2026-27 Veteran Signings  + ADDED  Update 1.1 (7/1/26): B. Carlson, J. Carter, N. Hyland, J. Isaac, N. Vukevic"
2026-07-05 18:09:05,DOCS,ADDED,2026-27 Two-Way Signings  + ADDED  Maliq Brown (2026 NBA DRAFT) San Antonio Spurs
2026-07-05 18:09:05,DOCS,ADDED,"2026-27 Two-Way Signings  + ADDED  1 Year. Skill; Injury or Illness. Compensation protection for 2026-27 Season is for $91,000 but will increase to 50% if team has not requested waivers on player on or before the first day of the 2026-27 Regular Season. Love of the Game. Physical Exam. Alt. 7(b)."
2026-07-05 18:09:05,DOCS,ADDED,2026-27 Two-Way Signings  + ADDED  Execution Date: 7/3/26
2026-07-05 18:09:05,DOCS,ADDED,2026-27 Two-Way Signings  + ADDED  JaKobi Gillespie (2026 NBA DRAFT) San Antonio Spurs
2026-07-05 18:09:05,DOCS,ADDED,"2026-27 Two-Way Signings  + ADDED  1 Year. Skill; Injury or Illness. Compensation protection for 2026-27 Season is for $91,000 but will increase to 50% if team has not requested waivers on player on or before the first day of the 2026-27 Regular Season. Love of the Game. Physical Exam. Alt. 7(b)."
2026-07-05 18:09:05,DOCS,ADDED,2026-27 Two-Way Signings  + ADDED  Execution Date: 7/3/26
2026-07-05 18:07:59,DOCS,REMOVED,"2026-27 Two-Way Signings  - REMOVED Update 1.1 (7/1/26): T. Awaka, T. Bates, T. Bilodeau, J. Bradley, C. Castleton, J. Dix, T. Donaldson, A. Flager, E. Freeman, T. Lawal, C. Manon, J. Mogbo, I. Nelson, A. Okereke, U. Onyenso, O. Oweh, J. Sellers, P. Spencer, P. Suder, E. Udeh, J. Watkins, A. Williams"
2026-07-05 18:07:59,DOCS,ADDED,"2026-27 Two-Way Signings  + ADDED  Update 1.1 (7/1/26): T. Awaka, T. Bates, T. Bilodeau, J. Bradley, M. Brown, C. Castleton, J. Dix, T. Donaldson, A. Flager, E. Freeman, J. Gillespie, T. Lawal, C. Manon, J. Mogbo, I. Nelson, A. Okereke, U. Onyenso, O. Oweh, J. Sellers, P. Spencer, P. Suder, E. Udeh, J. Watkins, A. Williams"
2026-07-05 18:07:03,DOCS,REMOVED,"2026-27 Rookie Signings  - REMOVED 27-28 $2,692,100 ($)"
2026-07-05 18:07:03,DOCS,ADDED,"2026-27 Rookie Signings  + ADDED  27-28 $2,692,100 ($3,230,520)"
2026-07-05 18:06:10,DOCS,ADDED,2026-27 Rookie Signings  + ADDED  #26 Tarris Reed Jr. San Antonio Spurs
2026-07-05 18:06:10,DOCS,ADDED,"2026-27 Rookie Signings  + ADDED  26-27 $3,076,920"
2026-07-05 18:06:10,DOCS,ADDED,"2026-27 Rookie Signings  + ADDED  27-28 $2,692,100 ($)"
2026-07-05 18:06:10,DOCS,ADDED,"2026-27 Rookie Signings  + ADDED  28-29 $3,384,480 (Team Option)"
2026-07-05 18:06:10,DOCS,ADDED,"2026-27 Rookie Signings  + ADDED  29-30 $6,102,217 (Team Option)"
2026-07-05 18:06:10,DOCS,ADDED,"2026-27 Rookie Signings  + ADDED  120% (with likely to be earned bonuses - Summer League and Summer Conditioning). Rookie Scale Exception. Advance Payment ($307,692). Skill; Injury or Illness. Love of the Game. Physical Exam. Alt. 7(b)."
2026-07-05 18:06:10,DOCS,ADDED,2026-27 Rookie Signings  + ADDED  Execution Date: 7/3/26
2026-07-05 18:04:58,DOCS,REMOVED,"2026-27 Rookie Signings  - REMOVED 27-28 $3,414,900 ($)"
2026-07-05 18:04:58,DOCS,ADDED,"2026-27 Rookie Signings  + ADDED  27-28 $3,414,900 ($4,097,880)"
2026-07-05 18:04:12,DOCS,REMOVED,"2026-27 Rookie Signings  - REMOVED 26-27 $3,902,"
2026-07-05 18:04:12,DOCS,REMOVED,"2026-27 Rookie Signings  - REMOVED 27-28 $4,127,700 ($4,953,240)"
2026-07-05 18:04:12,DOCS,REMOVED,"2026-27 Rookie Signings  - REMOVED 28-29 $5,189,400 (Team Option)"
2026-07-05 18:04:12,DOCS,REMOVED,"2026-27 Rookie Signings  - REMOVED 29-30 $7,960,540 (Team Option)"
2026-07-05 18:04:12,DOCS,REMOVED,2026-27 Rookie Signings  - REMOVED 120% (with likely to be earned bonuses - Summer League and Summer Conditioning). Rookie Scale Exception. Insurance Premium Reimbursement. Skill; Injury or Illness; Mental. Love of the Game. Physical Exam. Alt. 7(b).
2026-07-05 18:04:12,DOCS,ADDED,"2026-27 Rookie Signings  + ADDED  26-27 $3,902,760"
2026-07-05 18:04:12,DOCS,ADDED,"2026-27 Rookie Signings  + ADDED  27-28 $3,414,900 ($)"
2026-07-05 18:04:12,DOCS,ADDED,"2026-27 Rookie Signings  + ADDED  28-29 $4,292,880 (Team Option)"
2026-07-05 18:04:12,DOCS,ADDED,"2026-27 Rookie Signings  + ADDED  29-30 $6,619,621 (Team Option)"
2026-07-05 18:04:12,DOCS,ADDED,"2026-27 Rookie Signings  + ADDED  120% (with likely to be earned bonuses - Summer League and Summer Conditioning). Rookie Scale Exception. Advance Payment ($390,276). Skill; Injury or Illness. Love of the Game. Physical Exam. Alt. 7(b)."
2026-07-05 18:02:53,DOCS,REMOVED,"2026-27 Rookie Signings  - REMOVED Update 1.1 (7/1/26): A. Dybantsa, D. Peterson, C. Wilson, K. Wagler, M. Brown, D. Acuff Jr., K. Flemings, M. Johnson, A. Mara, Y. Lendeborg, D. Swain, A. Graves, L. Philon, Z. Eijfor, C. Carr, S. De Larrea, C. Cenac, A. Karaban, K. Peat, M. Thomas, R. Conwell, E. Sharp, B. Markovic, H. Veesaar"
2026-07-05 18:02:53,DOCS,ADDED,"2026-27 Rookie Signings  + ADDED  Update 1.1 (7/1/26): A. Dybantsa, D. Peterson, C. Wilson, K. Wagler, M. Brown, D. Acuff Jr., K. Flemings, M. Johnson, A. Mara, Y. Lendeborg, D. Swain, A. Graves, J. Quaintance, L. Philon, Z. Eijfor, C. Carr, S. De Larrea, T. Reed Jr., C. Cenac, A. Karaban, K. Peat, M. Thomas, R. Conwell, E. Sharp, B. Markovic, H. Veesaar"
2026-07-05 18:02:53,DOCS,ADDED,2026-27 Rookie Signings  + ADDED  #20 Jayden Quaintance San Antonio Spurs
2026-07-05 18:02:53,DOCS,ADDED,"2026-27 Rookie Signings  + ADDED  26-27 $3,902,"
2026-07-05 18:02:53,DOCS,ADDED,"2026-27 Rookie Signings  + ADDED  27-28 $4,127,700 ($4,953,240)"
2026-07-05 18:02:53,DOCS,ADDED,"2026-27 Rookie Signings  + ADDED  28-29 $5,189,400 (Team Option)"
2026-07-05 18:02:53,DOCS,ADDED,"2026-27 Rookie Signings  + ADDED  29-30 $7,960,540 (Team Option)"
2026-07-05 18:02:53,DOCS,ADDED,2026-27 Rookie Signings  + ADDED  120% (with likely to be earned bonuses - Summer League and Summer Conditioning). Rookie Scale Exception. Insurance Premium Reimbursement. Skill; Injury or Illness; Mental. Love of the Game. Physical Exam. Alt. 7(b).
2026-07-05 18:02:53,DOCS,ADDED,2026-27 Rookie Signings  + ADDED  Execution Date: 7/3/26
2026-07-05 17:58:59,DOCS,REMOVED,"2026-27 Rookie Signings  - REMOVED Update 1.1 (7/1/26): A. Dybantsa, D. Peterson, C. Wilson, K. Wagler, M. Brown, D. Acuff Jr., K. Flemings, M. Johnson, A. Mara, Y. Lendeborg, D. Swain, A. Graves, L. Philon, Z. Eijfor, C. Carr, S. De Larrea, A. Karaban, K. Peat, M. Thomas, R. Conwell, E. Sharp, B. Markovic, H. Veesaar"
2026-07-05 17:58:59,DOCS,ADDED,"2026-27 Rookie Signings  + ADDED  Update 1.1 (7/1/26): A. Dybantsa, D. Peterson, C. Wilson, K. Wagler, M. Brown, D. Acuff Jr., K. Flemings, M. Johnson, A. Mara, Y. Lendeborg, D. Swain, A. Graves, L. Philon, Z. Eijfor, C. Carr, S. De Larrea, C. Cenac, A. Karaban, K. Peat, M. Thomas, R. Conwell, E. Sharp, B. Markovic, H. Veesaar"
2026-07-05 17:48:57,SHEETS,REMOVED,"SAN  - REMOVED Quaintance, Jayden | 1 - FULL SEASON | 3902760.0 | 4097880.0 | 4292880.0 | 6619620.96 |  |  | 18913140.96"
2026-07-05 17:48:57,SHEETS,REMOVED,"SAN  - REMOVED Reed, Tarris | 1 - FULL SEASON | 3076920.0 | 3230520.0 | 3384480.0 | 6102217.4399999995 |  |  | 15794137.44"
2026-07-05 17:48:57,SHEETS,REMOVED,"SAN  - REMOVED TEAM SALARY (Art, I §1 (nnn)): |  | 243609641.5 | 149781398.8 | 149417679 | 86809168.8 | 0 | 0 | 629617888.1"
2026-07-05 17:48:57,SHEETS,ADDED,SAN  + ADDED   |  |  |  |  |  |  |  | 0
2026-07-05 17:48:57,SHEETS,ADDED,SAN  + ADDED   |  |  |  |  |  |  |  | 0
2026-07-05 17:48:57,SHEETS,ADDED,"SAN  + ADDED  TEAM SALARY (Art, I §1 (nnn)): |  | 236629961.5 | 142452998.8 | 141740319 | 74087330.4 | 0 | 0 | 594910609.7"
2026-07-05 17:48:57,SHEETS,REMOVED,SAN  - REMOVED Players Under Contract |  | 179766225.7 | 149781398.8 | 149417679 | 86809168.8 | 0 | 0 | BOLD = Option Year
2026-07-05 17:48:57,SHEETS,REMOVED,"SAN  - REMOVED Full Season Contracts |  | 179766225.7 | 149781398.8 | 149417679 | 86809168.8 | 0 | 0 | *=Projected Exten,,"
2026-07-05 17:48:57,SHEETS,ADDED,SAN  + ADDED  Players Under Contract |  | 172786545.7 | 142452998.8 | 141740319 | 74087330.4 | 0 | 0 | BOLD = Option Year
2026-07-05 17:48:57,SHEETS,ADDED,"SAN  + ADDED  Full Season Contracts |  | 172786545.7 | 142452998.8 | 141740319 | 74087330.4 | 0 | 0 | *=Projected Exten,,"
2026-07-05 17:48:57,SHEETS,REMOVED,"SAN  - REMOVED Avg, Salary (Mean) (ALL Compensation Obligations) |  |  | Players Under Contract |  | 13"
2026-07-05 17:48:57,SHEETS,REMOVED,"SAN  - REMOVED Avg, Salary (Mean) (No 10-Day K's) |  |  | Avaiable Spots |  | 2"
2026-07-05 17:48:57,SHEETS,REMOVED,"SAN  - REMOVED Avg, Salary (Mean) (No 10-Day K's & ROS) |  |  | Players to Reach Roster Min, |  | 0"
2026-07-05 17:48:57,SHEETS,ADDED,"SAN  + ADDED  Avg, Salary (Mean) (ALL Compensation Obligations) |  |  | Players Under Contract |  | 11"
2026-07-05 17:48:57,SHEETS,ADDED,"SAN  + ADDED  Avg, Salary (Mean) (No 10-Day K's) |  |  | Avaiable Spots |  | 4"
2026-07-05 17:48:57,SHEETS,ADDED,"SAN  + ADDED  Avg, Salary (Mean) (No 10-Day K's & ROS) |  |  | Players to Reach Roster Min, |  | 2"
2026-07-05 17:47:57,SHEETS,ADDED,"SAN  + ADDED  Quaintance, Jayden | 1 - FULL SEASON | 3902760.0 | 4097880.0 | 4292880.0 | 6619620.96 |  |  | 18913140.96"
2026-07-05 17:47:57,SHEETS,ADDED,"SAN  + ADDED  Reed, Tarris | 1 - FULL SEASON | 3076920.0 | 3230520.0 | 3384480.0 | 6102217.4399999995 |  |  | 15794137.44"
2026-07-05 17:47:57,SHEETS,REMOVED,"SAN  - REMOVED Quaintance, Jayden | 6 - DRAFT PICK | 3902760.0 | 4097880.0 | 4292880.0 | 6619620.96 |  |  | 18913140.96"
2026-07-05 17:47:57,SHEETS,REMOVED,"SAN  - REMOVED Reed, Tarris | 6 - DRAFT PICK | 3076920.0 | 3230520.0 | 3384480.0 | 6102217.4399999995 |  |  | 15794137.44"
2026-07-05 17:47:57,SHEETS,ADDED,"SAN  + ADDED  Quaintance, Jayden | 1 - FULL SEASON | 3902760.0 | 4097880.0 | 4292880.0 | 6619620.96 |  |  | 18913140.96"
2026-07-05 17:47:57,SHEETS,ADDED,"SAN  + ADDED  Reed, Tarris | 1 - FULL SEASON | 3076920.0 | 3230520.0 | 3384480.0 | 6102217.4399999995 |  |  | 15794137.44"
2026-07-05 17:47:57,SHEETS,REMOVED,SAN  - REMOVED  |  |  |  |  |  |  |  | 0
2026-07-05 17:47:57,SHEETS,REMOVED,SAN  - REMOVED  |  |  |  |  |  |  |  | 0
2026-07-05 17:47:57,SHEETS,REMOVED,"SAN  - REMOVED TEAM SALARY (Art, I §1 (nnn)): |  | 236629961.5 | 142452998.8 | 141740319 | 74087330.4 | 0 | 0 | 594910609.7"
2026-07-05 17:47:57,SHEETS,ADDED,"SAN  + ADDED  TEAM SALARY (Art, I §1 (nnn)): |  | 243609641.5 | 149781398.8 | 149417679 | 86809168.8 | 0 | 0 | 629617888.1"
2026-07-05 17:47:57,SHEETS,REMOVED,SAN  - REMOVED Players Under Contract |  | 165806865.7 | 135124598.8 | 134062959 | 61365492 | 0 | 0 | BOLD = Option Year
2026-07-05 17:47:57,SHEETS,REMOVED,"SAN  - REMOVED Full Season Contracts |  | 165806865.7 | 135124598.8 | 134062959 | 61365492 | 0 | 0 | *=Projected Exten,,"
2026-07-05 17:47:57,SHEETS,ADDED,SAN  + ADDED  Players Under Contract |  | 179766225.7 | 149781398.8 | 149417679 | 86809168.8 | 0 | 0 | BOLD = Option Year
2026-07-05 17:47:57,SHEETS,ADDED,"SAN  + ADDED  Full Season Contracts |  | 179766225.7 | 149781398.8 | 149417679 | 86809168.8 | 0 | 0 | *=Projected Exten,,"
2026-07-05 17:47:57,SHEETS,REMOVED,SAN  - REMOVED Draft Picks |  | 6979680 | 7328400 | 7677360 | 12721838.4 | 0 | 0
2026-07-05 17:47:57,SHEETS,ADDED,SAN  + ADDED  Draft Picks |  | 0 | 0 | 0 | 0 | 0 | 0
2026-07-05 17:47:57,SHEETS,REMOVED,"SAN  - REMOVED Avg, Salary (Mean) (ALL Compensation Obligations) |  |  | Players Under Contract |  | 9"
2026-07-05 17:47:57,SHEETS,REMOVED,"SAN  - REMOVED Avg, Salary (Mean) (No 10-Day K's) |  |  | Avaiable Spots |  | 6"
2026-07-05 17:47:57,SHEETS,REMOVED,"SAN  - REMOVED Avg, Salary (Mean) (No 10-Day K's & ROS) |  |  | Players to Reach Roster Min, |  | 4"
2026-07-05 17:47:57,SHEETS,ADDED,"SAN  + ADDED  Avg, Salary (Mean) (ALL Compensation Obligations) |  |  | Players Under Contract |  | 13"
2026-07-05 17:47:57,SHEETS,ADDED,"SAN  + ADDED  Avg, Salary (Mean) (No 10-Day K's) |  |  | Avaiable Spots |  | 2"
2026-07-05 17:47:57,SHEETS,ADDED,"SAN  + ADDED  Avg, Salary (Mean) (No 10-Day K's & ROS) |  |  | Players to Reach Roster Min, |  | 0"
2026-07-05 17:46:56,DOCS,REMOVED,"2026-27 Rookie Signings  - REMOVED 26-27 $2,988,1"
2026-07-05 17:46:56,DOCS,REMOVED,"2026-27 Rookie Signings  - REMOVED 27-28 $3,341,280"
2026-07-05 17:46:56,DOCS,REMOVED,"2026-27 Rookie Signings  - REMOVED 28-29 $3,500,880 (Team Option)"
2026-07-05 17:46:56,DOCS,REMOVED,"2026-27 Rookie Signings  - REMOVED 29-30 $6,305,085 (Team Option)"
2026-07-05 17:46:56,DOCS,REMOVED,"2026-27 Rookie Signings  - REMOVED 120%. Rookie Scale Exception. Advance Payment ($477,342). Skill; Injury or Illness; Mental; Death. Love of the Game. Physical Exam. Alt. 7(b)."
2026-07-05 17:46:56,DOCS,REMOVED,2026-27 Rookie Signings  - REMOVED Execution Date: 7/3/26
2026-07-05 17:46:56,DOCS,ADDED,"2026-27 Rookie Signings  + ADDED  26-27 $2,988,120"
2026-07-05 17:46:56,DOCS,ADDED,"2026-27 Rookie Signings  + ADDED  27-28 $3,137,640"
2026-07-05 17:46:56,DOCS,ADDED,"2026-27 Rookie Signings  + ADDED  28-29 $3,287,400 (Team Option)"
2026-07-05 17:46:56,DOCS,ADDED,"2026-27 Rookie Signings  + ADDED  29-30 $5,930,470 (Team Option)"
2026-07-05 17:46:56,DOCS,ADDED,"2026-27 Rookie Signings  + ADDED  120%. Rookie Scale Exception. Advance Payment ($250,000). Insurance Premium Reimbursement. Skill; Injury or Illness; Mental. Love of the Game. Physical Exam. Alt. 7(b)."
2026-07-05 17:46:56,DOCS,ADDED,2026-27 Rookie Signings  + ADDED  Execution Date: 7/5/26
2026-07-05 17:45:56,DOCS,ADDED,2026-27 Rookie Signings  + ADDED  #27 Chris Cenac Jr. Boston Celtics
2026-07-05 17:45:56,DOCS,ADDED,"2026-27 Rookie Signings  + ADDED  26-27 $2,988,1"
2026-07-05 17:45:56,DOCS,ADDED,"2026-27 Rookie Signings  + ADDED  27-28 $3,341,280"
2026-07-05 17:45:56,DOCS,ADDED,"2026-27 Rookie Signings  + ADDED  28-29 $3,500,880 (Team Option)"
2026-07-05 17:45:56,DOCS,ADDED,"2026-27 Rookie Signings  + ADDED  29-30 $6,305,085 (Team Option)"
2026-07-05 17:45:56,DOCS,ADDED,"2026-27 Rookie Signings  + ADDED  120%. Rookie Scale Exception. Advance Payment ($477,342). Skill; Injury or Illness; Mental; Death. Love of the Game. Physical Exam. Alt. 7(b)."
2026-07-05 17:45:56,DOCS,ADDED,2026-27 Rookie Signings  + ADDED  Execution Date: 7/3/26
2026-07-05 17:44:59,SHEETS,ADDED,"BOS  + ADDED  Cenac Jr., Chris | 1 - FULL SEASON | 2988120.0 | 3137640.0 | 3287400.0 | 5930469.600000001 |  |  | 15343629.6"
2026-07-05 17:44:59,SHEETS,REMOVED,"BOS  - REMOVED Cenac Jr., Chris | 6 - DRAFT PICK | 2988120.0 | 3137640.0 | 3287400.0 | 5930469.600000001 |  |  | 15343629.6"
2026-07-05 17:44:59,SHEETS,REMOVED,BOS  - REMOVED Players Under Contract |  | 180843807 | 184368862.2 | 184895875 | 71446914 | 0 | 0 | BOLD = Option Year
2026-07-05 17:44:59,SHEETS,REMOVED,"BOS  - REMOVED Full Season Contracts |  | 180843807 | 184368862.2 | 184895875 | 71446914 | 0 | 0 | *=Projected Exten,,"
2026-07-05 17:44:59,SHEETS,ADDED,BOS  + ADDED  Players Under Contract |  | 183831927 | 187506502.2 | 188183275 | 77377383.6 | 0 | 0 | BOLD = Option Year
2026-07-05 17:44:59,SHEETS,ADDED,"BOS  + ADDED  Full Season Contracts |  | 183831927 | 187506502.2 | 188183275 | 77377383.6 | 0 | 0 | *=Projected Exten,,"
2026-07-05 17:44:59,SHEETS,REMOVED,BOS  - REMOVED Draft Picks |  | 2988120 | 3137640 | 3287400 | 5930469.6 | 0 | 0
2026-07-05 17:44:59,SHEETS,ADDED,BOS  + ADDED  Draft Picks |  | 0 | 0 | 0 | 0 | 0 | 0
2026-07-05 17:44:59,SHEETS,REMOVED,"BOS  - REMOVED Avg, Salary (Mean) (ALL Compensation Obligations) |  |  | Players Under Contract |  | 11"
2026-07-05 17:44:59,SHEETS,REMOVED,"BOS  - REMOVED Avg, Salary (Mean) (No 10-Day K's) |  |  | Avaiable Spots |  | 4"
2026-07-05 17:44:59,SHEETS,REMOVED,"BOS  - REMOVED Avg, Salary (Mean) (No 10-Day K's & ROS) |  |  | Players to Reach Roster Min, |  | 2"
2026-07-05 17:44:59,SHEETS,ADDED,"BOS  + ADDED  Avg, Salary (Mean) (ALL Compensation Obligations) |  |  | Players Under Contract |  | 12"
2026-07-05 17:44:59,SHEETS,ADDED,"BOS  + ADDED  Avg, Salary (Mean) (No 10-Day K's) |  |  | Avaiable Spots |  | 3"
2026-07-05 17:44:59,SHEETS,ADDED,"BOS  + ADDED  Avg, Salary (Mean) (No 10-Day K's & ROS) |  |  | Players to Reach Roster Min, |  | 1"
2026-07-05 17:43:55,DOCS,REMOVED,"2026-27 Rookie Signings  - REMOVED 120% (with likely to be earned bonuses - Summer League and Summer Conditioning). Rookie Scale Exception. Advance Payment ($495,504). Insurance Premium Reimbursement. Skill; Injury or Illness. Love of the Game. Physical Exam. Alt. 7(b)."
2026-07-05 17:43:55,DOCS,REMOVED,2026-27 Rookie Signings  - REMOVED Execution Date: 7/1/26
2026-07-05 17:43:55,DOCS,ADDED,"2026-27 Rookie Signings  + ADDED  120% (with likely to be earned bonuses - Summer League and Summer Conditioning). Rookie Scale Exception. Advance Payment ($500,000). Skill; Injury or Illness; Mental; Death. Love of the Game. Physical Exam. Alt. 7(b)."
2026-07-05 17:43:55,DOCS,ADDED,2026-27 Rookie Signings  + ADDED  Execution Date: 7/2/26
2026-07-05 17:42:55,DOCS,REMOVED,2026-27 Rookie Signings  - REMOVED #24 Cameron Atlanta Hawks
2026-07-05 17:42:55,DOCS,REMOVED,"2026-27 Rookie Signings  - REMOVED 26-27 $3,303,360 ($3,453,360)"
2026-07-05 17:42:55,DOCS,REMOVED,"2026-27 Rookie Signings  - REMOVED 27-28 $3,476,160 ($3,626,160)"
2026-07-05 17:42:55,DOCS,REMOVED,"2026-27 Rookie Signings  - REMOVED 28-29 $3,798,360 (Team Option)"
2026-07-05 17:42:55,DOCS,REMOVED,"2026-27 Rookie Signings  - REMOVED 29-30 $6,445,817 (Team Option)"
2026-07-05 17:42:55,DOCS,ADDED,2026-27 Rookie Signings  + ADDED  #24 Cameron Carr Los Angeles Lakers
2026-07-05 17:42:55,DOCS,ADDED,"2026-27 Rookie Signings  + ADDED  26-27 $3,215,360 ($3,315,360)"
2026-07-05 17:42:55,DOCS,ADDED,"2026-27 Rookie Signings  + ADDED  27-28 $3,381,080 ($3,481,080)"
2026-07-05 17:42:55,DOCS,ADDED,"2026-27 Rookie Signings  + ADDED  28-29 $3,646,800 (Team Option)"
2026-07-05 17:42:55,DOCS,ADDED,"2026-27 Rookie Signings  + ADDED  29-30 $6,378,253 (Team Option)"
2026-07-05 17:41:58,SHEETS,ADDED,"LAL  + ADDED  Carr, Cameron | 1 - FULL SEASON | 3315360.0 | 3481080.0 | 3646800.0 | 6378253.2 |  |  | 16821493.2"
2026-07-05 17:41:58,SHEETS,REMOVED,"LAL  - REMOVED Carr, Cameron | 6 - DRAFT PICK | 3315360.0 | 3481080.0 | 3646800.0 | 6378253.2 |  |  | 16821493.2"
2026-07-05 17:41:58,SHEETS,REMOVED,LAL  - REMOVED Players Under Contract |  | 86214439 | 79867756.88 | 59198976 | 0 | 0 | 0 | BOLD = Option Year
2026-07-05 17:41:58,SHEETS,REMOVED,"LAL  - REMOVED Full Season Contracts |  | 86214439 | 79867756.88 | 59198976 | 0 | 0 | 0 | *=Projected Exten,,"
2026-07-05 17:41:58,SHEETS,ADDED,LAL  + ADDED  Players Under Contract |  | 89529799 | 83348836.88 | 62845776 | 6378253.2 | 0 | 0 | BOLD = Option Year
2026-07-05 17:41:58,SHEETS,ADDED,"LAL  + ADDED  Full Season Contracts |  | 89529799 | 83348836.88 | 62845776 | 6378253.2 | 0 | 0 | *=Projected Exten,,"
2026-07-05 17:41:58,SHEETS,REMOVED,LAL  - REMOVED Draft Picks |  | 3315360 | 3481080 | 3646800 | 6378253.2 | 0 | 0
2026-07-05 17:41:58,SHEETS,ADDED,LAL  + ADDED  Draft Picks |  | 0 | 0 | 0 | 0 | 0 | 0
2026-07-05 17:41:58,SHEETS,REMOVED,"LAL  - REMOVED Avg, Salary (Mean) (ALL Compensation Obligations) |  |  | Players Under Contract |  | 7"
2026-07-05 17:41:58,SHEETS,REMOVED,"LAL  - REMOVED Avg, Salary (Mean) (No 10-Day K's) |  |  | Avaiable Spots |  | 8"
2026-07-05 17:41:58,SHEETS,REMOVED,"LAL  - REMOVED Avg, Salary (Mean) (No 10-Day K's & ROS) |  |  | Players to Reach Roster Min, |  | 6"
2026-07-05 17:41:58,SHEETS,ADDED,"LAL  + ADDED  Avg, Salary (Mean) (ALL Compensation Obligations) |  |  | Players Under Contract |  | 8"
2026-07-05 17:41:58,SHEETS,ADDED,"LAL  + ADDED  Avg, Salary (Mean) (No 10-Day K's) |  |  | Avaiable Spots |  | 7"
2026-07-05 17:41:58,SHEETS,ADDED,"LAL  + ADDED  Avg, Salary (Mean) (No 10-Day K's & ROS) |  |  | Players to Reach Roster Min, |  | 5"
2026-07-05 17:41:56,DOCS,ADDED,2026-27 Rookie Signings  + ADDED  #24 Cameron Atlanta Hawks
2026-07-05 17:41:56,DOCS,ADDED,"2026-27 Rookie Signings  + ADDED  26-27 $3,303,360 ($3,453,360)"
2026-07-05 17:41:56,DOCS,ADDED,"2026-27 Rookie Signings  + ADDED  27-28 $3,476,160 ($3,626,160)"
2026-07-05 17:41:56,DOCS,ADDED,"2026-27 Rookie Signings  + ADDED  28-29 $3,798,360 (Team Option)"
2026-07-05 17:41:56,DOCS,ADDED,"2026-27 Rookie Signings  + ADDED  29-30 $6,445,817 (Team Option)"
2026-07-05 17:41:56,DOCS,ADDED,"2026-27 Rookie Signings  + ADDED  120% (with likely to be earned bonuses - Summer League and Summer Conditioning). Rookie Scale Exception. Advance Payment ($495,504). Insurance Premium Reimbursement. Skill; Injury or Illness. Love of the Game. Physical Exam. Alt. 7(b)."
2026-07-05 17:41:56,DOCS,ADDED,2026-27 Rookie Signings  + ADDED  Execution Date: 7/1/26
2026-07-05 17:40:55,DOCS,REMOVED,"2026-27 Rookie Signings  - REMOVED Update 1.1 (7/1/26): A. Dybantsa, D. Peterson, C. Wilson, K. Wagler, M. Brown, D. Acuff Jr., K. Flemings, M. Johnson, A. Mara, Y. Lendeborg, D. Swain, A. Graves, L. Philon, Z. Eijfor, S. De Larrea, A. Karaban, K. Peat, M. Thomas, R. Conwell, E. Sharp, B. Markovic, H. Veesaar"
2026-07-05 17:40:55,DOCS,ADDED,"2026-27 Rookie Signings  + ADDED  Update 1.1 (7/1/26): A. Dybantsa, D. Peterson, C. Wilson, K. Wagler, M. Brown, D. Acuff Jr., K. Flemings, M. Johnson, A. Mara, Y. Lendeborg, D. Swain, A. Graves, L. Philon, Z. Eijfor, C. Carr, S. De Larrea, A. Karaban, K. Peat, M. Thomas, R. Conwell, E. Sharp, B. Markovic, H. Veesaar"
2026-07-05 17:36:55,DOCS,REMOVED,"2026-27 Rookie Signings  - REMOVED 28-29 $6,706,200 (Team Option)"
2026-07-05 17:36:55,DOCS,REMOVED,"2026-27 Rookie Signings  - REMOVED 29-30 $8,899,127 (Team Option)"
2026-07-05 17:36:55,DOCS,REMOVED,"2026-27 Rookie Signings  - REMOVED 120%. Rookie Scale Exception. Advance Payment ($609,624). Insurance Premium Reimbursement. Skill; Injury or Illness. Love of the Game. Physical Exam. Alt. 7(b)."
2026-07-05 17:36:55,DOCS,REMOVED,2026-27 Rookie Signings  - REMOVED Execution Date: 7/1/26
2026-07-05 17:36:55,DOCS,ADDED,"2026-27 Rookie Signings  + ADDED  28-29 $5,461,920 (Team Option)"
2026-07-05 17:36:55,DOCS,ADDED,"2026-27 Rookie Signings  + ADDED  29-30 $8,373,123 (Team Option)"
2026-07-05 17:36:55,DOCS,ADDED,"2026-27 Rookie Signings  + ADDED  120%. Rookie Scale Exception. Advance Payment ($496,548). Skill; Injury or Illness; Death. Love of the Game. Physical Exam. Alt. 7(b)."
2026-07-05 17:36:55,DOCS,ADDED,2026-27 Rookie Signings  + ADDED  Execution Date: 7/3/26
2026-07-05 17:35:56,DOCS,REMOVED,"2026-27 Rookie Signings  - REMOVED Update 1.1 (7/1/26): A. Dybantsa, D. Peterson, C. Wilson, K. Wagler, M. Brown, D. Acuff Jr., K. Flemings, M. Johnson, A. Mara, Y. Lendeborg, A. Graves, L. Philon, Z. Eijfor, S. De Larrea, A. Karaban, K. Peat, M. Thomas, R. Conwell, E. Sharp, B. Markovic, H. Veesaar"
2026-07-05 17:35:56,DOCS,ADDED,"2026-27 Rookie Signings  + ADDED  Update 1.1 (7/1/26): A. Dybantsa, D. Peterson, C. Wilson, K. Wagler, M. Brown, D. Acuff Jr., K. Flemings, M. Johnson, A. Mara, Y. Lendeborg, D. Swain, A. Graves, L. Philon, Z. Eijfor, S. De Larrea, A. Karaban, K. Peat, M. Thomas, R. Conwell, E. Sharp, B. Markovic, H. Veesaar"
2026-07-05 17:35:56,DOCS,ADDED,2026-27 Rookie Signings  + ADDED  #15 Dailyn Swain Chicago Bulls
2026-07-05 17:35:56,DOCS,ADDED,"2026-27 Rookie Signings  + ADDED  26-27 $4,965,480"
2026-07-05 17:35:56,DOCS,ADDED,"2026-27 Rookie Signings  + ADDED  27-28 $5,213,760"
2026-07-05 17:35:56,DOCS,ADDED,"2026-27 Rookie Signings  + ADDED  28-29 $6,706,200 (Team Option)"
2026-07-05 17:35:56,DOCS,ADDED,"2026-27 Rookie Signings  + ADDED  29-30 $8,899,127 (Team Option)"
2026-07-05 17:35:56,DOCS,ADDED,"2026-27 Rookie Signings  + ADDED  120%. Rookie Scale Exception. Advance Payment ($609,624). Insurance Premium Reimbursement. Skill; Injury or Illness. Love of the Game. Physical Exam. Alt. 7(b)."
2026-07-05 17:35:56,DOCS,ADDED,2026-27 Rookie Signings  + ADDED  Execution Date: 7/1/26
2026-07-05 17:33:56,DOCS,REMOVED,"2026-27 Rookie Signings  - REMOVED 26-27 $3,497,120"
2026-07-05 17:33:56,DOCS,REMOVED,"2026-27 Rookie Signings  - REMOVED 27-28 $3,676,760"
2026-07-05 17:33:56,DOCS,ADDED,"2026-27 Rookie Signings  + ADDED  26-27 $3,497,120 ($3,597,120)"
2026-07-05 17:33:56,DOCS,ADDED,"2026-27 Rookie Signings  + ADDED  27-28 $3,676,760 ($3,776,760)"
2026-07-05 17:31:55,DOCS,REMOVED,"2026-27 Rookie Signings  - REMOVED 29-30 $6,445,817 (Team Option)"
2026-07-05 17:31:55,DOCS,REMOVED,"2026-27 Rookie Signings  - REMOVED 120% (with likely to be earned bonuses - Summer League and Summer Conditioning). Rookie Scale Exception. Advance Payment ($495,504). Insurance Premium Reimbursement. Skill; Injury or Illness. Love of the Game. Physical Exam. Alt. 7(b)."
2026-07-05 17:31:55,DOCS,REMOVED,2026-27 Rookie Signings  - REMOVED Execution Date: 7/1/26
2026-07-05 17:31:55,DOCS,ADDED,"2026-27 Rookie Signings  + ADDED  29-30 $6,508,870 (Team Option)"
2026-07-05 17:31:55,DOCS,ADDED,"2026-27 Rookie Signings  + ADDED  120% (with likely to be earned bonuses - Summer League and Summer Conditioning). Rookie Scale Exception. Advance Payment ($360,000). Insurance Premium Reimbursement. Skill; Injury or Illness; Mental. Love of the Game. Physical Exam. Alt. 7(b)."
2026-07-05 17:31:55,DOCS,ADDED,2026-27 Rookie Signings  + ADDED  Execution Date: 7/3/26
2026-07-05 17:30:55,DOCS,REMOVED,"2026-27 Rookie Signings  - REMOVED Update 1.1 (7/1/26): A. Dybantsa, D. Peterson, C. Wilson, K. Wagler, M. Brown, D. Acuff Jr., K. Flemings, M. Johnson, A. Mara, Y. Lendeborg, A. Graves, L. Philon Jr., Z. Eijfor, S. De Larrea, A. Karaban, K. Peat, M. Thomas, R. Conwell, E. Sharp, B. Markovic, H. Veesaar"
2026-07-05 17:30:55,DOCS,ADDED,"2026-27 Rookie Signings  + ADDED  Update 1.1 (7/1/26): A. Dybantsa, D. Peterson, C. Wilson, K. Wagler, M. Brown, D. Acuff Jr., K. Flemings, M. Johnson, A. Mara, Y. Lendeborg, A. Graves, L. Philon, Z. Eijfor, S. De Larrea, A. Karaban, K. Peat, M. Thomas, R. Conwell, E. Sharp, B. Markovic, H. Veesaar"
2026-07-05 17:30:55,DOCS,REMOVED,2026-27 Rookie Signings  - REMOVED #23 Zuby Ejiofor Atlanta Hawks
2026-07-05 17:30:55,DOCS,REMOVED,"2026-27 Rookie Signings  - REMOVED 26-27 $3,303,360 ($3,453,360)"
2026-07-05 17:30:55,DOCS,REMOVED,"2026-27 Rookie Signings  - REMOVED 27-28 $3,476,160 ($3,626,160)"
2026-07-05 17:30:55,DOCS,REMOVED,"2026-27 Rookie Signings  - REMOVED 28-29 $3,798,360 (Team Option)"
2026-07-05 17:30:55,DOCS,ADDED,2026-27 Rookie Signings  + ADDED  #22 Labaron Philon Philadelphia 76ers
2026-07-05 17:30:55,DOCS,ADDED,"2026-27 Rookie Signings  + ADDED  26-27 $3,497,120"
2026-07-05 17:30:55,DOCS,ADDED,"2026-27 Rookie Signings  + ADDED  27-28 $3,676,760"
2026-07-05 17:30:55,DOCS,ADDED,"2026-27 Rookie Signings  + ADDED  28-29 $3,956,760 (Team Option)"
2026-07-05 17:29:55,DOCS,REMOVED,"2026-27 Rookie Signings  - REMOVED Update 1.1 (7/1/26): A. Dybantsa, D. Peterson, C. Wilson, K. Wagler, M. Brown, D. Acuff Jr., K. Flemings, M. Johnson, A. Mara, Y. Lendeborg, A. Graves, Z. Eijfor, S. De Larrea, A. Karaban, K. Peat, M. Thomas, R. Conwell, E. Sharp, B. Markovic, H. Veesaar"
2026-07-05 17:29:55,DOCS,ADDED,"2026-27 Rookie Signings  + ADDED  Update 1.1 (7/1/26): A. Dybantsa, D. Peterson, C. Wilson, K. Wagler, M. Brown, D. Acuff Jr., K. Flemings, M. Johnson, A. Mara, Y. Lendeborg, A. Graves, L. Philon Jr., Z. Eijfor, S. De Larrea, A. Karaban, K. Peat, M. Thomas, R. Conwell, E. Sharp, B. Markovic, H. Veesaar"
2026-07-05 17:29:55,DOCS,ADDED,2026-27 Rookie Signings  + ADDED  #23 Zuby Ejiofor Atlanta Hawks
2026-07-05 17:29:55,DOCS,ADDED,"2026-27 Rookie Signings  + ADDED  26-27 $3,303,360 ($3,453,360)"
2026-07-05 17:29:55,DOCS,ADDED,"2026-27 Rookie Signings  + ADDED  27-28 $3,476,160 ($3,626,160)"
2026-07-05 17:29:55,DOCS,ADDED,"2026-27 Rookie Signings  + ADDED  28-29 $3,798,360 (Team Option)"
2026-07-05 17:29:55,DOCS,ADDED,"2026-27 Rookie Signings  + ADDED  29-30 $6,445,817 (Team Option)"
2026-07-05 17:29:55,DOCS,ADDED,"2026-27 Rookie Signings  + ADDED  120% (with likely to be earned bonuses - Summer League and Summer Conditioning). Rookie Scale Exception. Advance Payment ($495,504). Insurance Premium Reimbursement. Skill; Injury or Illness. Love of the Game. Physical Exam. Alt. 7(b)."
2026-07-05 17:29:55,DOCS,ADDED,2026-27 Rookie Signings  + ADDED  Execution Date: 7/1/26
2026-07-05 17:28:00,SHEETS,ADDED,PHL  + ADDED  Philon Jr. Labaron | 1 - FULL SEASON | 3597120.0 | 3776760.0 | 3956760.0 | 6508870.2 |  |  | 17839510.2
2026-07-05 17:28:00,SHEETS,REMOVED,PHL  - REMOVED Philon Jr. Labaron | 6 - DRAFT PICK | 3597120.0 | 3776760.0 | 3956760.0 | 6508870.2 |  |  | 17839510.2
2026-07-05 17:28:00,SHEETS,REMOVED,PHL  - REMOVED Players Under Contract |  | 179988888.3 | 182643052.5 | 131839088.7 | 0 | 0 | 0 | BOLD = Option Year
2026-07-05 17:28:00,SHEETS,REMOVED,"PHL  - REMOVED Full Season Contracts |  | 179988888.3 | 182643052.5 | 131839088.7 | 0 | 0 | 0 | *=Projected Exten,,"
2026-07-05 17:28:00,SHEETS,ADDED,PHL  + ADDED  Players Under Contract |  | 183586008.3 | 186419812.5 | 135795848.7 | 6508870.2 | 0 | 0 | BOLD = Option Year
2026-07-05 17:28:00,SHEETS,ADDED,"PHL  + ADDED  Full Season Contracts |  | 183586008.3 | 186419812.5 | 135795848.7 | 6508870.2 | 0 | 0 | *=Projected Exten,,"
2026-07-05 17:28:00,SHEETS,REMOVED,PHL  - REMOVED Draft Picks |  | 3597120 | 3776760 | 3956760 | 6508870.2 | 0 | 0
2026-07-05 17:28:00,SHEETS,ADDED,PHL  + ADDED  Draft Picks |  | 0 | 0 | 0 | 0 | 0 | 0
2026-07-05 17:28:00,SHEETS,REMOVED,"PHL  - REMOVED Avg, Salary (Mean) (ALL Compensation Obligations) |  |  | Players Under Contract |  | 10"
2026-07-05 17:28:00,SHEETS,REMOVED,"PHL  - REMOVED Avg, Salary (Mean) (No 10-Day K's) |  |  | Avaiable Spots |  | 5"
2026-07-05 17:28:00,SHEETS,REMOVED,"PHL  - REMOVED Avg, Salary (Mean) (No 10-Day K's & ROS) |  |  | Players to Reach Roster Min, |  | 3"
2026-07-05 17:28:00,SHEETS,ADDED,"PHL  + ADDED  Avg, Salary (Mean) (ALL Compensation Obligations) |  |  | Players Under Contract |  | 11"
2026-07-05 17:28:00,SHEETS,ADDED,"PHL  + ADDED  Avg, Salary (Mean) (No 10-Day K's) |  |  | Avaiable Spots |  | 4"
2026-07-05 17:28:00,SHEETS,ADDED,"PHL  + ADDED  Avg, Salary (Mean) (No 10-Day K's & ROS) |  |  | Players to Reach Roster Min, |  | 2"
2026-07-05 17:26:55,DOCS,ADDED,2026-27 Two-Way Signings  + ADDED  Otega Oweh (2026 NBA DRAFT) Oklahoma City Thunder
2026-07-05 17:26:55,DOCS,ADDED,"2026-27 Two-Way Signings  + ADDED  1 Year. Skill; Injury or Illness. Compensation protection for 2026-27 Season is for $91,000 but will increase to 50% if team has not requested waivers on player on or before the first day of the 2026-27 Regular Season. Love of the Game. Physical Exam. Alt. 7(b)."
2026-07-05 17:26:55,DOCS,ADDED,2026-27 Two-Way Signings  + ADDED  Execution Date: 7/3/26
2026-07-05 17:25:56,DOCS,REMOVED,"2026-27 Two-Way Signings  - REMOVED Update 1.1 (7/1/26): T. Awaka, T. Bates, T. Bilodeau, J. Bradley, C. Castleton, J. Dix, T. Donaldson, A. Flager, E. Freeman, T. Lawal, C. Manon, J. Mogbo, I. Nelson, A. Okereke, U. Onyenso, J. Sellers, P. Spencer, P. Suder, E. Udeh, J. Watkins, A. Williams"
2026-07-05 17:25:56,DOCS,ADDED,"2026-27 Two-Way Signings  + ADDED  Update 1.1 (7/1/26): T. Awaka, T. Bates, T. Bilodeau, J. Bradley, C. Castleton, J. Dix, T. Donaldson, A. Flager, E. Freeman, T. Lawal, C. Manon, J. Mogbo, I. Nelson, A. Okereke, U. Onyenso, O. Oweh, J. Sellers, P. Spencer, P. Suder, E. Udeh, J. Watkins, A. Williams"
2026-07-05 17:25:56,DOCS,ADDED,2026-27 Two-Way Signings  + ADDED  Execution Date: 7/3/26
2026-07-05 17:25:56,DOCS,ADDED,2026-27 Two-Way Signings  + ADDED  Brooks Barnhizer Oklahoma City Thunder
2026-07-05 17:25:56,DOCS,ADDED,"2026-27 Two-Way Signings  + ADDED  1 Year. Skill; Injury or Illness. Compensation protection for 2026-27 Season is for $91,000 but will increase to 50% if team has not requested waivers on player on or before the first day of the 2026-27 Regular Season. Love of the Game. Physical Exam. Alt. 7(b)."
2026-07-05 17:24:55,DOCS,ADDED,2026-27 Two-Way Signings  + ADDED  Joshua Dix Oklahoma City Thunder
2026-07-05 17:24:55,DOCS,ADDED,"2026-27 Two-Way Signings  + ADDED  1 Year. Skill; Injury or Illness. Compensation protection for 2026-27 Season is for $91,000 but will increase to 50% if team has not requested waivers on player on or before the first day of the 2026-27 Regular Season. Love of the Game. Physical Exam. Alt. 7(b)."
2026-07-05 17:24:55,DOCS,ADDED,2026-27 Two-Way Signings  + ADDED  Execution Date: 7/3/26
2026-07-05 17:23:56,DOCS,REMOVED,"2026-27 Two-Way Signings  - REMOVED Update 1.1 (7/1/26): T. Awaka, T. Bates, T. Bilodeau, J. Bradley, C. Castleton, T. Donaldson, A. Flager, E. Freeman, T. Lawal, C. Manon, J. Mogbo, I. Nelson, A. Okereke, U. Onyenso, J. Sellers, P. Spencer, P. Suder, E. Udeh, J. Watkins, A. Williams"
2026-07-05 17:23:56,DOCS,ADDED,"2026-27 Two-Way Signings  + ADDED  Update 1.1 (7/1/26): T. Awaka, T. Bates, T. Bilodeau, J. Bradley, C. Castleton, J. Dix, T. Donaldson, A. Flager, E. Freeman, T. Lawal, C. Manon, J. Mogbo, I. Nelson, A. Okereke, U. Onyenso, J. Sellers, P. Spencer, P. Suder, E. Udeh, J. Watkins, A. Williams"
2026-07-05 17:22:55,DOCS,REMOVED,"2026-27 Rookie Signings  - REMOVED 27-28 $4,127,700 ($)"
2026-07-05 17:22:55,DOCS,ADDED,"2026-27 Rookie Signings  + ADDED  27-28 $4,127,700 ($4,953,240)"
2026-07-05 17:21:55,DOCS,REMOVED,"2026-27 Rookie Signings  - REMOVED 27-28 $4,127,700 ($6,081,480)"
2026-07-05 17:21:55,DOCS,REMOVED,"2026-27 Rookie Signings  - REMOVED 28-29 $6,371,160 (Team Option)"
2026-07-05 17:21:55,DOCS,REMOVED,"2026-27 Rookie Signings  - REMOVED 29-30 $8,779,458 (Team Option)"
2026-07-05 17:21:55,DOCS,REMOVED,"2026-27 Rookie Signings  - REMOVED 120% (with likely to be earned bonuses - Summer League and Summer Conditioning). Rookie Scale Exception. Advance Payment ($434,376). Insurance Premium Reimbursement. Skill; Injury or Illness; Mental. Love of the Game. Physical Exam. Alt. 7(b)."
2026-07-05 17:21:55,DOCS,ADDED,"2026-27 Rookie Signings  + ADDED  27-28 $4,127,700 ($)"
2026-07-05 17:21:55,DOCS,ADDED,"2026-27 Rookie Signings  + ADDED  28-29 $5,189,400 (Team Option)"
2026-07-05 17:21:55,DOCS,ADDED,"2026-27 Rookie Signings  + ADDED  29-30 $7,960,540 (Team Option)"
2026-07-05 17:21:55,DOCS,ADDED,2026-27 Rookie Signings  + ADDED  120% (with likely to be earned bonuses - Summer League and Summer Conditioning). Rookie Scale Exception. Insurance Premium Reimbursement. Skill; Injury or Illness; Mental. Love of the Game. Physical Exam. Alt. 7(b).
2026-07-05 17:20:55,DOCS,ADDED,2026-27 Rookie Signings  + ADDED  #16 Bennett Stirtz Oklahoma City Thunder
2026-07-05 17:20:55,DOCS,ADDED,"2026-27 Rookie Signings  + ADDED  26-27 $4,717,320"
2026-07-05 17:20:55,DOCS,ADDED,"2026-27 Rookie Signings  + ADDED  27-28 $4,127,700 ($6,081,480)"
2026-07-05 17:20:55,DOCS,ADDED,"2026-27 Rookie Signings  + ADDED  28-29 $6,371,160 (Team Option)"
2026-07-05 17:20:55,DOCS,ADDED,"2026-27 Rookie Signings  + ADDED  29-30 $8,779,458 (Team Option)"
2026-07-05 17:20:55,DOCS,ADDED,"2026-27 Rookie Signings  + ADDED  120% (with likely to be earned bonuses - Summer League and Summer Conditioning). Rookie Scale Exception. Advance Payment ($434,376). Insurance Premium Reimbursement. Skill; Injury or Illness; Mental. Love of the Game. Physical Exam. Alt. 7(b)."
2026-07-05 17:20:55,DOCS,ADDED,2026-27 Rookie Signings  + ADDED  Execution Date: 7/3/26
2026-07-05 17:18:55,DOCS,REMOVED,"2026-27 Rookie Signings  - REMOVED 27-28 $5,067,900"
2026-07-05 17:18:55,DOCS,ADDED,"2026-27 Rookie Signings  + ADDED  27-28 $5,067,900 ($6,081,480)"
2026-07-05 17:18:55,DOCS,REMOVED,2026-27 Rookie Signings  - REMOVED Execution Date: 7/2/26
2026-07-05 17:18:55,DOCS,ADDED,2026-27 Rookie Signings  + ADDED  Execution Date: 7/3/26
2026-07-05 17:17:55,DOCS,REMOVED,2026-27 Rookie Signings  - REMOVED 120% (with likely to be earned bonuses - Summer League and Summer Conditioning). Rookie Scale Exception. Advance Payment ($Skill; Injury or Illness; Death. Love of the Game. Physical Exam. Alt. 7(b).
2026-07-05 17:17:55,DOCS,ADDED,"2026-27 Rookie Signings  + ADDED  120% (with likely to be earned bonuses - Summer League and Summer Conditioning). Rookie Scale Exception. Advance Payment ($434,376). Insurance Premium Reimbursement. Skill; Injury or Illness; Mental. Love of the Game. Physical Exam. Alt. 7(b)."
2026-07-05 17:16:55,DOCS,ADDED,2026-27 Rookie Signings  + ADDED  #12 Aday Mara Oklahoma City Thunder
2026-07-05 17:16:55,DOCS,ADDED,"2026-27 Rookie Signings  + ADDED  26-27 $5,791,680"
2026-07-05 17:16:55,DOCS,ADDED,"2026-27 Rookie Signings  + ADDED  27-28 $5,067,900"
2026-07-05 17:16:55,DOCS,ADDED,"2026-27 Rookie Signings  + ADDED  28-29 $6,371,160 (Team Option)"
2026-07-05 17:16:55,DOCS,ADDED,"2026-27 Rookie Signings  + ADDED  29-30 $8,779,458 (Team Option)"
2026-07-05 17:16:55,DOCS,ADDED,2026-27 Rookie Signings  + ADDED  120% (with likely to be earned bonuses - Summer League and Summer Conditioning). Rookie Scale Exception. Advance Payment ($Skill; Injury or Illness; Death. Love of the Game. Physical Exam. Alt. 7(b).
2026-07-05 17:16:55,DOCS,ADDED,2026-27 Rookie Signings  + ADDED  Execution Date: 7/2/26
2026-07-05 17:15:57,SHEETS,REMOVED,"OKC  - REMOVED McCain, Jared | 1 - FULL SEASON | 4422600.0 | 6784268.4 |  |  |  |  | 11206868.4"
2026-07-05 17:15:57,SHEETS,ADDED,"OKC  + ADDED  Stirtz, Bennett | 1 - FULL SEASON | 4717320.0 | 4953240.0 | 5189400.0 | 7960539.600000001 |  |  | 22820499.6"
2026-07-05 17:15:57,SHEETS,REMOVED,"OKC  - REMOVED Stirtz, Bennett | 1 - FULL SEASON | 4717320.0 | 4953240.0 | 5189400.0 | 7960539.600000001 |  |  | 22820499.6"
2026-07-05 17:15:57,SHEETS,REMOVED,"OKC  - REMOVED TEAM SALARY (Art, I §1 (nnn)): |  | 281472026 | 177399006.1 | 145702219 | 119015818.1 | 108874260 | 0 | 832463329.2"
2026-07-05 17:15:57,SHEETS,ADDED,OKC  + ADDED   |  |  |  |  |  |  |  | 0
2026-07-05 17:15:57,SHEETS,ADDED,"OKC  + ADDED  TEAM SALARY (Art, I §1 (nnn)): |  | 277049426 | 170614737.7 | 145702219 | 119015818.1 | 108874260 | 0 | 821256460.8"
2026-07-05 17:15:57,SHEETS,REMOVED,OKC  - REMOVED Players Under Contract |  | 228627210 | 177399006.1 | 145702219 | 119015818.1 | 108874260 | 0 | BOLD = Option Year
2026-07-05 17:15:57,SHEETS,REMOVED,"OKC  - REMOVED Full Season Contracts |  | 228627210 | 177399006.1 | 145702219 | 119015818.1 | 108874260 | 0 | *=Projected Exten,,"
2026-07-05 17:15:57,SHEETS,ADDED,OKC  + ADDED  Players Under Contract |  | 224204610 | 170614737.7 | 145702219 | 119015818.1 | 108874260 | 0 | BOLD = Option Year
2026-07-05 17:15:57,SHEETS,ADDED,"OKC  + ADDED  Full Season Contracts |  | 224204610 | 170614737.7 | 145702219 | 119015818.1 | 108874260 | 0 | *=Projected Exten,,"
2026-07-05 17:15:57,SHEETS,REMOVED,"OKC  - REMOVED Avg, Salary (Mean) (ALL Compensation Obligations) |  |  | Players Under Contract |  | 16"
2026-07-05 17:15:57,SHEETS,ADDED,"OKC  + ADDED  Avg, Salary (Mean) (ALL Compensation Obligations) |  |  | Players Under Contract |  | 15"
2026-07-05 17:15:57,SHEETS,REMOVED,Luxury Tax Calculator  - REMOVED Luxury Tax | 0 | 0 | 0 | 0 | 0 | 0 | 0 | 23501723 | 0 | 0 | 0 | 10706857.6 | 0 | 0 | 0 | 0 | 0 | 2536082 | 435790.92 | 13065628 | 40732210 | 29970320.04 | 0 | 702276.5238 | 6712130.274 | 26574062 | 0 | 4133098.14 | 0 | 0
2026-07-05 17:15:57,SHEETS,ADDED,Luxury Tax Calculator  + ADDED  Luxury Tax | 0 | 0 | 0 | 0 | 0 | 0 | 0 | 23501723 | 0 | 0 | 0 | 10706857.6 | 0 | 0 | 0 | 0 | 0 | 2536082 | 435790.92 | 13065628 | 36309610 | 29970320.04 | 0 | 702276.5238 | 6712130.274 | 26574062 | 0 | 4133098.14 | 0 | 0
2026-07-05 17:15:57,SHEETS,REMOVED,Luxury Tax Calculator  - REMOVED 7th Incremental Tax Bracket | 0 | 0 | 0 | 0 | 0 | 0 | 0 | 0 | 0 | 0 | 0 | 0 | 0 | 0 | 0 | 0 | 0 | 0 | 0 | 0 | 35531250 | 0 | 0 | 0 | 0 | 0 | 0 | 0 | 0 | 0
2026-07-05 17:15:57,SHEETS,REMOVED,Luxury Tax Calculator  - REMOVED 8th Incremental Tax Bracket | 0 | 0 | 0 | 0 | 0 | 0 | 0 | 0 | 0 | 0 | 0 | 0 | 0 | 0 | 0 | 0 | 0 | 0 | 0 | 0 | 6326167.5 | 0 | 0 | 0 | 0 | 0 | 0 | 0 | 0 | 0
2026-07-05 17:15:57,SHEETS,ADDED,Luxury Tax Calculator  + ADDED  7th Incremental Tax Bracket | 0 | 0 | 0 | 0 | 0 | 0 | 0 | 0 | 0 | 0 | 0 | 0 | 0 | 0 | 0 | 0 | 0 | 0 | 0 | 0 | 13747562.5 | 0 | 0 | 0 | 0 | 0 | 0 | 0 | 0 | 0
2026-07-05 17:15:57,SHEETS,ADDED,Luxury Tax Calculator  + ADDED  8th Incremental Tax Bracket | 0 | 0 | 0 | 0 | 0 | 0 | 0 | 0 | 0 | 0 | 0 | 0 | 0 | 0 | 0 | 0 | 0 | 0 | 0 | 0 | 0 | 0 | 0 | 0 | 0 | 0 | 0 | 0 | 0 | 0
2026-07-05 17:15:57,SHEETS,REMOVED,Luxury Tax Calculator  - REMOVED Tax Liability | 0 | 0 | 0 | 0 | 0 | 0 | 0 | 110694991.8 | 0 | 0 | 0 | 11962322 | 0 | 0 | 0 | 0 | 0 | 2536082 | 435790.92 | 18725948 | 164084917.5 | 98424340.23 | 0 | 2106829.571 | 6968912.843 | 79821325.5 | 0 | 4133098.14 | 0 | 0
2026-07-05 17:15:57,SHEETS,ADDED,Luxury Tax Calculator  + ADDED  Tax Liability | 0 | 0 | 0 | 0 | 0 | 0 | 0 | 110694991.8 | 0 | 0 | 0 | 11962322 | 0 | 0 | 0 | 0 | 0 | 2536082 | 435790.92 | 18725948 | 135975062.5 | 98424340.23 | 0 | 2106829.571 | 6968912.843 | 79821325.5 | 0 | 4133098.14 | 0 | 0
2026-07-05 17:15:56,DOCS,REMOVED,"2026-27 Rookie Signings  - REMOVED Update 1.1 (7/1/26): A. Dybantsa, D. Peterson, C. Wilson, K. Wagler, M. Brown, D. Acuff Jr., K. Flemings, M. Johnson, Y. Lendeborg, A. Graves, Z. Eijfor, S. De Larrea, A. Karaban, K. Peat, M. Thomas, R. Conwell, E. Sharp, B. Markovic, H. Veesaar"
2026-07-05 17:15:56,DOCS,ADDED,"2026-27 Rookie Signings  + ADDED  Update 1.1 (7/1/26): A. Dybantsa, D. Peterson, C. Wilson, K. Wagler, M. Brown, D. Acuff Jr., K. Flemings, M. Johnson, A. Mara, Y. Lendeborg, A. Graves, Z. Eijfor, S. De Larrea, A. Karaban, K. Peat, M. Thomas, R. Conwell, E. Sharp, B. Markovic, H. Veesaar"
2026-07-05 17:14:57,SHEETS,ADDED,"OKC  + ADDED  Mara, Aday | 1 - FULL SEASON | 5791680.0 | 6081480.0 | 6371160.0 | 8779458.48 |  |  | 27023778.48"
2026-07-05 17:14:57,SHEETS,ADDED,"OKC  + ADDED  McCain, Jared | 1 - FULL SEASON | 4422600.0 | 6784268.4 |  |  |  |  | 11206868.4"
2026-07-05 17:14:57,SHEETS,REMOVED,"OKC  - REMOVED Mara, Aday | 6 - DRAFT PICK | 5791680.0 | 6081480.0 | 6371160.0 | 8779458.48 |  |  | 27023778.48"
2026-07-05 17:14:57,SHEETS,REMOVED,"OKC  - REMOVED Stirtz, Bennett | 6 - DRAFT PICK | 4717320.0 | 4953240.0 | 5189400.0 | 7960539.600000001 |  |  | 22820499.6"
2026-07-05 17:14:57,SHEETS,ADDED,"OKC  + ADDED  Stirtz, Bennett | 1 - FULL SEASON | 4717320.0 | 4953240.0 | 5189400.0 | 7960539.600000001 |  |  | 22820499.6"
2026-07-05 17:14:57,SHEETS,REMOVED,OKC  - REMOVED  |  |  |  |  |  |  |  | 0
2026-07-05 17:14:57,SHEETS,REMOVED,"OKC  - REMOVED TEAM SALARY (Art, I §1 (nnn)): |  | 277049426 | 170614737.7 | 145702219 | 119015818.1 | 108874260 | 0 | 821256460.8"
2026-07-05 17:14:57,SHEETS,ADDED,"OKC  + ADDED  TEAM SALARY (Art, I §1 (nnn)): |  | 281472026 | 177399006.1 | 145702219 | 119015818.1 | 108874260 | 0 | 832463329.2"
2026-07-05 17:14:57,SHEETS,REMOVED,OKC  - REMOVED Players Under Contract |  | 213695610 | 159580017.7 | 134141659 | 102275820 | 108874260 | 0 | BOLD = Option Year
2026-07-05 17:14:57,SHEETS,REMOVED,"OKC  - REMOVED Full Season Contracts |  | 213695610 | 159580017.7 | 134141659 | 102275820 | 108874260 | 0 | *=Projected Exten,,"
2026-07-05 17:14:57,SHEETS,ADDED,OKC  + ADDED  Players Under Contract |  | 228627210 | 177399006.1 | 145702219 | 119015818.1 | 108874260 | 0 | BOLD = Option Year
2026-07-05 17:14:57,SHEETS,ADDED,"OKC  + ADDED  Full Season Contracts |  | 228627210 | 177399006.1 | 145702219 | 119015818.1 | 108874260 | 0 | *=Projected Exten,,"
2026-07-05 17:14:57,SHEETS,REMOVED,OKC  - REMOVED Draft Picks |  | 10509000 | 11034720 | 11560560 | 16739998.08 | 0 | 0
2026-07-05 17:14:57,SHEETS,ADDED,OKC  + ADDED  Draft Picks |  | 0 | 0 | 0 | 0 | 0 | 0
2026-07-05 17:14:57,SHEETS,REMOVED,"OKC  - REMOVED Avg, Salary (Mean) (ALL Compensation Obligations) |  |  | Players Under Contract |  | 13"
2026-07-05 17:14:57,SHEETS,REMOVED,"OKC  - REMOVED Avg, Salary (Mean) (No 10-Day K's) |  |  | Avaiable Spots |  | 2"
2026-07-05 17:14:57,SHEETS,ADDED,"OKC  + ADDED  Avg, Salary (Mean) (ALL Compensation Obligations) |  |  | Players Under Contract |  | 16"
2026-07-05 17:14:57,SHEETS,ADDED,"OKC  + ADDED  Avg, Salary (Mean) (No 10-Day K's) |  |  | Avaiable Spots |  | 0"
2026-07-05 17:14:57,SHEETS,REMOVED,Luxury Tax Calculator  - REMOVED Luxury Tax | 0 | 0 | 0 | 0 | 0 | 0 | 0 | 23501723 | 0 | 0 | 0 | 10706857.6 | 0 | 0 | 0 | 0 | 0 | 2536082 | 435790.92 | 13065628 | 25800610 | 29970320.04 | 0 | 702276.5238 | 6712130.274 | 26574062 | 0 | 4133098.14 | 0 | 0
2026-07-05 17:14:57,SHEETS,ADDED,Luxury Tax Calculator  + ADDED  Luxury Tax | 0 | 0 | 0 | 0 | 0 | 0 | 0 | 23501723 | 0 | 0 | 0 | 10706857.6 | 0 | 0 | 0 | 0 | 0 | 2536082 | 435790.92 | 13065628 | 40732210 | 29970320.04 | 0 | 702276.5238 | 6712130.274 | 26574062 | 0 | 4133098.14 | 0 | 0
2026-07-05 17:14:57,SHEETS,REMOVED,Luxury Tax Calculator  - REMOVED 5th Incremental Tax Bracket | 0 | 0 | 0 | 0 | 0 | 0 | 0 | 5522491.75 | 0 | 0 | 0 | 0 | 0 | 0 | 0 | 0 | 0 | 0 | 0 | 0 | 16068202.5 | 29846250 | 0 | 0 | 0 | 20128825.5 | 0 | 0 | 0 | 0
2026-07-05 17:14:57,SHEETS,REMOVED,Luxury Tax Calculator  - REMOVED 6th Incremental Tax Bracket | 0 | 0 | 0 | 0 | 0 | 0 | 0 | 0 | 0 | 0 | 0 | 0 | 0 | 0 | 0 | 0 | 0 | 0 | 0 | 0 | 0 | 8885590.23 | 0 | 0 | 0 | 0 | 0 | 0 | 0 | 0
2026-07-05 17:14:57,SHEETS,REMOVED,Luxury Tax Calculator  - REMOVED 7th Incremental Tax Bracket | 0 | 0 | 0 | 0 | 0 | 0 | 0 | 0 | 0 | 0 | 0 | 0 | 0 | 0 | 0 | 0 | 0 | 0 | 0 | 0 | 0 | 0 | 0 | 0 | 0 | 0 | 0 | 0 | 0 | 0
2026-07-05 17:14:57,SHEETS,REMOVED,Luxury Tax Calculator  - REMOVED 8th Incremental Tax Bracket | 0 | 0 | 0 | 0 | 0 | 0 | 0 | 0 | 0 | 0 | 0 | 0 | 0 | 0 | 0 | 0 | 0 | 0 | 0 | 0 | 0 | 0 | 0 | 0 | 0 | 0 | 0 | 0 | 0 | 0
2026-07-05 17:14:57,SHEETS,ADDED,Luxury Tax Calculator  + ADDED  5th Incremental Tax Bracket | 0 | 0 | 0 | 0 | 0 | 0 | 0 | 5522491.75 | 0 | 0 | 0 | 0 | 0 | 0 | 0 | 0 | 0 | 0 | 0 | 0 | 29846250 | 29846250 | 0 | 0 | 0 | 20128825.5 | 0 | 0 | 0 | 0
2026-07-05 17:14:57,SHEETS,ADDED,Luxury Tax Calculator  + ADDED  6th Incremental Tax Bracket | 0 | 0 | 0 | 0 | 0 | 0 | 0 | 0 | 0 | 0 | 0 | 0 | 0 | 0 | 0 | 0 | 0 | 0 | 0 | 0 | 32688750 | 8885590.23 | 0 | 0 | 0 | 0 | 0 | 0 | 0 | 0
2026-07-05 17:14:57,SHEETS,ADDED,Luxury Tax Calculator  + ADDED  7th Incremental Tax Bracket | 0 | 0 | 0 | 0 | 0 | 0 | 0 | 0 | 0 | 0 | 0 | 0 | 0 | 0 | 0 | 0 | 0 | 0 | 0 | 0 | 35531250 | 0 | 0 | 0 | 0 | 0 | 0 | 0 | 0 | 0
2026-07-05 17:14:57,SHEETS,ADDED,Luxury Tax Calculator  + ADDED  8th Incremental Tax Bracket | 0 | 0 | 0 | 0 | 0 | 0 | 0 | 0 | 0 | 0 | 0 | 0 | 0 | 0 | 0 | 0 | 0 | 0 | 0 | 0 | 6326167.5 | 0 | 0 | 0 | 0 | 0 | 0 | 0 | 0 | 0
2026-07-05 17:14:57,SHEETS,REMOVED,Luxury Tax Calculator  - REMOVED Tax Liability | 0 | 0 | 0 | 0 | 0 | 0 | 0 | 110694991.8 | 0 | 0 | 0 | 11962322 | 0 | 0 | 0 | 0 | 0 | 2536082 | 435790.92 | 18725948 | 75760702.5 | 98424340.23 | 0 | 2106829.571 | 6968912.843 | 79821325.5 | 0 | 4133098.14 | 0 | 0
2026-07-05 17:14:57,SHEETS,ADDED,Luxury Tax Calculator  + ADDED  Tax Liability | 0 | 0 | 0 | 0 | 0 | 0 | 0 | 110694991.8 | 0 | 0 | 0 | 11962322 | 0 | 0 | 0 | 0 | 0 | 2536082 | 435790.92 | 18725948 | 164084917.5 | 98424340.23 | 0 | 2106829.571 | 6968912.843 | 79821325.5 | 0 | 4133098.14 | 0 | 0
2026-07-05 17:11:55,DOCS,REMOVED,"2026-27 Rookie Signings  - REMOVED 120%. Rookie Scale Exception. Advance Payment ($1,013,220). Skill; Injury or Illness; Mental; Death. Love of the Game. Physical Exam. Alt. 7(b)."
2026-07-05 17:11:55,DOCS,REMOVED,2026-27 Rookie Signings  - REMOVED Execution Date: 7/2/26
2026-07-05 17:11:55,DOCS,ADDED,"2026-27 Rookie Signings  + ADDED  120%. Rookie Scale Exception. Advance Payment ($477,342). Skill; Injury or Illness; Mental; Death. Love of the Game. Physical Exam. Alt. 7(b)."
2026-07-05 17:11:55,DOCS,ADDED,2026-27 Rookie Signings  + ADDED  Execution Date: 7/3/26
2026-07-05 17:10:56,DOCS,REMOVED,"2026-27 Rookie Signings  - REMOVED Update 1.1 (7/1/26): A. Dybantsa, D. Peterson, C. Wilson, K. Wagler, M. Brown, D. Acuff Jr., K. Flemings, M. Johnson, Y. Lendeborg, A. Graves, Z. Eijfor, A. Karaban, K. Peat, M. Thomas, R. Conwell, E. Sharp, B. Markovic, H. Veesaar"
2026-07-05 17:10:56,DOCS,ADDED,"2026-27 Rookie Signings  + ADDED  Update 1.1 (7/1/26): A. Dybantsa, D. Peterson, C. Wilson, K. Wagler, M. Brown, D. Acuff Jr., K. Flemings, M. Johnson, Y. Lendeborg, A. Graves, Z. Eijfor, S. De Larrea, A. Karaban, K. Peat, M. Thomas, R. Conwell, E. Sharp, B. Markovic, H. Veesaar"
2026-07-05 17:10:56,DOCS,ADDED,2026-27 Rookie Signings  + ADDED  #25 Sergio De Larrea Dallas Mavericks
2026-07-05 17:10:56,DOCS,ADDED,"2026-27 Rookie Signings  + ADDED  26-27 $3,182,280"
2026-07-05 17:10:56,DOCS,ADDED,"2026-27 Rookie Signings  + ADDED  27-28 $3,341,280"
2026-07-05 17:10:56,DOCS,ADDED,"2026-27 Rookie Signings  + ADDED  28-29 $3,500,880 (Team Option)"
2026-07-05 17:10:56,DOCS,ADDED,"2026-27 Rookie Signings  + ADDED  29-30 $6,305,085 (Team Option)"
2026-07-05 17:10:56,DOCS,ADDED,"2026-27 Rookie Signings  + ADDED  120%. Rookie Scale Exception. Advance Payment ($1,013,220). Skill; Injury or Illness; Mental; Death. Love of the Game. Physical Exam. Alt. 7(b)."
2026-07-05 17:10:56,DOCS,ADDED,2026-27 Rookie Signings  + ADDED  Execution Date: 7/2/26
2026-07-05 17:08:56,DOCS,REMOVED,"2026-27 Rookie Signings  - REMOVED 29-30 $14,866,685 (Team Option)"
2026-07-05 17:08:56,DOCS,REMOVED,"2026-27 Rookie Signings  - REMOVED 120%. Rookie Scale Exception. Advance Payment ($3,285,252). Skill; Injury or Illness; Death. Love of the Game. Physical Exam. Alt. 7(b)."
2026-07-05 17:08:56,DOCS,REMOVED,2026-27 Rookie Signings  - REMOVED Execution Date: 7/3/26
2026-07-05 17:08:56,DOCS,ADDED,"2026-27 Rookie Signings  + ADDED  29-30 $9,466,635 (Team Option)"
2026-07-05 17:08:56,DOCS,ADDED,"2026-27 Rookie Signings  + ADDED  120%. Rookie Scale Exception. Advance Payment ($1,013,220). Skill; Injury or Illness; Mental; Death. Love of the Game. Physical Exam. Alt. 7(b)."
2026-07-05 17:08:56,DOCS,ADDED,2026-27 Rookie Signings  + ADDED  Execution Date: 7/2/26
2026-07-05 17:07:57,DOCS,REMOVED,"2026-27 Rookie Signings  - REMOVED Update 1.1 (7/1/26): A. Dybantsa, D. Peterson, C. Wilson, K. Wagler, M. Brown, D. Acuff Jr., K. Flemings, Y. Lendeborg, A. Graves, Z. Eijfor, A. Karaban, K. Peat, M. Thomas, R. Conwell, E. Sharp, B. Markovic, H. Veesaar"
2026-07-05 17:07:57,DOCS,ADDED,"2026-27 Rookie Signings  + ADDED  Update 1.1 (7/1/26): A. Dybantsa, D. Peterson, C. Wilson, K. Wagler, M. Brown, D. Acuff Jr., K. Flemings, M. Johnson, Y. Lendeborg, A. Graves, Z. Eijfor, A. Karaban, K. Peat, M. Thomas, R. Conwell, E. Sharp, B. Markovic, H. Veesaar"
2026-07-05 17:07:57,DOCS,ADDED,2026-27 Rookie Signings  + ADDED  #9 Morez Johnson Jr. Dallas Mavericks
2026-07-05 17:07:57,DOCS,ADDED,"2026-27 Rookie Signings  + ADDED  26-27 $6,754,800"
2026-07-05 17:07:57,DOCS,ADDED,"2026-27 Rookie Signings  + ADDED  27-28 $7,093,080"
2026-07-05 17:07:57,DOCS,ADDED,"2026-27 Rookie Signings  + ADDED  28-29 $7,430,640 (Team Option)"
2026-07-05 17:07:57,DOCS,ADDED,"2026-27 Rookie Signings  + ADDED  29-30 $14,866,685 (Team Option)"
2026-07-05 17:07:57,DOCS,ADDED,"2026-27 Rookie Signings  + ADDED  120%. Rookie Scale Exception. Advance Payment ($3,285,252). Skill; Injury or Illness; Death. Love of the Game. Physical Exam. Alt. 7(b)."
2026-07-05 17:07:57,DOCS,ADDED,2026-27 Rookie Signings  + ADDED  Execution Date: 7/3/26
2026-07-05 17:06:57,SHEETS,ADDED,"DAL  + ADDED  Johnson Jr., Morez | 1 - FULL SEASON | 6754800.0 | 7093080.0 | 7430640.0 | 9466635.36 |  |  | 30745155.36"
2026-07-05 17:06:57,SHEETS,REMOVED,"DAL  - REMOVED Nembhard, Ryan | 1 - FULL SEASON | 2150917.0 |  |  |  |  |  | 2150917"
2026-07-05 17:06:57,SHEETS,REMOVED,"DAL  - REMOVED Johnson, AJ | 1 - FULL SEASON | 3237120.0 | 5493392.640000001 |  |  |  |  | 8730512.64"
2026-07-05 17:06:57,SHEETS,ADDED,"DAL  + ADDED  De Larrea, Sergio | 1 - FULL SEASON | 3182280.0 | 3341280.0 | 3500880.0 | 6305084.880000001 |  |  | 16329524.88"
2026-07-05 17:06:57,SHEETS,REMOVED,"DAL  - REMOVED Johnson Jr., Morez | 1 - FULL SEASON | 6754800.0 | 7093080.0 | 7430640.0 | 9466635.36 |  |  | 30745155.36"
2026-07-05 17:06:57,SHEETS,REMOVED,"DAL  - REMOVED De Larrea, Sergio | 1 - FULL SEASON | 3182280.0 | 3341280.0 | 3500880.0 | 6305084.880000001 |  |  | 16329524.88"
2026-07-05 17:06:57,SHEETS,REMOVED,"DAL  - REMOVED TEAM SALARY (Art, I §1 (nnn)): |  | 248810008.6 | 140010948.5 | 72082739 | 40339896.24 | 0 | 0 | 501243592.3"
2026-07-05 17:06:57,SHEETS,ADDED,DAL  + ADDED   |  |  |  |  |  |  |  | 0
2026-07-05 17:06:57,SHEETS,ADDED,DAL  + ADDED   |  |  |  |  |  |  |  | 0
2026-07-05 17:06:57,SHEETS,ADDED,"DAL  + ADDED  TEAM SALARY (Art, I §1 (nnn)): |  | 243421971.6 | 134517555.8 | 72082739 | 40339896.24 | 0 | 0 | 490362162.7"
2026-07-05 17:06:57,SHEETS,REMOVED,DAL  - REMOVED Players Under Contract |  | 164213770.1 | 136799732.3 | 72082739 | 40339896.24 | 0 | 0 | BOLD = Option Year
2026-07-05 17:06:57,SHEETS,REMOVED,"DAL  - REMOVED Full Season Contracts |  | 164213770.1 | 136799732.3 | 72082739 | 40339896.24 | 0 | 0 | *=Projected Exten,,"
2026-07-05 17:06:57,SHEETS,ADDED,DAL  + ADDED  Players Under Contract |  | 158825733.1 | 131306339.6 | 72082739 | 40339896.24 | 0 | 0 | BOLD = Option Year
2026-07-05 17:06:57,SHEETS,ADDED,"DAL  + ADDED  Full Season Contracts |  | 158825733.1 | 131306339.6 | 72082739 | 40339896.24 | 0 | 0 | *=Projected Exten,,"
2026-07-05 17:06:57,SHEETS,REMOVED,"DAL  - REMOVED Avg, Salary (Mean) (ALL Compensation Obligations) |  |  | Players Under Contract |  | 15"
2026-07-05 17:06:57,SHEETS,REMOVED,"DAL  - REMOVED Avg, Salary (Mean) (No 10-Day K's) |  |  | Avaiable Spots |  | 0"
2026-07-05 17:06:57,SHEETS,ADDED,"DAL  + ADDED  Avg, Salary (Mean) (ALL Compensation Obligations) |  |  | Players Under Contract |  | 13"
2026-07-05 17:06:57,SHEETS,ADDED,"DAL  + ADDED  Avg, Salary (Mean) (No 10-Day K's) |  |  | Avaiable Spots |  | 2"
2026-07-05 17:05:57,SHEETS,ADDED,"DAL  + ADDED  Johnson, AJ | 1 - FULL SEASON | 3237120.0 | 5493392.640000001 |  |  |  |  | 8730512.64"
2026-07-05 17:05:57,SHEETS,ADDED,"DAL  + ADDED  Nembhard, Ryan | 1 - FULL SEASON | 2150917.0 |  |  |  |  |  | 2150917"
2026-07-05 17:05:57,SHEETS,REMOVED,"DAL  - REMOVED Johnson Jr., Morez | 6 - DRAFT PICK | 6754800.0 | 7093080.0 | 7430640.0 | 9466635.36 |  |  | 30745155.36"
2026-07-05 17:05:57,SHEETS,REMOVED,"DAL  - REMOVED De Larrea, Sergio | 6 - DRAFT PICK | 3182280.0 | 3341280.0 | 3500880.0 | 6305084.880000001 |  |  | 16329524.88"
2026-07-05 17:05:57,SHEETS,ADDED,"DAL  + ADDED  Johnson Jr., Morez | 1 - FULL SEASON | 6754800.0 | 7093080.0 | 7430640.0 | 9466635.36 |  |  | 30745155.36"
2026-07-05 17:05:57,SHEETS,ADDED,"DAL  + ADDED  De Larrea, Sergio | 1 - FULL SEASON | 3182280.0 | 3341280.0 | 3500880.0 | 6305084.880000001 |  |  | 16329524.88"
2026-07-05 17:05:57,SHEETS,REMOVED,DAL  - REMOVED  |  |  |  |  |  |  |  | 0
2026-07-05 17:05:57,SHEETS,REMOVED,DAL  - REMOVED  |  |  |  |  |  |  |  | 0
2026-07-05 17:05:57,SHEETS,REMOVED,"DAL  - REMOVED TEAM SALARY (Art, I §1 (nnn)): |  | 243421971.6 | 134517555.8 | 72082739 | 40339896.24 | 0 | 0 | 490362162.7"
2026-07-05 17:05:57,SHEETS,ADDED,"DAL  + ADDED  TEAM SALARY (Art, I §1 (nnn)): |  | 248810008.6 | 140010948.5 | 72082739 | 40339896.24 | 0 | 0 | 501243592.3"
2026-07-05 17:05:57,SHEETS,REMOVED,DAL  - REMOVED Players Under Contract |  | 148888653.1 | 120871979.6 | 61151219 | 24568176 | 0 | 0 | BOLD = Option Year
2026-07-05 17:05:57,SHEETS,REMOVED,"DAL  - REMOVED Full Season Contracts |  | 148888653.1 | 120871979.6 | 61151219 | 24568176 | 0 | 0 | *=Projected Exten,,"
2026-07-05 17:05:57,SHEETS,ADDED,DAL  + ADDED  Players Under Contract |  | 164213770.1 | 136799732.3 | 72082739 | 40339896.24 | 0 | 0 | BOLD = Option Year
2026-07-05 17:05:57,SHEETS,ADDED,"DAL  + ADDED  Full Season Contracts |  | 164213770.1 | 136799732.3 | 72082739 | 40339896.24 | 0 | 0 | *=Projected Exten,,"
2026-07-05 17:05:57,SHEETS,REMOVED,DAL  - REMOVED Draft Picks |  | 9937080 | 10434360 | 10931520 | 15771720.24 | 0 | 0
2026-07-05 17:05:57,SHEETS,ADDED,DAL  + ADDED  Draft Picks |  | 0 | 0 | 0 | 0 | 0 | 0
2026-07-05 17:05:57,SHEETS,REMOVED,"DAL  - REMOVED Avg, Salary (Mean) (ALL Compensation Obligations) |  |  | Players Under Contract |  | 11"
2026-07-05 17:05:57,SHEETS,REMOVED,"DAL  - REMOVED Avg, Salary (Mean) (No 10-Day K's) |  |  | Avaiable Spots |  | 4"
2026-07-05 17:05:57,SHEETS,REMOVED,"DAL  - REMOVED Avg, Salary (Mean) (No 10-Day K's & ROS) |  |  | Players to Reach Roster Min, |  | 2"
2026-07-05 17:05:57,SHEETS,ADDED,"DAL  + ADDED  Avg, Salary (Mean) (ALL Compensation Obligations) |  |  | Players Under Contract |  | 15"
2026-07-05 17:05:57,SHEETS,ADDED,"DAL  + ADDED  Avg, Salary (Mean) (No 10-Day K's) |  |  | Avaiable Spots |  | 0"
2026-07-05 17:05:57,SHEETS,ADDED,"DAL  + ADDED  Avg, Salary (Mean) (No 10-Day K's & ROS) |  |  | Players to Reach Roster Min, |  | 0"
2026-07-05 17:04:57,DOCS,REMOVED,2026-27 Rookie Signings  - REMOVED 120% (with likely to be earned bonuses - Summer League and Summer Conditioning). Rookie Scale Exception. Advance Payment ($). Insurance Premium Reimbursement. Skill; Injury or Illness; Mental. Love of the Game. Physical Exam. Alt. 7(b).
2026-07-05 17:04:57,DOCS,ADDED,"2026-27 Rookie Signings  + ADDED  120% (with likely to be earned bonuses - Summer League and Summer Conditioning). Rookie Scale Exception. Advance Payment ($1,443,714). Insurance Premium Reimbursement. Skill; Injury or Illness; Mental. Love of the Game. Physical Exam. Alt. 7(b)."
2026-07-05 17:03:55,DOCS,REMOVED,"2026-27 Rookie Signings  - REMOVED 26-27 $9,624,760"
2026-07-05 17:03:55,DOCS,REMOVED,"2026-27 Rookie Signings  - REMOVED 27-28 $10,108,240"
2026-07-05 17:03:55,DOCS,ADDED,"2026-27 Rookie Signings  + ADDED  26-27 $9,624,760 ($9,674,760)"
2026-07-05 17:03:55,DOCS,ADDED,"2026-27 Rookie Signings  + ADDED  27-28 $10,108,240 ($10,158,240)"
2026-07-05 17:03:55,DOCS,REMOVED,"2026-27 Rookie Signings  - REMOVED 120% (with likely to be earned bonuses - Summer League and Summer Conditioning). Rookie Scale Exception. Advance Payment ($200,000). Insurance Premium Reimbursement. Skill; Injury or Illness; Mental. Love of the Game. Physical Exam. Alt. 7(b)."
2026-07-05 17:03:55,DOCS,REMOVED,2026-27 Rookie Signings  - REMOVED Execution Date: 7/2/26
2026-07-05 17:03:55,DOCS,ADDED,2026-27 Rookie Signings  + ADDED  120% (with likely to be earned bonuses - Summer League and Summer Conditioning). Rookie Scale Exception. Advance Payment ($). Insurance Premium Reimbursement. Skill; Injury or Illness; Mental. Love of the Game. Physical Exam. Alt. 7(b).
2026-07-05 17:03:55,DOCS,ADDED,2026-27 Rookie Signings  + ADDED  Execution Date: 7/3/26
2026-07-05 17:02:56,DOCS,REMOVED,2026-27 Rookie Signings  - REMOVED #3 Caleb Wilson Chicago Bulls
2026-07-05 17:02:56,DOCS,ADDED,2026-27 Rookie Signings  + ADDED  #4 Caleb Wilson Chicago Bulls
2026-07-05 17:02:56,DOCS,ADDED,2026-27 Rookie Signings  + ADDED  #5 Keaton Wagler Los Angeles Clippers
2026-07-05 17:02:56,DOCS,ADDED,"2026-27 Rookie Signings  + ADDED  26-27 $9,624,760"
2026-07-05 17:02:56,DOCS,ADDED,"2026-27 Rookie Signings  + ADDED  27-28 $10,108,240"
2026-07-05 17:02:56,DOCS,ADDED,"2026-27 Rookie Signings  + ADDED  28-29 $10,641,960 (Team Option)"
2026-07-05 17:02:56,DOCS,ADDED,"2026-27 Rookie Signings  + ADDED  29-30 $13,483,363 (Team Option)"
2026-07-05 17:02:56,DOCS,ADDED,"2026-27 Rookie Signings  + ADDED  120% (with likely to be earned bonuses - Summer League and Summer Conditioning). Rookie Scale Exception. Advance Payment ($200,000). Insurance Premium Reimbursement. Skill; Injury or Illness; Mental. Love of the Game. Physical Exam. Alt. 7(b)."
2026-07-05 17:02:56,DOCS,ADDED,2026-27 Rookie Signings  + ADDED  Execution Date: 7/2/26
2026-07-05 17:01:57,SHEETS,ADDED,"LAC  + ADDED  Wagler, Keaton | 1 - FULL SEASON | 9674760.0 | 10158240.0 | 10641960.0 | 13483363.319999998 |  |  | 43958323.32"
2026-07-05 17:01:57,SHEETS,REMOVED,"LAC  - REMOVED Wagler, Keaton | 6 - DRAFT PICK | 9674760.0 | 10158240.0 | 10641960.0 | 13483363.319999998 |  |  | 43958323.32"
2026-07-05 17:01:57,SHEETS,REMOVED,LAC  - REMOVED Players Under Contract |  | 129992231 | 56792405 | 5448356 | 0 | 0 | 0 | BOLD = Option Year
2026-07-05 17:01:57,SHEETS,REMOVED,"LAC  - REMOVED Full Season Contracts |  | 129992231 | 56792405 | 5448356 | 0 | 0 | 0 | *=Projected Exten,,"
2026-07-05 17:01:57,SHEETS,ADDED,LAC  + ADDED  Players Under Contract |  | 139666991 | 66950645 | 16090316 | 13483363.32 | 0 | 0 | BOLD = Option Year
2026-07-05 17:01:57,SHEETS,ADDED,"LAC  + ADDED  Full Season Contracts |  | 139666991 | 66950645 | 16090316 | 13483363.32 | 0 | 0 | *=Projected Exten,,"
2026-07-05 17:01:57,SHEETS,REMOVED,LAC  - REMOVED Draft Picks |  | 9674760 | 10158240 | 10641960 | 13483363.32 | 0 | 0
2026-07-05 17:01:57,SHEETS,ADDED,LAC  + ADDED  Draft Picks |  | 0 | 0 | 0 | 0 | 0 | 0
2026-07-05 17:01:57,SHEETS,REMOVED,"LAC  - REMOVED Avg, Salary (Mean) (ALL Compensation Obligations) |  |  | Players Under Contract |  | 8"
2026-07-05 17:01:57,SHEETS,REMOVED,"LAC  - REMOVED Avg, Salary (Mean) (No 10-Day K's) |  |  | Avaiable Spots |  | 7"
2026-07-05 17:01:57,SHEETS,REMOVED,"LAC  - REMOVED Avg, Salary (Mean) (No 10-Day K's & ROS) |  |  | Players to Reach Roster Min, |  | 5"
2026-07-05 17:01:57,SHEETS,ADDED,"LAC  + ADDED  Avg, Salary (Mean) (ALL Compensation Obligations) |  |  | Players Under Contract |  | 9"
2026-07-05 17:01:57,SHEETS,ADDED,"LAC  + ADDED  Avg, Salary (Mean) (No 10-Day K's) |  |  | Avaiable Spots |  | 6"
2026-07-05 17:01:57,SHEETS,ADDED,"LAC  + ADDED  Avg, Salary (Mean) (No 10-Day K's & ROS) |  |  | Players to Reach Roster Min, |  | 4"
2026-07-05 17:01:56,DOCS,REMOVED,"2026-27 Rookie Signings  - REMOVED Update 1.1 (7/1/26): A. Dybantsa, D. Peterson, C. Wilson, M. Brown, D. Acuff Jr., K. Flemings, Y. Lendeborg, A. Graves, Z. Eijfor, A. Karaban, K. Peat, M. Thomas, R. Conwell, E. Sharp, B. Markovic, H. Veesaar"
2026-07-05 17:01:56,DOCS,ADDED,"2026-27 Rookie Signings  + ADDED  Update 1.1 (7/1/26): A. Dybantsa, D. Peterson, C. Wilson, K. Wagler, M. Brown, D. Acuff Jr., K. Flemings, Y. Lendeborg, A. Graves, Z. Eijfor, A. Karaban, K. Peat, M. Thomas, R. Conwell, E. Sharp, B. Markovic, H. Veesaar"
2026-07-05 17:00:57,SHEETS,REMOVED,"BKN  - REMOVED Demin, Egor | 1 - FULL SEASON | 7233720.0 | 7578240.0 | 9639521.0 |  |  |  | 24451481"
2026-07-05 17:00:57,SHEETS,ADDED,"BKN  + ADDED  Brown Jr., Mikel | 1 - FULL SEASON | 8787000.0 | 9226440.0 | 9666000.0 | 12256488.0 |  |  | 39935928"
2026-07-05 17:00:57,SHEETS,REMOVED,"BKN  - REMOVED Brown Jr., Mikel | 1 - FULL SEASON | 8787000.0 | 9226440.0 | 9666000.0 | 12256488.0 |  |  | 39935928"
2026-07-05 17:00:57,SHEETS,REMOVED,"BKN  - REMOVED TEAM SALARY (Art, I §1 (nnn)): |  | 171758294.6 | 75639760 | 52784569 | 12256488 | 0 | 0 | 312439111.6"
2026-07-05 17:00:57,SHEETS,ADDED,BKN  + ADDED   |  |  |  |  |  |  |  | 0
2026-07-05 17:00:57,SHEETS,ADDED,"BKN  + ADDED  TEAM SALARY (Art, I §1 (nnn)): |  | 164524574.6 | 68061520 | 43145048 | 12256488 | 0 | 0 | 287987630.6"
2026-07-05 17:00:57,SHEETS,REMOVED,BKN  - REMOVED Players Under Contract |  | 123958878.5 | 75639760 | 52784569 | 12256488 | 0 | 0 | BOLD = Option Year
2026-07-05 17:00:57,SHEETS,REMOVED,"BKN  - REMOVED Full Season Contracts |  | 123958878.5 | 75639760 | 52784569 | 12256488 | 0 | 0 | *=Projected Exten,,"
2026-07-05 17:00:57,SHEETS,ADDED,BKN  + ADDED  Players Under Contract |  | 116725158.5 | 68061520 | 43145048 | 12256488 | 0 | 0 | BOLD = Option Year
2026-07-05 17:00:57,SHEETS,ADDED,"BKN  + ADDED  Full Season Contracts |  | 116725158.5 | 68061520 | 43145048 | 12256488 | 0 | 0 | *=Projected Exten,,"
2026-07-05 17:00:57,SHEETS,REMOVED,"BKN  - REMOVED Avg, Salary (Mean) (ALL Compensation Obligations) |  |  | Players Under Contract |  | 12"
2026-07-05 17:00:57,SHEETS,REMOVED,"BKN  - REMOVED Avg, Salary (Mean) (No 10-Day K's) |  |  | Avaiable Spots |  | 3"
2026-07-05 17:00:57,SHEETS,REMOVED,"BKN  - REMOVED Avg, Salary (Mean) (No 10-Day K's & ROS) |  |  | Players to Reach Roster Min, |  | 1"
2026-07-05 17:00:57,SHEETS,ADDED,"BKN  + ADDED  Avg, Salary (Mean) (ALL Compensation Obligations) |  |  | Players Under Contract |  | 11"
2026-07-05 17:00:57,SHEETS,ADDED,"BKN  + ADDED  Avg, Salary (Mean) (No 10-Day K's) |  |  | Avaiable Spots |  | 4"
2026-07-05 17:00:57,SHEETS,ADDED,"BKN  + ADDED  Avg, Salary (Mean) (No 10-Day K's & ROS) |  |  | Players to Reach Roster Min, |  | 2"
2026-07-05 16:59:56,SHEETS,ADDED,"BKN  + ADDED  Demin, Egor | 1 - FULL SEASON | 7233720.0 | 7578240.0 | 9639521.0 |  |  |  | 24451481"
2026-07-05 16:59:56,SHEETS,REMOVED,"BKN  - REMOVED Brown Jr., Mikel | 6 - DRAFT PICK | 8787000.0 | 9226440.0 | 9666000.0 | 12256488.0 |  |  | 39935928"
2026-07-05 16:59:56,SHEETS,REMOVED,"BKN  - REMOVED Jefferson, Joshua | 6 - DRAFT PICK | 2969520.0 | 3118560.0 | 3266880.0 | 5896718.4 |  |  | 15251678.4"
2026-07-05 16:59:56,SHEETS,ADDED,"BKN  + ADDED  Brown Jr., Mikel | 1 - FULL SEASON | 8787000.0 | 9226440.0 | 9666000.0 | 12256488.0 |  |  | 39935928"
2026-07-05 16:59:56,SHEETS,REMOVED,"BKN  - REMOVED TEAM SALARY (Art, I §1 (nnn)): |  | 167494094.6 | 71180080 | 46411928 | 18153206.4 | 0 | 0 | 303239309"
2026-07-05 16:59:56,SHEETS,ADDED,"BKN  + ADDED  TEAM SALARY (Art, I §1 (nnn)): |  | 171758294.6 | 75639760 | 52784569 | 12256488 | 0 | 0 | 312439111.6"
2026-07-05 16:59:56,SHEETS,REMOVED,BKN  - REMOVED Players Under Contract |  | 107938158.5 | 58835080 | 33479048 | 0 | 0 | 0 | BOLD = Option Year
2026-07-05 16:59:56,SHEETS,REMOVED,"BKN  - REMOVED Full Season Contracts |  | 107938158.5 | 58835080 | 33479048 | 0 | 0 | 0 | *=Projected Exten,,"
2026-07-05 16:59:56,SHEETS,ADDED,BKN  + ADDED  Players Under Contract |  | 123958878.5 | 75639760 | 52784569 | 12256488 | 0 | 0 | BOLD = Option Year
2026-07-05 16:59:56,SHEETS,ADDED,"BKN  + ADDED  Full Season Contracts |  | 123958878.5 | 75639760 | 52784569 | 12256488 | 0 | 0 | *=Projected Exten,,"
2026-07-05 16:59:56,SHEETS,REMOVED,BKN  - REMOVED Draft Picks |  | 11756520 | 12345000 | 12932880 | 18153206.4 | 0 | 0
2026-07-05 16:59:56,SHEETS,ADDED,BKN  + ADDED  Draft Picks |  | 0 | 0 | 0 | 0 | 0 | 0
2026-07-05 16:59:56,SHEETS,REMOVED,"BKN  - REMOVED Avg, Salary (Mean) (ALL Compensation Obligations) |  |  | Players Under Contract |  | 10"
2026-07-05 16:59:56,SHEETS,REMOVED,"BKN  - REMOVED Avg, Salary (Mean) (No 10-Day K's) |  |  | Avaiable Spots |  | 5"
2026-07-05 16:59:56,SHEETS,REMOVED,"BKN  - REMOVED Avg, Salary (Mean) (No 10-Day K's & ROS) |  |  | Players to Reach Roster Min, |  | 3"
2026-07-05 16:59:56,SHEETS,ADDED,"BKN  + ADDED  Avg, Salary (Mean) (ALL Compensation Obligations) |  |  | Players Under Contract |  | 12"
2026-07-05 16:59:56,SHEETS,ADDED,"BKN  + ADDED  Avg, Salary (Mean) (No 10-Day K's) |  |  | Avaiable Spots |  | 3"
2026-07-05 16:59:56,SHEETS,ADDED,"BKN  + ADDED  Avg, Salary (Mean) (No 10-Day K's & ROS) |  |  | Players to Reach Roster Min, |  | 1"
2026-07-05 16:59:56,SHEETS,ADDED,"CHI  + ADDED  Jefferson, Joshua | 6 - DRAFT PICK | 2969520.0 | 3118560.0 | 3266880.0 | 5896718.4 |  |  | 15251678.4"
2026-07-05 16:59:56,SHEETS,REMOVED,CHI  - REMOVED  |  |  |  |  |  |  |  | 0
2026-07-05 16:59:56,SHEETS,REMOVED,"CHI  - REMOVED TEAM SALARY (Art, I §1 (nnn)): |  | 211870417.5 | 98251977.76 | 68444703 | 23239808.16 | 0 | 0 | 401806906.4"
2026-07-05 16:59:56,SHEETS,ADDED,"CHI  + ADDED  TEAM SALARY (Art, I §1 (nnn)): |  | 214839937.5 | 101370537.8 | 71711583 | 29136526.56 | 0 | 0 | 417058584.8"
2026-07-05 16:59:56,SHEETS,REMOVED,CHI  - REMOVED Draft Picks |  | 0 | 0 | 0 | 0 | 0 | 0
2026-07-05 16:59:56,SHEETS,ADDED,CHI  + ADDED  Draft Picks |  | 2969520 | 3118560 | 3266880 | 5896718.4 | 0 | 0
2026-07-05 16:59:55,DOCS,REMOVED,"2026-27 Rookie Signings  - REMOVED 26-27 $8,687,000 ($8,87,000)"
2026-07-05 16:59:55,DOCS,REMOVED,"2026-27 Rookie Signings  - REMOVED 27-28 $9,126,440"
2026-07-05 16:59:55,DOCS,ADDED,"2026-27 Rookie Signings  + ADDED  26-27 $8,687,000 ($8,787,000)"
2026-07-05 16:59:55,DOCS,ADDED,"2026-27 Rookie Signings  + ADDED  27-28 $9,126,440 ($9,226,440)"
2026-07-05 16:59:55,DOCS,REMOVED,2026-27 Rookie Signings  - REMOVED Execution Date: 7/1/26
2026-07-05 16:59:55,DOCS,ADDED,2026-27 Rookie Signings  + ADDED  Execution Date: 7/2/26
2026-07-05 16:58:55,DOCS,REMOVED,"2026-27 Rookie Signings  - REMOVED 26-27 $7,921,640 ($8,021,640)"
2026-07-05 16:58:55,DOCS,REMOVED,"2026-27 Rookie Signings  - REMOVED 27-28 $8,322,920 ($8,422,920)"
2026-07-05 16:58:55,DOCS,REMOVED,"2026-27 Rookie Signings  - REMOVED 28-29 $8,823,600 (Team Option)"
2026-07-05 16:58:55,DOCS,REMOVED,"2026-27 Rookie Signings  - REMOVED 29-30 $11,205,972 (Team Option)"
2026-07-05 16:58:55,DOCS,REMOVED,"2026-27 Rookie Signings  - REMOVED 120% (with likely to be earned bonuses - Summer League and Summer Conditioning). Rookie Scale Exception. Advance Payment ($792,164). Skill; Injury or Illness; Mental; Death. Love of the Game. Physical Exam. Alt. 7(b)."
2026-07-05 16:58:55,DOCS,ADDED,"2026-27 Rookie Signings  + ADDED  26-27 $8,687,000 ($8,87,000)"
2026-07-05 16:58:55,DOCS,ADDED,"2026-27 Rookie Signings  + ADDED  27-28 $9,126,440"
2026-07-05 16:58:55,DOCS,ADDED,"2026-27 Rookie Signings  + ADDED  28-29 $9,666,000 (Team Option)"
2026-07-05 16:58:55,DOCS,ADDED,"2026-27 Rookie Signings  + ADDED  29-30 $12,256,488 (Team Option)"
2026-07-05 16:58:55,DOCS,ADDED,"2026-27 Rookie Signings  + ADDED  120% (with likely to be earned bonuses - Summer League and Summer Conditioning). Rookie Scale Exception. Advance Payment ($200,000). Insurance Premium Reimbursement. Skill; Injury or Illness; Mental. Love of the Game. Physical Exam. Alt. 7(b)."
2026-07-05 16:57:56,DOCS,REMOVED,"2026-27 Rookie Signings  - REMOVED Update 1.1 (7/1/26): A. Dybantsa, D. Peterson, C. Wilson, D. Acuff Jr., K. Flemings, Y. Lendeborg, A. Graves, Z. Eijfor, A. Karaban, K. Peat, M. Thomas, R. Conwell, E. Sharp, B. Markovic, H. Veesaar"
2026-07-05 16:57:56,DOCS,ADDED,"2026-27 Rookie Signings  + ADDED  Update 1.1 (7/1/26): A. Dybantsa, D. Peterson, C. Wilson, M. Brown, D. Acuff Jr., K. Flemings, Y. Lendeborg, A. Graves, Z. Eijfor, A. Karaban, K. Peat, M. Thomas, R. Conwell, E. Sharp, B. Markovic, H. Veesaar"
2026-07-05 16:57:56,DOCS,ADDED,2026-27 Rookie Signings  + ADDED  #6 Mikel Brown Jr. Brooklyn Nets
2026-07-05 16:57:56,DOCS,ADDED,"2026-27 Rookie Signings  + ADDED  26-27 $7,921,640 ($8,021,640)"
2026-07-05 16:57:56,DOCS,ADDED,"2026-27 Rookie Signings  + ADDED  27-28 $8,322,920 ($8,422,920)"
2026-07-05 16:57:56,DOCS,ADDED,"2026-27 Rookie Signings  + ADDED  28-29 $8,823,600 (Team Option)"
2026-07-05 16:57:56,DOCS,ADDED,"2026-27 Rookie Signings  + ADDED  29-30 $11,205,972 (Team Option)"
2026-07-05 16:57:56,DOCS,ADDED,"2026-27 Rookie Signings  + ADDED  120% (with likely to be earned bonuses - Summer League and Summer Conditioning). Rookie Scale Exception. Advance Payment ($792,164). Skill; Injury or Illness; Mental; Death. Love of the Game. Physical Exam. Alt. 7(b)."
2026-07-05 16:57:56,DOCS,ADDED,2026-27 Rookie Signings  + ADDED  Execution Date: 7/1/26
2026-07-05 16:56:55,DOCS,REMOVED,2026-27 Rookie Signings  - REMOVED 120%. Rookie Scale Exception. Advance Payment ($). Skill; Injury or Illness; Death. Love of the Game. Physical Exam. Alt. 7(b).
2026-07-05 16:56:55,DOCS,ADDED,"2026-27 Rookie Signings  + ADDED  120%. Rookie Scale Exception. Advance Payment ($3,285,252). Skill; Injury or Illness; Death. Love of the Game. Physical Exam. Alt. 7(b)."
2026-07-05 16:55:56,DOCS,REMOVED,2026-27 Rookie Signings  - REMOVED #3 Caleb Wil Utah Jazz
2026-07-05 16:55:56,DOCS,REMOVED,"2026-27 Rookie Signings  - REMOVED 26-27 $13,195,320"
2026-07-05 16:55:56,DOCS,REMOVED,"2026-27 Rookie Signings  - REMOVED 27-28 $13,855,320"
2026-07-05 16:55:56,DOCS,REMOVED,"2026-27 Rookie Signings  - REMOVED 28-29 $14,515,320 (Team Option)"
2026-07-05 16:55:56,DOCS,REMOVED,"2026-27 Rookie Signings  - REMOVED 29-30 $18,318,334 (Team Option)"
2026-07-05 16:55:56,DOCS,REMOVED,"2026-27 Rookie Signings  - REMOVED 120%. Rookie Scale Exception. Advance Payment ($1,319,532). Insurance Premium Reimbursement. Skill; Injury or Illness; Mental. Love of the Game. Physical Exam. Alt. 7(b)."
2026-07-05 16:55:56,DOCS,REMOVED,2026-27 Rookie Signings  - REMOVED Execution Date: 7/1/26
2026-07-05 16:55:56,DOCS,ADDED,2026-27 Rookie Signings  + ADDED  #3 Caleb Wilson Chicago Bulls
2026-07-05 16:55:56,DOCS,ADDED,"2026-27 Rookie Signings  + ADDED  26-27 $10,683,720"
2026-07-05 16:55:56,DOCS,ADDED,"2026-27 Rookie Signings  + ADDED  27-28 $11,217,960"
2026-07-05 16:55:56,DOCS,ADDED,"2026-27 Rookie Signings  + ADDED  28-29 $11,752,320 (Team Option)"
2026-07-05 16:55:56,DOCS,ADDED,"2026-27 Rookie Signings  + ADDED  29-30 $14,866,685 (Team Option)"
2026-07-05 16:55:56,DOCS,ADDED,2026-27 Rookie Signings  + ADDED  120%. Rookie Scale Exception. Advance Payment ($). Skill; Injury or Illness; Death. Love of the Game. Physical Exam. Alt. 7(b).
2026-07-05 16:55:56,DOCS,ADDED,2026-27 Rookie Signings  + ADDED  Execution Date: 7/3/26
2026-07-05 16:54:58,SHEETS,REMOVED,"CHI  - REMOVED Smith, Jalen | 1 - FULL SEASON | 9428571.0 |  |  |  |  |  | 9428571"
2026-07-05 16:54:58,SHEETS,ADDED,"CHI  + ADDED  Wilson, Caleb | 1 - FULL SEASON | 10683720.0 | 11217960.0 | 11752320.0 | 14866684.8 |  |  | 48520684.8"
2026-07-05 16:54:58,SHEETS,ADDED,"CHI  + ADDED  Swain, Dailyn | 1 - FULL SEASON | 4965480.0 | 5213760.0 | 5461920.0 | 8373123.359999999 |  |  | 24014283.36"
2026-07-05 16:54:58,SHEETS,REMOVED,"CHI  - REMOVED Wilson, Caleb | 1 - FULL SEASON | 10683720.0 | 11217960.0 | 11752320.0 | 14866684.8 |  |  | 48520684.8"
2026-07-05 16:54:58,SHEETS,REMOVED,"CHI  - REMOVED Swain, Dailyn | 1 - FULL SEASON | 4965480.0 | 5213760.0 | 5461920.0 | 8373123.359999999 |  |  | 24014283.36"
2026-07-05 16:54:58,SHEETS,REMOVED,"CHI  - REMOVED TEAM SALARY (Art, I §1 (nnn)): |  | 221298988.5 | 98251977.76 | 68444703 | 23239808.16 | 0 | 0 | 411235477.4"
2026-07-05 16:54:58,SHEETS,ADDED,CHI  + ADDED   |  |  |  |  |  |  |  | 0
2026-07-05 16:54:58,SHEETS,ADDED,"CHI  + ADDED  TEAM SALARY (Art, I §1 (nnn)): |  | 211870417.5 | 98251977.76 | 68444703 | 23239808.16 | 0 | 0 | 401806906.4"
2026-07-05 16:54:58,SHEETS,REMOVED,CHI  - REMOVED Players Under Contract |  | 128944331 | 98251977.76 | 68444703 | 23239808.16 | 0 | 0 | BOLD = Option Year
2026-07-05 16:54:58,SHEETS,REMOVED,"CHI  - REMOVED Full Season Contracts |  | 128944331 | 98251977.76 | 68444703 | 23239808.16 | 0 | 0 | *=Projected Exten,,"
2026-07-05 16:54:58,SHEETS,ADDED,CHI  + ADDED  Players Under Contract |  | 119515760 | 98251977.76 | 68444703 | 23239808.16 | 0 | 0 | BOLD = Option Year
2026-07-05 16:54:58,SHEETS,ADDED,"CHI  + ADDED  Full Season Contracts |  | 119515760 | 98251977.76 | 68444703 | 23239808.16 | 0 | 0 | *=Projected Exten,,"
2026-07-05 16:54:58,SHEETS,REMOVED,"CHI  - REMOVED Avg, Salary (Mean) (ALL Compensation Obligations) |  |  | Players Under Contract |  | 14"
2026-07-05 16:54:58,SHEETS,REMOVED,"CHI  - REMOVED Avg, Salary (Mean) (No 10-Day K's) |  |  | Avaiable Spots |  | 1"
2026-07-05 16:54:58,SHEETS,ADDED,"CHI  + ADDED  Avg, Salary (Mean) (ALL Compensation Obligations) |  |  | Players Under Contract |  | 13"
2026-07-05 16:54:58,SHEETS,ADDED,"CHI  + ADDED  Avg, Salary (Mean) (No 10-Day K's) |  |  | Avaiable Spots |  | 2"
2026-07-05 16:54:56,DOCS,REMOVED,"2026-27 Rookie Signings  - REMOVED Update 1.1 (7/1/26): A. Dybantsa, D. Peterson, D. Acuff Jr., K. Flemings, Y. Lendeborg, A. Graves, Z. Eijfor, A. Karaban, K. Peat, M. Thomas, R. Conwell, E. Sharp, B. Markovic, H. Veesaar"
2026-07-05 16:54:56,DOCS,ADDED,"2026-27 Rookie Signings  + ADDED  Update 1.1 (7/1/26): A. Dybantsa, D. Peterson, C. Wilson, D. Acuff Jr., K. Flemings, Y. Lendeborg, A. Graves, Z. Eijfor, A. Karaban, K. Peat, M. Thomas, R. Conwell, E. Sharp, B. Markovic, H. Veesaar"
2026-07-05 16:54:56,DOCS,ADDED,"2026-27 Rookie Signings  + ADDED  26-27 $13,195,320"
2026-07-05 16:54:56,DOCS,ADDED,"2026-27 Rookie Signings  + ADDED  27-28 $13,855,320"
2026-07-05 16:54:56,DOCS,ADDED,"2026-27 Rookie Signings  + ADDED  28-29 $14,515,320 (Team Option)"
2026-07-05 16:54:56,DOCS,ADDED,"2026-27 Rookie Signings  + ADDED  29-30 $18,318,334 (Team Option)"
2026-07-05 16:54:56,DOCS,ADDED,"2026-27 Rookie Signings  + ADDED  120%. Rookie Scale Exception. Advance Payment ($1,319,532). Insurance Premium Reimbursement. Skill; Injury or Illness; Mental. Love of the Game. Physical Exam. Alt. 7(b)."
2026-07-05 16:54:56,DOCS,ADDED,2026-27 Rookie Signings  + ADDED  Execution Date: 7/1/26
2026-07-05 16:54:56,DOCS,ADDED,2026-27 Rookie Signings  + ADDED  #3 Caleb Wil Utah Jazz
2026-07-05 16:53:57,SHEETS,ADDED,"CHI  + ADDED  Smith, Jalen | 1 - FULL SEASON | 9428571.0 |  |  |  |  |  | 9428571"
2026-07-05 16:53:57,SHEETS,REMOVED,"CHI  - REMOVED Wilson, Caleb | 6 - DRAFT PICK | 10683720.0 | 11217960.0 | 11752320.0 | 14866684.8 |  |  | 48520684.8"
2026-07-05 16:53:57,SHEETS,REMOVED,"CHI  - REMOVED Swain, Dailyn | 6 - DRAFT PICK | 4965480.0 | 5213760.0 | 5461920.0 | 8373123.359999999 |  |  | 24014283.36"
2026-07-05 16:53:57,SHEETS,ADDED,"CHI  + ADDED  Wilson, Caleb | 1 - FULL SEASON | 10683720.0 | 11217960.0 | 11752320.0 | 14866684.8 |  |  | 48520684.8"
2026-07-05 16:53:57,SHEETS,ADDED,"CHI  + ADDED  Swain, Dailyn | 1 - FULL SEASON | 4965480.0 | 5213760.0 | 5461920.0 | 8373123.359999999 |  |  | 24014283.36"
2026-07-05 16:53:57,SHEETS,REMOVED,CHI  - REMOVED  |  |  |  |  |  |  |  | 0
2026-07-05 16:53:57,SHEETS,REMOVED,"CHI  - REMOVED TEAM SALARY (Art, I §1 (nnn)): |  | 211870417.5 | 98251977.76 | 68444703 | 23239808.16 | 0 | 0 | 401806906.4"
2026-07-05 16:53:57,SHEETS,ADDED,"CHI  + ADDED  TEAM SALARY (Art, I §1 (nnn)): |  | 221298988.5 | 98251977.76 | 68444703 | 23239808.16 | 0 | 0 | 411235477.4"
2026-07-05 16:53:57,SHEETS,REMOVED,CHI  - REMOVED Players Under Contract |  | 103866560 | 81820257.76 | 51230463 | 0 | 0 | 0 | BOLD = Option Year
2026-07-05 16:53:57,SHEETS,REMOVED,"CHI  - REMOVED Full Season Contracts |  | 103866560 | 81820257.76 | 51230463 | 0 | 0 | 0 | *=Projected Exten,,"
2026-07-05 16:53:57,SHEETS,ADDED,CHI  + ADDED  Players Under Contract |  | 128944331 | 98251977.76 | 68444703 | 23239808.16 | 0 | 0 | BOLD = Option Year
2026-07-05 16:53:57,SHEETS,ADDED,"CHI  + ADDED  Full Season Contracts |  | 128944331 | 98251977.76 | 68444703 | 23239808.16 | 0 | 0 | *=Projected Exten,,"
2026-07-05 16:53:57,SHEETS,REMOVED,CHI  - REMOVED Draft Picks |  | 15649200 | 16431720 | 17214240 | 23239808.16 | 0 | 0
2026-07-05 16:53:57,SHEETS,ADDED,CHI  + ADDED  Draft Picks |  | 0 | 0 | 0 | 0 | 0 | 0
2026-07-05 16:53:57,SHEETS,REMOVED,"CHI  - REMOVED Avg, Salary (Mean) (ALL Compensation Obligations) |  |  | Players Under Contract |  | 11"
2026-07-05 16:53:57,SHEETS,REMOVED,"CHI  - REMOVED Avg, Salary (Mean) (No 10-Day K's) |  |  | Avaiable Spots |  | 4"
2026-07-05 16:53:57,SHEETS,REMOVED,"CHI  - REMOVED Avg, Salary (Mean) (No 10-Day K's & ROS) |  |  | Players to Reach Roster Min, |  | 2"
2026-07-05 16:53:57,SHEETS,ADDED,"CHI  + ADDED  Avg, Salary (Mean) (ALL Compensation Obligations) |  |  | Players Under Contract |  | 14"
2026-07-05 16:53:57,SHEETS,ADDED,"CHI  + ADDED  Avg, Salary (Mean) (No 10-Day K's) |  |  | Avaiable Spots |  | 1"
2026-07-05 16:53:57,SHEETS,ADDED,"CHI  + ADDED  Avg, Salary (Mean) (No 10-Day K's & ROS) |  |  | Players to Reach Roster Min, |  | 0"
2026-07-05 16:52:55,DOCS,ADDED,2026-27 Veteran Signings  + ADDED  Nah’Shon Hyland Minnesota Timberwolves
2026-07-05 16:52:55,DOCS,ADDED,"2026-27 Veteran Signings  + ADDED  26-27 $2,845,883"
2026-07-05 16:52:55,DOCS,ADDED,2026-27 Veteran Signings  + ADDED  Minimum Salary Exception. Player Trade Consent. Skill; Injury or Illness; Mental; Death. Love of the Game. Physical Exam. Alt. 7(b).
2026-07-05 16:52:55,DOCS,ADDED,2026-27 Veteran Signings  + ADDED  Execution Date: 7/3/26
2026-07-05 16:47:57,SHEETS,REMOVED,"GOS  - REMOVED Spencer, Pat | 4 - CAP HOLD | 2449421.0 |  |  |  |  |  | 2449421"
2026-07-05 16:47:57,SHEETS,REMOVED,"GOS  - REMOVED TEAM SALARY (Art, I §1 (nnn)): |  | 259634124.8 | 47353106 | 14812268 | 8899127.4 | 0 | 0 | 330698626.2"
2026-07-05 16:47:57,SHEETS,ADDED,GOS  + ADDED   |  |  |  |  |  |  |  | 0
2026-07-05 16:47:57,SHEETS,ADDED,"GOS  + ADDED  TEAM SALARY (Art, I §1 (nnn)): |  | 257184703.8 | 47353106 | 14812268 | 8899127.4 | 0 | 0 | 328249205.2"
2026-07-05 16:47:57,SHEETS,REMOVED,GOS  - REMOVED Cap Holds |  | 86508527.5 | 0 | 0 | 0 | 0 | 0
2026-07-05 16:47:57,SHEETS,ADDED,GOS  + ADDED  Cap Holds |  | 84059106.5 | 0 | 0 | 0 | 0 | 0
2026-07-05 16:47:57,SHEETS,REMOVED,GOS  - REMOVED  |  |  | Cap Holds |  | 19
2026-07-05 16:47:57,SHEETS,ADDED,GOS  + ADDED   |  |  | Cap Holds |  | 18
2026-07-05 16:47:57,SHEETS,REMOVED,"MIN  - REMOVED Turner, Evan | 4 - CAP HOLD | 27909834.0 |  |  |  |  |  | 27909834"
2026-07-05 16:47:57,SHEETS,ADDED,"MIN  + ADDED  Hyland, Bones | 1 - FULL SEASON | 2449421.0 |  |  |  |  |  | 2449421"
2026-07-05 16:47:57,SHEETS,REMOVED,"MIN  - REMOVED Hyland, Bones | 1 - FULL SEASON | 2449421.0 |  |  |  |  |  | 2449421"
2026-07-05 16:47:57,SHEETS,REMOVED,"MIN  - REMOVED TEAM SALARY (Art, I §1 (nnn)): |  | 288601672 | 188783460.6 | 119308939 | 28448276 | 0 | 0 | 625142347.6"
2026-07-05 16:47:57,SHEETS,ADDED,MIN  + ADDED   |  |  |  |  |  |  |  | 0
2026-07-05 16:47:57,SHEETS,ADDED,"MIN  + ADDED  TEAM SALARY (Art, I §1 (nnn)): |  | 260691838 | 188783460.6 | 119308939 | 28448276 | 0 | 0 | 597232513.6"
2026-07-05 16:47:57,SHEETS,REMOVED,MIN  - REMOVED Cap Holds |  | 95521169 | 0 | 0 | 0 | 0 | 0
2026-07-05 16:47:57,SHEETS,ADDED,MIN  + ADDED  Cap Holds |  | 67611335 | 0 | 0 | 0 | 0 | 0
2026-07-05 16:47:57,SHEETS,REMOVED,MIN  - REMOVED  |  |  | Cap Holds |  | 10
2026-07-05 16:47:57,SHEETS,ADDED,MIN  + ADDED   |  |  | Cap Holds |  | 9
2026-07-05 16:46:57,SHEETS,ADDED,"MIN  + ADDED  Turner, Evan | 4 - CAP HOLD | 27909834.0 |  |  |  |  |  | 27909834"
2026-07-05 16:46:57,SHEETS,REMOVED,"MIN  - REMOVED Hyland, Bones | 4 - CAP HOLD | 2449421.0 |  |  |  |  |  | 2449421"
2026-07-05 16:46:57,SHEETS,ADDED,"MIN  + ADDED  Hyland, Bones | 1 - FULL SEASON | 2449421.0 |  |  |  |  |  | 2449421"
2026-07-05 16:46:57,SHEETS,REMOVED,MIN  - REMOVED  |  |  |  |  |  |  |  | 0
2026-07-05 16:46:57,SHEETS,REMOVED,"MIN  - REMOVED TEAM SALARY (Art, I §1 (nnn)): |  | 260691838 | 188783460.6 | 119308939 | 28448276 | 0 | 0 | 597232513.6"
2026-07-05 16:46:57,SHEETS,ADDED,"MIN  + ADDED  TEAM SALARY (Art, I §1 (nnn)): |  | 288601672 | 188783460.6 | 119308939 | 28448276 | 0 | 0 | 625142347.6"
2026-07-05 16:46:57,SHEETS,REMOVED,MIN  - REMOVED Players Under Contract |  | 187981661 | 188783460.6 | 119308939 | 28448276 | 0 | 0 | BOLD = Option Year
2026-07-05 16:46:57,SHEETS,REMOVED,"MIN  - REMOVED Full Season Contracts |  | 187981661 | 188783460.6 | 119308939 | 28448276 | 0 | 0 | *=Projected Exten,,"
2026-07-05 16:46:57,SHEETS,ADDED,MIN  + ADDED  Players Under Contract |  | 190431082 | 188783460.6 | 119308939 | 28448276 | 0 | 0 | BOLD = Option Year
2026-07-05 16:46:57,SHEETS,ADDED,"MIN  + ADDED  Full Season Contracts |  | 190431082 | 188783460.6 | 119308939 | 28448276 | 0 | 0 | *=Projected Exten,,"
2026-07-05 16:46:57,SHEETS,REMOVED,MIN  - REMOVED Cap Holds |  | 70060756 | 0 | 0 | 0 | 0 | 0
2026-07-05 16:46:57,SHEETS,ADDED,MIN  + ADDED  Cap Holds |  | 95521169 | 0 | 0 | 0 | 0 | 0
2026-07-05 16:46:57,SHEETS,REMOVED,"MIN  - REMOVED Avg, Salary (Mean) (ALL Compensation Obligations) |  |  | Players Under Contract |  | 8"
2026-07-05 16:46:57,SHEETS,REMOVED,"MIN  - REMOVED Avg, Salary (Mean) (No 10-Day K's) |  |  | Avaiable Spots |  | 7"
2026-07-05 16:46:57,SHEETS,REMOVED,"MIN  - REMOVED Avg, Salary (Mean) (No 10-Day K's & ROS) |  |  | Players to Reach Roster Min, |  | 5"
2026-07-05 16:46:57,SHEETS,ADDED,"MIN  + ADDED  Avg, Salary (Mean) (ALL Compensation Obligations) |  |  | Players Under Contract |  | 9"
2026-07-05 16:46:57,SHEETS,ADDED,"MIN  + ADDED  Avg, Salary (Mean) (No 10-Day K's) |  |  | Avaiable Spots |  | 6"
2026-07-05 16:46:57,SHEETS,ADDED,"MIN  + ADDED  Avg, Salary (Mean) (No 10-Day K's & ROS) |  |  | Players to Reach Roster Min, |  | 4"
2026-07-05 16:46:57,SHEETS,REMOVED,Luxury Tax Calculator  - REMOVED Luxury Tax | 0 | 0 | 0 | 0 | 0 | 0 | 0 | 23501723 | 0 | 0 | 0 | 10706857.6 | 0 | 0 | 0 | 0 | 0 | 86661 | 435790.92 | 13065628 | 25800610 | 29970320.04 | 0 | 702276.5238 | 6712130.274 | 26574062 | 0 | 4133098.14 | 0 | 0
2026-07-05 16:46:57,SHEETS,REMOVED,Luxury Tax Calculator  - REMOVED 1st Incremental Tax Bracket | 0 | 0 | 0 | 0 | 0 | 0 | 0 | 17055000 | 0 | 0 | 0 | 5685000 | 0 | 0 | 0 | 0 | 0 | 86661 | 435790.92 | 5685000 | 5685000 | 5685000 | 0 | 2106829.571 | 5685000 | 5685000 | 0 | 4133098.14 | 0 | 0
2026-07-05 16:46:57,SHEETS,ADDED,Luxury Tax Calculator  + ADDED  Luxury Tax | 0 | 0 | 0 | 0 | 0 | 0 | 0 | 23501723 | 0 | 0 | 0 | 10706857.6 | 0 | 0 | 0 | 0 | 0 | 2536082 | 435790.92 | 13065628 | 25800610 | 29970320.04 | 0 | 702276.5238 | 6712130.274 | 26574062 | 0 | 4133098.14 | 0 | 0
2026-07-05 16:46:57,SHEETS,ADDED,Luxury Tax Calculator  + ADDED  1st Incremental Tax Bracket | 0 | 0 | 0 | 0 | 0 | 0 | 0 | 17055000 | 0 | 0 | 0 | 5685000 | 0 | 0 | 0 | 0 | 0 | 2536082 | 435790.92 | 5685000 | 5685000 | 5685000 | 0 | 2106829.571 | 5685000 | 5685000 | 0 | 4133098.14 | 0 | 0
2026-07-05 16:46:57,SHEETS,REMOVED,Luxury Tax Calculator  - REMOVED Tax Liability | 0 | 0 | 0 | 0 | 0 | 0 | 0 | 110694991.8 | 0 | 0 | 0 | 11962322 | 0 | 0 | 0 | 0 | 0 | 86661 | 435790.92 | 18725948 | 75760702.5 | 98424340.23 | 0 | 2106829.571 | 6968912.843 | 79821325.5 | 0 | 4133098.14 | 0 | 0
2026-07-05 16:46:57,SHEETS,ADDED,Luxury Tax Calculator  + ADDED  Tax Liability | 0 | 0 | 0 | 0 | 0 | 0 | 0 | 110694991.8 | 0 | 0 | 0 | 11962322 | 0 | 0 | 0 | 0 | 0 | 2536082 | 435790.92 | 18725948 | 75760702.5 | 98424340.23 | 0 | 2106829.571 | 6968912.843 | 79821325.5 | 0 | 4133098.14 | 0 | 0
2026-07-05 16:46:55,DOCS,REMOVED,2026-27 Two-Way Signings  - REMOVED Ugonna Onyenso (2026 NBA DRAFT) Houston Rockets
2026-07-05 16:46:55,DOCS,ADDED,2026-27 Two-Way Signings  + ADDED  Ugonna Onyenso (2026 NBA DRAFT) Detroit Pistons
2026-07-05 16:45:55,DOCS,REMOVED,2026-27 Two-Way Signings  - REMOVED Izaiyah Nelson (2026 NBA DRAFT) Orlando Magic
2026-07-05 16:45:55,DOCS,REMOVED,"2026-27 Two-Way Signings  - REMOVED 2 Years. Skill; Injury or Illness. Compensation protection for 2026-27 Season is for $91,000 but will increase to 50% if team has not requested waivers on player on or before the first day of the 2026-27 Regular Season. Compensation protection for 2027-28 Season is none but will increase to the Maximum Two-Way Protection Amount if team has not requested waivers on player on or before 8/1/2027. Love of the Game. Physical Exam. Alt. 7(b)."
2026-07-05 16:45:55,DOCS,REMOVED,2026-27 Two-Way Signings  - REMOVED Execution Date: 7/1/26
2026-07-05 16:45:55,DOCS,ADDED,2026-27 Two-Way Signings  + ADDED  Ugonna Onyenso (2026 NBA DRAFT) Houston Rockets
2026-07-05 16:45:55,DOCS,ADDED,"2026-27 Two-Way Signings  + ADDED  2 Years. Skill; Injury or Illness. Compensation protection for 2026-27 Season is for $91,000 but will increase to 50% if team has not requested waivers on player on or before the first day of the 2026-27 Regular Season. Compensation protection for 2027-28 Season is for the Maximum Two-Way Protection Amount but will increase to 50% if team has not requested waivers on player on or before the first day of the 2027-28 Regular Season. Love of the Game. Physical Exam."
2026-07-05 16:45:55,DOCS,ADDED,2026-27 Two-Way Signings  + ADDED  Execution Date: 7/2/26
2026-07-05 16:44:55,DOCS,REMOVED,"2026-27 Two-Way Signings  - REMOVED Update 1.1 (7/1/26): T. Awaka, T. Bates, T. Bilodeau, J. Bradley, C. Castleton, T. Donaldson, A. Flager, E. Freeman, T. Lawal, C. Manon, J. Mogbo, I. Nelson, A. Okereke, J. Sellers, P. Spencer, P. Suder, E. Udeh, J. Watkins, A. Williams"
2026-07-05 16:44:55,DOCS,ADDED,"2026-27 Two-Way Signings  + ADDED  Update 1.1 (7/1/26): T. Awaka, T. Bates, T. Bilodeau, J. Bradley, C. Castleton, T. Donaldson, A. Flager, E. Freeman, T. Lawal, C. Manon, J. Mogbo, I. Nelson, A. Okereke, U. Onyenso, J. Sellers, P. Spencer, P. Suder, E. Udeh, J. Watkins, A. Williams"
2026-07-05 16:44:55,DOCS,ADDED,2026-27 Two-Way Signings  + ADDED  Izaiyah Nelson (2026 NBA DRAFT) Orlando Magic
2026-07-05 16:44:55,DOCS,ADDED,"2026-27 Two-Way Signings  + ADDED  2 Years. Skill; Injury or Illness. Compensation protection for 2026-27 Season is for $91,000 but will increase to 50% if team has not requested waivers on player on or before the first day of the 2026-27 Regular Season. Compensation protection for 2027-28 Season is none but will increase to the Maximum Two-Way Protection Amount if team has not requested waivers on player on or before 8/1/2027. Love of the Game. Physical Exam. Alt. 7(b)."
2026-07-05 16:44:55,DOCS,ADDED,2026-27 Two-Way Signings  + ADDED  Execution Date: 7/1/26
2026-07-05 16:26:55,DOCS,REMOVED,"2026-27 Two-Way Signings  - REMOVED 1 Year. Skill; Injury or Illness. Compensation protection for 2026-27 Season is for $91,000 but will increase to 50% if team has not requested waivers on player on or before the first day of the 2026-27 Regular Season. Love of the Game. Alt. 7(b)."
2026-07-05 16:26:55,DOCS,REMOVED,2026-27 Two-Way Signings  - REMOVED Execution Date: 7/4/26
2026-07-05 16:26:55,DOCS,ADDED,"2026-27 Two-Way Signings  + ADDED  1 Year. Skill; Injury or Illness. Compensation protection for 2026-27 Season is for $91,000 but will increase to 50% if team has not requested waivers on player on or before the first day of the 2026-27 Regular Season. Love of the Game. Physical Exam. Alt. 7(b)."
2026-07-05 16:26:55,DOCS,ADDED,2026-27 Two-Way Signings  + ADDED  Execution Date: 7/2/26
2026-07-05 16:25:55,DOCS,REMOVED,"2026-27 Two-Way Signings  - REMOVED Update 1.1 (7/1/26): T. Awaka, T. Bates, J. Bradley, C. Castleton, T. Donaldson, A. Flager, E. Freeman, T. Lawal, C. Manon, J. Mogbo, I. Nelson, A. Okereke, J. Sellers, P. Spencer, P. Suder, E. Udeh, J. Watkins, A. Williams"
2026-07-05 16:25:55,DOCS,ADDED,"2026-27 Two-Way Signings  + ADDED  Update 1.1 (7/1/26): T. Awaka, T. Bates, T. Bilodeau, J. Bradley, C. Castleton, T. Donaldson, A. Flager, E. Freeman, T. Lawal, C. Manon, J. Mogbo, I. Nelson, A. Okereke, J. Sellers, P. Spencer, P. Suder, E. Udeh, J. Watkins, A. Williams"
2026-07-05 16:25:55,DOCS,ADDED,2026-27 Two-Way Signings  + ADDED  Tyler Bilodeau (2026 NBA DRAFT) Brooklyn Nets
2026-07-05 16:25:55,DOCS,ADDED,"2026-27 Two-Way Signings  + ADDED  1 Year. Skill; Injury or Illness. Compensation protection for 2026-27 Season is for $91,000 but will increase to 50% if team has not requested waivers on player on or before the first day of the 2026-27 Regular Season. Love of the Game. Alt. 7(b)."
2026-07-05 16:25:55,DOCS,ADDED,2026-27 Two-Way Signings  + ADDED  Execution Date: 7/4/26
2026-07-05 16:23:55,DOCS,ADDED,2026-27 Two-Way Signings  + ADDED  Tobe Awaka Chicago Bulls
2026-07-05 16:23:55,DOCS,ADDED,"2026-27 Two-Way Signings  + ADDED  1 Year. Skill; Injury or Illness; Death. Compensation protection for 2026-27 Season is for $91,000. Love of the Game. Physical Exam. Alt. 7(b)."
2026-07-05 16:23:55,DOCS,ADDED,2026-27 Two-Way Signings  + ADDED  Execution Date: 7/3/26
2026-07-05 16:22:55,DOCS,REMOVED,"2026-27 Two-Way Signings  - REMOVED Update 1.1 (7/1/26): T. Bates, J. Bradley, C. Castleton, T. Donaldson, A. Flager, E. Freeman, T. Lawal, C. Manon, J. Mogbo, I. Nelson, A. Okereke, J. Sellers, P. Spencer, P. Suder, E. Udeh, J. Watkins, A. Williams"
2026-07-05 16:22:55,DOCS,ADDED,"2026-27 Two-Way Signings  + ADDED  Update 1.1 (7/1/26): T. Awaka, T. Bates, J. Bradley, C. Castleton, T. Donaldson, A. Flager, E. Freeman, T. Lawal, C. Manon, J. Mogbo, I. Nelson, A. Okereke, J. Sellers, P. Spencer, P. Suder, E. Udeh, J. Watkins, A. Williams"
2026-07-05 16:19:55,DOCS,REMOVED,"2026-27 Two-Way Signings  - REMOVED 1 Year. Skill; Injury or Illness; Death. Compensation protection for 2026-27 Season is for $91,000 but will increase to 50% if team has not requested waivers on player on or before the first day of the 2026-27 Regular Season. Love of the Game. Alt. 7(b)."
2026-07-05 16:19:55,DOCS,REMOVED,2026-27 Two-Way Signings  - REMOVED Execution Date: 7/4/26
2026-07-05 16:19:55,DOCS,ADDED,"2026-27 Two-Way Signings  + ADDED  1 Year. Skill; Injury or Illness; Mental; Death. Compensation protection for 2026-27 Season is for $91,000. Love of the Game. Physical Exam."
2026-07-05 16:19:55,DOCS,ADDED,2026-27 Two-Way Signings  + ADDED  Execution Date: 7/3/26
2026-07-05 16:18:55,DOCS,REMOVED,"2026-27 Two-Way Signings  - REMOVED Update 1.1 (7/1/26): T. Bates, J. Bradley, C. Castleton, T. Donaldson, A. Flager, E. Freeman, C. Manon, J. Mogbo, I. Nelson, A. Okereke, J. Sellers, P. Spencer, P. Suder, E. Udeh, J. Watkins, A. Williams"
2026-07-05 16:18:55,DOCS,ADDED,"2026-27 Two-Way Signings  + ADDED  Update 1.1 (7/1/26): T. Bates, J. Bradley, C. Castleton, T. Donaldson, A. Flager, E. Freeman, T. Lawal, C. Manon, J. Mogbo, I. Nelson, A. Okereke, J. Sellers, P. Spencer, P. Suder, E. Udeh, J. Watkins, A. Williams"
2026-07-05 16:18:55,DOCS,ADDED,2026-27 Two-Way Signings  + ADDED  Toibu Lawal (2026 NBA DRAFT) Dallas Mavericks
2026-07-05 16:18:55,DOCS,ADDED,"2026-27 Two-Way Signings  + ADDED  1 Year. Skill; Injury or Illness; Death. Compensation protection for 2026-27 Season is for $91,000 but will increase to 50% if team has not requested waivers on player on or before the first day of the 2026-27 Regular Season. Love of the Game. Alt. 7(b)."
2026-07-05 16:18:55,DOCS,ADDED,2026-27 Two-Way Signings  + ADDED  Execution Date: 7/4/26
2026-07-05 14:36:54,PLAYERS,CHANGED,~ CHANGED Caleb Love  team: POR -> PHI
2026-07-05 14:35:54,PLAYERS,CHANGED,~ CHANGED Caleb Love  team: PHI -> POR
2026-07-05 14:34:54,PLAYERS,CHANGED,~ CHANGED Caleb Love  team: POR -> PHI
2026-07-05 14:24:55,TRANSACTIONS,Signing,2026-07-05  Philadelphia 76ers signed guard Caleb Love to a Two-Way Contract.
2026-07-05 13:21:56,DOCS,REMOVED,2026-27 Two-Way Signings  - REMOVED Enrique Freeman Orlando Magic
2026-07-05 13:21:56,DOCS,ADDED,2026-27 Two-Way Signings  + ADDED  Enrique Freeman Minnesota Timberwolves
2026-07-05 13:21:56,DOCS,REMOVED,2026-27 Two-Way Signings  - REMOVED Execution Date: 7/1/26
2026-07-05 13:21:56,DOCS,ADDED,2026-27 Two-Way Signings  + ADDED  Execution Date: 7/2/26
2026-07-05 13:20:55,DOCS,ADDED,2026-27 Two-Way Signings  + ADDED  Execution Date: 7/1/26
2026-07-05 13:20:55,DOCS,ADDED,2026-27 Two-Way Signings  + ADDED  Enrique Freeman Orlando Magic
2026-07-05 13:20:55,DOCS,ADDED,"2026-27 Two-Way Signings  + ADDED  1 Year. Skill; Injury or Illness. Compensation protection for 2026-27 Season is for $91,000 but will increase to 50% if team has not requested waivers on player on or before the first day of the 2026-27 Regular Season. Love of the Game. Physical Exam. Alt. 7(b)."
2026-07-05 13:07:55,DOCS,REMOVED,"2026-27 Two-Way Signings  - REMOVED Update 1.1 (7/1/26): T. Bates, J. Bradley, C. Castleton, T. Donaldson, A. Flager, C. Manon, J. Mogbo, I. Nelson, A. Okereke, J. Sellers, P. Spencer, P. Suder, E. Udeh, J. Watkins, A. Williams"
2026-07-05 13:07:55,DOCS,ADDED,"2026-27 Two-Way Signings  + ADDED  Update 1.1 (7/1/26): T. Bates, J. Bradley, C. Castleton, T. Donaldson, A. Flager, E. Freeman, C. Manon, J. Mogbo, I. Nelson, A. Okereke, J. Sellers, P. Spencer, P. Suder, E. Udeh, J. Watkins, A. Williams"
2026-07-05 12:40:55,DOCS,REMOVED,"2026-27 Two-Way Signings  - REMOVED 2 Years. Skill; Injury or Illness; Mental; Death. Compensation protection for 2026-27 Season is for $91,000 but will increase to 50% if team has not requested waivers on player on or before the first day of the 2026-27 Regular Season. Compensation protection for 2027-28 Season is for the Maximum Two-Way Protection Amount but will increase to 50% if team has not requested waivers on player on or before the first day of the 2027-28 Regular Season. Love of the Game. Physical Exam. Alt. 7(b)."
2026-07-05 12:40:55,DOCS,REMOVED,2026-27 Two-Way Signings  - REMOVED Execution Date: 7/1/26
2026-07-05 12:40:55,DOCS,ADDED,"2026-27 Two-Way Signings  + ADDED  2 Years. Skill; Injury or Illness. Compensation protection for 2026-27 Season is for $91,000. Compensation protection for 2027-28 Season is none. Love of the Game. Physical Exam. Alt. 7(b)."
2026-07-05 12:40:55,DOCS,ADDED,2026-27 Two-Way Signings  + ADDED  Execution Date: 7/3/26
2026-07-05 12:39:55,DOCS,REMOVED,"2026-27 Two-Way Signings  - REMOVED Update 1.1 (7/1/26): J. Bradley, C. Castleton, T. Donaldson, A. Flager, C. Manon, J. Mogbo, I. Nelson, A. Okereke, J. Sellers, P. Spencer, P. Suder, E. Udeh, J. Watkins, A. Williams"
2026-07-05 12:39:55,DOCS,ADDED,"2026-27 Two-Way Signings  + ADDED  Update 1.1 (7/1/26): T. Bates, J. Bradley, C. Castleton, T. Donaldson, A. Flager, C. Manon, J. Mogbo, I. Nelson, A. Okereke, J. Sellers, P. Spencer, P. Suder, E. Udeh, J. Watkins, A. Williams"
2026-07-05 12:39:55,DOCS,ADDED,2026-27 Two-Way Signings  + ADDED  Tamar Bates Utah Jazz
2026-07-05 12:39:55,DOCS,ADDED,"2026-27 Two-Way Signings  + ADDED  2 Years. Skill; Injury or Illness; Mental; Death. Compensation protection for 2026-27 Season is for $91,000 but will increase to 50% if team has not requested waivers on player on or before the first day of the 2026-27 Regular Season. Compensation protection for 2027-28 Season is for the Maximum Two-Way Protection Amount but will increase to 50% if team has not requested waivers on player on or before the first day of the 2027-28 Regular Season. Love of the Game. Physical Exam. Alt. 7(b)."
2026-07-05 12:39:55,DOCS,ADDED,2026-27 Two-Way Signings  + ADDED  Execution Date: 7/1/26
2026-07-05 12:36:55,DOCS,REMOVED,2026-27 Two-Way Signings  - REMOVED Tre Donaldson Miami HEat
2026-07-05 12:36:55,DOCS,ADDED,2026-27 Two-Way Signings  + ADDED  Tre Donaldson Miami Heat
2026-07-05 12:35:56,DOCS,ADDED,2026-27 Two-Way Signings  + ADDED  Tre Donaldson Miami HEat
2026-07-05 12:35:56,DOCS,ADDED,"2026-27 Two-Way Signings  + ADDED  1 Year. Skill; Injury or Illness; Mental; Death. Compensation protection for 2026-27 Season is for $91,000. Love of the Game. Physical Exam."
2026-07-05 12:35:56,DOCS,ADDED,2026-27 Two-Way Signings  + ADDED  Execution Date: 7/3/26
2026-07-05 12:35:54,PLAYERS,CHANGED,~ CHANGED Chris Cenac Jr.  name: Christopher Cenac Jr. -> Chris Cenac Jr.
2026-07-05 12:34:55,DOCS,REMOVED,"2026-27 Two-Way Signings  - REMOVED Update 1.1 (7/1/26): J. Bradley, C. Castleton, A. Flager, C. Manon, J. Mogbo, I. Nelson, A. Okereke, J. Sellers, P. Spencer, P. Suder, E. Udeh, J. Watkins, A. Williams"
2026-07-05 12:34:55,DOCS,ADDED,"2026-27 Two-Way Signings  + ADDED  Update 1.1 (7/1/26): J. Bradley, C. Castleton, T. Donaldson, A. Flager, C. Manon, J. Mogbo, I. Nelson, A. Okereke, J. Sellers, P. Spencer, P. Suder, E. Udeh, J. Watkins, A. Williams"
2026-07-05 12:34:54,PLAYERS,CHANGED,~ CHANGED Christopher Cenac Jr.  name: Chris Cenac Jr. -> Christopher Cenac Jr.
2026-07-05 12:33:54,PLAYERS,CHANGED,~ CHANGED Chris Cenac Jr.  name: Christopher Cenac Jr. -> Chris Cenac Jr.
2026-07-05 12:32:55,DOCS,REMOVED,"2026-27 Two-Way Signings  - REMOVED 1 Year. Skill; Injury or Illness; Mental; Death. Compensation protection for 2026-27 Season is for $91,000 but will increase to 50% if team has not requested waivers on player on or before the first day of the 2026-27 Regular Season. Love of the Game. Physical Exam. Alt. 7(b)."
2026-07-05 12:32:55,DOCS,ADDED,"2026-27 Two-Way Signings  + ADDED  1 Year. Advance Payment ($20,000). Skill; Injury or Illness; Death. Compensation protection for 2026-27 Season is for $91,000. Love of the Game. Physical Exam."
2026-07-05 12:31:56,DOCS,REMOVED,"2026-27 Two-Way Signings  - REMOVED Update 1.1 (7/1/26): J. Bradley, C. Castleton, A. Flager, C. Manon, J. Mogbo, I. Nelson, A. Okereke, P. Spencer, P. Suder, E. Udeh, J. Watkins, A. Williams"
2026-07-05 12:31:56,DOCS,ADDED,"2026-27 Two-Way Signings  + ADDED  Update 1.1 (7/1/26): J. Bradley, C. Castleton, A. Flager, C. Manon, J. Mogbo, I. Nelson, A. Okereke, J. Sellers, P. Spencer, P. Suder, E. Udeh, J. Watkins, A. Williams"
2026-07-05 12:31:56,DOCS,ADDED,2026-27 Two-Way Signings  + ADDED  Jaylin Seller Chicago Bulls
2026-07-05 12:31:56,DOCS,ADDED,"2026-27 Two-Way Signings  + ADDED  1 Year. Skill; Injury or Illness; Mental; Death. Compensation protection for 2026-27 Season is for $91,000 but will increase to 50% if team has not requested waivers on player on or before the first day of the 2026-27 Regular Season. Love of the Game. Physical Exam. Alt. 7(b)."
2026-07-05 12:31:56,DOCS,ADDED,2026-27 Two-Way Signings  + ADDED  Execution Date: 7/3/26
2026-07-05 12:28:56,DOCS,ADDED,2026-27 Two-Way Signings  + ADDED  AK Okereke Los Angeles Lakers
2026-07-05 12:28:56,DOCS,ADDED,"2026-27 Two-Way Signings  + ADDED  1 Year. Skill; Injury or Illness; Mental; Death. Compensation protection for 2026-27 Season is for $91,000. Love of the Game. Physical Exam. Alt. 7(b)."
2026-07-05 12:28:56,DOCS,ADDED,2026-27 Two-Way Signings  + ADDED  Execution Date: 7/3/26
2026-07-05 12:27:55,DOCS,REMOVED,"2026-27 Two-Way Signings  - REMOVED Update 1.1 (7/1/26): J. Bradley, C. Castleton, A. Flager, C. Manon, J. Mogbo, I. Nelson, A. P. Spencer, P. Suder, E. Udeh, J. Watkins, A. Williams"
2026-07-05 12:27:55,DOCS,ADDED,"2026-27 Two-Way Signings  + ADDED  Update 1.1 (7/1/26): J. Bradley, C. Castleton, A. Flager, C. Manon, J. Mogbo, I. Nelson, A. Okereke, P. Spencer, P. Suder, E. Udeh, J. Watkins, A. Williams"
2026-07-05 12:26:55,DOCS,REMOVED,"2026-27 Two-Way Signings  - REMOVED Update 1.1 (7/1/26): J. Bradley, C. Castleton, A. Flager, C. Manon, J. Mogbo, I. Nelson, P. Spencer, P. Suder, E. Udeh, J. Watkins, A. Williams"
2026-07-05 12:26:55,DOCS,ADDED,"2026-27 Two-Way Signings  + ADDED  Update 1.1 (7/1/26): J. Bradley, C. Castleton, A. Flager, C. Manon, J. Mogbo, I. Nelson, A. P. Spencer, P. Suder, E. Udeh, J. Watkins, A. Williams"
2026-07-05 12:25:56,DOCS,ADDED,2026-27 Two-Way Signings  + ADDED  Chris Manon Los Angeles Lakers
2026-07-05 12:25:56,DOCS,ADDED,"2026-27 Two-Way Signings  + ADDED  1 Year. Skill; Injury or Illness; Mental; Death. Compensation protection for 2026-27 Season is for $91,000 but will increase to 50% if team has not requested waivers on player on or before the first day of the 2026-27 Regular Season. Love of the Game. Physical Exam. Alt. 7(b)."
2026-07-05 12:25:56,DOCS,ADDED,2026-27 Two-Way Signings  + ADDED  Execution Date: 7/3/26
2026-07-05 12:23:55,DOCS,REMOVED,"2026-27 Two-Way Signings  - REMOVED Update 1.1 (7/1/26): J. Bradley, C. Castleton, A. Flager, J. Mogbo, I. Nelson, P. Spencer, P. Suder, E. Udeh, J. Watkins, A. Williams"
2026-07-05 12:23:55,DOCS,ADDED,"2026-27 Two-Way Signings  + ADDED  Update 1.1 (7/1/26): J. Bradley, C. Castleton, A. Flager, C. Manon, J. Mogbo, I. Nelson, P. Spencer, P. Suder, E. Udeh, J. Watkins, A. Williams"
2026-07-05 12:22:55,DOCS,REMOVED,"2026-27 Two-Way Signings  - REMOVED Update 1.1 (7/1/26): J. Bradley, C. Castleton, A. Flager, J. Mogbo, I. Nelson, P. Spencer, E. Udeh, J. Watkins, A. Williams"
2026-07-05 12:22:55,DOCS,ADDED,"2026-27 Two-Way Signings  + ADDED  Update 1.1 (7/1/26): J. Bradley, C. Castleton, A. Flager, J. Mogbo, I. Nelson, P. Spencer, P. Suder, E. Udeh, J. Watkins, A. Williams"
2026-07-05 12:22:55,DOCS,ADDED,2026-27 Two-Way Signings  + ADDED  Peter Suder Los Angeles Lakers
2026-07-05 12:22:55,DOCS,ADDED,"2026-27 Two-Way Signings  + ADDED  1 Year. Skill; Injury or Illness; Mental; Death. Compensation protection for 2026-27 Season is for $91,000 but will increase to 50% if team has not requested waivers on player on or before the first day of the 2026-27 Regular Season. Love of the Game. Physical Exam. Alt. 7(b)."
2026-07-05 12:22:55,DOCS,ADDED,2026-27 Two-Way Signings  + ADDED  Execution Date: 7/3/26
2026-07-05 12:18:55,DOCS,REMOVED,"2026-27 Two-Way Signings  - REMOVED Update 1.1 (7/1/26): J. Bradley, C. Castleton, A. Flager, J. Mogbo, I. Nelson, E. Udeh, J. Watkins, A. Williams"
2026-07-05 12:18:55,DOCS,ADDED,"2026-27 Two-Way Signings  + ADDED  Update 1.1 (7/1/26): J. Bradley, C. Castleton, A. Flager, J. Mogbo, I. Nelson, P. Spencer, E. Udeh, J. Watkins, A. Williams"
2026-07-05 12:18:55,DOCS,ADDED,2026-27 Two-Way Signings  + ADDED  Pat Spencer Phoenix Suns
2026-07-05 12:18:55,DOCS,ADDED,"2026-27 Two-Way Signings  + ADDED  1 Year. Skill; Injury or Illness. Compensation protection for 2026-27 Season is for $91,000 but will increase to 50% if team has not requested waivers on player on or before the first day of the 2026-27 Regular Season. Love of the Game. Physical Exam. Alt. 7(b)."
2026-07-05 12:18:55,DOCS,ADDED,2026-27 Two-Way Signings  + ADDED  Execution Date: 7/3/26
2026-07-05 12:16:55,DOCS,ADDED,2026-27 Two-Way Signings  + ADDED  Jaden Bradley (2026 NBA DRAFT) Toronto Raptors
2026-07-05 12:16:55,DOCS,ADDED,"2026-27 Two-Way Signings  + ADDED  1 Year. Skill; Injury or Illness; Death. Compensation protection for 2026-27 Season is for $91,000 but will increase to 50% if team has not requested waivers on player on or before the first day of the 2026-27 Regular Season. Love of the Game. Alt. 7(b)."
2026-07-05 12:16:55,DOCS,ADDED,2026-27 Two-Way Signings  + ADDED  Execution Date: 7/4/26
2026-07-05 12:15:56,DOCS,REMOVED,"2026-27 Two-Way Signings  - REMOVED Update 1.1 (7/1/26): C. Castleton, A. Flager, J. Mogbo, I. Nelson, E. Udeh, J. Watkins, A. Williams"
2026-07-05 12:15:56,DOCS,ADDED,"2026-27 Two-Way Signings  + ADDED  Update 1.1 (7/1/26): J. Bradley, C. Castleton, A. Flager, J. Mogbo, I. Nelson, E. Udeh, J. Watkins, A. Williams"
2026-07-05 11:53:54,PLAYERS,CHANGED,~ CHANGED Christopher Cenac Jr.  name: Chris Cenac Jr. -> Christopher Cenac Jr.
2026-07-05 11:43:55,TRANSACTIONS,Signing,2026-07-05  Boston Celtics signed forward Christopher Cenac Jr. to a Rookie Scale Contract.
2026-07-05 11:42:55,TRANSACTIONS,Signing,2026-04-05  Golden State Warriors signed center Charles Bassey to a Rest-of-Season Contract.
2026-07-05 11:41:55,TRANSACTIONS,Signing,2026-07-05  Boston Celtics signed forward Christopher Cenac Jr. to a Rookie Scale Contract.
2026-07-04 14:31:54,PLAYERS,CHANGED,~ CHANGED Pat Spencer  team: GSW -> PHX
2026-07-04 14:20:55,TRANSACTIONS,Signing,2026-07-04  Toronto Raptors signed guard Jaden Bradley to a Two-Way Contract.
2026-07-04 14:11:55,TRANSACTIONS,Signing,2026-07-03  Phoenix Suns signed guard Pat Spencer to a Two-Way Contract.
2026-07-04 09:31:54,PLAYERS,ADDED,+ ADDED   AK Okereke (LAL)
2026-07-04 09:31:54,PLAYERS,ADDED,+ ADDED   Peter Suder (LAL)
2026-07-04 08:44:57,TRANSACTIONS,Signing,2026-07-03  Los Angeles Lakers signed  Peter Suder to a Two-Way Contract.
2026-07-04 08:44:57,TRANSACTIONS,Signing,2026-07-03  Los Angeles Lakers signed  AK Okereke to a Two-Way Contract.
2026-07-03 21:29:54,PLAYERS,ADDED,+ ADDED   Jaylin Sellers (CHI)
2026-07-03 21:29:54,PLAYERS,CHANGED,~ CHANGED Chris Mañon  name: Chris Manon -> Chris Mañon
2026-07-03 21:16:54,PLAYERS,CHANGED,~ CHANGED Chris Manon  name: Chris Mañon -> Chris Manon
2026-07-03 21:02:55,TRANSACTIONS,Signing,2026-07-03  Los Angeles Lakers re-signed guard Chris Manon to a Two-Way Contract.
2026-07-03 21:02:55,TRANSACTIONS,Signing,2026-07-03  Chicago Bulls signed forward Caleb Wilson to a Rookie Scale Contract.
2026-07-03 20:53:55,TRANSACTIONS,Signing,2026-07-03  Chicago Bulls signed forward Dailyn Swain to a Rookie Scale Contract.
2026-07-03 20:43:55,TRANSACTIONS,Signing,2026-07-03  Chicago Bulls signed  Jaylin Sellers to a Two-Way Contract.
2026-07-03 20:34:56,TRANSACTIONS,Signing,2026-07-03  LA Clippers signed guard Keaton Wagler to a Rookie Scale Contract.
2026-07-03 16:35:10,PLAYERS,CHANGED,"~ CHANGED Sergio De Larrea  school: Valencia -> Valencia, Spain"
2026-07-03 16:35:10,PLAYERS,CHANGED,~ CHANGED Rasheer Fleming  school: Saint Joseph's -> St. Joseph's (PA)
2026-07-03 16:35:10,PLAYERS,CHANGED,~ CHANGED Morez Johnson  name: Morez Johnson Jr. -> Morez Johnson
2026-07-03 15:51:54,PLAYERS,CHANGED,~ CHANGED Rasheer Fleming  school: St. Joseph's (PA) -> Saint Joseph's
2026-07-03 15:51:54,PLAYERS,CHANGED,"~ CHANGED Sergio De Larrea  school: Valencia, Spain -> Valencia"
2026-07-03 15:51:54,PLAYERS,CHANGED,~ CHANGED Vsevolod Ishchenko  school: - -> Lokomotiv Kuban
2026-07-03 15:51:54,PLAYERS,CHANGED,~ CHANGED Morez Johnson Jr.  name: Morez Johnson -> Morez Johnson Jr.
2026-07-03 15:32:54,PLAYERS,REMOVED,- REMOVED Pete Nance (MIL)
2026-07-03 15:32:54,PLAYERS,CHANGED,~ CHANGED Bones Hyland  school: Va Commonwealth -> Virginia Commonwealth
2026-07-03 15:20:55,TRANSACTIONS,Signing,2026-07-03  Dallas Mavericks signed forward Tobi Lawal to a Two-Way Contract.
2026-07-03 15:20:55,TRANSACTIONS,Waive,2026-07-03  Milwaukee Bucks waived forward Pete Nance.
2026-07-03 14:42:55,TRANSACTIONS,Signing,2026-07-03  Philadelphia 76ers signed guard Labaron Philon to a Rookie Scale Contract.
2026-07-03 14:40:54,PLAYERS,CHANGED,~ CHANGED Bones Hyland  school: Virginia Commonwealth -> Va Commonwealth
2026-07-03 14:33:55,TRANSACTIONS,Signing,2026-07-03  Minnesota Timberwolves re-signed guard Bones Hyland to a Contract.
2026-07-03 14:33:54,PLAYERS,ADDED,+ ADDED   Tobe Awaka (CHI)
2026-07-03 14:33:54,PLAYERS,ADDED,+ ADDED   Tamar Bates (UTA)
2026-07-03 14:32:55,TRANSACTIONS,Signing,2026-03-25  Brooklyn Nets signed guard Malachi Smith to a 10-Day Contract.
2026-07-03 14:31:55,TRANSACTIONS,Signing,2026-07-03  Minnesota Timberwolves re-signed guard Bones Hyland to a Contract.
2026-07-03 14:30:55,TRANSACTIONS,Signing,2026-03-25  Brooklyn Nets signed guard Malachi Smith to a 10-Day Contract.
2026-07-03 14:29:55,TRANSACTIONS,Signing,2026-07-03  Minnesota Timberwolves re-signed guard Bones Hyland to a Contract.
2026-07-03 14:10:55,TRANSACTIONS,Signing,2026-07-03  Dallas Mavericks signed guard Sergio De Larrea to a Rookie Scale Contract.
2026-07-03 14:10:55,TRANSACTIONS,Signing,2026-07-03  Chicago Bulls signed forward Tobe Awaka to a Two-Way Contract.
2026-07-03 14:10:55,TRANSACTIONS,Signing,2026-07-03  Utah Jazz signed guard Tamar Bates to a Two-Way Contract.
2026-07-03 14:00:56,TRANSACTIONS,Signing,2026-07-03  Oklahoma City Thunder signed center Aday Mara to a Rookie Scale Contract.
2026-07-03 13:51:55,TRANSACTIONS,Signing,2026-07-03  Oklahoma City Thunder signed guard Bennett Stirtz to a Rookie Scale Contract.
2026-07-03 13:34:54,PLAYERS,ADDED,+ ADDED   Josh Dix (OKC)
2026-07-03 13:34:54,PLAYERS,CHANGED,~ CHANGED AJ Dybantsa  name: Anicet Dybantsa -> AJ Dybantsa
2026-07-03 13:33:54,PLAYERS,REMOVED,- REMOVED Josh Dix (OKC)
2026-07-03 13:33:54,PLAYERS,CHANGED,~ CHANGED Anicet Dybantsa  name: AJ Dybantsa -> Anicet Dybantsa
2026-07-03 13:32:54,PLAYERS,ADDED,+ ADDED   Josh Dix (OKC)
2026-07-03 13:32:54,PLAYERS,CHANGED,~ CHANGED AJ Dybantsa  name: Anicet Dybantsa -> AJ Dybantsa
2026-07-03 13:18:55,TRANSACTIONS,Signing,2026-07-03  Oklahoma City Thunder signed  Josh Dix to a Two-Way Contract.
2026-07-03 13:11:54,PLAYERS,CHANGED,~ CHANGED Anicet Dybantsa  name: AJ Dybantsa -> Anicet Dybantsa
2026-07-03 13:09:55,TRANSACTIONS,Signing,2026-07-03  Oklahoma City Thunder re-signed guard Brooks Barnhizer to a Two-Way Contract.
2026-07-03 13:00:55,TRANSACTIONS,Signing,2026-07-03  Oklahoma City Thunder signed guard Otega Oweh to a Two-Way Contract.
2026-07-03 12:40:55,TRANSACTIONS,Signing,2026-07-03  San Antonio Spurs signed forward Jayden Quaintance to a Rookie Scale Contract.
2026-07-03 12:33:54,PLAYERS,ADDED,+ ADDED   Tre Donaldson (MIA)
2026-07-03 12:33:54,PLAYERS,REMOVED,- REMOVED Brandon Clarke (MEM)
2026-07-03 12:33:54,PLAYERS,CHANGED,~ CHANGED Taylor Hendricks  school: UCF -> Central Florida
2026-07-03 12:33:54,PLAYERS,CHANGED,~ CHANGED Karim Lopez  name: Karim López -> Karim Lopez
2026-07-03 12:31:56,TRANSACTIONS,Signing,2026-07-03  San Antonio Spurs signed center Tarris Reed Jr. to a Rookie Scale Contract.
2026-07-03 12:21:55,TRANSACTIONS,Signing,2026-07-03  San Antonio Spurs signed guard Ja'Kobi Gillespie to a Two-Way Contract.
2026-07-03 12:21:55,TRANSACTIONS,Signing,2026-07-03  Miami Heat signed  Tre Donaldson to a Two-Way Contract.
2026-07-03 12:21:55,TRANSACTIONS,Signing,2026-07-03  San Antonio Spurs signed forward Maliq Brown to a Two-Way Contract.
2026-07-03 11:45:54,PLAYERS,CHANGED,~ CHANGED Taylor Hendricks  school: Central Florida -> UCF
2026-07-03 11:45:54,PLAYERS,CHANGED,~ CHANGED Karim López  name: Karim Lopez -> Karim López
2026-07-03 11:45:54,PLAYERS,CHANGED,~ CHANGED Karim López  school: - -> New Zealand Breakers
2026-07-03 10:19:56,TRANSACTIONS,Signing,2026-07-03  Toronto Raptors re-signed guard Alijah Martin to a Contract.
2026-07-03 08:30:54,PLAYERS,CHANGED,~ CHANGED Mikel Brown Jr.  name: Christopher Brown Jr. -> Mikel Brown Jr.
2026-07-03 08:29:54,PLAYERS,CHANGED,~ CHANGED Christopher Brown Jr.  name: Mikel Brown Jr. -> Christopher Brown Jr.
2026-07-03 08:28:54,PLAYERS,CHANGED,~ CHANGED Mikel Brown Jr.  name: Christopher Brown Jr. -> Mikel Brown Jr.
2026-07-03 07:46:54,PLAYERS,CHANGED,~ CHANGED Christopher Brown Jr.  name: Mikel Brown Jr. -> Christopher Brown Jr.
2026-07-03 07:40:26,TRANSACTIONS,Signing,2026-07-02  Brooklyn Nets signed forward Tyler Bilodeau to a Two-Way Contract.
2026-07-03 07:40:26,TRANSACTIONS,Signing,2026-07-02  Brooklyn Nets signed guard Christopher Brown Jr. to a Rookie Scale Contract.
2026-07-02 19:28:54,PLAYERS,CHANGED,~ CHANGED Cam Christie  number: 0 -> 24
2026-07-02 19:02:58,TRANSACTIONS,Signing,2026-07-02  Los Angeles Lakers signed guard Cameron Carr to a Rookie Scale Contract.
2026-07-02 18:42:55,TRANSACTIONS,Signing,2026-07-02  Sacramento Kings re-signed guard Daeqwon Plowden to a Contract.
2026-07-02 18:30:54,PLAYERS,CHANGED,~ CHANGED Max Shulga  school: VCU -> Virginia Commonwealth
2026-07-02 18:30:54,PLAYERS,CHANGED,~ CHANGED Yaxel Lendeborg  school: Michigan -> Alabama-Birmingham
2026-07-02 18:30:54,PLAYERS,CHANGED,~ CHANGED Lachlan Olbrich  school: UC Riverside -> Illawarra
2026-07-02 18:30:54,PLAYERS,CHANGED,~ CHANGED Ryan Nembhard  school: TCU -> Gonzaga
2026-07-02 17:57:54,PLAYERS,CHANGED,~ CHANGED Ryan Nembhard  school: Gonzaga -> TCU
2026-07-02 17:48:54,PLAYERS,CHANGED,~ CHANGED Lachlan Olbrich  school: Illawarra -> UC Riverside
2026-07-02 17:48:54,PLAYERS,CHANGED,~ CHANGED Max Shulga  school: Virginia Commonwealth -> VCU
2026-07-02 17:48:54,PLAYERS,CHANGED,~ CHANGED Yaxel Lendeborg  school: Alabama-Birmingham -> Michigan
2026-07-02 17:43:55,TRANSACTIONS,Signing,2026-07-02  Detroit Pistons signed center Ugonna Onyenso to a Two-Way Contract.
2026-07-02 17:24:54,PLAYERS,REMOVED,- REMOVED Payton Sandfort (OKC)
2026-07-02 17:10:55,TRANSACTIONS,Waive,2026-07-02  Oklahoma City Thunder waived forward Payton Sandfort.
2026-07-02 15:59:55,TRANSACTIONS,Signing,2026-07-02  Toronto Raptors re-signed guard Alijah Martin to a Contract.
2026-07-02 15:43:00,TRANSACTIONS,Signing,2026-07-02  Dallas Mavericks signed forward Morez Johnson to a Rookie Scale Contract.
2026-07-02 15:27:54,PLAYERS,CHANGED,"~ CHANGED Ernest Udeh, Jr.  name: Ernest Udeh Jr. -> Ernest Udeh, Jr."
2026-07-02 15:27:54,PLAYERS,CHANGED,"~ CHANGED Ernest Udeh, Jr.  school: Miami (FL) -> Miami"
2026-07-02 15:27:54,PLAYERS,CHANGED,~ CHANGED Cormac Ryan  school: UNC -> North Carolina
2026-07-02 15:27:54,PLAYERS,CHANGED,~ CHANGED Bogoljub Marković  name: Bogoljub Markovic -> Bogoljub Marković
2026-07-02 15:23:54,PLAYERS,CHANGED,~ CHANGED Cormac Ryan  school: North Carolina -> UNC
2026-07-02 15:23:54,PLAYERS,CHANGED,~ CHANGED Malique Lewis  school:                                     -> Trinidad and Tobago
2026-07-02 15:23:54,PLAYERS,CHANGED,~ CHANGED Bogoljub Markovic  name: Bogoljub Marković -> Bogoljub Markovic
2026-07-02 15:23:54,PLAYERS,CHANGED,~ CHANGED Bogoljub Markovic  school: - -> Mega Basket (ABA)
2026-07-02 14:34:55,PLAYERS,CHANGED,~ CHANGED Christian Anderson  name: Christian Anderson Jr. -> Christian Anderson
2026-07-02 14:34:55,PLAYERS,CHANGED,"~ CHANGED Ernest Udeh Jr.  name: Ernest Udeh, Jr. -> Ernest Udeh Jr."
2026-07-02 14:34:55,PLAYERS,CHANGED,~ CHANGED Ernest Udeh Jr.  school: Miami -> Miami (FL)
2026-07-02 14:24:54,PLAYERS,CHANGED,~ CHANGED Christian Anderson Jr.  name: Christian Anderson -> Christian Anderson Jr.
2026-07-02 14:09:55,TRANSACTIONS,Signing,2026-07-02  Minnesota Timberwolves re-signed forward Enrique Freeman to a Two-Way Contract.
2026-07-02 12:41:55,TRANSACTIONS,Signing,2026-07-02  Miami Heat re-signed forward Simone Fontecchio to a Contract.
2026-07-02 12:32:54,PLAYERS,CHANGED,~ CHANGED Jonathan Mogbo  team: TOR -> SAC
2026-07-02 12:32:54,PLAYERS,CHANGED,~ CHANGED Meleek Thomas  number: - -> 15
2026-07-02 12:32:54,PLAYERS,CHANGED,"~ CHANGED Ernest Udeh, Jr.  number: - -> 39"
2026-07-02 12:32:54,PLAYERS,CHANGED,"~ CHANGED Ernest Udeh, Jr.  position: - -> C"
2026-07-02 12:32:54,PLAYERS,CHANGED,"~ CHANGED Ernest Udeh, Jr.  height: - -> 6-11"
2026-07-02 12:32:54,PLAYERS,CHANGED,"~ CHANGED Ernest Udeh, Jr.  weight: - -> 266"
2026-07-02 12:27:54,PLAYERS,CHANGED,"~ CHANGED Ernest Udeh, Jr.  country: - -> USA"
2026-07-02 12:26:54,PLAYERS,CHANGED,"~ CHANGED Ernest Udeh, Jr.  country: USA -> -"
2026-07-02 12:25:54,PLAYERS,CHANGED,"~ CHANGED Ernest Udeh, Jr.  country: - -> USA"
2026-07-02 12:20:55,TRANSACTIONS,Signing,2026-07-02  Sacramento Kings signed forward Jonathan Mogbo to a Two-Way Contract.
2026-07-02 12:20:55,TRANSACTIONS,Signing,"2026-07-01  Cleveland Cavaliers signed center Ernest Udeh, Jr. to a Two-Way Contract."
2026-07-02 12:18:55,TRANSACTIONS,Signing,"2026-07-01  Cleveland Cavaliers signed  Ernest Udeh, Jr. to a Two-Way Contract."
2026-07-02 12:18:55,TRANSACTIONS,Signing,2026-03-04  Memphis Grizzlies re-signed forward Olivier-Maxence Prosper to a Rest-of-Season Contract.
2026-07-02 12:17:55,TRANSACTIONS,Signing,2026-07-02  Sacramento Kings signed forward Jonathan Mogbo to a Two-Way Contract.
2026-07-02 12:17:55,TRANSACTIONS,Signing,"2026-07-01  Cleveland Cavaliers signed center Ernest Udeh, Jr. to a Two-Way Contract."
2026-07-02 11:49:55,TRANSACTIONS,Signing,2026-07-02  Atlanta Hawks signed guard Kingston Flemings to a Rookie Scale Contract.
2026-07-02 10:27:54,PLAYERS,CHANGED,~ CHANGED AJ Dybantsa  name: Anicet Dybantsa -> AJ Dybantsa
2026-07-02 09:59:54,PLAYERS,CHANGED,~ CHANGED Anicet Dybantsa  name: AJ Dybantsa -> Anicet Dybantsa
2026-07-02 09:45:55,TRANSACTIONS,Signing,2026-07-02  Washington Wizards signed forward Anicet Dybantsa to a Rookie Scale Contract.
2026-07-02 09:18:55,TRANSACTIONS,Signing,2026-07-02  Toronto Raptors signed forward Allen Graves to a Rookie Scale Contract.
2026-07-02 09:17:55,TRANSACTIONS,Signing,2026-03-04  Denver Nuggets signed forward David Roddy to a Two-Way Contract.
2026-07-02 09:16:55,TRANSACTIONS,Signing,2026-07-02  Toronto Raptors signed forward Allen Graves to a Rookie Scale Contract.
2026-07-02 09:07:54,PLAYERS,CHANGED,~ CHANGED Noah Penda  school: - -> Le Mans Sarthe
2026-07-02 08:40:54,PLAYERS,CHANGED,~ CHANGED Yang Hansen  school: - -> Zibo
2026-07-01 19:40:55,TRANSACTIONS,Signing,2026-07-01  Sacramento Kings signed guard Darius Acuff Jr. to a Rookie Scale Contract.
2026-07-01 19:31:55,TRANSACTIONS,Signing,2026-07-01  Sacramento Kings signed forward Alex Karaban to a Rookie Scale Contract.
2026-07-01 18:33:14,PLAYERS,ADDED,"+ ADDED   Ernest Udeh, Jr. (CLE)"
