detected_at,sheet,type,text
2026-07-05 16:46:57,MIN,ADDED,"Turner, Evan | 4 - CAP HOLD | 27909834.0 |  |  |  |  |  | 27909834"
2026-07-05 16:46:57,MIN,REMOVED,"Hyland, Bones | 4 - CAP HOLD | 2449421.0 |  |  |  |  |  | 2449421"
2026-07-05 16:46:57,MIN,ADDED,"Hyland, Bones | 1 - FULL SEASON | 2449421.0 |  |  |  |  |  | 2449421"
2026-07-05 16:46:57,MIN,REMOVED, |  |  |  |  |  |  |  | 0
2026-07-05 16:46:57,MIN,REMOVED,"TEAM SALARY (Art, I §1 (nnn)): |  | 260691838 | 188783460.6 | 119308939 | 28448276 | 0 | 0 | 597232513.6"
2026-07-05 16:46:57,MIN,ADDED,"TEAM SALARY (Art, I §1 (nnn)): |  | 288601672 | 188783460.6 | 119308939 | 28448276 | 0 | 0 | 625142347.6"
2026-07-05 16:46:57,MIN,REMOVED,Players Under Contract |  | 187981661 | 188783460.6 | 119308939 | 28448276 | 0 | 0 | BOLD = Option Year
2026-07-05 16:46:57,MIN,REMOVED,"Full Season Contracts |  | 187981661 | 188783460.6 | 119308939 | 28448276 | 0 | 0 | *=Projected Exten,,"
2026-07-05 16:46:57,MIN,ADDED,Players Under Contract |  | 190431082 | 188783460.6 | 119308939 | 28448276 | 0 | 0 | BOLD = Option Year
2026-07-05 16:46:57,MIN,ADDED,"Full Season Contracts |  | 190431082 | 188783460.6 | 119308939 | 28448276 | 0 | 0 | *=Projected Exten,,"
2026-07-05 16:46:57,MIN,REMOVED,Cap Holds |  | 70060756 | 0 | 0 | 0 | 0 | 0
2026-07-05 16:46:57,MIN,ADDED,Cap Holds |  | 95521169 | 0 | 0 | 0 | 0 | 0
2026-07-05 16:46:57,MIN,REMOVED,"Avg, Salary (Mean) (ALL Compensation Obligations) |  |  | Players Under Contract |  | 8"
2026-07-05 16:46:57,MIN,REMOVED,"Avg, Salary (Mean) (No 10-Day K's) |  |  | Avaiable Spots |  | 7"
2026-07-05 16:46:57,MIN,REMOVED,"Avg, Salary (Mean) (No 10-Day K's & ROS) |  |  | Players to Reach Roster Min, |  | 5"
2026-07-05 16:46:57,MIN,ADDED,"Avg, Salary (Mean) (ALL Compensation Obligations) |  |  | Players Under Contract |  | 9"
2026-07-05 16:46:57,MIN,ADDED,"Avg, Salary (Mean) (No 10-Day K's) |  |  | Avaiable Spots |  | 6"
2026-07-05 16:46:57,MIN,ADDED,"Avg, Salary (Mean) (No 10-Day K's & ROS) |  |  | Players to Reach Roster Min, |  | 4"
2026-07-05 16:46:57,Luxury Tax Calculator,REMOVED,Luxury Tax | 0 | 0 | 0 | 0 | 0 | 0 | 0 | 23501723 | 0 | 0 | 0 | 10706857.6 | 0 | 0 | 0 | 0 | 0 | 86661 | 435790.92 | 13065628 | 25800610 | 29970320.04 | 0 | 702276.5238 | 6712130.274 | 26574062 | 0 | 4133098.14 | 0 | 0
2026-07-05 16:46:57,Luxury Tax Calculator,REMOVED,1st Incremental Tax Bracket | 0 | 0 | 0 | 0 | 0 | 0 | 0 | 17055000 | 0 | 0 | 0 | 5685000 | 0 | 0 | 0 | 0 | 0 | 86661 | 435790.92 | 5685000 | 5685000 | 5685000 | 0 | 2106829.571 | 5685000 | 5685000 | 0 | 4133098.14 | 0 | 0
2026-07-05 16:46:57,Luxury Tax Calculator,ADDED,Luxury Tax | 0 | 0 | 0 | 0 | 0 | 0 | 0 | 23501723 | 0 | 0 | 0 | 10706857.6 | 0 | 0 | 0 | 0 | 0 | 2536082 | 435790.92 | 13065628 | 25800610 | 29970320.04 | 0 | 702276.5238 | 6712130.274 | 26574062 | 0 | 4133098.14 | 0 | 0
2026-07-05 16:46:57,Luxury Tax Calculator,ADDED,1st Incremental Tax Bracket | 0 | 0 | 0 | 0 | 0 | 0 | 0 | 17055000 | 0 | 0 | 0 | 5685000 | 0 | 0 | 0 | 0 | 0 | 2536082 | 435790.92 | 5685000 | 5685000 | 5685000 | 0 | 2106829.571 | 5685000 | 5685000 | 0 | 4133098.14 | 0 | 0
2026-07-05 16:46:57,Luxury Tax Calculator,REMOVED,Tax Liability | 0 | 0 | 0 | 0 | 0 | 0 | 0 | 110694991.8 | 0 | 0 | 0 | 11962322 | 0 | 0 | 0 | 0 | 0 | 86661 | 435790.92 | 18725948 | 75760702.5 | 98424340.23 | 0 | 2106829.571 | 6968912.843 | 79821325.5 | 0 | 4133098.14 | 0 | 0
2026-07-05 16:46:57,Luxury Tax Calculator,ADDED,Tax Liability | 0 | 0 | 0 | 0 | 0 | 0 | 0 | 110694991.8 | 0 | 0 | 0 | 11962322 | 0 | 0 | 0 | 0 | 0 | 2536082 | 435790.92 | 18725948 | 75760702.5 | 98424340.23 | 0 | 2106829.571 | 6968912.843 | 79821325.5 | 0 | 4133098.14 | 0 | 0
2026-07-05 16:47:57,GOS,REMOVED,"Spencer, Pat | 4 - CAP HOLD | 2449421.0 |  |  |  |  |  | 2449421"
2026-07-05 16:47:57,GOS,REMOVED,"TEAM SALARY (Art, I §1 (nnn)): |  | 259634124.8 | 47353106 | 14812268 | 8899127.4 | 0 | 0 | 330698626.2"
2026-07-05 16:47:57,GOS,ADDED, |  |  |  |  |  |  |  | 0
2026-07-05 16:47:57,GOS,ADDED,"TEAM SALARY (Art, I §1 (nnn)): |  | 257184703.8 | 47353106 | 14812268 | 8899127.4 | 0 | 0 | 328249205.2"
2026-07-05 16:47:57,GOS,REMOVED,Cap Holds |  | 86508527.5 | 0 | 0 | 0 | 0 | 0
2026-07-05 16:47:57,GOS,ADDED,Cap Holds |  | 84059106.5 | 0 | 0 | 0 | 0 | 0
2026-07-05 16:47:57,GOS,REMOVED, |  |  | Cap Holds |  | 19
2026-07-05 16:47:57,GOS,ADDED, |  |  | Cap Holds |  | 18
2026-07-05 16:47:57,MIN,REMOVED,"Turner, Evan | 4 - CAP HOLD | 27909834.0 |  |  |  |  |  | 27909834"
2026-07-05 16:47:57,MIN,ADDED,"Hyland, Bones | 1 - FULL SEASON | 2449421.0 |  |  |  |  |  | 2449421"
2026-07-05 16:47:57,MIN,REMOVED,"Hyland, Bones | 1 - FULL SEASON | 2449421.0 |  |  |  |  |  | 2449421"
2026-07-05 16:47:57,MIN,REMOVED,"TEAM SALARY (Art, I §1 (nnn)): |  | 288601672 | 188783460.6 | 119308939 | 28448276 | 0 | 0 | 625142347.6"
2026-07-05 16:47:57,MIN,ADDED, |  |  |  |  |  |  |  | 0
2026-07-05 16:47:57,MIN,ADDED,"TEAM SALARY (Art, I §1 (nnn)): |  | 260691838 | 188783460.6 | 119308939 | 28448276 | 0 | 0 | 597232513.6"
2026-07-05 16:47:57,MIN,REMOVED,Cap Holds |  | 95521169 | 0 | 0 | 0 | 0 | 0
2026-07-05 16:47:57,MIN,ADDED,Cap Holds |  | 67611335 | 0 | 0 | 0 | 0 | 0
2026-07-05 16:47:57,MIN,REMOVED, |  |  | Cap Holds |  | 10
2026-07-05 16:47:57,MIN,ADDED, |  |  | Cap Holds |  | 9
2026-07-05 16:53:57,CHI,ADDED,"Smith, Jalen | 1 - FULL SEASON | 9428571.0 |  |  |  |  |  | 9428571"
2026-07-05 16:53:57,CHI,REMOVED,"Wilson, Caleb | 6 - DRAFT PICK | 10683720.0 | 11217960.0 | 11752320.0 | 14866684.8 |  |  | 48520684.8"
2026-07-05 16:53:57,CHI,REMOVED,"Swain, Dailyn | 6 - DRAFT PICK | 4965480.0 | 5213760.0 | 5461920.0 | 8373123.359999999 |  |  | 24014283.36"
2026-07-05 16:53:57,CHI,ADDED,"Wilson, Caleb | 1 - FULL SEASON | 10683720.0 | 11217960.0 | 11752320.0 | 14866684.8 |  |  | 48520684.8"
2026-07-05 16:53:57,CHI,ADDED,"Swain, Dailyn | 1 - FULL SEASON | 4965480.0 | 5213760.0 | 5461920.0 | 8373123.359999999 |  |  | 24014283.36"
2026-07-05 16:53:57,CHI,REMOVED, |  |  |  |  |  |  |  | 0
2026-07-05 16:53:57,CHI,REMOVED,"TEAM SALARY (Art, I §1 (nnn)): |  | 211870417.5 | 98251977.76 | 68444703 | 23239808.16 | 0 | 0 | 401806906.4"
2026-07-05 16:53:57,CHI,ADDED,"TEAM SALARY (Art, I §1 (nnn)): |  | 221298988.5 | 98251977.76 | 68444703 | 23239808.16 | 0 | 0 | 411235477.4"
2026-07-05 16:53:57,CHI,REMOVED,Players Under Contract |  | 103866560 | 81820257.76 | 51230463 | 0 | 0 | 0 | BOLD = Option Year
2026-07-05 16:53:57,CHI,REMOVED,"Full Season Contracts |  | 103866560 | 81820257.76 | 51230463 | 0 | 0 | 0 | *=Projected Exten,,"
2026-07-05 16:53:57,CHI,ADDED,Players Under Contract |  | 128944331 | 98251977.76 | 68444703 | 23239808.16 | 0 | 0 | BOLD = Option Year
2026-07-05 16:53:57,CHI,ADDED,"Full Season Contracts |  | 128944331 | 98251977.76 | 68444703 | 23239808.16 | 0 | 0 | *=Projected Exten,,"
2026-07-05 16:53:57,CHI,REMOVED,Draft Picks |  | 15649200 | 16431720 | 17214240 | 23239808.16 | 0 | 0
2026-07-05 16:53:57,CHI,ADDED,Draft Picks |  | 0 | 0 | 0 | 0 | 0 | 0
2026-07-05 16:53:57,CHI,REMOVED,"Avg, Salary (Mean) (ALL Compensation Obligations) |  |  | Players Under Contract |  | 11"
2026-07-05 16:53:57,CHI,REMOVED,"Avg, Salary (Mean) (No 10-Day K's) |  |  | Avaiable Spots |  | 4"
2026-07-05 16:53:57,CHI,REMOVED,"Avg, Salary (Mean) (No 10-Day K's & ROS) |  |  | Players to Reach Roster Min, |  | 2"
2026-07-05 16:53:57,CHI,ADDED,"Avg, Salary (Mean) (ALL Compensation Obligations) |  |  | Players Under Contract |  | 14"
2026-07-05 16:53:57,CHI,ADDED,"Avg, Salary (Mean) (No 10-Day K's) |  |  | Avaiable Spots |  | 1"
2026-07-05 16:53:57,CHI,ADDED,"Avg, Salary (Mean) (No 10-Day K's & ROS) |  |  | Players to Reach Roster Min, |  | 0"
2026-07-05 16:54:58,CHI,REMOVED,"Smith, Jalen | 1 - FULL SEASON | 9428571.0 |  |  |  |  |  | 9428571"
2026-07-05 16:54:58,CHI,ADDED,"Wilson, Caleb | 1 - FULL SEASON | 10683720.0 | 11217960.0 | 11752320.0 | 14866684.8 |  |  | 48520684.8"
2026-07-05 16:54:58,CHI,ADDED,"Swain, Dailyn | 1 - FULL SEASON | 4965480.0 | 5213760.0 | 5461920.0 | 8373123.359999999 |  |  | 24014283.36"
2026-07-05 16:54:58,CHI,REMOVED,"Wilson, Caleb | 1 - FULL SEASON | 10683720.0 | 11217960.0 | 11752320.0 | 14866684.8 |  |  | 48520684.8"
2026-07-05 16:54:58,CHI,REMOVED,"Swain, Dailyn | 1 - FULL SEASON | 4965480.0 | 5213760.0 | 5461920.0 | 8373123.359999999 |  |  | 24014283.36"
2026-07-05 16:54:58,CHI,REMOVED,"TEAM SALARY (Art, I §1 (nnn)): |  | 221298988.5 | 98251977.76 | 68444703 | 23239808.16 | 0 | 0 | 411235477.4"
2026-07-05 16:54:58,CHI,ADDED, |  |  |  |  |  |  |  | 0
2026-07-05 16:54:58,CHI,ADDED,"TEAM SALARY (Art, I §1 (nnn)): |  | 211870417.5 | 98251977.76 | 68444703 | 23239808.16 | 0 | 0 | 401806906.4"
2026-07-05 16:54:58,CHI,REMOVED,Players Under Contract |  | 128944331 | 98251977.76 | 68444703 | 23239808.16 | 0 | 0 | BOLD = Option Year
2026-07-05 16:54:58,CHI,REMOVED,"Full Season Contracts |  | 128944331 | 98251977.76 | 68444703 | 23239808.16 | 0 | 0 | *=Projected Exten,,"
2026-07-05 16:54:58,CHI,ADDED,Players Under Contract |  | 119515760 | 98251977.76 | 68444703 | 23239808.16 | 0 | 0 | BOLD = Option Year
2026-07-05 16:54:58,CHI,ADDED,"Full Season Contracts |  | 119515760 | 98251977.76 | 68444703 | 23239808.16 | 0 | 0 | *=Projected Exten,,"
2026-07-05 16:54:58,CHI,REMOVED,"Avg, Salary (Mean) (ALL Compensation Obligations) |  |  | Players Under Contract |  | 14"
2026-07-05 16:54:58,CHI,REMOVED,"Avg, Salary (Mean) (No 10-Day K's) |  |  | Avaiable Spots |  | 1"
2026-07-05 16:54:58,CHI,ADDED,"Avg, Salary (Mean) (ALL Compensation Obligations) |  |  | Players Under Contract |  | 13"
2026-07-05 16:54:58,CHI,ADDED,"Avg, Salary (Mean) (No 10-Day K's) |  |  | Avaiable Spots |  | 2"
2026-07-05 16:59:56,BKN,ADDED,"Demin, Egor | 1 - FULL SEASON | 7233720.0 | 7578240.0 | 9639521.0 |  |  |  | 24451481"
2026-07-05 16:59:56,BKN,REMOVED,"Brown Jr., Mikel | 6 - DRAFT PICK | 8787000.0 | 9226440.0 | 9666000.0 | 12256488.0 |  |  | 39935928"
2026-07-05 16:59:56,BKN,REMOVED,"Jefferson, Joshua | 6 - DRAFT PICK | 2969520.0 | 3118560.0 | 3266880.0 | 5896718.4 |  |  | 15251678.4"
2026-07-05 16:59:56,BKN,ADDED,"Brown Jr., Mikel | 1 - FULL SEASON | 8787000.0 | 9226440.0 | 9666000.0 | 12256488.0 |  |  | 39935928"
2026-07-05 16:59:56,BKN,REMOVED,"TEAM SALARY (Art, I §1 (nnn)): |  | 167494094.6 | 71180080 | 46411928 | 18153206.4 | 0 | 0 | 303239309"
2026-07-05 16:59:56,BKN,ADDED,"TEAM SALARY (Art, I §1 (nnn)): |  | 171758294.6 | 75639760 | 52784569 | 12256488 | 0 | 0 | 312439111.6"
2026-07-05 16:59:56,BKN,REMOVED,Players Under Contract |  | 107938158.5 | 58835080 | 33479048 | 0 | 0 | 0 | BOLD = Option Year
2026-07-05 16:59:56,BKN,REMOVED,"Full Season Contracts |  | 107938158.5 | 58835080 | 33479048 | 0 | 0 | 0 | *=Projected Exten,,"
2026-07-05 16:59:56,BKN,ADDED,Players Under Contract |  | 123958878.5 | 75639760 | 52784569 | 12256488 | 0 | 0 | BOLD = Option Year
2026-07-05 16:59:56,BKN,ADDED,"Full Season Contracts |  | 123958878.5 | 75639760 | 52784569 | 12256488 | 0 | 0 | *=Projected Exten,,"
2026-07-05 16:59:56,BKN,REMOVED,Draft Picks |  | 11756520 | 12345000 | 12932880 | 18153206.4 | 0 | 0
2026-07-05 16:59:56,BKN,ADDED,Draft Picks |  | 0 | 0 | 0 | 0 | 0 | 0
2026-07-05 16:59:56,BKN,REMOVED,"Avg, Salary (Mean) (ALL Compensation Obligations) |  |  | Players Under Contract |  | 10"
2026-07-05 16:59:56,BKN,REMOVED,"Avg, Salary (Mean) (No 10-Day K's) |  |  | Avaiable Spots |  | 5"
2026-07-05 16:59:56,BKN,REMOVED,"Avg, Salary (Mean) (No 10-Day K's & ROS) |  |  | Players to Reach Roster Min, |  | 3"
2026-07-05 16:59:56,BKN,ADDED,"Avg, Salary (Mean) (ALL Compensation Obligations) |  |  | Players Under Contract |  | 12"
2026-07-05 16:59:56,BKN,ADDED,"Avg, Salary (Mean) (No 10-Day K's) |  |  | Avaiable Spots |  | 3"
2026-07-05 16:59:56,BKN,ADDED,"Avg, Salary (Mean) (No 10-Day K's & ROS) |  |  | Players to Reach Roster Min, |  | 1"
2026-07-05 16:59:56,CHI,ADDED,"Jefferson, Joshua | 6 - DRAFT PICK | 2969520.0 | 3118560.0 | 3266880.0 | 5896718.4 |  |  | 15251678.4"
2026-07-05 16:59:56,CHI,REMOVED, |  |  |  |  |  |  |  | 0
2026-07-05 16:59:56,CHI,REMOVED,"TEAM SALARY (Art, I §1 (nnn)): |  | 211870417.5 | 98251977.76 | 68444703 | 23239808.16 | 0 | 0 | 401806906.4"
2026-07-05 16:59:56,CHI,ADDED,"TEAM SALARY (Art, I §1 (nnn)): |  | 214839937.5 | 101370537.8 | 71711583 | 29136526.56 | 0 | 0 | 417058584.8"
2026-07-05 16:59:56,CHI,REMOVED,Draft Picks |  | 0 | 0 | 0 | 0 | 0 | 0
2026-07-05 16:59:56,CHI,ADDED,Draft Picks |  | 2969520 | 3118560 | 3266880 | 5896718.4 | 0 | 0
2026-07-05 17:00:57,BKN,REMOVED,"Demin, Egor | 1 - FULL SEASON | 7233720.0 | 7578240.0 | 9639521.0 |  |  |  | 24451481"
2026-07-05 17:00:57,BKN,ADDED,"Brown Jr., Mikel | 1 - FULL SEASON | 8787000.0 | 9226440.0 | 9666000.0 | 12256488.0 |  |  | 39935928"
2026-07-05 17:00:57,BKN,REMOVED,"Brown Jr., Mikel | 1 - FULL SEASON | 8787000.0 | 9226440.0 | 9666000.0 | 12256488.0 |  |  | 39935928"
2026-07-05 17:00:57,BKN,REMOVED,"TEAM SALARY (Art, I §1 (nnn)): |  | 171758294.6 | 75639760 | 52784569 | 12256488 | 0 | 0 | 312439111.6"
2026-07-05 17:00:57,BKN,ADDED, |  |  |  |  |  |  |  | 0
2026-07-05 17:00:57,BKN,ADDED,"TEAM SALARY (Art, I §1 (nnn)): |  | 164524574.6 | 68061520 | 43145048 | 12256488 | 0 | 0 | 287987630.6"
2026-07-05 17:00:57,BKN,REMOVED,Players Under Contract |  | 123958878.5 | 75639760 | 52784569 | 12256488 | 0 | 0 | BOLD = Option Year
2026-07-05 17:00:57,BKN,REMOVED,"Full Season Contracts |  | 123958878.5 | 75639760 | 52784569 | 12256488 | 0 | 0 | *=Projected Exten,,"
2026-07-05 17:00:57,BKN,ADDED,Players Under Contract |  | 116725158.5 | 68061520 | 43145048 | 12256488 | 0 | 0 | BOLD = Option Year
2026-07-05 17:00:57,BKN,ADDED,"Full Season Contracts |  | 116725158.5 | 68061520 | 43145048 | 12256488 | 0 | 0 | *=Projected Exten,,"
2026-07-05 17:00:57,BKN,REMOVED,"Avg, Salary (Mean) (ALL Compensation Obligations) |  |  | Players Under Contract |  | 12"
2026-07-05 17:00:57,BKN,REMOVED,"Avg, Salary (Mean) (No 10-Day K's) |  |  | Avaiable Spots |  | 3"
2026-07-05 17:00:57,BKN,REMOVED,"Avg, Salary (Mean) (No 10-Day K's & ROS) |  |  | Players to Reach Roster Min, |  | 1"
2026-07-05 17:00:57,BKN,ADDED,"Avg, Salary (Mean) (ALL Compensation Obligations) |  |  | Players Under Contract |  | 11"
2026-07-05 17:00:57,BKN,ADDED,"Avg, Salary (Mean) (No 10-Day K's) |  |  | Avaiable Spots |  | 4"
2026-07-05 17:00:57,BKN,ADDED,"Avg, Salary (Mean) (No 10-Day K's & ROS) |  |  | Players to Reach Roster Min, |  | 2"
2026-07-05 17:01:57,LAC,ADDED,"Wagler, Keaton | 1 - FULL SEASON | 9674760.0 | 10158240.0 | 10641960.0 | 13483363.319999998 |  |  | 43958323.32"
2026-07-05 17:01:57,LAC,REMOVED,"Wagler, Keaton | 6 - DRAFT PICK | 9674760.0 | 10158240.0 | 10641960.0 | 13483363.319999998 |  |  | 43958323.32"
2026-07-05 17:01:57,LAC,REMOVED,Players Under Contract |  | 129992231 | 56792405 | 5448356 | 0 | 0 | 0 | BOLD = Option Year
2026-07-05 17:01:57,LAC,REMOVED,"Full Season Contracts |  | 129992231 | 56792405 | 5448356 | 0 | 0 | 0 | *=Projected Exten,,"
2026-07-05 17:01:57,LAC,ADDED,Players Under Contract |  | 139666991 | 66950645 | 16090316 | 13483363.32 | 0 | 0 | BOLD = Option Year
2026-07-05 17:01:57,LAC,ADDED,"Full Season Contracts |  | 139666991 | 66950645 | 16090316 | 13483363.32 | 0 | 0 | *=Projected Exten,,"
2026-07-05 17:01:57,LAC,REMOVED,Draft Picks |  | 9674760 | 10158240 | 10641960 | 13483363.32 | 0 | 0
2026-07-05 17:01:57,LAC,ADDED,Draft Picks |  | 0 | 0 | 0 | 0 | 0 | 0
2026-07-05 17:01:57,LAC,REMOVED,"Avg, Salary (Mean) (ALL Compensation Obligations) |  |  | Players Under Contract |  | 8"
2026-07-05 17:01:57,LAC,REMOVED,"Avg, Salary (Mean) (No 10-Day K's) |  |  | Avaiable Spots |  | 7"
2026-07-05 17:01:57,LAC,REMOVED,"Avg, Salary (Mean) (No 10-Day K's & ROS) |  |  | Players to Reach Roster Min, |  | 5"
2026-07-05 17:01:57,LAC,ADDED,"Avg, Salary (Mean) (ALL Compensation Obligations) |  |  | Players Under Contract |  | 9"
2026-07-05 17:01:57,LAC,ADDED,"Avg, Salary (Mean) (No 10-Day K's) |  |  | Avaiable Spots |  | 6"
2026-07-05 17:01:57,LAC,ADDED,"Avg, Salary (Mean) (No 10-Day K's & ROS) |  |  | Players to Reach Roster Min, |  | 4"
2026-07-05 17:05:57,DAL,ADDED,"Johnson, AJ | 1 - FULL SEASON | 3237120.0 | 5493392.640000001 |  |  |  |  | 8730512.64"
2026-07-05 17:05:57,DAL,ADDED,"Nembhard, Ryan | 1 - FULL SEASON | 2150917.0 |  |  |  |  |  | 2150917"
2026-07-05 17:05:57,DAL,REMOVED,"Johnson Jr., Morez | 6 - DRAFT PICK | 6754800.0 | 7093080.0 | 7430640.0 | 9466635.36 |  |  | 30745155.36"
2026-07-05 17:05:57,DAL,REMOVED,"De Larrea, Sergio | 6 - DRAFT PICK | 3182280.0 | 3341280.0 | 3500880.0 | 6305084.880000001 |  |  | 16329524.88"
2026-07-05 17:05:57,DAL,ADDED,"Johnson Jr., Morez | 1 - FULL SEASON | 6754800.0 | 7093080.0 | 7430640.0 | 9466635.36 |  |  | 30745155.36"
2026-07-05 17:05:57,DAL,ADDED,"De Larrea, Sergio | 1 - FULL SEASON | 3182280.0 | 3341280.0 | 3500880.0 | 6305084.880000001 |  |  | 16329524.88"
2026-07-05 17:05:57,DAL,REMOVED, |  |  |  |  |  |  |  | 0
2026-07-05 17:05:57,DAL,REMOVED, |  |  |  |  |  |  |  | 0
2026-07-05 17:05:57,DAL,REMOVED,"TEAM SALARY (Art, I §1 (nnn)): |  | 243421971.6 | 134517555.8 | 72082739 | 40339896.24 | 0 | 0 | 490362162.7"
2026-07-05 17:05:57,DAL,ADDED,"TEAM SALARY (Art, I §1 (nnn)): |  | 248810008.6 | 140010948.5 | 72082739 | 40339896.24 | 0 | 0 | 501243592.3"
2026-07-05 17:05:57,DAL,REMOVED,Players Under Contract |  | 148888653.1 | 120871979.6 | 61151219 | 24568176 | 0 | 0 | BOLD = Option Year
2026-07-05 17:05:57,DAL,REMOVED,"Full Season Contracts |  | 148888653.1 | 120871979.6 | 61151219 | 24568176 | 0 | 0 | *=Projected Exten,,"
2026-07-05 17:05:57,DAL,ADDED,Players Under Contract |  | 164213770.1 | 136799732.3 | 72082739 | 40339896.24 | 0 | 0 | BOLD = Option Year
2026-07-05 17:05:57,DAL,ADDED,"Full Season Contracts |  | 164213770.1 | 136799732.3 | 72082739 | 40339896.24 | 0 | 0 | *=Projected Exten,,"
2026-07-05 17:05:57,DAL,REMOVED,Draft Picks |  | 9937080 | 10434360 | 10931520 | 15771720.24 | 0 | 0
2026-07-05 17:05:57,DAL,ADDED,Draft Picks |  | 0 | 0 | 0 | 0 | 0 | 0
2026-07-05 17:05:57,DAL,REMOVED,"Avg, Salary (Mean) (ALL Compensation Obligations) |  |  | Players Under Contract |  | 11"
2026-07-05 17:05:57,DAL,REMOVED,"Avg, Salary (Mean) (No 10-Day K's) |  |  | Avaiable Spots |  | 4"
2026-07-05 17:05:57,DAL,REMOVED,"Avg, Salary (Mean) (No 10-Day K's & ROS) |  |  | Players to Reach Roster Min, |  | 2"
2026-07-05 17:05:57,DAL,ADDED,"Avg, Salary (Mean) (ALL Compensation Obligations) |  |  | Players Under Contract |  | 15"
2026-07-05 17:05:57,DAL,ADDED,"Avg, Salary (Mean) (No 10-Day K's) |  |  | Avaiable Spots |  | 0"
2026-07-05 17:05:57,DAL,ADDED,"Avg, Salary (Mean) (No 10-Day K's & ROS) |  |  | Players to Reach Roster Min, |  | 0"
2026-07-05 17:06:57,DAL,ADDED,"Johnson Jr., Morez | 1 - FULL SEASON | 6754800.0 | 7093080.0 | 7430640.0 | 9466635.36 |  |  | 30745155.36"
2026-07-05 17:06:57,DAL,REMOVED,"Nembhard, Ryan | 1 - FULL SEASON | 2150917.0 |  |  |  |  |  | 2150917"
2026-07-05 17:06:57,DAL,REMOVED,"Johnson, AJ | 1 - FULL SEASON | 3237120.0 | 5493392.640000001 |  |  |  |  | 8730512.64"
2026-07-05 17:06:57,DAL,ADDED,"De Larrea, Sergio | 1 - FULL SEASON | 3182280.0 | 3341280.0 | 3500880.0 | 6305084.880000001 |  |  | 16329524.88"
2026-07-05 17:06:57,DAL,REMOVED,"Johnson Jr., Morez | 1 - FULL SEASON | 6754800.0 | 7093080.0 | 7430640.0 | 9466635.36 |  |  | 30745155.36"
2026-07-05 17:06:57,DAL,REMOVED,"De Larrea, Sergio | 1 - FULL SEASON | 3182280.0 | 3341280.0 | 3500880.0 | 6305084.880000001 |  |  | 16329524.88"
2026-07-05 17:06:57,DAL,REMOVED,"TEAM SALARY (Art, I §1 (nnn)): |  | 248810008.6 | 140010948.5 | 72082739 | 40339896.24 | 0 | 0 | 501243592.3"
2026-07-05 17:06:57,DAL,ADDED, |  |  |  |  |  |  |  | 0
2026-07-05 17:06:57,DAL,ADDED, |  |  |  |  |  |  |  | 0
2026-07-05 17:06:57,DAL,ADDED,"TEAM SALARY (Art, I §1 (nnn)): |  | 243421971.6 | 134517555.8 | 72082739 | 40339896.24 | 0 | 0 | 490362162.7"
2026-07-05 17:06:57,DAL,REMOVED,Players Under Contract |  | 164213770.1 | 136799732.3 | 72082739 | 40339896.24 | 0 | 0 | BOLD = Option Year
2026-07-05 17:06:57,DAL,REMOVED,"Full Season Contracts |  | 164213770.1 | 136799732.3 | 72082739 | 40339896.24 | 0 | 0 | *=Projected Exten,,"
2026-07-05 17:06:57,DAL,ADDED,Players Under Contract |  | 158825733.1 | 131306339.6 | 72082739 | 40339896.24 | 0 | 0 | BOLD = Option Year
2026-07-05 17:06:57,DAL,ADDED,"Full Season Contracts |  | 158825733.1 | 131306339.6 | 72082739 | 40339896.24 | 0 | 0 | *=Projected Exten,,"
2026-07-05 17:06:57,DAL,REMOVED,"Avg, Salary (Mean) (ALL Compensation Obligations) |  |  | Players Under Contract |  | 15"
2026-07-05 17:06:57,DAL,REMOVED,"Avg, Salary (Mean) (No 10-Day K's) |  |  | Avaiable Spots |  | 0"
2026-07-05 17:06:57,DAL,ADDED,"Avg, Salary (Mean) (ALL Compensation Obligations) |  |  | Players Under Contract |  | 13"
2026-07-05 17:06:57,DAL,ADDED,"Avg, Salary (Mean) (No 10-Day K's) |  |  | Avaiable Spots |  | 2"
2026-07-05 17:14:57,OKC,ADDED,"Mara, Aday | 1 - FULL SEASON | 5791680.0 | 6081480.0 | 6371160.0 | 8779458.48 |  |  | 27023778.48"
2026-07-05 17:14:57,OKC,ADDED,"McCain, Jared | 1 - FULL SEASON | 4422600.0 | 6784268.4 |  |  |  |  | 11206868.4"
2026-07-05 17:14:57,OKC,REMOVED,"Mara, Aday | 6 - DRAFT PICK | 5791680.0 | 6081480.0 | 6371160.0 | 8779458.48 |  |  | 27023778.48"
2026-07-05 17:14:57,OKC,REMOVED,"Stirtz, Bennett | 6 - DRAFT PICK | 4717320.0 | 4953240.0 | 5189400.0 | 7960539.600000001 |  |  | 22820499.6"
2026-07-05 17:14:57,OKC,ADDED,"Stirtz, Bennett | 1 - FULL SEASON | 4717320.0 | 4953240.0 | 5189400.0 | 7960539.600000001 |  |  | 22820499.6"
2026-07-05 17:14:57,OKC,REMOVED, |  |  |  |  |  |  |  | 0
2026-07-05 17:14:57,OKC,REMOVED,"TEAM SALARY (Art, I §1 (nnn)): |  | 277049426 | 170614737.7 | 145702219 | 119015818.1 | 108874260 | 0 | 821256460.8"
2026-07-05 17:14:57,OKC,ADDED,"TEAM SALARY (Art, I §1 (nnn)): |  | 281472026 | 177399006.1 | 145702219 | 119015818.1 | 108874260 | 0 | 832463329.2"
2026-07-05 17:14:57,OKC,REMOVED,Players Under Contract |  | 213695610 | 159580017.7 | 134141659 | 102275820 | 108874260 | 0 | BOLD = Option Year
2026-07-05 17:14:57,OKC,REMOVED,"Full Season Contracts |  | 213695610 | 159580017.7 | 134141659 | 102275820 | 108874260 | 0 | *=Projected Exten,,"
2026-07-05 17:14:57,OKC,ADDED,Players Under Contract |  | 228627210 | 177399006.1 | 145702219 | 119015818.1 | 108874260 | 0 | BOLD = Option Year
2026-07-05 17:14:57,OKC,ADDED,"Full Season Contracts |  | 228627210 | 177399006.1 | 145702219 | 119015818.1 | 108874260 | 0 | *=Projected Exten,,"
2026-07-05 17:14:57,OKC,REMOVED,Draft Picks |  | 10509000 | 11034720 | 11560560 | 16739998.08 | 0 | 0
2026-07-05 17:14:57,OKC,ADDED,Draft Picks |  | 0 | 0 | 0 | 0 | 0 | 0
2026-07-05 17:14:57,OKC,REMOVED,"Avg, Salary (Mean) (ALL Compensation Obligations) |  |  | Players Under Contract |  | 13"
2026-07-05 17:14:57,OKC,REMOVED,"Avg, Salary (Mean) (No 10-Day K's) |  |  | Avaiable Spots |  | 2"
2026-07-05 17:14:57,OKC,ADDED,"Avg, Salary (Mean) (ALL Compensation Obligations) |  |  | Players Under Contract |  | 16"
2026-07-05 17:14:57,OKC,ADDED,"Avg, Salary (Mean) (No 10-Day K's) |  |  | Avaiable Spots |  | 0"
2026-07-05 17:14:57,Luxury Tax Calculator,REMOVED,Luxury Tax | 0 | 0 | 0 | 0 | 0 | 0 | 0 | 23501723 | 0 | 0 | 0 | 10706857.6 | 0 | 0 | 0 | 0 | 0 | 2536082 | 435790.92 | 13065628 | 25800610 | 29970320.04 | 0 | 702276.5238 | 6712130.274 | 26574062 | 0 | 4133098.14 | 0 | 0
2026-07-05 17:14:57,Luxury Tax Calculator,ADDED,Luxury Tax | 0 | 0 | 0 | 0 | 0 | 0 | 0 | 23501723 | 0 | 0 | 0 | 10706857.6 | 0 | 0 | 0 | 0 | 0 | 2536082 | 435790.92 | 13065628 | 40732210 | 29970320.04 | 0 | 702276.5238 | 6712130.274 | 26574062 | 0 | 4133098.14 | 0 | 0
2026-07-05 17:14:57,Luxury Tax Calculator,REMOVED,5th Incremental Tax Bracket | 0 | 0 | 0 | 0 | 0 | 0 | 0 | 5522491.75 | 0 | 0 | 0 | 0 | 0 | 0 | 0 | 0 | 0 | 0 | 0 | 0 | 16068202.5 | 29846250 | 0 | 0 | 0 | 20128825.5 | 0 | 0 | 0 | 0
2026-07-05 17:14:57,Luxury Tax Calculator,REMOVED,6th Incremental Tax Bracket | 0 | 0 | 0 | 0 | 0 | 0 | 0 | 0 | 0 | 0 | 0 | 0 | 0 | 0 | 0 | 0 | 0 | 0 | 0 | 0 | 0 | 8885590.23 | 0 | 0 | 0 | 0 | 0 | 0 | 0 | 0
2026-07-05 17:14:57,Luxury Tax Calculator,REMOVED,7th Incremental Tax Bracket | 0 | 0 | 0 | 0 | 0 | 0 | 0 | 0 | 0 | 0 | 0 | 0 | 0 | 0 | 0 | 0 | 0 | 0 | 0 | 0 | 0 | 0 | 0 | 0 | 0 | 0 | 0 | 0 | 0 | 0
2026-07-05 17:14:57,Luxury Tax Calculator,REMOVED,8th Incremental Tax Bracket | 0 | 0 | 0 | 0 | 0 | 0 | 0 | 0 | 0 | 0 | 0 | 0 | 0 | 0 | 0 | 0 | 0 | 0 | 0 | 0 | 0 | 0 | 0 | 0 | 0 | 0 | 0 | 0 | 0 | 0
2026-07-05 17:14:57,Luxury Tax Calculator,ADDED,5th Incremental Tax Bracket | 0 | 0 | 0 | 0 | 0 | 0 | 0 | 5522491.75 | 0 | 0 | 0 | 0 | 0 | 0 | 0 | 0 | 0 | 0 | 0 | 0 | 29846250 | 29846250 | 0 | 0 | 0 | 20128825.5 | 0 | 0 | 0 | 0
2026-07-05 17:14:57,Luxury Tax Calculator,ADDED,6th Incremental Tax Bracket | 0 | 0 | 0 | 0 | 0 | 0 | 0 | 0 | 0 | 0 | 0 | 0 | 0 | 0 | 0 | 0 | 0 | 0 | 0 | 0 | 32688750 | 8885590.23 | 0 | 0 | 0 | 0 | 0 | 0 | 0 | 0
2026-07-05 17:14:57,Luxury Tax Calculator,ADDED,7th Incremental Tax Bracket | 0 | 0 | 0 | 0 | 0 | 0 | 0 | 0 | 0 | 0 | 0 | 0 | 0 | 0 | 0 | 0 | 0 | 0 | 0 | 0 | 35531250 | 0 | 0 | 0 | 0 | 0 | 0 | 0 | 0 | 0
2026-07-05 17:14:57,Luxury Tax Calculator,ADDED,8th Incremental Tax Bracket | 0 | 0 | 0 | 0 | 0 | 0 | 0 | 0 | 0 | 0 | 0 | 0 | 0 | 0 | 0 | 0 | 0 | 0 | 0 | 0 | 6326167.5 | 0 | 0 | 0 | 0 | 0 | 0 | 0 | 0 | 0
2026-07-05 17:14:57,Luxury Tax Calculator,REMOVED,Tax Liability | 0 | 0 | 0 | 0 | 0 | 0 | 0 | 110694991.8 | 0 | 0 | 0 | 11962322 | 0 | 0 | 0 | 0 | 0 | 2536082 | 435790.92 | 18725948 | 75760702.5 | 98424340.23 | 0 | 2106829.571 | 6968912.843 | 79821325.5 | 0 | 4133098.14 | 0 | 0
2026-07-05 17:14:57,Luxury Tax Calculator,ADDED,Tax Liability | 0 | 0 | 0 | 0 | 0 | 0 | 0 | 110694991.8 | 0 | 0 | 0 | 11962322 | 0 | 0 | 0 | 0 | 0 | 2536082 | 435790.92 | 18725948 | 164084917.5 | 98424340.23 | 0 | 2106829.571 | 6968912.843 | 79821325.5 | 0 | 4133098.14 | 0 | 0
2026-07-05 17:15:57,OKC,REMOVED,"McCain, Jared | 1 - FULL SEASON | 4422600.0 | 6784268.4 |  |  |  |  | 11206868.4"
2026-07-05 17:15:57,OKC,ADDED,"Stirtz, Bennett | 1 - FULL SEASON | 4717320.0 | 4953240.0 | 5189400.0 | 7960539.600000001 |  |  | 22820499.6"
2026-07-05 17:15:57,OKC,REMOVED,"Stirtz, Bennett | 1 - FULL SEASON | 4717320.0 | 4953240.0 | 5189400.0 | 7960539.600000001 |  |  | 22820499.6"
2026-07-05 17:15:57,OKC,REMOVED,"TEAM SALARY (Art, I §1 (nnn)): |  | 281472026 | 177399006.1 | 145702219 | 119015818.1 | 108874260 | 0 | 832463329.2"
2026-07-05 17:15:57,OKC,ADDED, |  |  |  |  |  |  |  | 0
2026-07-05 17:15:57,OKC,ADDED,"TEAM SALARY (Art, I §1 (nnn)): |  | 277049426 | 170614737.7 | 145702219 | 119015818.1 | 108874260 | 0 | 821256460.8"
2026-07-05 17:15:57,OKC,REMOVED,Players Under Contract |  | 228627210 | 177399006.1 | 145702219 | 119015818.1 | 108874260 | 0 | BOLD = Option Year
2026-07-05 17:15:57,OKC,REMOVED,"Full Season Contracts |  | 228627210 | 177399006.1 | 145702219 | 119015818.1 | 108874260 | 0 | *=Projected Exten,,"
2026-07-05 17:15:57,OKC,ADDED,Players Under Contract |  | 224204610 | 170614737.7 | 145702219 | 119015818.1 | 108874260 | 0 | BOLD = Option Year
2026-07-05 17:15:57,OKC,ADDED,"Full Season Contracts |  | 224204610 | 170614737.7 | 145702219 | 119015818.1 | 108874260 | 0 | *=Projected Exten,,"
2026-07-05 17:15:57,OKC,REMOVED,"Avg, Salary (Mean) (ALL Compensation Obligations) |  |  | Players Under Contract |  | 16"
2026-07-05 17:15:57,OKC,ADDED,"Avg, Salary (Mean) (ALL Compensation Obligations) |  |  | Players Under Contract |  | 15"
2026-07-05 17:15:57,Luxury Tax Calculator,REMOVED,Luxury Tax | 0 | 0 | 0 | 0 | 0 | 0 | 0 | 23501723 | 0 | 0 | 0 | 10706857.6 | 0 | 0 | 0 | 0 | 0 | 2536082 | 435790.92 | 13065628 | 40732210 | 29970320.04 | 0 | 702276.5238 | 6712130.274 | 26574062 | 0 | 4133098.14 | 0 | 0
2026-07-05 17:15:57,Luxury Tax Calculator,ADDED,Luxury Tax | 0 | 0 | 0 | 0 | 0 | 0 | 0 | 23501723 | 0 | 0 | 0 | 10706857.6 | 0 | 0 | 0 | 0 | 0 | 2536082 | 435790.92 | 13065628 | 36309610 | 29970320.04 | 0 | 702276.5238 | 6712130.274 | 26574062 | 0 | 4133098.14 | 0 | 0
2026-07-05 17:15:57,Luxury Tax Calculator,REMOVED,7th Incremental Tax Bracket | 0 | 0 | 0 | 0 | 0 | 0 | 0 | 0 | 0 | 0 | 0 | 0 | 0 | 0 | 0 | 0 | 0 | 0 | 0 | 0 | 35531250 | 0 | 0 | 0 | 0 | 0 | 0 | 0 | 0 | 0
2026-07-05 17:15:57,Luxury Tax Calculator,REMOVED,8th Incremental Tax Bracket | 0 | 0 | 0 | 0 | 0 | 0 | 0 | 0 | 0 | 0 | 0 | 0 | 0 | 0 | 0 | 0 | 0 | 0 | 0 | 0 | 6326167.5 | 0 | 0 | 0 | 0 | 0 | 0 | 0 | 0 | 0
2026-07-05 17:15:57,Luxury Tax Calculator,ADDED,7th Incremental Tax Bracket | 0 | 0 | 0 | 0 | 0 | 0 | 0 | 0 | 0 | 0 | 0 | 0 | 0 | 0 | 0 | 0 | 0 | 0 | 0 | 0 | 13747562.5 | 0 | 0 | 0 | 0 | 0 | 0 | 0 | 0 | 0
2026-07-05 17:15:57,Luxury Tax Calculator,ADDED,8th Incremental Tax Bracket | 0 | 0 | 0 | 0 | 0 | 0 | 0 | 0 | 0 | 0 | 0 | 0 | 0 | 0 | 0 | 0 | 0 | 0 | 0 | 0 | 0 | 0 | 0 | 0 | 0 | 0 | 0 | 0 | 0 | 0
2026-07-05 17:15:57,Luxury Tax Calculator,REMOVED,Tax Liability | 0 | 0 | 0 | 0 | 0 | 0 | 0 | 110694991.8 | 0 | 0 | 0 | 11962322 | 0 | 0 | 0 | 0 | 0 | 2536082 | 435790.92 | 18725948 | 164084917.5 | 98424340.23 | 0 | 2106829.571 | 6968912.843 | 79821325.5 | 0 | 4133098.14 | 0 | 0
2026-07-05 17:15:57,Luxury Tax Calculator,ADDED,Tax Liability | 0 | 0 | 0 | 0 | 0 | 0 | 0 | 110694991.8 | 0 | 0 | 0 | 11962322 | 0 | 0 | 0 | 0 | 0 | 2536082 | 435790.92 | 18725948 | 135975062.5 | 98424340.23 | 0 | 2106829.571 | 6968912.843 | 79821325.5 | 0 | 4133098.14 | 0 | 0
2026-07-05 17:28:00,PHL,ADDED,Philon Jr. Labaron | 1 - FULL SEASON | 3597120.0 | 3776760.0 | 3956760.0 | 6508870.2 |  |  | 17839510.2
2026-07-05 17:28:00,PHL,REMOVED,Philon Jr. Labaron | 6 - DRAFT PICK | 3597120.0 | 3776760.0 | 3956760.0 | 6508870.2 |  |  | 17839510.2
2026-07-05 17:28:00,PHL,REMOVED,Players Under Contract |  | 179988888.3 | 182643052.5 | 131839088.7 | 0 | 0 | 0 | BOLD = Option Year
2026-07-05 17:28:00,PHL,REMOVED,"Full Season Contracts |  | 179988888.3 | 182643052.5 | 131839088.7 | 0 | 0 | 0 | *=Projected Exten,,"
2026-07-05 17:28:00,PHL,ADDED,Players Under Contract |  | 183586008.3 | 186419812.5 | 135795848.7 | 6508870.2 | 0 | 0 | BOLD = Option Year
2026-07-05 17:28:00,PHL,ADDED,"Full Season Contracts |  | 183586008.3 | 186419812.5 | 135795848.7 | 6508870.2 | 0 | 0 | *=Projected Exten,,"
2026-07-05 17:28:00,PHL,REMOVED,Draft Picks |  | 3597120 | 3776760 | 3956760 | 6508870.2 | 0 | 0
2026-07-05 17:28:00,PHL,ADDED,Draft Picks |  | 0 | 0 | 0 | 0 | 0 | 0
2026-07-05 17:28:00,PHL,REMOVED,"Avg, Salary (Mean) (ALL Compensation Obligations) |  |  | Players Under Contract |  | 10"
2026-07-05 17:28:00,PHL,REMOVED,"Avg, Salary (Mean) (No 10-Day K's) |  |  | Avaiable Spots |  | 5"
2026-07-05 17:28:00,PHL,REMOVED,"Avg, Salary (Mean) (No 10-Day K's & ROS) |  |  | Players to Reach Roster Min, |  | 3"
2026-07-05 17:28:00,PHL,ADDED,"Avg, Salary (Mean) (ALL Compensation Obligations) |  |  | Players Under Contract |  | 11"
2026-07-05 17:28:00,PHL,ADDED,"Avg, Salary (Mean) (No 10-Day K's) |  |  | Avaiable Spots |  | 4"
2026-07-05 17:28:00,PHL,ADDED,"Avg, Salary (Mean) (No 10-Day K's & ROS) |  |  | Players to Reach Roster Min, |  | 2"
2026-07-05 17:41:58,LAL,ADDED,"Carr, Cameron | 1 - FULL SEASON | 3315360.0 | 3481080.0 | 3646800.0 | 6378253.2 |  |  | 16821493.2"
2026-07-05 17:41:58,LAL,REMOVED,"Carr, Cameron | 6 - DRAFT PICK | 3315360.0 | 3481080.0 | 3646800.0 | 6378253.2 |  |  | 16821493.2"
2026-07-05 17:41:58,LAL,REMOVED,Players Under Contract |  | 86214439 | 79867756.88 | 59198976 | 0 | 0 | 0 | BOLD = Option Year
2026-07-05 17:41:58,LAL,REMOVED,"Full Season Contracts |  | 86214439 | 79867756.88 | 59198976 | 0 | 0 | 0 | *=Projected Exten,,"
2026-07-05 17:41:58,LAL,ADDED,Players Under Contract |  | 89529799 | 83348836.88 | 62845776 | 6378253.2 | 0 | 0 | BOLD = Option Year
2026-07-05 17:41:58,LAL,ADDED,"Full Season Contracts |  | 89529799 | 83348836.88 | 62845776 | 6378253.2 | 0 | 0 | *=Projected Exten,,"
2026-07-05 17:41:58,LAL,REMOVED,Draft Picks |  | 3315360 | 3481080 | 3646800 | 6378253.2 | 0 | 0
2026-07-05 17:41:58,LAL,ADDED,Draft Picks |  | 0 | 0 | 0 | 0 | 0 | 0
2026-07-05 17:41:58,LAL,REMOVED,"Avg, Salary (Mean) (ALL Compensation Obligations) |  |  | Players Under Contract |  | 7"
2026-07-05 17:41:58,LAL,REMOVED,"Avg, Salary (Mean) (No 10-Day K's) |  |  | Avaiable Spots |  | 8"
2026-07-05 17:41:58,LAL,REMOVED,"Avg, Salary (Mean) (No 10-Day K's & ROS) |  |  | Players to Reach Roster Min, |  | 6"
2026-07-05 17:41:58,LAL,ADDED,"Avg, Salary (Mean) (ALL Compensation Obligations) |  |  | Players Under Contract |  | 8"
2026-07-05 17:41:58,LAL,ADDED,"Avg, Salary (Mean) (No 10-Day K's) |  |  | Avaiable Spots |  | 7"
2026-07-05 17:41:58,LAL,ADDED,"Avg, Salary (Mean) (No 10-Day K's & ROS) |  |  | Players to Reach Roster Min, |  | 5"
2026-07-05 17:44:59,BOS,ADDED,"Cenac Jr., Chris | 1 - FULL SEASON | 2988120.0 | 3137640.0 | 3287400.0 | 5930469.600000001 |  |  | 15343629.6"
2026-07-05 17:44:59,BOS,REMOVED,"Cenac Jr., Chris | 6 - DRAFT PICK | 2988120.0 | 3137640.0 | 3287400.0 | 5930469.600000001 |  |  | 15343629.6"
2026-07-05 17:44:59,BOS,REMOVED,Players Under Contract |  | 180843807 | 184368862.2 | 184895875 | 71446914 | 0 | 0 | BOLD = Option Year
2026-07-05 17:44:59,BOS,REMOVED,"Full Season Contracts |  | 180843807 | 184368862.2 | 184895875 | 71446914 | 0 | 0 | *=Projected Exten,,"
2026-07-05 17:44:59,BOS,ADDED,Players Under Contract |  | 183831927 | 187506502.2 | 188183275 | 77377383.6 | 0 | 0 | BOLD = Option Year
2026-07-05 17:44:59,BOS,ADDED,"Full Season Contracts |  | 183831927 | 187506502.2 | 188183275 | 77377383.6 | 0 | 0 | *=Projected Exten,,"
2026-07-05 17:44:59,BOS,REMOVED,Draft Picks |  | 2988120 | 3137640 | 3287400 | 5930469.6 | 0 | 0
2026-07-05 17:44:59,BOS,ADDED,Draft Picks |  | 0 | 0 | 0 | 0 | 0 | 0
2026-07-05 17:44:59,BOS,REMOVED,"Avg, Salary (Mean) (ALL Compensation Obligations) |  |  | Players Under Contract |  | 11"
2026-07-05 17:44:59,BOS,REMOVED,"Avg, Salary (Mean) (No 10-Day K's) |  |  | Avaiable Spots |  | 4"
2026-07-05 17:44:59,BOS,REMOVED,"Avg, Salary (Mean) (No 10-Day K's & ROS) |  |  | Players to Reach Roster Min, |  | 2"
2026-07-05 17:44:59,BOS,ADDED,"Avg, Salary (Mean) (ALL Compensation Obligations) |  |  | Players Under Contract |  | 12"
2026-07-05 17:44:59,BOS,ADDED,"Avg, Salary (Mean) (No 10-Day K's) |  |  | Avaiable Spots |  | 3"
2026-07-05 17:44:59,BOS,ADDED,"Avg, Salary (Mean) (No 10-Day K's & ROS) |  |  | Players to Reach Roster Min, |  | 1"
2026-07-05 17:47:57,SAN,ADDED,"Quaintance, Jayden | 1 - FULL SEASON | 3902760.0 | 4097880.0 | 4292880.0 | 6619620.96 |  |  | 18913140.96"
2026-07-05 17:47:57,SAN,ADDED,"Reed, Tarris | 1 - FULL SEASON | 3076920.0 | 3230520.0 | 3384480.0 | 6102217.4399999995 |  |  | 15794137.44"
2026-07-05 17:47:57,SAN,REMOVED,"Quaintance, Jayden | 6 - DRAFT PICK | 3902760.0 | 4097880.0 | 4292880.0 | 6619620.96 |  |  | 18913140.96"
2026-07-05 17:47:57,SAN,REMOVED,"Reed, Tarris | 6 - DRAFT PICK | 3076920.0 | 3230520.0 | 3384480.0 | 6102217.4399999995 |  |  | 15794137.44"
2026-07-05 17:47:57,SAN,ADDED,"Quaintance, Jayden | 1 - FULL SEASON | 3902760.0 | 4097880.0 | 4292880.0 | 6619620.96 |  |  | 18913140.96"
2026-07-05 17:47:57,SAN,ADDED,"Reed, Tarris | 1 - FULL SEASON | 3076920.0 | 3230520.0 | 3384480.0 | 6102217.4399999995 |  |  | 15794137.44"
2026-07-05 17:47:57,SAN,REMOVED, |  |  |  |  |  |  |  | 0
2026-07-05 17:47:57,SAN,REMOVED, |  |  |  |  |  |  |  | 0
2026-07-05 17:47:57,SAN,REMOVED,"TEAM SALARY (Art, I §1 (nnn)): |  | 236629961.5 | 142452998.8 | 141740319 | 74087330.4 | 0 | 0 | 594910609.7"
2026-07-05 17:47:57,SAN,ADDED,"TEAM SALARY (Art, I §1 (nnn)): |  | 243609641.5 | 149781398.8 | 149417679 | 86809168.8 | 0 | 0 | 629617888.1"
2026-07-05 17:47:57,SAN,REMOVED,Players Under Contract |  | 165806865.7 | 135124598.8 | 134062959 | 61365492 | 0 | 0 | BOLD = Option Year
2026-07-05 17:47:57,SAN,REMOVED,"Full Season Contracts |  | 165806865.7 | 135124598.8 | 134062959 | 61365492 | 0 | 0 | *=Projected Exten,,"
2026-07-05 17:47:57,SAN,ADDED,Players Under Contract |  | 179766225.7 | 149781398.8 | 149417679 | 86809168.8 | 0 | 0 | BOLD = Option Year
2026-07-05 17:47:57,SAN,ADDED,"Full Season Contracts |  | 179766225.7 | 149781398.8 | 149417679 | 86809168.8 | 0 | 0 | *=Projected Exten,,"
2026-07-05 17:47:57,SAN,REMOVED,Draft Picks |  | 6979680 | 7328400 | 7677360 | 12721838.4 | 0 | 0
2026-07-05 17:47:57,SAN,ADDED,Draft Picks |  | 0 | 0 | 0 | 0 | 0 | 0
2026-07-05 17:47:57,SAN,REMOVED,"Avg, Salary (Mean) (ALL Compensation Obligations) |  |  | Players Under Contract |  | 9"
2026-07-05 17:47:57,SAN,REMOVED,"Avg, Salary (Mean) (No 10-Day K's) |  |  | Avaiable Spots |  | 6"
2026-07-05 17:47:57,SAN,REMOVED,"Avg, Salary (Mean) (No 10-Day K's & ROS) |  |  | Players to Reach Roster Min, |  | 4"
2026-07-05 17:47:57,SAN,ADDED,"Avg, Salary (Mean) (ALL Compensation Obligations) |  |  | Players Under Contract |  | 13"
2026-07-05 17:47:57,SAN,ADDED,"Avg, Salary (Mean) (No 10-Day K's) |  |  | Avaiable Spots |  | 2"
2026-07-05 17:47:57,SAN,ADDED,"Avg, Salary (Mean) (No 10-Day K's & ROS) |  |  | Players to Reach Roster Min, |  | 0"
2026-07-05 17:48:57,SAN,REMOVED,"Quaintance, Jayden | 1 - FULL SEASON | 3902760.0 | 4097880.0 | 4292880.0 | 6619620.96 |  |  | 18913140.96"
2026-07-05 17:48:57,SAN,REMOVED,"Reed, Tarris | 1 - FULL SEASON | 3076920.0 | 3230520.0 | 3384480.0 | 6102217.4399999995 |  |  | 15794137.44"
2026-07-05 17:48:57,SAN,REMOVED,"TEAM SALARY (Art, I §1 (nnn)): |  | 243609641.5 | 149781398.8 | 149417679 | 86809168.8 | 0 | 0 | 629617888.1"
2026-07-05 17:48:57,SAN,ADDED, |  |  |  |  |  |  |  | 0
2026-07-05 17:48:57,SAN,ADDED, |  |  |  |  |  |  |  | 0
2026-07-05 17:48:57,SAN,ADDED,"TEAM SALARY (Art, I §1 (nnn)): |  | 236629961.5 | 142452998.8 | 141740319 | 74087330.4 | 0 | 0 | 594910609.7"
2026-07-05 17:48:57,SAN,REMOVED,Players Under Contract |  | 179766225.7 | 149781398.8 | 149417679 | 86809168.8 | 0 | 0 | BOLD = Option Year
2026-07-05 17:48:57,SAN,REMOVED,"Full Season Contracts |  | 179766225.7 | 149781398.8 | 149417679 | 86809168.8 | 0 | 0 | *=Projected Exten,,"
2026-07-05 17:48:57,SAN,ADDED,Players Under Contract |  | 172786545.7 | 142452998.8 | 141740319 | 74087330.4 | 0 | 0 | BOLD = Option Year
2026-07-05 17:48:57,SAN,ADDED,"Full Season Contracts |  | 172786545.7 | 142452998.8 | 141740319 | 74087330.4 | 0 | 0 | *=Projected Exten,,"
2026-07-05 17:48:57,SAN,REMOVED,"Avg, Salary (Mean) (ALL Compensation Obligations) |  |  | Players Under Contract |  | 13"
2026-07-05 17:48:57,SAN,REMOVED,"Avg, Salary (Mean) (No 10-Day K's) |  |  | Avaiable Spots |  | 2"
2026-07-05 17:48:57,SAN,REMOVED,"Avg, Salary (Mean) (No 10-Day K's & ROS) |  |  | Players to Reach Roster Min, |  | 0"
2026-07-05 17:48:57,SAN,ADDED,"Avg, Salary (Mean) (ALL Compensation Obligations) |  |  | Players Under Contract |  | 11"
2026-07-05 17:48:57,SAN,ADDED,"Avg, Salary (Mean) (No 10-Day K's) |  |  | Avaiable Spots |  | 4"
2026-07-05 17:48:57,SAN,ADDED,"Avg, Salary (Mean) (No 10-Day K's & ROS) |  |  | Players to Reach Roster Min, |  | 2"
2026-07-05 18:12:35,TOR,ADDED,"Martin, Alijah | 1 - FULL SEASON | 2185116.0 | 2571895.0 |  |  |  |  | 4757011"
2026-07-05 18:12:35,TOR,REMOVED, |  |  |  |  |  |  |  | 0
2026-07-05 18:12:35,TOR,REMOVED,"TEAM SALARY (Art, I §1 (nnn)): |  | 209975203.1 | 163657443.8 | 123271894 | 85221375.6 | 0 | 0 | 582125916.5"
2026-07-05 18:12:35,TOR,ADDED,"TEAM SALARY (Art, I §1 (nnn)): |  | 212160319.1 | 166229338.8 | 123271894 | 85221375.6 | 0 | 0 | 586882927.5"
2026-07-05 18:12:35,TOR,REMOVED,Players Under Contract |  | 192028098.1 | 163657443.8 | 123271894 | 85221375.6 | 0 | 0 | BOLD = Option Year
2026-07-05 18:12:35,TOR,REMOVED,"Full Season Contracts |  | 192028098.1 | 163657443.8 | 123271894 | 85221375.6 | 0 | 0 | *=Projected Exten,,"
2026-07-05 18:12:35,TOR,ADDED,Players Under Contract |  | 194213214.1 | 166229338.8 | 123271894 | 85221375.6 | 0 | 0 | BOLD = Option Year
2026-07-05 18:12:35,TOR,ADDED,"Full Season Contracts |  | 194213214.1 | 166229338.8 | 123271894 | 85221375.6 | 0 | 0 | *=Projected Exten,,"
2026-07-05 18:12:35,TOR,REMOVED,"Avg, Salary (Mean) (ALL Compensation Obligations) |  |  | Players Under Contract |  | 12"
2026-07-05 18:12:35,TOR,REMOVED,"Avg, Salary (Mean) (No 10-Day K's) |  |  | Avaiable Spots |  | 3"
2026-07-05 18:12:35,TOR,REMOVED,"Avg, Salary (Mean) (No 10-Day K's & ROS) |  |  | Players to Reach Roster Min, |  | 1"
2026-07-05 18:12:35,TOR,ADDED,"Avg, Salary (Mean) (ALL Compensation Obligations) |  |  | Players Under Contract |  | 13"
2026-07-05 18:12:35,TOR,ADDED,"Avg, Salary (Mean) (No 10-Day K's) |  |  | Avaiable Spots |  | 2"
2026-07-05 18:12:35,TOR,ADDED,"Avg, Salary (Mean) (No 10-Day K's & ROS) |  |  | Players to Reach Roster Min, |  | 0"
2026-07-05 18:12:35,Luxury Tax Calculator,REMOVED,Luxury Tax | 0 | 0 | 0 | 0 | 0 | 0 | 0 | 23501723 | 0 | 0 | 0 | 10706857.6 | 0 | 0 | 0 | 0 | 0 | 2536082 | 435790.92 | 13065628 | 36309610 | 29970320.04 | 0 | 702276.5238 | 6712130.274 | 26574062 | 0 | 4133098.14 | 0 | 0
2026-07-05 18:12:35,Luxury Tax Calculator,REMOVED,1st Incremental Tax Bracket | 0 | 0 | 0 | 0 | 0 | 0 | 0 | 17055000 | 0 | 0 | 0 | 5685000 | 0 | 0 | 0 | 0 | 0 | 2536082 | 435790.92 | 5685000 | 5685000 | 5685000 | 0 | 2106829.571 | 5685000 | 5685000 | 0 | 4133098.14 | 0 | 0
2026-07-05 18:12:35,Luxury Tax Calculator,REMOVED,2nd Incremental Tax Bracket | 0 | 0 | 0 | 0 | 0 | 0 | 0 | 18476250 | 0 | 0 | 0 | 6277322 | 0 | 0 | 0 | 0 | 0 | 0 | 0 | 7106250 | 7106250 | 7106250 | 0 | 0 | 1283912.843 | 7106250 | 0 | 0 | 0 | 0
2026-07-05 18:12:35,Luxury Tax Calculator,ADDED,Luxury Tax | 0 | 0 | 0 | 0 | 0 | 0 | 0 | 23501723 | 0 | 0 | 0 | 10706857.6 | 0 | 0 | 0 | 0 | 0 | 2536082 | 435790.92 | 13065628 | 36309610 | 29970320.04 | 0 | 702276.5238 | 6712130.274 | 26574062 | 0 | 6318214.14 | 0 | 0
2026-07-05 18:12:35,Luxury Tax Calculator,ADDED,1st Incremental Tax Bracket | 0 | 0 | 0 | 0 | 0 | 0 | 0 | 17055000 | 0 | 0 | 0 | 5685000 | 0 | 0 | 0 | 0 | 0 | 2536082 | 435790.92 | 5685000 | 5685000 | 5685000 | 0 | 2106829.571 | 5685000 | 5685000 | 0 | 5685000 | 0 | 0
2026-07-05 18:12:35,Luxury Tax Calculator,ADDED,2nd Incremental Tax Bracket | 0 | 0 | 0 | 0 | 0 | 0 | 0 | 18476250 | 0 | 0 | 0 | 6277322 | 0 | 0 | 0 | 0 | 0 | 0 | 0 | 7106250 | 7106250 | 7106250 | 0 | 0 | 1283912.843 | 7106250 | 0 | 791517.675 | 0 | 0
2026-07-05 18:12:35,Luxury Tax Calculator,REMOVED,Tax Liability | 0 | 0 | 0 | 0 | 0 | 0 | 0 | 110694991.8 | 0 | 0 | 0 | 11962322 | 0 | 0 | 0 | 0 | 0 | 2536082 | 435790.92 | 18725948 | 135975062.5 | 98424340.23 | 0 | 2106829.571 | 6968912.843 | 79821325.5 | 0 | 4133098.14 | 0 | 0
2026-07-05 18:12:35,Luxury Tax Calculator,ADDED,Tax Liability | 0 | 0 | 0 | 0 | 0 | 0 | 0 | 110694991.8 | 0 | 0 | 0 | 11962322 | 0 | 0 | 0 | 0 | 0 | 2536082 | 435790.92 | 18725948 | 135975062.5 | 98424340.23 | 0 | 2106829.571 | 6968912.843 | 79821325.5 | 0 | 6476517.675 | 0 | 0
2026-07-06 12:23:59,MIL,REMOVED,"Burries, Brayden | 6 - DRAFT PICK | 6417360.0 | 6738000.0 | 7058520.0 | 8999613.0 |  |  | 29213493"
2026-07-06 12:23:59,MIL,ADDED,"Burries, Brayden | 1 - FULL SEASON | 6417360.0 | 6738000.0 | 7058520.0 | 8999613.0 |  |  | 29213493"
2026-07-06 12:23:59,MIL,REMOVED,Players Under Contract |  | 151278470.6 | 123376418 | 43462139 | 15373507 | 0 | 0 | BOLD = Option Year
2026-07-06 12:23:59,MIL,REMOVED,"Full Season Contracts |  | 151278470.6 | 123376418 | 43462139 | 15373507 | 0 | 0 | *=Projected Exten,,"
2026-07-06 12:23:59,MIL,ADDED,Players Under Contract |  | 157695830.6 | 130114418 | 50520659 | 24373120 | 0 | 0 | BOLD = Option Year
2026-07-06 12:23:59,MIL,ADDED,"Full Season Contracts |  | 157695830.6 | 130114418 | 50520659 | 24373120 | 0 | 0 | *=Projected Exten,,"
2026-07-06 12:23:59,MIL,REMOVED,Draft Picks |  | 11919360 | 12515280 | 13110720 | 17648206.8 | 0 | 0
2026-07-06 12:23:59,MIL,ADDED,Draft Picks |  | 5502000 | 5777280 | 6052200 | 8648593.8 | 0 | 0
2026-07-06 12:23:59,MIL,REMOVED,"Avg, Salary (Mean) (ALL Compensation Obligations) |  |  | Players Under Contract |  | 11"
2026-07-06 12:23:59,MIL,REMOVED,"Avg, Salary (Mean) (No 10-Day K's) |  |  | Avaiable Spots |  | 4"
2026-07-06 12:23:59,MIL,REMOVED,"Avg, Salary (Mean) (No 10-Day K's & ROS) |  |  | Players to Reach Roster Min, |  | 2"
2026-07-06 12:23:59,MIL,ADDED,"Avg, Salary (Mean) (ALL Compensation Obligations) |  |  | Players Under Contract |  | 12"
2026-07-06 12:23:59,MIL,ADDED,"Avg, Salary (Mean) (No 10-Day K's) |  |  | Avaiable Spots |  | 3"
2026-07-06 12:23:59,MIL,ADDED,"Avg, Salary (Mean) (No 10-Day K's & ROS) |  |  | Players to Reach Roster Min, |  | 1"
2026-07-06 12:24:57,MIL,ADDED,"Burries, Brayden | 1 - FULL SEASON | 6417360.0 | 6738000.0 | 7058520.0 | 8999613.0 |  |  | 29213493"
2026-07-06 12:24:57,MIL,REMOVED,"Burries, Brayden | 1 - FULL SEASON | 6417360.0 | 6738000.0 | 7058520.0 | 8999613.0 |  |  | 29213493"
2026-07-06 12:30:58,CHA,REMOVED,"Steinbach, Hannes | 6 - DRAFT PICK | 5227200.0 | 5488560.0 | 5750160.0 | 8515986.959999999 |  |  | 24981906.96"
2026-07-06 12:30:58,CHA,REMOVED,"Anderson, Christian | 6 - DRAFT PICK | 4257480.0 | 4470000.0 | 4683120.0 | 7202638.5600000005 |  |  | 20613238.56"
2026-07-06 12:30:58,CHA,ADDED,"Steinbach, Hannes | 1 - FULL SEASON | 5227200.0 | 5488560.0 | 5750160.0 | 8515986.959999999 |  |  | 24981906.96"
2026-07-06 12:30:58,CHA,ADDED,"Anderson, Christian | 1 - FULL SEASON | 4257480.0 | 4470000.0 | 4683120.0 | 7202638.5600000005 |  |  | 20613238.56"
2026-07-06 12:30:58,CHA,REMOVED,Players Under Contract |  | 148402017.6 | 81137593.84 | 71290427 | 0 | 0 | 0 | BOLD = Option Year
2026-07-06 12:30:58,CHA,REMOVED,"Full Season Contracts |  | 148402017.6 | 81137593.84 | 71290427 | 0 | 0 | 0 | *=Projected Exten,,"
2026-07-06 12:30:58,CHA,ADDED,Players Under Contract |  | 157886697.6 | 91096153.84 | 81723707 | 15718625.52 | 0 | 0 | BOLD = Option Year
2026-07-06 12:30:58,CHA,ADDED,"Full Season Contracts |  | 157886697.6 | 91096153.84 | 81723707 | 15718625.52 | 0 | 0 | *=Projected Exten,,"
2026-07-06 12:30:58,CHA,REMOVED,Draft Picks |  | 9484680 | 9958560 | 10433280 | 15718625.52 | 0 | 0
2026-07-06 12:30:58,CHA,ADDED,Draft Picks |  | 0 | 0 | 0 | 0 | 0 | 0
2026-07-06 12:30:58,CHA,REMOVED,"Avg, Salary (Mean) (ALL Compensation Obligations) |  |  | Players Under Contract |  | 13"
2026-07-06 12:30:58,CHA,REMOVED,"Avg, Salary (Mean) (No 10-Day K's) |  |  | Avaiable Spots |  | 2"
2026-07-06 12:30:58,CHA,ADDED,"Avg, Salary (Mean) (ALL Compensation Obligations) |  |  | Players Under Contract |  | 15"
2026-07-06 12:30:58,CHA,ADDED,"Avg, Salary (Mean) (No 10-Day K's) |  |  | Avaiable Spots |  | 0"
2026-07-06 12:31:58,CHA,ADDED,"Steinbach, Hannes | 1 - FULL SEASON | 5227200.0 | 5488560.0 | 5750160.0 | 8515986.959999999 |  |  | 24981906.96"
2026-07-06 12:31:58,CHA,ADDED,"Anderson, Christian | 1 - FULL SEASON | 4257480.0 | 4470000.0 | 4683120.0 | 7202638.5600000005 |  |  | 20613238.56"
2026-07-06 12:31:58,CHA,REMOVED,"Steinbach, Hannes | 1 - FULL SEASON | 5227200.0 | 5488560.0 | 5750160.0 | 8515986.959999999 |  |  | 24981906.96"
2026-07-06 12:31:58,CHA,REMOVED,"Anderson, Christian | 1 - FULL SEASON | 4257480.0 | 4470000.0 | 4683120.0 | 7202638.5600000005 |  |  | 20613238.56"
2026-07-06 12:36:58,DET,REMOVED,"Okorie, Ebuka | 6 - DRAFT PICK | 4481280.0 | 4705440.0 | 4929360.0 | 7571496.96 |  |  | 21687576.96"
2026-07-06 12:36:58,DET,ADDED,"Okorie, Ebuka | 1 - FULL SEASON | 4481280.0 | 4705440.0 | 4929360.0 | 7571496.96 |  |  | 21687576.96"
2026-07-06 12:36:58,DET,REMOVED,Players Under Contract |  | 135458988.7 | 97985462.2 | 60264382 | 61240212 | 0 | 0 | BOLD = Option Year
2026-07-06 12:36:58,DET,REMOVED,"Full Season Contracts |  | 135458988.7 | 97985462.2 | 60264382 | 61240212 | 0 | 0 | *=Projected Exten,,"
2026-07-06 12:36:58,DET,ADDED,Players Under Contract |  | 139940268.7 | 102690902.2 | 65193742 | 68811708.96 | 0 | 0 | BOLD = Option Year
2026-07-06 12:36:58,DET,ADDED,"Full Season Contracts |  | 139940268.7 | 102690902.2 | 65193742 | 68811708.96 | 0 | 0 | *=Projected Exten,,"
2026-07-06 12:36:58,DET,REMOVED,Draft Picks |  | 4481280 | 4705440 | 4929360 | 7571496.96 | 0 | 0
2026-07-06 12:36:58,DET,ADDED,Draft Picks |  | 0 | 0 | 0 | 0 | 0 | 0
2026-07-06 12:36:58,DET,REMOVED,"Avg, Salary (Mean) (ALL Compensation Obligations) |  |  | Players Under Contract |  | 11"
2026-07-06 12:36:58,DET,REMOVED,"Avg, Salary (Mean) (No 10-Day K's) |  |  | Avaiable Spots |  | 4"
2026-07-06 12:36:58,DET,REMOVED,"Avg, Salary (Mean) (No 10-Day K's & ROS) |  |  | Players to Reach Roster Min, |  | 2"
2026-07-06 12:36:58,DET,ADDED,"Avg, Salary (Mean) (ALL Compensation Obligations) |  |  | Players Under Contract |  | 12"
2026-07-06 12:36:58,DET,ADDED,"Avg, Salary (Mean) (No 10-Day K's) |  |  | Avaiable Spots |  | 3"
2026-07-06 12:36:58,DET,ADDED,"Avg, Salary (Mean) (No 10-Day K's & ROS) |  |  | Players to Reach Roster Min, |  | 1"
2026-07-06 12:37:59,DET,ADDED,"Okorie, Ebuka | 1 - FULL SEASON | 4481280.0 | 4705440.0 | 4929360.0 | 7571496.96 |  |  | 21687576.96"
2026-07-06 12:37:59,DET,REMOVED,"Okorie, Ebuka | 1 - FULL SEASON | 4481280.0 | 4705440.0 | 4929360.0 | 7571496.96 |  |  | 21687576.96"
2026-07-06 12:42:57,MIL,ADDED,"Herro, Tyler | 1 - FULL SEASON | 33000000.0 |  |  |  |  |  | 33000000"
2026-07-06 12:42:57,MIL,ADDED,"Jaquez, Jaime | 1 - FULL SEASON | 5939140.8 |  |  |  |  |  | 5939140.8"
2026-07-06 12:42:57,MIL,ADDED,"Ware, Kel'el | 1 - FULL SEASON | 4654920.0 | 7135992.359999999 |  |  |  |  | 11790912.36"
2026-07-06 12:42:57,MIL,ADDED,"Jakucionis, Kasparas | 1 - FULL SEASON | 3841680.0 | 4024440.0 | 6205686.0 |  |  |  | 14071806"
2026-07-06 12:42:57,MIL,REMOVED, |  |  |  |  |  |  |  | 0
2026-07-06 12:42:57,MIL,REMOVED, |  |  |  |  |  |  |  | 0
2026-07-06 12:42:57,MIL,REMOVED, |  |  |  |  |  |  |  | 0
2026-07-06 12:42:57,MIL,REMOVED, |  |  |  |  |  |  |  | 0
2026-07-06 12:42:57,MIL,REMOVED,"TEAM SALARY (Art, I §1 (nnn)): |  | 213742009.7 | 159074967.9 | 79089462.2 | 55538317 | 0 | 0 | 507444756.7"
2026-07-06 12:42:57,MIL,ADDED,"TEAM SALARY (Art, I §1 (nnn)): |  | 261177750.5 | 170235400.2 | 85295148.2 | 55538317 | 0 | 0 | 572246615.9"
2026-07-06 12:42:57,MIL,REMOVED,Players Under Contract |  | 157695830.6 | 130114418 | 50520659 | 24373120 | 0 | 0 | BOLD = Option Year
2026-07-06 12:42:57,MIL,REMOVED,"Full Season Contracts |  | 157695830.6 | 130114418 | 50520659 | 24373120 | 0 | 0 | *=Projected Exten,,"
2026-07-06 12:42:57,MIL,ADDED,Players Under Contract |  | 205131571.4 | 141274850.4 | 56726345 | 24373120 | 0 | 0 | BOLD = Option Year
2026-07-06 12:42:57,MIL,ADDED,"Full Season Contracts |  | 205131571.4 | 141274850.4 | 56726345 | 24373120 | 0 | 0 | *=Projected Exten,,"
2026-07-06 12:42:57,MIL,REMOVED,"Avg, Salary (Mean) (ALL Compensation Obligations) |  |  | Players Under Contract |  | 12"
2026-07-06 12:42:57,MIL,REMOVED,"Avg, Salary (Mean) (No 10-Day K's) |  |  | Avaiable Spots |  | 3"
2026-07-06 12:42:57,MIL,REMOVED,"Avg, Salary (Mean) (No 10-Day K's & ROS) |  |  | Players to Reach Roster Min, |  | 1"
2026-07-06 12:42:57,MIL,ADDED,"Avg, Salary (Mean) (ALL Compensation Obligations) |  |  | Players Under Contract |  | 16"
2026-07-06 12:42:57,MIL,ADDED,"Avg, Salary (Mean) (No 10-Day K's) |  |  | Avaiable Spots |  | 0"
2026-07-06 12:42:57,MIL,ADDED,"Avg, Salary (Mean) (No 10-Day K's & ROS) |  |  | Players to Reach Roster Min, |  | 0"
2026-07-06 12:42:57,Luxury Tax Calculator,REMOVED,Luxury Tax | 0 | 0 | 0 | 0 | 0 | 0 | 0 | 23501723 | 0 | 0 | 0 | 10706857.6 | 0 | 0 | 0 | 0 | 0 | 2536082 | 435790.92 | 13065628 | 36309610 | 29970320.04 | 0 | 702276.5238 | 6712130.274 | 26574062 | 0 | 6318214.14 | 0 | 0
2026-07-06 12:42:57,Luxury Tax Calculator,REMOVED,1st Incremental Tax Bracket | 0 | 0 | 0 | 0 | 0 | 0 | 0 | 17055000 | 0 | 0 | 0 | 5685000 | 0 | 0 | 0 | 0 | 0 | 2536082 | 435790.92 | 5685000 | 5685000 | 5685000 | 0 | 2106829.571 | 5685000 | 5685000 | 0 | 5685000 | 0 | 0
2026-07-06 12:42:57,Luxury Tax Calculator,REMOVED,2nd Incremental Tax Bracket | 0 | 0 | 0 | 0 | 0 | 0 | 0 | 18476250 | 0 | 0 | 0 | 6277322 | 0 | 0 | 0 | 0 | 0 | 0 | 0 | 7106250 | 7106250 | 7106250 | 0 | 0 | 1283912.843 | 7106250 | 0 | 791517.675 | 0 | 0
2026-07-06 12:42:57,Luxury Tax Calculator,REMOVED,3rd Incremental Tax Bracket | 0 | 0 | 0 | 0 | 0 | 0 | 0 | 31267500 | 0 | 0 | 0 | 0 | 0 | 0 | 0 | 0 | 0 | 0 | 0 | 5934698 | 19897500 | 19897500 | 0 | 0 | 0 | 19897500 | 0 | 0 | 0 | 0
2026-07-06 12:42:57,Luxury Tax Calculator,REMOVED,4th Incremental Tax Bracket | 0 | 0 | 0 | 0 | 0 | 0 | 0 | 38373750 | 0 | 0 | 0 | 0 | 0 | 0 | 0 | 0 | 0 | 0 | 0 | 0 | 27003750 | 27003750 | 0 | 0 | 0 | 27003750 | 0 | 0 | 0 | 0
2026-07-06 12:42:57,Luxury Tax Calculator,REMOVED,5th Incremental Tax Bracket | 0 | 0 | 0 | 0 | 0 | 0 | 0 | 5522491.75 | 0 | 0 | 0 | 0 | 0 | 0 | 0 | 0 | 0 | 0 | 0 | 0 | 29846250 | 29846250 | 0 | 0 | 0 | 20128825.5 | 0 | 0 | 0 | 0
2026-07-06 12:42:57,Luxury Tax Calculator,REMOVED,6th Incremental Tax Bracket | 0 | 0 | 0 | 0 | 0 | 0 | 0 | 0 | 0 | 0 | 0 | 0 | 0 | 0 | 0 | 0 | 0 | 0 | 0 | 0 | 32688750 | 8885590.23 | 0 | 0 | 0 | 0 | 0 | 0 | 0 | 0
2026-07-06 12:42:57,Luxury Tax Calculator,REMOVED,7th Incremental Tax Bracket | 0 | 0 | 0 | 0 | 0 | 0 | 0 | 0 | 0 | 0 | 0 | 0 | 0 | 0 | 0 | 0 | 0 | 0 | 0 | 0 | 13747562.5 | 0 | 0 | 0 | 0 | 0 | 0 | 0 | 0 | 0
2026-07-06 12:42:57,Luxury Tax Calculator,REMOVED,8th Incremental Tax Bracket | 0 | 0 | 0 | 0 | 0 | 0 | 0 | 0 | 0 | 0 | 0 | 0 | 0 | 0 | 0 | 0 | 0 | 0 | 0 | 0 | 0 | 0 | 0 | 0 | 0 | 0 | 0 | 0 | 0 | 0
2026-07-06 12:42:57,Luxury Tax Calculator,ADDED,Luxury Tax | 0 | 0 | 0 | 0 | 0 | 0 | 0 | 23501723 | 0 | 0 | 0 | 10706857.6 | 0 | 0 | 0 | 0 | 40419841.22 | 2536082 | 435790.92 | 13065628 | 36309610 | 29970320.04 | 0 | 702276.5238 | 6712130.274 | 26574062 | 0 | 6318214.14 | 0 | 0
2026-07-06 12:42:57,Luxury Tax Calculator,ADDED,1st Incremental Tax Bracket | 0 | 0 | 0 | 0 | 0 | 0 | 0 | 17055000 | 0 | 0 | 0 | 5685000 | 0 | 0 | 0 | 0 | 17055000 | 2536082 | 435790.92 | 5685000 | 5685000 | 5685000 | 0 | 2106829.571 | 5685000 | 5685000 | 0 | 5685000 | 0 | 0
2026-07-06 12:42:57,Luxury Tax Calculator,ADDED,2nd Incremental Tax Bracket | 0 | 0 | 0 | 0 | 0 | 0 | 0 | 18476250 | 0 | 0 | 0 | 6277322 | 0 | 0 | 0 | 0 | 18476250 | 0 | 0 | 7106250 | 7106250 | 7106250 | 0 | 0 | 1283912.843 | 7106250 | 0 | 791517.675 | 0 | 0
2026-07-06 12:42:57,Luxury Tax Calculator,ADDED,3rd Incremental Tax Bracket | 0 | 0 | 0 | 0 | 0 | 0 | 0 | 31267500 | 0 | 0 | 0 | 0 | 0 | 0 | 0 | 0 | 31267500 | 0 | 0 | 5934698 | 19897500 | 19897500 | 0 | 0 | 0 | 19897500 | 0 | 0 | 0 | 0
2026-07-06 12:42:57,Luxury Tax Calculator,ADDED,4th Incremental Tax Bracket | 0 | 0 | 0 | 0 | 0 | 0 | 0 | 38373750 | 0 | 0 | 0 | 0 | 0 | 0 | 0 | 0 | 38373750 | 0 | 0 | 0 | 27003750 | 27003750 | 0 | 0 | 0 | 27003750 | 0 | 0 | 0 | 0
2026-07-06 12:42:57,Luxury Tax Calculator,ADDED,5th Incremental Tax Bracket | 0 | 0 | 0 | 0 | 0 | 0 | 0 | 5522491.75 | 0 | 0 | 0 | 0 | 0 | 0 | 0 | 0 | 41216250 | 0 | 0 | 0 | 29846250 | 29846250 | 0 | 0 | 0 | 20128825.5 | 0 | 0 | 0 | 0
2026-07-06 12:42:57,Luxury Tax Calculator,ADDED,6th Incremental Tax Bracket | 0 | 0 | 0 | 0 | 0 | 0 | 0 | 0 | 0 | 0 | 0 | 0 | 0 | 0 | 0 | 0 | 44058750 | 0 | 0 | 0 | 32688750 | 8885590.23 | 0 | 0 | 0 | 0 | 0 | 0 | 0 | 0
2026-07-06 12:42:57,Luxury Tax Calculator,ADDED,7th Incremental Tax Bracket | 0 | 0 | 0 | 0 | 0 | 0 | 0 | 0 | 0 | 0 | 0 | 0 | 0 | 0 | 0 | 0 | 46901250 | 0 | 0 | 0 | 13747562.5 | 0 | 0 | 0 | 0 | 0 | 0 | 0 | 0 | 0
2026-07-06 12:42:57,Luxury Tax Calculator,ADDED,8th Incremental Tax Bracket | 0 | 0 | 0 | 0 | 0 | 0 | 0 | 0 | 0 | 0 | 0 | 0 | 0 | 0 | 0 | 0 | 5467360.646 | 0 | 0 | 0 | 0 | 0 | 0 | 0 | 0 | 0 | 0 | 0 | 0 | 0
2026-07-06 12:42:57,Luxury Tax Calculator,REMOVED,Tax Liability | 0 | 0 | 0 | 0 | 0 | 0 | 0 | 110694991.8 | 0 | 0 | 0 | 11962322 | 0 | 0 | 0 | 0 | 0 | 2536082 | 435790.92 | 18725948 | 135975062.5 | 98424340.23 | 0 | 2106829.571 | 6968912.843 | 79821325.5 | 0 | 6476517.675 | 0 | 0
2026-07-06 12:42:57,Luxury Tax Calculator,ADDED,Tax Liability | 0 | 0 | 0 | 0 | 0 | 0 | 0 | 110694991.8 | 0 | 0 | 0 | 11962322 | 0 | 0 | 0 | 0 | 242816110.6 | 2536082 | 435790.92 | 18725948 | 135975062.5 | 98424340.23 | 0 | 2106829.571 | 6968912.843 | 79821325.5 | 0 | 6476517.675 | 0 | 0
2026-07-06 12:43:57,MIA,ADDED,"Antetokounmpo, Giannis | 1 - FULL SEASON | 58456566.0 | 62786682.0 |  |  |  |  | 121243248"
2026-07-06 12:43:57,MIA,ADDED, |  |  |  |  |  |  |  | 0
2026-07-06 12:43:57,MIA,ADDED,"Portis, Bobby | 1 - FULL SEASON | 14521414.0 | 15597074.0 |  |  |  |  | 30118488"
2026-07-06 12:43:57,MIA,REMOVED, |  |  |  |  |  |  |  | 0
2026-07-06 12:43:57,MIA,REMOVED, |  |  |  |  |  |  |  | 0
2026-07-06 12:43:57,MIA,REMOVED, |  |  |  |  |  |  |  | 0
2026-07-06 12:43:57,MIA,REMOVED,"TEAM SALARY (Art, I §1 (nnn)): |  | 214138374.8 | 87266809.36 | 81402477 | 16200000 | 0 | 0 | 399007661.2"
2026-07-06 12:43:57,MIA,ADDED,"TEAM SALARY (Art, I §1 (nnn)): |  | 287116354.8 | 165650565.4 | 81402477 | 16200000 | 0 | 0 | 550369397.2"
2026-07-06 12:43:57,MIA,REMOVED,Players Under Contract |  | 166532595.8 | 87266809.36 | 81402477 | 16200000 | 0 | 0 | BOLD = Option Year
2026-07-06 12:43:57,MIA,REMOVED,"Full Season Contracts |  | 166532595.8 | 87266809.36 | 81402477 | 16200000 | 0 | 0 | *=Projected Exten,,"
2026-07-06 12:43:57,MIA,ADDED,Players Under Contract |  | 239510575.8 | 165650565.4 | 81402477 | 16200000 | 0 | 0 | BOLD = Option Year
2026-07-06 12:43:57,MIA,ADDED,"Full Season Contracts |  | 239510575.8 | 165650565.4 | 81402477 | 16200000 | 0 | 0 | *=Projected Exten,,"
2026-07-06 12:43:57,MIA,REMOVED,"Avg, Salary (Mean) (ALL Compensation Obligations) |  |  | Players Under Contract |  | 13"
2026-07-06 12:43:57,MIA,REMOVED,"Avg, Salary (Mean) (No 10-Day K's) |  |  | Avaiable Spots |  | 2"
2026-07-06 12:43:57,MIA,ADDED,"Avg, Salary (Mean) (ALL Compensation Obligations) |  |  | Players Under Contract |  | 15"
2026-07-06 12:43:57,MIA,ADDED,"Avg, Salary (Mean) (No 10-Day K's) |  |  | Avaiable Spots |  | 0"
2026-07-06 12:43:57,MIL,REMOVED,"Antetokounmpo, Giannis | 1 - FULL SEASON | 58456566.0 | 62786682.0 |  |  |  |  | 121243248"
2026-07-06 12:43:57,MIL,ADDED,"Herro, Tyler | 1 - FULL SEASON | 33000000.0 |  |  |  |  |  | 33000000"
2026-07-06 12:43:57,MIL,REMOVED,"Portis, Bobby | 1 - FULL SEASON | 14521414.0 | 15597074.0 |  |  |  |  | 30118488"
2026-07-06 12:43:57,MIL,REMOVED,"Herro, Tyler | 1 - FULL SEASON | 33000000.0 |  |  |  |  |  | 33000000"
2026-07-06 12:43:57,MIL,ADDED, |  |  |  |  |  |  |  | 0
2026-07-06 12:43:57,MIL,ADDED, |  |  |  |  |  |  |  | 0
2026-07-06 12:43:57,MIL,REMOVED,"TEAM SALARY (Art, I §1 (nnn)): |  | 261177750.5 | 170235400.2 | 85295148.2 | 55538317 | 0 | 0 | 572246615.9"
2026-07-06 12:43:57,MIL,ADDED,"TEAM SALARY (Art, I §1 (nnn)): |  | 188199770.5 | 91851644.23 | 85295148.2 | 55538317 | 0 | 0 | 420884879.9"
2026-07-06 12:43:57,MIL,REMOVED,Players Under Contract |  | 205131571.4 | 141274850.4 | 56726345 | 24373120 | 0 | 0 | BOLD = Option Year
2026-07-06 12:43:57,MIL,REMOVED,"Full Season Contracts |  | 205131571.4 | 141274850.4 | 56726345 | 24373120 | 0 | 0 | *=Projected Exten,,"
2026-07-06 12:43:57,MIL,ADDED,Players Under Contract |  | 132153591.4 | 62891094.36 | 56726345 | 24373120 | 0 | 0 | BOLD = Option Year
2026-07-06 12:43:57,MIL,ADDED,"Full Season Contracts |  | 132153591.4 | 62891094.36 | 56726345 | 24373120 | 0 | 0 | *=Projected Exten,,"
2026-07-06 12:43:57,MIL,REMOVED,"Avg, Salary (Mean) (ALL Compensation Obligations) |  |  | Players Under Contract |  | 16"
2026-07-06 12:43:57,MIL,REMOVED,"Avg, Salary (Mean) (No 10-Day K's) |  |  | Avaiable Spots |  | 0"
2026-07-06 12:43:57,MIL,ADDED,"Avg, Salary (Mean) (ALL Compensation Obligations) |  |  | Players Under Contract |  | 14"
2026-07-06 12:43:57,MIL,ADDED,"Avg, Salary (Mean) (No 10-Day K's) |  |  | Avaiable Spots |  | 1"
2026-07-06 12:43:57,Luxury Tax Calculator,REMOVED,Luxury Tax | 0 | 0 | 0 | 0 | 0 | 0 | 0 | 23501723 | 0 | 0 | 0 | 10706857.6 | 0 | 0 | 0 | 0 | 40419841.22 | 2536082 | 435790.92 | 13065628 | 36309610 | 29970320.04 | 0 | 702276.5238 | 6712130.274 | 26574062 | 0 | 6318214.14 | 0 | 0
2026-07-06 12:43:57,Luxury Tax Calculator,REMOVED,1st Incremental Tax Bracket | 0 | 0 | 0 | 0 | 0 | 0 | 0 | 17055000 | 0 | 0 | 0 | 5685000 | 0 | 0 | 0 | 0 | 17055000 | 2536082 | 435790.92 | 5685000 | 5685000 | 5685000 | 0 | 2106829.571 | 5685000 | 5685000 | 0 | 5685000 | 0 | 0
2026-07-06 12:43:57,Luxury Tax Calculator,REMOVED,2nd Incremental Tax Bracket | 0 | 0 | 0 | 0 | 0 | 0 | 0 | 18476250 | 0 | 0 | 0 | 6277322 | 0 | 0 | 0 | 0 | 18476250 | 0 | 0 | 7106250 | 7106250 | 7106250 | 0 | 0 | 1283912.843 | 7106250 | 0 | 791517.675 | 0 | 0
2026-07-06 12:43:57,Luxury Tax Calculator,REMOVED,3rd Incremental Tax Bracket | 0 | 0 | 0 | 0 | 0 | 0 | 0 | 31267500 | 0 | 0 | 0 | 0 | 0 | 0 | 0 | 0 | 31267500 | 0 | 0 | 5934698 | 19897500 | 19897500 | 0 | 0 | 0 | 19897500 | 0 | 0 | 0 | 0
2026-07-06 12:43:57,Luxury Tax Calculator,REMOVED,4th Incremental Tax Bracket | 0 | 0 | 0 | 0 | 0 | 0 | 0 | 38373750 | 0 | 0 | 0 | 0 | 0 | 0 | 0 | 0 | 38373750 | 0 | 0 | 0 | 27003750 | 27003750 | 0 | 0 | 0 | 27003750 | 0 | 0 | 0 | 0
2026-07-06 12:43:57,Luxury Tax Calculator,REMOVED,5th Incremental Tax Bracket | 0 | 0 | 0 | 0 | 0 | 0 | 0 | 5522491.75 | 0 | 0 | 0 | 0 | 0 | 0 | 0 | 0 | 41216250 | 0 | 0 | 0 | 29846250 | 29846250 | 0 | 0 | 0 | 20128825.5 | 0 | 0 | 0 | 0
2026-07-06 12:43:57,Luxury Tax Calculator,REMOVED,6th Incremental Tax Bracket | 0 | 0 | 0 | 0 | 0 | 0 | 0 | 0 | 0 | 0 | 0 | 0 | 0 | 0 | 0 | 0 | 44058750 | 0 | 0 | 0 | 32688750 | 8885590.23 | 0 | 0 | 0 | 0 | 0 | 0 | 0 | 0
2026-07-06 12:43:57,Luxury Tax Calculator,REMOVED,7th Incremental Tax Bracket | 0 | 0 | 0 | 0 | 0 | 0 | 0 | 0 | 0 | 0 | 0 | 0 | 0 | 0 | 0 | 0 | 46901250 | 0 | 0 | 0 | 13747562.5 | 0 | 0 | 0 | 0 | 0 | 0 | 0 | 0 | 0
2026-07-06 12:43:57,Luxury Tax Calculator,REMOVED,8th Incremental Tax Bracket | 0 | 0 | 0 | 0 | 0 | 0 | 0 | 0 | 0 | 0 | 0 | 0 | 0 | 0 | 0 | 0 | 5467360.646 | 0 | 0 | 0 | 0 | 0 | 0 | 0 | 0 | 0 | 0 | 0 | 0 | 0
2026-07-06 12:43:57,Luxury Tax Calculator,REMOVED,9th Incremental Tax Bracket | 0 | 0 | 0 | 0 | 0 | 0 | 0 | 0 | 0 | 0 | 0 | 0 | 0 | 0 | 0 | 0 | 0 | 0 | 0 | 0 | 0 | 0 | 0 | 0 | 0 | 0 | 0 | 0 | 0 | 0
2026-07-06 12:43:57,Luxury Tax Calculator,REMOVED,Tax Liability | 0 | 0 | 0 | 0 | 0 | 0 | 0 | 110694991.8 | 0 | 0 | 0 | 11962322 | 0 | 0 | 0 | 0 | 242816110.6 | 2536082 | 435790.92 | 18725948 | 135975062.5 | 98424340.23 | 0 | 2106829.571 | 6968912.843 | 79821325.5 | 0 | 6476517.675 | 0 | 0
2026-07-06 12:43:57,Luxury Tax Calculator,ADDED,Luxury Tax | 0 | 0 | 0 | 0 | 0 | 0 | 0 | 23501723 | 0 | 0 | 0 | 10706857.6 | 0 | 0 | 0 | 51615575.8 | 0 | 2536082 | 435790.92 | 13065628 | 36309610 | 29970320.04 | 0 | 702276.5238 | 6712130.274 | 26574062 | 0 | 6318214.14 | 0 | 0
2026-07-06 12:43:57,Luxury Tax Calculator,ADDED,1st Incremental Tax Bracket | 0 | 0 | 0 | 0 | 0 | 0 | 0 | 17055000 | 0 | 0 | 0 | 5685000 | 0 | 0 | 0 | 5685000 | 0 | 2536082 | 435790.92 | 5685000 | 5685000 | 5685000 | 0 | 2106829.571 | 5685000 | 5685000 | 0 | 5685000 | 0 | 0
2026-07-06 12:43:57,Luxury Tax Calculator,ADDED,2nd Incremental Tax Bracket | 0 | 0 | 0 | 0 | 0 | 0 | 0 | 18476250 | 0 | 0 | 0 | 6277322 | 0 | 0 | 0 | 7106250 | 0 | 0 | 0 | 7106250 | 7106250 | 7106250 | 0 | 0 | 1283912.843 | 7106250 | 0 | 791517.675 | 0 | 0
2026-07-06 12:43:57,Luxury Tax Calculator,ADDED,3rd Incremental Tax Bracket | 0 | 0 | 0 | 0 | 0 | 0 | 0 | 31267500 | 0 | 0 | 0 | 0 | 0 | 0 | 0 | 19897500 | 0 | 0 | 0 | 5934698 | 19897500 | 19897500 | 0 | 0 | 0 | 19897500 | 0 | 0 | 0 | 0
2026-07-06 12:43:57,Luxury Tax Calculator,ADDED,4th Incremental Tax Bracket | 0 | 0 | 0 | 0 | 0 | 0 | 0 | 38373750 | 0 | 0 | 0 | 0 | 0 | 0 | 0 | 27003750 | 0 | 0 | 0 | 0 | 27003750 | 27003750 | 0 | 0 | 0 | 27003750 | 0 | 0 | 0 | 0
2026-07-06 12:43:57,Luxury Tax Calculator,ADDED,5th Incremental Tax Bracket | 0 | 0 | 0 | 0 | 0 | 0 | 0 | 5522491.75 | 0 | 0 | 0 | 0 | 0 | 0 | 0 | 29846250 | 0 | 0 | 0 | 0 | 29846250 | 29846250 | 0 | 0 | 0 | 20128825.5 | 0 | 0 | 0 | 0
2026-07-06 12:43:57,Luxury Tax Calculator,ADDED,6th Incremental Tax Bracket | 0 | 0 | 0 | 0 | 0 | 0 | 0 | 0 | 0 | 0 | 0 | 0 | 0 | 0 | 0 | 32688750 | 0 | 0 | 0 | 0 | 32688750 | 8885590.23 | 0 | 0 | 0 | 0 | 0 | 0 | 0 | 0
2026-07-06 12:43:57,Luxury Tax Calculator,ADDED,7th Incremental Tax Bracket | 0 | 0 | 0 | 0 | 0 | 0 | 0 | 0 | 0 | 0 | 0 | 0 | 0 | 0 | 0 | 35531250 | 0 | 0 | 0 | 0 | 13747562.5 | 0 | 0 | 0 | 0 | 0 | 0 | 0 | 0 | 0
2026-07-06 12:43:57,Luxury Tax Calculator,ADDED,8th Incremental Tax Bracket | 0 | 0 | 0 | 0 | 0 | 0 | 0 | 0 | 0 | 0 | 0 | 0 | 0 | 0 | 0 | 38373750 | 0 | 0 | 0 | 0 | 0 | 0 | 0 | 0 | 0 | 0 | 0 | 0 | 0 | 0
2026-07-06 12:43:57,Luxury Tax Calculator,ADDED,9th Incremental Tax Bracket | 0 | 0 | 0 | 0 | 0 | 0 | 0 | 0 | 0 | 0 | 0 | 0 | 0 | 0 | 0 | 41216250 | 0 | 0 | 0 | 0 | 0 | 0 | 0 | 0 | 0 | 0 | 0 | 0 | 0 | 0
2026-07-06 12:43:57,Luxury Tax Calculator,ADDED,Tax Liability | 0 | 0 | 0 | 0 | 0 | 0 | 0 | 110694991.8 | 0 | 0 | 0 | 11962322 | 0 | 0 | 0 | 237348750 | 0 | 2536082 | 435790.92 | 18725948 | 135975062.5 | 98424340.23 | 0 | 2106829.571 | 6968912.843 | 79821325.5 | 0 | 6476517.675 | 0 | 0
2026-07-06 12:44:58,MIL,ADDED,"Jaquez, Jaime | 1 - FULL SEASON | 5939140.8 |  |  |  |  |  | 5939140.8"
2026-07-06 12:44:58,MIL,ADDED,"Ware, Kel'el | 1 - FULL SEASON | 4654920.0 | 7135992.359999999 |  |  |  |  | 11790912.36"
2026-07-06 12:44:58,MIL,ADDED,"Jakucionis, Kasparas | 1 - FULL SEASON | 3841680.0 | 4024440.0 | 6205686.0 |  |  |  | 14071806"
2026-07-06 12:44:58,MIL,REMOVED,"Jaquez, Jaime | 1 - FULL SEASON | 5939140.8 |  |  |  |  |  | 5939140.8"
2026-07-06 12:44:58,MIL,REMOVED,"Ware, Kel'el | 1 - FULL SEASON | 4654920.0 | 7135992.359999999 |  |  |  |  | 11790912.36"
2026-07-06 12:44:58,MIL,REMOVED,"Jakucionis, Kasparas | 1 - FULL SEASON | 3841680.0 | 4024440.0 | 6205686.0 |  |  |  | 14071806"
2026-07-06 12:45:59,MIA,REMOVED,"Herro, Tyler | 1 - FULL SEASON | 33000000.0 |  |  |  |  |  | 33000000"
2026-07-06 12:45:59,MIA,ADDED,"Adebayo, Bam | 1 - FULL SEASON | 49488300.0 | 53447364.0 | 57406428.0 |  |  |  | 160342092"
2026-07-06 12:45:59,MIA,REMOVED,"TEAM SALARY (Art, I §1 (nnn)): |  | 287116354.8 | 165650565.4 | 81402477 | 16200000 | 0 | 0 | 550369397.2"
2026-07-06 12:45:59,MIA,ADDED,"TEAM SALARY (Art, I §1 (nnn)): |  | 303604654.8 | 219097929.4 | 138808905 | 16200000 | 0 | 0 | 677711489.2"
2026-07-06 12:45:59,MIA,REMOVED,Players Under Contract |  | 239510575.8 | 165650565.4 | 81402477 | 16200000 | 0 | 0 | BOLD = Option Year
2026-07-06 12:45:59,MIA,REMOVED,"Full Season Contracts |  | 239510575.8 | 165650565.4 | 81402477 | 16200000 | 0 | 0 | *=Projected Exten,,"
2026-07-06 12:45:59,MIA,ADDED,Players Under Contract |  | 255998875.8 | 219097929.4 | 138808905 | 16200000 | 0 | 0 | BOLD = Option Year
2026-07-06 12:45:59,MIA,ADDED,"Full Season Contracts |  | 255998875.8 | 219097929.4 | 138808905 | 16200000 | 0 | 0 | *=Projected Exten,,"
2026-07-06 12:45:59,Luxury Tax Calculator,REMOVED,Luxury Tax | 0 | 0 | 0 | 0 | 0 | 0 | 0 | 23501723 | 0 | 0 | 0 | 10706857.6 | 0 | 0 | 0 | 51615575.8 | 0 | 2536082 | 435790.92 | 13065628 | 36309610 | 29970320.04 | 0 | 702276.5238 | 6712130.274 | 26574062 | 0 | 6318214.14 | 0 | 0
2026-07-06 12:45:59,Luxury Tax Calculator,ADDED,Luxury Tax | 0 | 0 | 0 | 0 | 0 | 0 | 0 | 23501723 | 0 | 0 | 0 | 10706857.6 | 0 | 0 | 0 | 68103875.8 | 0 | 2536082 | 435790.92 | 13065628 | 36309610 | 29970320.04 | 0 | 702276.5238 | 6712130.274 | 26574062 | 0 | 6318214.14 | 0 | 0
2026-07-06 12:46:59,MIA,REMOVED,"Adebayo, Bam | 1 - FULL SEASON | 49488300.0 | 53447364.0 | 57406428.0 |  |  |  | 160342092"
2026-07-06 12:46:59,MIA,ADDED,"Antetokounmpo, Giannis | 1 - FULL SEASON | 58456566.0 | 62786682.0 |  |  |  |  | 121243248"
2026-07-06 12:46:59,MIA,ADDED,"Portis, Bobby | 1 - FULL SEASON | 14521414.0 | 15597074.0 |  |  |  |  | 30118488"
2026-07-06 12:46:59,MIA,REMOVED,"Jaquez, Jaime | 1 - FULL SEASON | 5939140.8 |  |  |  |  |  | 5939140.8"
2026-07-06 12:46:59,MIA,REMOVED,"Ware, Kel'el | 1 - FULL SEASON | 4654920.0 | 7135992.359999999 |  |  |  |  | 11790912.36"
2026-07-06 12:46:59,MIA,REMOVED,"Jakucionis, Kasparas | 1 - FULL SEASON | 3841680.0 | 4024440.0 | 6205686.0 |  |  |  | 14071806"
2026-07-06 12:46:59,MIA,REMOVED,"Antetokounmpo, Giannis | 1 - FULL SEASON | 58456566.0 | 62786682.0 |  |  |  |  | 121243248"
2026-07-06 12:46:59,MIA,REMOVED, |  |  |  |  |  |  |  | 0
2026-07-06 12:46:59,MIA,REMOVED,"Portis, Bobby | 1 - FULL SEASON | 14521414.0 | 15597074.0 |  |  |  |  | 30118488"
2026-07-06 12:46:59,MIA,REMOVED,"TEAM SALARY (Art, I §1 (nnn)): |  | 303604654.8 | 219097929.4 | 138808905 | 16200000 | 0 | 0 | 677711489.2"
2026-07-06 12:46:59,MIA,ADDED, |  |  |  |  |  |  |  | 0
2026-07-06 12:46:59,MIA,ADDED, |  |  |  |  |  |  |  | 0
2026-07-06 12:46:59,MIA,ADDED, |  |  |  |  |  |  |  | 0
2026-07-06 12:46:59,MIA,ADDED, |  |  |  |  |  |  |  | 0
2026-07-06 12:46:59,MIA,ADDED, |  |  |  |  |  |  |  | 0
2026-07-06 12:46:59,MIA,ADDED,"TEAM SALARY (Art, I §1 (nnn)): |  | 239680614 | 154490133 | 75196791 | 16200000 | 0 | 0 | 485567538"
2026-07-06 12:46:59,MIA,REMOVED,Players Under Contract |  | 255998875.8 | 219097929.4 | 138808905 | 16200000 | 0 | 0 | BOLD = Option Year
2026-07-06 12:46:59,MIA,REMOVED,"Full Season Contracts |  | 255998875.8 | 219097929.4 | 138808905 | 16200000 | 0 | 0 | *=Projected Exten,,"
2026-07-06 12:46:59,MIA,ADDED,Players Under Contract |  | 192074835 | 154490133 | 75196791 | 16200000 | 0 | 0 | BOLD = Option Year
2026-07-06 12:46:59,MIA,ADDED,"Full Season Contracts |  | 192074835 | 154490133 | 75196791 | 16200000 | 0 | 0 | *=Projected Exten,,"
2026-07-06 12:46:59,MIA,REMOVED,"Avg, Salary (Mean) (ALL Compensation Obligations) |  |  | Players Under Contract |  | 15"
2026-07-06 12:46:59,MIA,REMOVED,"Avg, Salary (Mean) (No 10-Day K's) |  |  | Avaiable Spots |  | 0"
2026-07-06 12:46:59,MIA,REMOVED,"Avg, Salary (Mean) (No 10-Day K's & ROS) |  |  | Players to Reach Roster Min, |  | 0"
2026-07-06 12:46:59,MIA,ADDED,"Avg, Salary (Mean) (ALL Compensation Obligations) |  |  | Players Under Contract |  | 11"
2026-07-06 12:46:59,MIA,ADDED,"Avg, Salary (Mean) (No 10-Day K's) |  |  | Avaiable Spots |  | 4"
2026-07-06 12:46:59,MIA,ADDED,"Avg, Salary (Mean) (No 10-Day K's & ROS) |  |  | Players to Reach Roster Min, |  | 2"
2026-07-06 12:46:59,Luxury Tax Calculator,REMOVED,Luxury Tax | 0 | 0 | 0 | 0 | 0 | 0 | 0 | 23501723 | 0 | 0 | 0 | 10706857.6 | 0 | 0 | 0 | 68103875.8 | 0 | 2536082 | 435790.92 | 13065628 | 36309610 | 29970320.04 | 0 | 702276.5238 | 6712130.274 | 26574062 | 0 | 6318214.14 | 0 | 0
2026-07-06 12:46:59,Luxury Tax Calculator,REMOVED,1st Incremental Tax Bracket | 0 | 0 | 0 | 0 | 0 | 0 | 0 | 17055000 | 0 | 0 | 0 | 5685000 | 0 | 0 | 0 | 5685000 | 0 | 2536082 | 435790.92 | 5685000 | 5685000 | 5685000 | 0 | 2106829.571 | 5685000 | 5685000 | 0 | 5685000 | 0 | 0
2026-07-06 12:46:59,Luxury Tax Calculator,REMOVED,2nd Incremental Tax Bracket | 0 | 0 | 0 | 0 | 0 | 0 | 0 | 18476250 | 0 | 0 | 0 | 6277322 | 0 | 0 | 0 | 7106250 | 0 | 0 | 0 | 7106250 | 7106250 | 7106250 | 0 | 0 | 1283912.843 | 7106250 | 0 | 791517.675 | 0 | 0
2026-07-06 12:46:59,Luxury Tax Calculator,REMOVED,3rd Incremental Tax Bracket | 0 | 0 | 0 | 0 | 0 | 0 | 0 | 31267500 | 0 | 0 | 0 | 0 | 0 | 0 | 0 | 19897500 | 0 | 0 | 0 | 5934698 | 19897500 | 19897500 | 0 | 0 | 0 | 19897500 | 0 | 0 | 0 | 0
2026-07-06 12:46:59,Luxury Tax Calculator,REMOVED,4th Incremental Tax Bracket | 0 | 0 | 0 | 0 | 0 | 0 | 0 | 38373750 | 0 | 0 | 0 | 0 | 0 | 0 | 0 | 27003750 | 0 | 0 | 0 | 0 | 27003750 | 27003750 | 0 | 0 | 0 | 27003750 | 0 | 0 | 0 | 0
2026-07-06 12:46:59,Luxury Tax Calculator,REMOVED,5th Incremental Tax Bracket | 0 | 0 | 0 | 0 | 0 | 0 | 0 | 5522491.75 | 0 | 0 | 0 | 0 | 0 | 0 | 0 | 29846250 | 0 | 0 | 0 | 0 | 29846250 | 29846250 | 0 | 0 | 0 | 20128825.5 | 0 | 0 | 0 | 0
2026-07-06 12:46:59,Luxury Tax Calculator,REMOVED,6th Incremental Tax Bracket | 0 | 0 | 0 | 0 | 0 | 0 | 0 | 0 | 0 | 0 | 0 | 0 | 0 | 0 | 0 | 32688750 | 0 | 0 | 0 | 0 | 32688750 | 8885590.23 | 0 | 0 | 0 | 0 | 0 | 0 | 0 | 0
2026-07-06 12:46:59,Luxury Tax Calculator,REMOVED,7th Incremental Tax Bracket | 0 | 0 | 0 | 0 | 0 | 0 | 0 | 0 | 0 | 0 | 0 | 0 | 0 | 0 | 0 | 35531250 | 0 | 0 | 0 | 0 | 13747562.5 | 0 | 0 | 0 | 0 | 0 | 0 | 0 | 0 | 0
2026-07-06 12:46:59,Luxury Tax Calculator,REMOVED,8th Incremental Tax Bracket | 0 | 0 | 0 | 0 | 0 | 0 | 0 | 0 | 0 | 0 | 0 | 0 | 0 | 0 | 0 | 38373750 | 0 | 0 | 0 | 0 | 0 | 0 | 0 | 0 | 0 | 0 | 0 | 0 | 0 | 0
2026-07-06 12:46:59,Luxury Tax Calculator,REMOVED,9th Incremental Tax Bracket | 0 | 0 | 0 | 0 | 0 | 0 | 0 | 0 | 0 | 0 | 0 | 0 | 0 | 0 | 0 | 41216250 | 0 | 0 | 0 | 0 | 0 | 0 | 0 | 0 | 0 | 0 | 0 | 0 | 0 | 0
2026-07-06 12:46:59,Luxury Tax Calculator,REMOVED,Tax Liability | 0 | 0 | 0 | 0 | 0 | 0 | 0 | 110694991.8 | 0 | 0 | 0 | 11962322 | 0 | 0 | 0 | 237348750 | 0 | 2536082 | 435790.92 | 18725948 | 135975062.5 | 98424340.23 | 0 | 2106829.571 | 6968912.843 | 79821325.5 | 0 | 6476517.675 | 0 | 0
2026-07-06 12:46:59,Luxury Tax Calculator,ADDED,Luxury Tax | 0 | 0 | 0 | 0 | 0 | 0 | 0 | 23501723 | 0 | 0 | 0 | 10706857.6 | 0 | 0 | 0 | 4179835 | 0 | 2536082 | 435790.92 | 13065628 | 36309610 | 29970320.04 | 0 | 702276.5238 | 6712130.274 | 26574062 | 0 | 6318214.14 | 0 | 0
2026-07-06 12:46:59,Luxury Tax Calculator,ADDED,1st Incremental Tax Bracket | 0 | 0 | 0 | 0 | 0 | 0 | 0 | 17055000 | 0 | 0 | 0 | 5685000 | 0 | 0 | 0 | 4179835 | 0 | 2536082 | 435790.92 | 5685000 | 5685000 | 5685000 | 0 | 2106829.571 | 5685000 | 5685000 | 0 | 5685000 | 0 | 0
2026-07-06 12:46:59,Luxury Tax Calculator,ADDED,2nd Incremental Tax Bracket | 0 | 0 | 0 | 0 | 0 | 0 | 0 | 18476250 | 0 | 0 | 0 | 6277322 | 0 | 0 | 0 | 0 | 0 | 0 | 0 | 7106250 | 7106250 | 7106250 | 0 | 0 | 1283912.843 | 7106250 | 0 | 791517.675 | 0 | 0
2026-07-06 12:46:59,Luxury Tax Calculator,ADDED,3rd Incremental Tax Bracket | 0 | 0 | 0 | 0 | 0 | 0 | 0 | 31267500 | 0 | 0 | 0 | 0 | 0 | 0 | 0 | 0 | 0 | 0 | 0 | 5934698 | 19897500 | 19897500 | 0 | 0 | 0 | 19897500 | 0 | 0 | 0 | 0
2026-07-06 12:46:59,Luxury Tax Calculator,ADDED,4th Incremental Tax Bracket | 0 | 0 | 0 | 0 | 0 | 0 | 0 | 38373750 | 0 | 0 | 0 | 0 | 0 | 0 | 0 | 0 | 0 | 0 | 0 | 0 | 27003750 | 27003750 | 0 | 0 | 0 | 27003750 | 0 | 0 | 0 | 0
2026-07-06 12:46:59,Luxury Tax Calculator,ADDED,5th Incremental Tax Bracket | 0 | 0 | 0 | 0 | 0 | 0 | 0 | 5522491.75 | 0 | 0 | 0 | 0 | 0 | 0 | 0 | 0 | 0 | 0 | 0 | 0 | 29846250 | 29846250 | 0 | 0 | 0 | 20128825.5 | 0 | 0 | 0 | 0
2026-07-06 12:46:59,Luxury Tax Calculator,ADDED,6th Incremental Tax Bracket | 0 | 0 | 0 | 0 | 0 | 0 | 0 | 0 | 0 | 0 | 0 | 0 | 0 | 0 | 0 | 0 | 0 | 0 | 0 | 0 | 32688750 | 8885590.23 | 0 | 0 | 0 | 0 | 0 | 0 | 0 | 0
2026-07-06 12:46:59,Luxury Tax Calculator,ADDED,7th Incremental Tax Bracket | 0 | 0 | 0 | 0 | 0 | 0 | 0 | 0 | 0 | 0 | 0 | 0 | 0 | 0 | 0 | 0 | 0 | 0 | 0 | 0 | 13747562.5 | 0 | 0 | 0 | 0 | 0 | 0 | 0 | 0 | 0
2026-07-06 12:46:59,Luxury Tax Calculator,ADDED,8th Incremental Tax Bracket | 0 | 0 | 0 | 0 | 0 | 0 | 0 | 0 | 0 | 0 | 0 | 0 | 0 | 0 | 0 | 0 | 0 | 0 | 0 | 0 | 0 | 0 | 0 | 0 | 0 | 0 | 0 | 0 | 0 | 0
2026-07-06 12:46:59,Luxury Tax Calculator,ADDED,9th Incremental Tax Bracket | 0 | 0 | 0 | 0 | 0 | 0 | 0 | 0 | 0 | 0 | 0 | 0 | 0 | 0 | 0 | 0 | 0 | 0 | 0 | 0 | 0 | 0 | 0 | 0 | 0 | 0 | 0 | 0 | 0 | 0
2026-07-06 12:46:59,Luxury Tax Calculator,ADDED,Tax Liability | 0 | 0 | 0 | 0 | 0 | 0 | 0 | 110694991.8 | 0 | 0 | 0 | 11962322 | 0 | 0 | 0 | 4179835 | 0 | 2536082 | 435790.92 | 18725948 | 135975062.5 | 98424340.23 | 0 | 2106829.571 | 6968912.843 | 79821325.5 | 0 | 6476517.675 | 0 | 0
2026-07-06 12:47:58,BOS,REMOVED,"Brown, Jaylen | 1 - FULL SEASON | 57078728.0 | 61015192.0 | 64951656.0 |  |  |  | 183045576"
2026-07-06 12:47:58,BOS,ADDED,"George, Paul | 1 - FULL SEASON | 54126380.0 | 56586670.0 |  |  |  |  | 110713050"
2026-07-06 12:47:58,BOS,REMOVED,"TEAM SALARY (Art, I §1 (nnn)): |  | 197735538 | 187506502.2 | 188183275 | 77377383.6 | 0 | 0 | 650802698.8"
2026-07-06 12:47:58,BOS,ADDED,"TEAM SALARY (Art, I §1 (nnn)): |  | 194783190 | 183077980.2 | 123231619 | 77377383.6 | 0 | 0 | 578470172.8"
2026-07-06 12:47:58,BOS,REMOVED,Players Under Contract |  | 183831927 | 187506502.2 | 188183275 | 77377383.6 | 0 | 0 | BOLD = Option Year
2026-07-06 12:47:58,BOS,REMOVED,"Full Season Contracts |  | 183831927 | 187506502.2 | 188183275 | 77377383.6 | 0 | 0 | *=Projected Exten,,"
2026-07-06 12:47:58,BOS,ADDED,Players Under Contract |  | 180879579 | 183077980.2 | 123231619 | 77377383.6 | 0 | 0 | BOLD = Option Year
2026-07-06 12:47:58,BOS,ADDED,"Full Season Contracts |  | 180879579 | 183077980.2 | 123231619 | 77377383.6 | 0 | 0 | *=Projected Exten,,"
2026-07-06 12:47:58,PHL,ADDED,"Brown, Jaylen | 1 - FULL SEASON | 57078728.0 | 61015192.0 | 64951656.0 |  |  |  | 183045576"
2026-07-06 12:47:58,PHL,REMOVED, |  |  |  |  |  |  |  | 0
2026-07-06 12:47:58,PHL,REMOVED,"TEAM SALARY (Art, I §1 (nnn)): |  | 234338885.4 | 186419812.5 | 135795848.7 | 6508870.2 | 0 | 0 | 563063416.8"
2026-07-06 12:47:58,PHL,ADDED,"TEAM SALARY (Art, I §1 (nnn)): |  | 291417613.4 | 247435004.5 | 200747504.7 | 6508870.2 | 0 | 0 | 746108992.8"
2026-07-06 12:47:58,PHL,REMOVED,Players Under Contract |  | 183586008.3 | 186419812.5 | 135795848.7 | 6508870.2 | 0 | 0 | BOLD = Option Year
2026-07-06 12:47:58,PHL,REMOVED,"Full Season Contracts |  | 183586008.3 | 186419812.5 | 135795848.7 | 6508870.2 | 0 | 0 | *=Projected Exten,,"
2026-07-06 12:47:58,PHL,ADDED,Players Under Contract |  | 240664736.3 | 247435004.5 | 200747504.7 | 6508870.2 | 0 | 0 | BOLD = Option Year
2026-07-06 12:47:58,PHL,ADDED,"Full Season Contracts |  | 240664736.3 | 247435004.5 | 200747504.7 | 6508870.2 | 0 | 0 | *=Projected Exten,,"
2026-07-06 12:47:58,PHL,REMOVED,"Avg, Salary (Mean) (ALL Compensation Obligations) |  |  | Players Under Contract |  | 11"
2026-07-06 12:47:58,PHL,REMOVED,"Avg, Salary (Mean) (No 10-Day K's) |  |  | Avaiable Spots |  | 4"
2026-07-06 12:47:58,PHL,REMOVED,"Avg, Salary (Mean) (No 10-Day K's & ROS) |  |  | Players to Reach Roster Min, |  | 2"
2026-07-06 12:47:58,PHL,ADDED,"Avg, Salary (Mean) (ALL Compensation Obligations) |  |  | Players Under Contract |  | 12"
2026-07-06 12:47:58,PHL,ADDED,"Avg, Salary (Mean) (No 10-Day K's) |  |  | Avaiable Spots |  | 3"
2026-07-06 12:47:58,PHL,ADDED,"Avg, Salary (Mean) (No 10-Day K's & ROS) |  |  | Players to Reach Roster Min, |  | 1"
2026-07-06 12:47:58,Luxury Tax Calculator,REMOVED,Luxury Tax | 0 | 0 | 0 | 0 | 0 | 0 | 0 | 23501723 | 0 | 0 | 0 | 10706857.6 | 0 | 0 | 0 | 4179835 | 0 | 2536082 | 435790.92 | 13065628 | 36309610 | 29970320.04 | 0 | 702276.5238 | 6712130.274 | 26574062 | 0 | 6318214.14 | 0 | 0
2026-07-06 12:47:58,Luxury Tax Calculator,REMOVED,1st Incremental Tax Bracket | 0 | 0 | 0 | 0 | 0 | 0 | 0 | 17055000 | 0 | 0 | 0 | 5685000 | 0 | 0 | 0 | 4179835 | 0 | 2536082 | 435790.92 | 5685000 | 5685000 | 5685000 | 0 | 2106829.571 | 5685000 | 5685000 | 0 | 5685000 | 0 | 0
2026-07-06 12:47:58,Luxury Tax Calculator,REMOVED,2nd Incremental Tax Bracket | 0 | 0 | 0 | 0 | 0 | 0 | 0 | 18476250 | 0 | 0 | 0 | 6277322 | 0 | 0 | 0 | 0 | 0 | 0 | 0 | 7106250 | 7106250 | 7106250 | 0 | 0 | 1283912.843 | 7106250 | 0 | 791517.675 | 0 | 0
2026-07-06 12:47:58,Luxury Tax Calculator,REMOVED,3rd Incremental Tax Bracket | 0 | 0 | 0 | 0 | 0 | 0 | 0 | 31267500 | 0 | 0 | 0 | 0 | 0 | 0 | 0 | 0 | 0 | 0 | 0 | 5934698 | 19897500 | 19897500 | 0 | 0 | 0 | 19897500 | 0 | 0 | 0 | 0
2026-07-06 12:47:58,Luxury Tax Calculator,REMOVED,4th Incremental Tax Bracket | 0 | 0 | 0 | 0 | 0 | 0 | 0 | 38373750 | 0 | 0 | 0 | 0 | 0 | 0 | 0 | 0 | 0 | 0 | 0 | 0 | 27003750 | 27003750 | 0 | 0 | 0 | 27003750 | 0 | 0 | 0 | 0
2026-07-06 12:47:58,Luxury Tax Calculator,REMOVED,5th Incremental Tax Bracket | 0 | 0 | 0 | 0 | 0 | 0 | 0 | 5522491.75 | 0 | 0 | 0 | 0 | 0 | 0 | 0 | 0 | 0 | 0 | 0 | 0 | 29846250 | 29846250 | 0 | 0 | 0 | 20128825.5 | 0 | 0 | 0 | 0
2026-07-06 12:47:58,Luxury Tax Calculator,REMOVED,6th Incremental Tax Bracket | 0 | 0 | 0 | 0 | 0 | 0 | 0 | 0 | 0 | 0 | 0 | 0 | 0 | 0 | 0 | 0 | 0 | 0 | 0 | 0 | 32688750 | 8885590.23 | 0 | 0 | 0 | 0 | 0 | 0 | 0 | 0
2026-07-06 12:47:58,Luxury Tax Calculator,REMOVED,7th Incremental Tax Bracket | 0 | 0 | 0 | 0 | 0 | 0 | 0 | 0 | 0 | 0 | 0 | 0 | 0 | 0 | 0 | 0 | 0 | 0 | 0 | 0 | 13747562.5 | 0 | 0 | 0 | 0 | 0 | 0 | 0 | 0 | 0
2026-07-06 12:47:58,Luxury Tax Calculator,REMOVED,8th Incremental Tax Bracket | 0 | 0 | 0 | 0 | 0 | 0 | 0 | 0 | 0 | 0 | 0 | 0 | 0 | 0 | 0 | 0 | 0 | 0 | 0 | 0 | 0 | 0 | 0 | 0 | 0 | 0 | 0 | 0 | 0 | 0
2026-07-06 12:47:58,Luxury Tax Calculator,REMOVED,9th Incremental Tax Bracket | 0 | 0 | 0 | 0 | 0 | 0 | 0 | 0 | 0 | 0 | 0 | 0 | 0 | 0 | 0 | 0 | 0 | 0 | 0 | 0 | 0 | 0 | 0 | 0 | 0 | 0 | 0 | 0 | 0 | 0
2026-07-06 12:47:58,Luxury Tax Calculator,REMOVED,Tax Liability | 0 | 0 | 0 | 0 | 0 | 0 | 0 | 110694991.8 | 0 | 0 | 0 | 11962322 | 0 | 0 | 0 | 4179835 | 0 | 2536082 | 435790.92 | 18725948 | 135975062.5 | 98424340.23 | 0 | 2106829.571 | 6968912.843 | 79821325.5 | 0 | 6476517.675 | 0 | 0
2026-07-06 12:47:58,Luxury Tax Calculator,ADDED,Luxury Tax | 0 | 0 | 0 | 0 | 0 | 0 | 0 | 23501723 | 0 | 0 | 0 | 10706857.6 | 0 | 0 | 0 | 4179835 | 0 | 2536082 | 435790.92 | 13065628 | 36309610 | 29970320.04 | 52769736.3 | 702276.5238 | 6712130.274 | 26574062 | 0 | 6318214.14 | 0 | 0
2026-07-06 12:47:58,Luxury Tax Calculator,ADDED,1st Incremental Tax Bracket | 0 | 0 | 0 | 0 | 0 | 0 | 0 | 17055000 | 0 | 0 | 0 | 5685000 | 0 | 0 | 0 | 4179835 | 0 | 2536082 | 435790.92 | 5685000 | 5685000 | 5685000 | 5685000 | 2106829.571 | 5685000 | 5685000 | 0 | 5685000 | 0 | 0
2026-07-06 12:47:58,Luxury Tax Calculator,ADDED,2nd Incremental Tax Bracket | 0 | 0 | 0 | 0 | 0 | 0 | 0 | 18476250 | 0 | 0 | 0 | 6277322 | 0 | 0 | 0 | 0 | 0 | 0 | 0 | 7106250 | 7106250 | 7106250 | 7106250 | 0 | 1283912.843 | 7106250 | 0 | 791517.675 | 0 | 0
2026-07-06 12:47:58,Luxury Tax Calculator,ADDED,3rd Incremental Tax Bracket | 0 | 0 | 0 | 0 | 0 | 0 | 0 | 31267500 | 0 | 0 | 0 | 0 | 0 | 0 | 0 | 0 | 0 | 0 | 0 | 5934698 | 19897500 | 19897500 | 19897500 | 0 | 0 | 19897500 | 0 | 0 | 0 | 0
2026-07-06 12:47:58,Luxury Tax Calculator,ADDED,4th Incremental Tax Bracket | 0 | 0 | 0 | 0 | 0 | 0 | 0 | 38373750 | 0 | 0 | 0 | 0 | 0 | 0 | 0 | 0 | 0 | 0 | 0 | 0 | 27003750 | 27003750 | 27003750 | 0 | 0 | 27003750 | 0 | 0 | 0 | 0
2026-07-06 12:47:58,Luxury Tax Calculator,ADDED,5th Incremental Tax Bracket | 0 | 0 | 0 | 0 | 0 | 0 | 0 | 5522491.75 | 0 | 0 | 0 | 0 | 0 | 0 | 0 | 0 | 0 | 0 | 0 | 0 | 29846250 | 29846250 | 29846250 | 0 | 0 | 20128825.5 | 0 | 0 | 0 | 0
2026-07-06 12:47:58,Luxury Tax Calculator,ADDED,6th Incremental Tax Bracket | 0 | 0 | 0 | 0 | 0 | 0 | 0 | 0 | 0 | 0 | 0 | 0 | 0 | 0 | 0 | 0 | 0 | 0 | 0 | 0 | 32688750 | 8885590.23 | 32688750 | 0 | 0 | 0 | 0 | 0 | 0 | 0
2026-07-06 12:47:58,Luxury Tax Calculator,ADDED,7th Incremental Tax Bracket | 0 | 0 | 0 | 0 | 0 | 0 | 0 | 0 | 0 | 0 | 0 | 0 | 0 | 0 | 0 | 0 | 0 | 0 | 0 | 0 | 13747562.5 | 0 | 35531250 | 0 | 0 | 0 | 0 | 0 | 0 | 0
2026-07-06 12:47:58,Luxury Tax Calculator,ADDED,8th Incremental Tax Bracket | 0 | 0 | 0 | 0 | 0 | 0 | 0 | 0 | 0 | 0 | 0 | 0 | 0 | 0 | 0 | 0 | 0 | 0 | 0 | 0 | 0 | 0 | 38373750 | 0 | 0 | 0 | 0 | 0 | 0 | 0
2026-07-06 12:47:58,Luxury Tax Calculator,ADDED,9th Incremental Tax Bracket | 0 | 0 | 0 | 0 | 0 | 0 | 0 | 0 | 0 | 0 | 0 | 0 | 0 | 0 | 0 | 0 | 0 | 0 | 0 | 0 | 0 | 0 | 41216250 | 0 | 0 | 0 | 0 | 0 | 0 | 0
2026-07-06 12:47:58,Luxury Tax Calculator,ADDED,Tax Liability | 0 | 0 | 0 | 0 | 0 | 0 | 0 | 110694991.8 | 0 | 0 | 0 | 11962322 | 0 | 0 | 0 | 4179835 | 0 | 2536082 | 435790.92 | 18725948 | 135975062.5 | 98424340.23 | 237348750 | 2106829.571 | 6968912.843 | 79821325.5 | 0 | 6476517.675 | 0 | 0
2026-07-06 12:48:58,PHL,ADDED, |  | 57736350.0 | 61672814 | 65609278 |  |  |  | 185018442
2026-07-06 12:48:58,PHL,ADDED, |  | 657622 |  |  |  |  |  | 657622
2026-07-06 12:48:58,PHL,REMOVED, |  |  |  |  |  |  |  | 0
2026-07-06 12:48:58,PHL,REMOVED, |  |  |  |  |  |  |  | 0
2026-07-06 12:48:58,PHL,REMOVED,"TEAM SALARY (Art, I §1 (nnn)): |  | 291417613.4 | 247435004.5 | 200747504.7 | 6508870.2 | 0 | 0 | 746108992.8"
2026-07-06 12:48:58,PHL,ADDED,"TEAM SALARY (Art, I §1 (nnn)): |  | 349811585.4 | 309107818.5 | 266356782.7 | 6508870.2 | 0 | 0 | 931785056.8"
2026-07-06 12:49:58,PHL,REMOVED,"George, Paul | 1 - FULL SEASON | 54126380.0 | 56586670.0 |  |  |  |  | 110713050"
2026-07-06 12:49:58,PHL,ADDED,"Brown, Jaylen | 1 - FULL SEASON | 57736350.0 | 61672814.0 | 65609278.0 |  |  |  | 185018442"
2026-07-06 12:49:58,PHL,REMOVED,"Brown, Jaylen | 1 - FULL SEASON | 57078728.0 | 61015192.0 | 64951656.0 |  |  |  | 183045576"
2026-07-06 12:49:58,PHL,REMOVED, |  |  |  |  |  |  |  | 0
2026-07-06 12:49:58,PHL,REMOVED, |  | 57736350.0 | 61672814 | 65609278 |  |  |  | 185018442
2026-07-06 12:49:58,PHL,REMOVED, |  | 657622 |  |  |  |  |  | 657622
2026-07-06 12:49:58,PHL,ADDED,"Brown, Jaylen | 1 - FULL SEASON | 57736350.0 | 61672814.0 | 65609278.0 |  |  |  | 185018442"
2026-07-06 12:49:58,PHL,REMOVED,"TEAM SALARY (Art, I §1 (nnn)): |  | 349811585.4 | 309107818.5 | 266356782.7 | 6508870.2 | 0 | 0 | 931785056.8"
2026-07-06 12:49:58,PHL,ADDED, |  |  |  |  |  |  |  | 0
2026-07-06 12:49:58,PHL,ADDED, |  |  |  |  |  |  |  | 0
2026-07-06 12:49:58,PHL,ADDED, |  |  |  |  |  |  |  | 0
2026-07-06 12:49:58,PHL,ADDED,"TEAM SALARY (Art, I §1 (nnn)): |  | 295685205.4 | 253178770.5 | 267014404.7 | 6508870.2 | 0 | 0 | 822387250.8"
2026-07-06 12:49:58,PHL,REMOVED,Players Under Contract |  | 240664736.3 | 247435004.5 | 200747504.7 | 6508870.2 | 0 | 0 | BOLD = Option Year
2026-07-06 12:49:58,PHL,REMOVED,"Full Season Contracts |  | 240664736.3 | 247435004.5 | 200747504.7 | 6508870.2 | 0 | 0 | *=Projected Exten,,"
2026-07-06 12:49:58,PHL,ADDED,Players Under Contract |  | 244932328.3 | 253178770.5 | 267014404.7 | 6508870.2 | 0 | 0 | BOLD = Option Year
2026-07-06 12:49:58,PHL,ADDED,"Full Season Contracts |  | 244932328.3 | 253178770.5 | 267014404.7 | 6508870.2 | 0 | 0 | *=Projected Exten,,"
2026-07-06 12:49:58,Luxury Tax Calculator,REMOVED,Luxury Tax | 0 | 0 | 0 | 0 | 0 | 0 | 0 | 23501723 | 0 | 0 | 0 | 10706857.6 | 0 | 0 | 0 | 4179835 | 0 | 2536082 | 435790.92 | 13065628 | 36309610 | 29970320.04 | 52769736.3 | 702276.5238 | 6712130.274 | 26574062 | 0 | 6318214.14 | 0 | 0
2026-07-06 12:49:58,Luxury Tax Calculator,ADDED,Luxury Tax | 0 | 0 | 0 | 0 | 0 | 0 | 0 | 23501723 | 0 | 0 | 0 | 10706857.6 | 0 | 0 | 0 | 4179835 | 0 | 2536082 | 435790.92 | 13065628 | 36309610 | 29970320.04 | 57037328.3 | 702276.5238 | 6712130.274 | 26574062 | 0 | 6318214.14 | 0 | 0
2026-07-06 12:51:00,PHL,REMOVED,"Brown, Jaylen | 1 - FULL SEASON | 57736350.0 | 61672814.0 | 65609278.0 |  |  |  | 185018442"
2026-07-06 12:51:00,PHL,REMOVED,"TEAM SALARY (Art, I §1 (nnn)): |  | 295685205.4 | 253178770.5 | 267014404.7 | 6508870.2 | 0 | 0 | 822387250.8"
2026-07-06 12:51:00,PHL,ADDED, |  |  |  |  |  |  |  | 0
2026-07-06 12:51:00,PHL,ADDED,"TEAM SALARY (Art, I §1 (nnn)): |  | 237948855.4 | 191505956.5 | 201405126.7 | 6508870.2 | 0 | 0 | 637368808.8"
2026-07-06 12:51:00,PHL,REMOVED,Players Under Contract |  | 244932328.3 | 253178770.5 | 267014404.7 | 6508870.2 | 0 | 0 | BOLD = Option Year
2026-07-06 12:51:00,PHL,REMOVED,"Full Season Contracts |  | 244932328.3 | 253178770.5 | 267014404.7 | 6508870.2 | 0 | 0 | *=Projected Exten,,"
2026-07-06 12:51:00,PHL,ADDED,Players Under Contract |  | 187195978.3 | 191505956.5 | 201405126.7 | 6508870.2 | 0 | 0 | BOLD = Option Year
2026-07-06 12:51:00,PHL,ADDED,"Full Season Contracts |  | 187195978.3 | 191505956.5 | 201405126.7 | 6508870.2 | 0 | 0 | *=Projected Exten,,"
2026-07-06 12:51:00,PHL,REMOVED,"Avg, Salary (Mean) (ALL Compensation Obligations) |  |  | Players Under Contract |  | 12"
2026-07-06 12:51:00,PHL,REMOVED,"Avg, Salary (Mean) (No 10-Day K's) |  |  | Avaiable Spots |  | 3"
2026-07-06 12:51:00,PHL,REMOVED,"Avg, Salary (Mean) (No 10-Day K's & ROS) |  |  | Players to Reach Roster Min, |  | 1"
2026-07-06 12:51:00,PHL,ADDED,"Avg, Salary (Mean) (ALL Compensation Obligations) |  |  | Players Under Contract |  | 11"
2026-07-06 12:51:00,PHL,ADDED,"Avg, Salary (Mean) (No 10-Day K's) |  |  | Avaiable Spots |  | 4"
2026-07-06 12:51:00,PHL,ADDED,"Avg, Salary (Mean) (No 10-Day K's & ROS) |  |  | Players to Reach Roster Min, |  | 2"
2026-07-06 12:51:00,Luxury Tax Calculator,REMOVED,Luxury Tax | 0 | 0 | 0 | 0 | 0 | 0 | 0 | 23501723 | 0 | 0 | 0 | 10706857.6 | 0 | 0 | 0 | 4179835 | 0 | 2536082 | 435790.92 | 13065628 | 36309610 | 29970320.04 | 57037328.3 | 702276.5238 | 6712130.274 | 26574062 | 0 | 6318214.14 | 0 | 0
2026-07-06 12:51:00,Luxury Tax Calculator,REMOVED,1st Incremental Tax Bracket | 0 | 0 | 0 | 0 | 0 | 0 | 0 | 17055000 | 0 | 0 | 0 | 5685000 | 0 | 0 | 0 | 4179835 | 0 | 2536082 | 435790.92 | 5685000 | 5685000 | 5685000 | 5685000 | 2106829.571 | 5685000 | 5685000 | 0 | 5685000 | 0 | 0
2026-07-06 12:51:00,Luxury Tax Calculator,REMOVED,2nd Incremental Tax Bracket | 0 | 0 | 0 | 0 | 0 | 0 | 0 | 18476250 | 0 | 0 | 0 | 6277322 | 0 | 0 | 0 | 0 | 0 | 0 | 0 | 7106250 | 7106250 | 7106250 | 7106250 | 0 | 1283912.843 | 7106250 | 0 | 791517.675 | 0 | 0
2026-07-06 12:51:00,Luxury Tax Calculator,REMOVED,3rd Incremental Tax Bracket | 0 | 0 | 0 | 0 | 0 | 0 | 0 | 31267500 | 0 | 0 | 0 | 0 | 0 | 0 | 0 | 0 | 0 | 0 | 0 | 5934698 | 19897500 | 19897500 | 19897500 | 0 | 0 | 19897500 | 0 | 0 | 0 | 0
2026-07-06 12:51:00,Luxury Tax Calculator,REMOVED,4th Incremental Tax Bracket | 0 | 0 | 0 | 0 | 0 | 0 | 0 | 38373750 | 0 | 0 | 0 | 0 | 0 | 0 | 0 | 0 | 0 | 0 | 0 | 0 | 27003750 | 27003750 | 27003750 | 0 | 0 | 27003750 | 0 | 0 | 0 | 0
2026-07-06 12:51:00,Luxury Tax Calculator,REMOVED,5th Incremental Tax Bracket | 0 | 0 | 0 | 0 | 0 | 0 | 0 | 5522491.75 | 0 | 0 | 0 | 0 | 0 | 0 | 0 | 0 | 0 | 0 | 0 | 0 | 29846250 | 29846250 | 29846250 | 0 | 0 | 20128825.5 | 0 | 0 | 0 | 0
2026-07-06 12:51:00,Luxury Tax Calculator,REMOVED,6th Incremental Tax Bracket | 0 | 0 | 0 | 0 | 0 | 0 | 0 | 0 | 0 | 0 | 0 | 0 | 0 | 0 | 0 | 0 | 0 | 0 | 0 | 0 | 32688750 | 8885590.23 | 32688750 | 0 | 0 | 0 | 0 | 0 | 0 | 0
2026-07-06 12:51:00,Luxury Tax Calculator,REMOVED,7th Incremental Tax Bracket | 0 | 0 | 0 | 0 | 0 | 0 | 0 | 0 | 0 | 0 | 0 | 0 | 0 | 0 | 0 | 0 | 0 | 0 | 0 | 0 | 13747562.5 | 0 | 35531250 | 0 | 0 | 0 | 0 | 0 | 0 | 0
2026-07-06 12:51:00,Luxury Tax Calculator,REMOVED,8th Incremental Tax Bracket | 0 | 0 | 0 | 0 | 0 | 0 | 0 | 0 | 0 | 0 | 0 | 0 | 0 | 0 | 0 | 0 | 0 | 0 | 0 | 0 | 0 | 0 | 38373750 | 0 | 0 | 0 | 0 | 0 | 0 | 0
2026-07-06 12:51:00,Luxury Tax Calculator,REMOVED,9th Incremental Tax Bracket | 0 | 0 | 0 | 0 | 0 | 0 | 0 | 0 | 0 | 0 | 0 | 0 | 0 | 0 | 0 | 0 | 0 | 0 | 0 | 0 | 0 | 0 | 41216250 | 0 | 0 | 0 | 0 | 0 | 0 | 0
2026-07-06 12:51:00,Luxury Tax Calculator,REMOVED,Tax Liability | 0 | 0 | 0 | 0 | 0 | 0 | 0 | 110694991.8 | 0 | 0 | 0 | 11962322 | 0 | 0 | 0 | 4179835 | 0 | 2536082 | 435790.92 | 18725948 | 135975062.5 | 98424340.23 | 237348750 | 2106829.571 | 6968912.843 | 79821325.5 | 0 | 6476517.675 | 0 | 0
2026-07-06 12:51:00,Luxury Tax Calculator,ADDED,Luxury Tax | 0 | 0 | 0 | 0 | 0 | 0 | 0 | 23501723 | 0 | 0 | 0 | 10706857.6 | 0 | 0 | 0 | 4179835 | 0 | 2536082 | 435790.92 | 13065628 | 36309610 | 29970320.04 | 0 | 702276.5238 | 6712130.274 | 26574062 | 0 | 6318214.14 | 0 | 0
2026-07-06 12:51:00,Luxury Tax Calculator,ADDED,1st Incremental Tax Bracket | 0 | 0 | 0 | 0 | 0 | 0 | 0 | 17055000 | 0 | 0 | 0 | 5685000 | 0 | 0 | 0 | 4179835 | 0 | 2536082 | 435790.92 | 5685000 | 5685000 | 5685000 | 0 | 2106829.571 | 5685000 | 5685000 | 0 | 5685000 | 0 | 0
2026-07-06 12:51:00,Luxury Tax Calculator,ADDED,2nd Incremental Tax Bracket | 0 | 0 | 0 | 0 | 0 | 0 | 0 | 18476250 | 0 | 0 | 0 | 6277322 | 0 | 0 | 0 | 0 | 0 | 0 | 0 | 7106250 | 7106250 | 7106250 | 0 | 0 | 1283912.843 | 7106250 | 0 | 791517.675 | 0 | 0
2026-07-06 12:51:00,Luxury Tax Calculator,ADDED,3rd Incremental Tax Bracket | 0 | 0 | 0 | 0 | 0 | 0 | 0 | 31267500 | 0 | 0 | 0 | 0 | 0 | 0 | 0 | 0 | 0 | 0 | 0 | 5934698 | 19897500 | 19897500 | 0 | 0 | 0 | 19897500 | 0 | 0 | 0 | 0
2026-07-06 12:51:00,Luxury Tax Calculator,ADDED,4th Incremental Tax Bracket | 0 | 0 | 0 | 0 | 0 | 0 | 0 | 38373750 | 0 | 0 | 0 | 0 | 0 | 0 | 0 | 0 | 0 | 0 | 0 | 0 | 27003750 | 27003750 | 0 | 0 | 0 | 27003750 | 0 | 0 | 0 | 0
2026-07-06 12:51:00,Luxury Tax Calculator,ADDED,5th Incremental Tax Bracket | 0 | 0 | 0 | 0 | 0 | 0 | 0 | 5522491.75 | 0 | 0 | 0 | 0 | 0 | 0 | 0 | 0 | 0 | 0 | 0 | 0 | 29846250 | 29846250 | 0 | 0 | 0 | 20128825.5 | 0 | 0 | 0 | 0
2026-07-06 12:51:00,Luxury Tax Calculator,ADDED,6th Incremental Tax Bracket | 0 | 0 | 0 | 0 | 0 | 0 | 0 | 0 | 0 | 0 | 0 | 0 | 0 | 0 | 0 | 0 | 0 | 0 | 0 | 0 | 32688750 | 8885590.23 | 0 | 0 | 0 | 0 | 0 | 0 | 0 | 0
2026-07-06 12:51:00,Luxury Tax Calculator,ADDED,7th Incremental Tax Bracket | 0 | 0 | 0 | 0 | 0 | 0 | 0 | 0 | 0 | 0 | 0 | 0 | 0 | 0 | 0 | 0 | 0 | 0 | 0 | 0 | 13747562.5 | 0 | 0 | 0 | 0 | 0 | 0 | 0 | 0 | 0
2026-07-06 12:51:00,Luxury Tax Calculator,ADDED,8th Incremental Tax Bracket | 0 | 0 | 0 | 0 | 0 | 0 | 0 | 0 | 0 | 0 | 0 | 0 | 0 | 0 | 0 | 0 | 0 | 0 | 0 | 0 | 0 | 0 | 0 | 0 | 0 | 0 | 0 | 0 | 0 | 0
2026-07-06 12:51:00,Luxury Tax Calculator,ADDED,9th Incremental Tax Bracket | 0 | 0 | 0 | 0 | 0 | 0 | 0 | 0 | 0 | 0 | 0 | 0 | 0 | 0 | 0 | 0 | 0 | 0 | 0 | 0 | 0 | 0 | 0 | 0 | 0 | 0 | 0 | 0 | 0 | 0
2026-07-06 12:51:00,Luxury Tax Calculator,ADDED,Tax Liability | 0 | 0 | 0 | 0 | 0 | 0 | 0 | 110694991.8 | 0 | 0 | 0 | 11962322 | 0 | 0 | 0 | 4179835 | 0 | 2536082 | 435790.92 | 18725948 | 135975062.5 | 98424340.23 | 0 | 2106829.571 | 6968912.843 | 79821325.5 | 0 | 6476517.675 | 0 | 0
2026-07-06 12:53:58,CHI,REMOVED,"Simons, Anfernee | 4 - CAP HOLD | 41517856.5 |  |  |  |  |  | 41517856.5"
2026-07-06 12:53:58,CHI,ADDED,"Jefferson, Joshua | 6 - DRAFT PICK | 2969520.0 | 3118560.0 | 3266880.0 | 5896718.4 |  |  | 15251678.4"
2026-07-06 12:53:58,CHI,REMOVED, |  |  |  |  |  |  |  | 0
2026-07-06 12:53:58,CHI,REMOVED, |  |  |  |  |  |  |  | 0
2026-07-06 12:53:58,CHI,REMOVED,"Jefferson, Joshua | 6 - DRAFT PICK | 2969520.0 | 3118560.0 | 3266880.0 | 5896718.4 |  |  | 15251678.4"
2026-07-06 12:53:58,CHI,REMOVED,"TEAM SALARY (Art, I §1 (nnn)): |  | 214839937.5 | 101370537.8 | 71711583 | 29136526.56 | 0 | 0 | 417058584.8"
2026-07-06 12:53:58,CHI,ADDED, |  |  |  |  |  |  |  | 0
2026-07-06 12:53:58,CHI,ADDED, |  |  |  |  |  |  |  | 0
2026-07-06 12:53:58,CHI,ADDED, |  |  |  |  |  |  |  | 0
2026-07-06 12:53:58,CHI,ADDED,"TEAM SALARY (Art, I §1 (nnn)): |  | 173322081 | 101370537.8 | 71711583 | 29136526.56 | 0 | 0 | 375540728.3"
2026-07-06 12:53:58,CHI,REMOVED,Cap Holds |  | 91279198.5 | 0 | 0 | 0 | 0 | 0
2026-07-06 12:53:58,CHI,ADDED,Cap Holds |  | 49761342 | 0 | 0 | 0 | 0 | 0
2026-07-06 12:53:58,CHI,REMOVED, |  |  | Cap Holds |  | 6
2026-07-06 12:53:58,CHI,ADDED, |  |  | Cap Holds |  | 5
2026-07-06 12:53:58,CLE,REMOVED,"Wade, Dean | 4 - CAP HOLD | 12584566.399999999 |  |  |  |  |  | 12584566.4"
2026-07-06 12:53:58,CLE,REMOVED,"TEAM SALARY (Art, I §1 (nnn)): |  | 262899800.7 | 173689767.5 | 105956601 | 64158364 | 0 | 0 | 606704533.2"
2026-07-06 12:53:58,CLE,ADDED, |  |  |  |  |  |  |  | 0
2026-07-06 12:53:58,CLE,ADDED,"TEAM SALARY (Art, I §1 (nnn)): |  | 250315234.3 | 173689767.5 | 105956601 | 64158364 | 0 | 0 | 594119966.8"
2026-07-06 12:53:58,CLE,REMOVED,Cap Holds |  | 81648587 | 0 | 0 | 0 | 0 | 0
2026-07-06 12:53:58,CLE,ADDED,Cap Holds |  | 69064020.6 | 0 | 0 | 0 | 0 | 0
2026-07-06 12:53:58,CLE,REMOVED, |  |  | Cap Holds |  | 11
2026-07-06 12:53:58,CLE,ADDED, |  |  | Cap Holds |  | 10
2026-07-06 12:54:57,PHL,ADDED,"Simons, Anfernee | 1 - FULL SEASON | 6000000.0 | 6300000.0 |  |  |  |  | 12300000"
2026-07-06 12:54:57,PHL,REMOVED, |  |  |  |  |  |  |  | 0
2026-07-06 12:54:57,PHL,REMOVED,"TEAM SALARY (Art, I §1 (nnn)): |  | 237948855.4 | 191505956.5 | 201405126.7 | 6508870.2 | 0 | 0 | 637368808.8"
2026-07-06 12:54:57,PHL,ADDED,"TEAM SALARY (Art, I §1 (nnn)): |  | 243948855.4 | 197805956.5 | 201405126.7 | 6508870.2 | 0 | 0 | 649668808.8"
2026-07-06 12:54:57,PHL,REMOVED,Players Under Contract |  | 187195978.3 | 191505956.5 | 201405126.7 | 6508870.2 | 0 | 0 | BOLD = Option Year
2026-07-06 12:54:57,PHL,REMOVED,"Full Season Contracts |  | 187195978.3 | 191505956.5 | 201405126.7 | 6508870.2 | 0 | 0 | *=Projected Exten,,"
2026-07-06 12:54:57,PHL,ADDED,Players Under Contract |  | 193195978.3 | 197805956.5 | 201405126.7 | 6508870.2 | 0 | 0 | BOLD = Option Year
2026-07-06 12:54:57,PHL,ADDED,"Full Season Contracts |  | 193195978.3 | 197805956.5 | 201405126.7 | 6508870.2 | 0 | 0 | *=Projected Exten,,"
2026-07-06 12:54:57,PHL,REMOVED,"Avg, Salary (Mean) (ALL Compensation Obligations) |  |  | Players Under Contract |  | 11"
2026-07-06 12:54:57,PHL,REMOVED,"Avg, Salary (Mean) (No 10-Day K's) |  |  | Avaiable Spots |  | 4"
2026-07-06 12:54:57,PHL,REMOVED,"Avg, Salary (Mean) (No 10-Day K's & ROS) |  |  | Players to Reach Roster Min, |  | 2"
2026-07-06 12:54:57,PHL,ADDED,"Avg, Salary (Mean) (ALL Compensation Obligations) |  |  | Players Under Contract |  | 12"
2026-07-06 12:54:57,PHL,ADDED,"Avg, Salary (Mean) (No 10-Day K's) |  |  | Avaiable Spots |  | 3"
2026-07-06 12:54:57,PHL,ADDED,"Avg, Salary (Mean) (No 10-Day K's & ROS) |  |  | Players to Reach Roster Min, |  | 1"
2026-07-06 12:54:57,Luxury Tax Calculator,REMOVED,Luxury Tax | 0 | 0 | 0 | 0 | 0 | 0 | 0 | 23501723 | 0 | 0 | 0 | 10706857.6 | 0 | 0 | 0 | 4179835 | 0 | 2536082 | 435790.92 | 13065628 | 36309610 | 29970320.04 | 0 | 702276.5238 | 6712130.274 | 26574062 | 0 | 6318214.14 | 0 | 0
2026-07-06 12:54:57,Luxury Tax Calculator,REMOVED,1st Incremental Tax Bracket | 0 | 0 | 0 | 0 | 0 | 0 | 0 | 17055000 | 0 | 0 | 0 | 5685000 | 0 | 0 | 0 | 4179835 | 0 | 2536082 | 435790.92 | 5685000 | 5685000 | 5685000 | 0 | 2106829.571 | 5685000 | 5685000 | 0 | 5685000 | 0 | 0
2026-07-06 12:54:57,Luxury Tax Calculator,ADDED,Luxury Tax | 0 | 0 | 0 | 0 | 0 | 0 | 0 | 23501723 | 0 | 0 | 0 | 10706857.6 | 0 | 0 | 0 | 4179835 | 0 | 2536082 | 435790.92 | 13065628 | 36309610 | 29970320.04 | 5300978.3 | 702276.5238 | 6712130.274 | 26574062 | 0 | 6318214.14 | 0 | 0
2026-07-06 12:54:57,Luxury Tax Calculator,ADDED,1st Incremental Tax Bracket | 0 | 0 | 0 | 0 | 0 | 0 | 0 | 17055000 | 0 | 0 | 0 | 5685000 | 0 | 0 | 0 | 4179835 | 0 | 2536082 | 435790.92 | 5685000 | 5685000 | 5685000 | 5300978.3 | 2106829.571 | 5685000 | 5685000 | 0 | 5685000 | 0 | 0
2026-07-06 12:54:57,Luxury Tax Calculator,REMOVED,Tax Liability | 0 | 0 | 0 | 0 | 0 | 0 | 0 | 110694991.8 | 0 | 0 | 0 | 11962322 | 0 | 0 | 0 | 4179835 | 0 | 2536082 | 435790.92 | 18725948 | 135975062.5 | 98424340.23 | 0 | 2106829.571 | 6968912.843 | 79821325.5 | 0 | 6476517.675 | 0 | 0
2026-07-06 12:54:57,Luxury Tax Calculator,ADDED,Tax Liability | 0 | 0 | 0 | 0 | 0 | 0 | 0 | 110694991.8 | 0 | 0 | 0 | 11962322 | 0 | 0 | 0 | 4179835 | 0 | 2536082 | 435790.92 | 18725948 | 135975062.5 | 98424340.23 | 5300978.3 | 2106829.571 | 6968912.843 | 79821325.5 | 0 | 6476517.675 | 0 | 0
2026-07-06 13:01:57,PHL,ADDED,"Wade, Dean | 1 - FULL SEASON | 9000000.0 | 9450000.0 | 9900000.0 |  |  |  | 28350000"
2026-07-06 13:01:57,PHL,REMOVED, |  |  |  |  |  |  |  | 0
2026-07-06 13:01:57,PHL,REMOVED,"TEAM SALARY (Art, I §1 (nnn)): |  | 243948855.4 | 197805956.5 | 201405126.7 | 6508870.2 | 0 | 0 | 649668808.8"
2026-07-06 13:01:57,PHL,ADDED,"TEAM SALARY (Art, I §1 (nnn)): |  | 252948855.4 | 207255956.5 | 211305126.7 | 6508870.2 | 0 | 0 | 678018808.8"
2026-07-06 13:01:57,PHL,REMOVED,Players Under Contract |  | 193195978.3 | 197805956.5 | 201405126.7 | 6508870.2 | 0 | 0 | BOLD = Option Year
2026-07-06 13:01:57,PHL,REMOVED,"Full Season Contracts |  | 193195978.3 | 197805956.5 | 201405126.7 | 6508870.2 | 0 | 0 | *=Projected Exten,,"
2026-07-06 13:01:57,PHL,ADDED,Players Under Contract |  | 202195978.3 | 207255956.5 | 211305126.7 | 6508870.2 | 0 | 0 | BOLD = Option Year
2026-07-06 13:01:57,PHL,ADDED,"Full Season Contracts |  | 202195978.3 | 207255956.5 | 211305126.7 | 6508870.2 | 0 | 0 | *=Projected Exten,,"
2026-07-06 13:01:57,PHL,REMOVED,"Avg, Salary (Mean) (ALL Compensation Obligations) |  |  | Players Under Contract |  | 12"
2026-07-06 13:01:57,PHL,REMOVED,"Avg, Salary (Mean) (No 10-Day K's) |  |  | Avaiable Spots |  | 3"
2026-07-06 13:01:57,PHL,REMOVED,"Avg, Salary (Mean) (No 10-Day K's & ROS) |  |  | Players to Reach Roster Min, |  | 1"
2026-07-06 13:01:57,PHL,ADDED,"Avg, Salary (Mean) (ALL Compensation Obligations) |  |  | Players Under Contract |  | 13"
2026-07-06 13:01:57,PHL,ADDED,"Avg, Salary (Mean) (No 10-Day K's) |  |  | Avaiable Spots |  | 2"
2026-07-06 13:01:57,PHL,ADDED,"Avg, Salary (Mean) (No 10-Day K's & ROS) |  |  | Players to Reach Roster Min, |  | 0"
2026-07-06 13:01:57,Luxury Tax Calculator,REMOVED,Luxury Tax | 0 | 0 | 0 | 0 | 0 | 0 | 0 | 23501723 | 0 | 0 | 0 | 10706857.6 | 0 | 0 | 0 | 4179835 | 0 | 2536082 | 435790.92 | 13065628 | 36309610 | 29970320.04 | 5300978.3 | 702276.5238 | 6712130.274 | 26574062 | 0 | 6318214.14 | 0 | 0
2026-07-06 13:01:57,Luxury Tax Calculator,REMOVED,1st Incremental Tax Bracket | 0 | 0 | 0 | 0 | 0 | 0 | 0 | 17055000 | 0 | 0 | 0 | 5685000 | 0 | 0 | 0 | 4179835 | 0 | 2536082 | 435790.92 | 5685000 | 5685000 | 5685000 | 5300978.3 | 2106829.571 | 5685000 | 5685000 | 0 | 5685000 | 0 | 0
2026-07-06 13:01:57,Luxury Tax Calculator,REMOVED,2nd Incremental Tax Bracket | 0 | 0 | 0 | 0 | 0 | 0 | 0 | 18476250 | 0 | 0 | 0 | 6277322 | 0 | 0 | 0 | 0 | 0 | 0 | 0 | 7106250 | 7106250 | 7106250 | 0 | 0 | 1283912.843 | 7106250 | 0 | 791517.675 | 0 | 0
2026-07-06 13:01:57,Luxury Tax Calculator,REMOVED,3rd Incremental Tax Bracket | 0 | 0 | 0 | 0 | 0 | 0 | 0 | 31267500 | 0 | 0 | 0 | 0 | 0 | 0 | 0 | 0 | 0 | 0 | 0 | 5934698 | 19897500 | 19897500 | 0 | 0 | 0 | 19897500 | 0 | 0 | 0 | 0
2026-07-06 13:01:57,Luxury Tax Calculator,ADDED,Luxury Tax | 0 | 0 | 0 | 0 | 0 | 0 | 0 | 23501723 | 0 | 0 | 0 | 10706857.6 | 0 | 0 | 0 | 4179835 | 0 | 2536082 | 435790.92 | 13065628 | 36309610 | 29970320.04 | 14300978.3 | 702276.5238 | 6712130.274 | 26574062 | 0 | 6318214.14 | 0 | 0
2026-07-06 13:01:57,Luxury Tax Calculator,ADDED,1st Incremental Tax Bracket | 0 | 0 | 0 | 0 | 0 | 0 | 0 | 17055000 | 0 | 0 | 0 | 5685000 | 0 | 0 | 0 | 4179835 | 0 | 2536082 | 435790.92 | 5685000 | 5685000 | 5685000 | 5685000 | 2106829.571 | 5685000 | 5685000 | 0 | 5685000 | 0 | 0
2026-07-06 13:01:57,Luxury Tax Calculator,ADDED,2nd Incremental Tax Bracket | 0 | 0 | 0 | 0 | 0 | 0 | 0 | 18476250 | 0 | 0 | 0 | 6277322 | 0 | 0 | 0 | 0 | 0 | 0 | 0 | 7106250 | 7106250 | 7106250 | 7106250 | 0 | 1283912.843 | 7106250 | 0 | 791517.675 | 0 | 0
2026-07-06 13:01:57,Luxury Tax Calculator,ADDED,3rd Incremental Tax Bracket | 0 | 0 | 0 | 0 | 0 | 0 | 0 | 31267500 | 0 | 0 | 0 | 0 | 0 | 0 | 0 | 0 | 0 | 0 | 0 | 5934698 | 19897500 | 19897500 | 10258424.05 | 0 | 0 | 19897500 | 0 | 0 | 0 | 0
2026-07-06 13:01:57,Luxury Tax Calculator,REMOVED,Tax Liability | 0 | 0 | 0 | 0 | 0 | 0 | 0 | 110694991.8 | 0 | 0 | 0 | 11962322 | 0 | 0 | 0 | 4179835 | 0 | 2536082 | 435790.92 | 18725948 | 135975062.5 | 98424340.23 | 5300978.3 | 2106829.571 | 6968912.843 | 79821325.5 | 0 | 6476517.675 | 0 | 0
2026-07-06 13:01:57,Luxury Tax Calculator,ADDED,Tax Liability | 0 | 0 | 0 | 0 | 0 | 0 | 0 | 110694991.8 | 0 | 0 | 0 | 11962322 | 0 | 0 | 0 | 4179835 | 0 | 2536082 | 435790.92 | 18725948 | 135975062.5 | 98424340.23 | 23049674.05 | 2106829.571 | 6968912.843 | 79821325.5 | 0 | 6476517.675 | 0 | 0
2026-07-06 13:02:57,PHL,ADDED,"Wade, Dean | 1 - FULL SEASON | 9000000.0 | 9450000.0 | 9900000.0 | 10350000.0 |  |  | 38700000"
2026-07-06 13:02:57,PHL,REMOVED,"Wade, Dean | 1 - FULL SEASON | 9000000.0 | 9450000.0 | 9900000.0 |  |  |  | 28350000"
2026-07-06 13:02:57,PHL,REMOVED,"TEAM SALARY (Art, I §1 (nnn)): |  | 252948855.4 | 207255956.5 | 211305126.7 | 6508870.2 | 0 | 0 | 678018808.8"
2026-07-06 13:02:57,PHL,ADDED,"TEAM SALARY (Art, I §1 (nnn)): |  | 252948855.4 | 207255956.5 | 211305126.7 | 16858870.2 | 0 | 0 | 688368808.8"
2026-07-06 13:02:57,PHL,REMOVED,Players Under Contract |  | 202195978.3 | 207255956.5 | 211305126.7 | 6508870.2 | 0 | 0 | BOLD = Option Year
2026-07-06 13:02:57,PHL,REMOVED,"Full Season Contracts |  | 202195978.3 | 207255956.5 | 211305126.7 | 6508870.2 | 0 | 0 | *=Projected Exten,,"
2026-07-06 13:02:57,PHL,ADDED,Players Under Contract |  | 202195978.3 | 207255956.5 | 211305126.7 | 16858870.2 | 0 | 0 | BOLD = Option Year
2026-07-06 13:02:57,PHL,ADDED,"Full Season Contracts |  | 202195978.3 | 207255956.5 | 211305126.7 | 16858870.2 | 0 | 0 | *=Projected Exten,,"
2026-07-06 13:19:01,BKN,ADDED,"Powell, Drake | 1 - FULL SEASON | 3540600.0 | 3709320.0 | 6101831.0 |  |  |  | 13351751"
2026-07-06 13:19:01,BKN,REMOVED,"Minott, Josh | 4 - CAP HOLD | 2449421.0 |  |  |  |  |  | 2449421"
2026-07-06 13:19:01,BKN,ADDED,"Minott, Josh | 1 - FULL SEASON | 4500000.0 | 4500000.0 |  |  |  |  | 9000000"
2026-07-06 13:19:01,BKN,REMOVED, |  |  |  |  |  |  |  | 0
2026-07-06 13:19:01,BKN,REMOVED,"TEAM SALARY (Art, I §1 (nnn)): |  | 164524574.6 | 68061520 | 43145048 | 12256488 | 0 | 0 | 287987630.6"
2026-07-06 13:19:01,BKN,ADDED,"TEAM SALARY (Art, I §1 (nnn)): |  | 170115753.6 | 76270840 | 49246879 | 12256488 | 0 | 0 | 307889960.6"
2026-07-06 13:19:01,BKN,REMOVED,Players Under Contract |  | 116725158.5 | 68061520 | 43145048 | 12256488 | 0 | 0 | BOLD = Option Year
2026-07-06 13:19:01,BKN,REMOVED,"Full Season Contracts |  | 116725158.5 | 68061520 | 43145048 | 12256488 | 0 | 0 | *=Projected Exten,,"
2026-07-06 13:19:01,BKN,ADDED,Players Under Contract |  | 124765758.5 | 76270840 | 49246879 | 12256488 | 0 | 0 | BOLD = Option Year
2026-07-06 13:19:01,BKN,ADDED,"Full Season Contracts |  | 124765758.5 | 76270840 | 49246879 | 12256488 | 0 | 0 | *=Projected Exten,,"
2026-07-06 13:19:01,BKN,REMOVED,Cap Holds |  | 47799416.04 | 0 | 0 | 0 | 0 | 0
2026-07-06 13:19:01,BKN,ADDED,Cap Holds |  | 45349995.04 | 0 | 0 | 0 | 0 | 0
2026-07-06 13:19:01,BKN,REMOVED,"Avg, Salary (Mean) (ALL Compensation Obligations) |  |  | Players Under Contract |  | 11"
2026-07-06 13:19:01,BKN,REMOVED,"Avg, Salary (Mean) (No 10-Day K's) |  |  | Avaiable Spots |  | 4"
2026-07-06 13:19:01,BKN,REMOVED,"Avg, Salary (Mean) (No 10-Day K's & ROS) |  |  | Players to Reach Roster Min, |  | 2"
2026-07-06 13:19:01,BKN,REMOVED, |  |  | Cap Holds |  | 5
2026-07-06 13:19:01,BKN,ADDED,"Avg, Salary (Mean) (ALL Compensation Obligations) |  |  | Players Under Contract |  | 13"
2026-07-06 13:19:01,BKN,ADDED,"Avg, Salary (Mean) (No 10-Day K's) |  |  | Avaiable Spots |  | 2"
2026-07-06 13:19:01,BKN,ADDED,"Avg, Salary (Mean) (No 10-Day K's & ROS) |  |  | Players to Reach Roster Min, |  | 0"
2026-07-06 13:19:01,BKN,ADDED, |  |  | Cap Holds |  | 4
2026-07-06 13:19:58,BKN,REMOVED,"Powell, Drake | 1 - FULL SEASON | 3540600.0 | 3709320.0 | 6101831.0 |  |  |  | 13351751"
2026-07-06 13:19:58,BKN,ADDED,"Minott, Josh | 1 - FULL SEASON | 4500000.0 | 4500000.0 |  |  |  |  | 9000000"
2026-07-06 13:19:58,BKN,REMOVED,"Minott, Josh | 1 - FULL SEASON | 4500000.0 | 4500000.0 |  |  |  |  | 9000000"
2026-07-06 13:19:58,BKN,REMOVED,"TEAM SALARY (Art, I §1 (nnn)): |  | 170115753.6 | 76270840 | 49246879 | 12256488 | 0 | 0 | 307889960.6"
2026-07-06 13:19:58,BKN,ADDED, |  |  |  |  |  |  |  | 0
2026-07-06 13:19:58,BKN,ADDED,"TEAM SALARY (Art, I §1 (nnn)): |  | 166575153.6 | 72561520 | 43145048 | 12256488 | 0 | 0 | 294538209.6"
2026-07-06 13:19:58,BKN,REMOVED,Players Under Contract |  | 124765758.5 | 76270840 | 49246879 | 12256488 | 0 | 0 | BOLD = Option Year
2026-07-06 13:19:58,BKN,REMOVED,"Full Season Contracts |  | 124765758.5 | 76270840 | 49246879 | 12256488 | 0 | 0 | *=Projected Exten,,"
2026-07-06 13:19:58,BKN,ADDED,Players Under Contract |  | 121225158.5 | 72561520 | 43145048 | 12256488 | 0 | 0 | BOLD = Option Year
2026-07-06 13:19:58,BKN,ADDED,"Full Season Contracts |  | 121225158.5 | 72561520 | 43145048 | 12256488 | 0 | 0 | *=Projected Exten,,"
2026-07-06 13:19:58,BKN,REMOVED,"Avg, Salary (Mean) (ALL Compensation Obligations) |  |  | Players Under Contract |  | 13"
2026-07-06 13:19:58,BKN,REMOVED,"Avg, Salary (Mean) (No 10-Day K's) |  |  | Avaiable Spots |  | 2"
2026-07-06 13:19:58,BKN,REMOVED,"Avg, Salary (Mean) (No 10-Day K's & ROS) |  |  | Players to Reach Roster Min, |  | 0"
2026-07-06 13:19:58,BKN,ADDED,"Avg, Salary (Mean) (ALL Compensation Obligations) |  |  | Players Under Contract |  | 12"
2026-07-06 13:19:58,BKN,ADDED,"Avg, Salary (Mean) (No 10-Day K's) |  |  | Avaiable Spots |  | 3"
2026-07-06 13:19:58,BKN,ADDED,"Avg, Salary (Mean) (No 10-Day K's & ROS) |  |  | Players to Reach Roster Min, |  | 1"
2026-07-06 13:22:58,BKN,ADDED,"Sharpe, Day'Ron | 1 - FULL SEASON | 10000000.0 | 10000000.0 |  |  |  |  | 20000000"
2026-07-06 13:22:58,BKN,REMOVED,"Sharpe, Day'Ron | 4 - CAP HOLD | 11875000.0 |  |  |  |  |  | 11875000"
2026-07-06 13:22:58,BKN,ADDED,"Sharpe, Day'Ron | 1 - FULL SEASON | 10000000.0 | 10000000.0 |  |  |  |  | 20000000"
2026-07-06 13:22:58,BKN,REMOVED, |  |  |  |  |  |  |  | 0
2026-07-06 13:22:58,BKN,REMOVED,"TEAM SALARY (Art, I §1 (nnn)): |  | 166575153.6 | 72561520 | 43145048 | 12256488 | 0 | 0 | 294538209.6"
2026-07-06 13:22:58,BKN,ADDED,"TEAM SALARY (Art, I §1 (nnn)): |  | 174700153.6 | 92561520 | 43145048 | 12256488 | 0 | 0 | 322663209.6"
2026-07-06 13:22:58,BKN,REMOVED,Players Under Contract |  | 121225158.5 | 72561520 | 43145048 | 12256488 | 0 | 0 | BOLD = Option Year
2026-07-06 13:22:58,BKN,REMOVED,"Full Season Contracts |  | 121225158.5 | 72561520 | 43145048 | 12256488 | 0 | 0 | *=Projected Exten,,"
2026-07-06 13:22:58,BKN,ADDED,Players Under Contract |  | 141225158.5 | 92561520 | 43145048 | 12256488 | 0 | 0 | BOLD = Option Year
2026-07-06 13:22:58,BKN,ADDED,"Full Season Contracts |  | 141225158.5 | 92561520 | 43145048 | 12256488 | 0 | 0 | *=Projected Exten,,"
2026-07-06 13:22:58,BKN,REMOVED,Cap Holds |  | 45349995.04 | 0 | 0 | 0 | 0 | 0
2026-07-06 13:22:58,BKN,ADDED,Cap Holds |  | 33474995.04 | 0 | 0 | 0 | 0 | 0
2026-07-06 13:22:58,BKN,REMOVED,"Avg, Salary (Mean) (ALL Compensation Obligations) |  |  | Players Under Contract |  | 12"
2026-07-06 13:22:58,BKN,REMOVED,"Avg, Salary (Mean) (No 10-Day K's) |  |  | Avaiable Spots |  | 3"
2026-07-06 13:22:58,BKN,REMOVED,"Avg, Salary (Mean) (No 10-Day K's & ROS) |  |  | Players to Reach Roster Min, |  | 1"
2026-07-06 13:22:58,BKN,REMOVED, |  |  | Cap Holds |  | 4
2026-07-06 13:22:58,BKN,ADDED,"Avg, Salary (Mean) (ALL Compensation Obligations) |  |  | Players Under Contract |  | 14"
2026-07-06 13:22:58,BKN,ADDED,"Avg, Salary (Mean) (No 10-Day K's) |  |  | Avaiable Spots |  | 1"
2026-07-06 13:22:58,BKN,ADDED,"Avg, Salary (Mean) (No 10-Day K's & ROS) |  |  | Players to Reach Roster Min, |  | 0"
2026-07-06 13:22:58,BKN,ADDED, |  |  | Cap Holds |  | 3
2026-07-06 13:23:58,BKN,REMOVED,"Sharpe, Day'Ron | 1 - FULL SEASON | 10000000.0 | 10000000.0 |  |  |  |  | 20000000"
2026-07-06 13:23:58,BKN,REMOVED,"TEAM SALARY (Art, I §1 (nnn)): |  | 174700153.6 | 92561520 | 43145048 | 12256488 | 0 | 0 | 322663209.6"
2026-07-06 13:23:58,BKN,ADDED, |  |  |  |  |  |  |  | 0
2026-07-06 13:23:58,BKN,ADDED,"TEAM SALARY (Art, I §1 (nnn)): |  | 164700153.6 | 82561520 | 43145048 | 12256488 | 0 | 0 | 302663209.6"
2026-07-06 13:23:58,BKN,REMOVED,Players Under Contract |  | 141225158.5 | 92561520 | 43145048 | 12256488 | 0 | 0 | BOLD = Option Year
2026-07-06 13:23:58,BKN,REMOVED,"Full Season Contracts |  | 141225158.5 | 92561520 | 43145048 | 12256488 | 0 | 0 | *=Projected Exten,,"
2026-07-06 13:23:58,BKN,ADDED,Players Under Contract |  | 131225158.5 | 82561520 | 43145048 | 12256488 | 0 | 0 | BOLD = Option Year
2026-07-06 13:23:58,BKN,ADDED,"Full Season Contracts |  | 131225158.5 | 82561520 | 43145048 | 12256488 | 0 | 0 | *=Projected Exten,,"
2026-07-06 13:23:58,BKN,REMOVED,"Avg, Salary (Mean) (ALL Compensation Obligations) |  |  | Players Under Contract |  | 14"
2026-07-06 13:23:58,BKN,REMOVED,"Avg, Salary (Mean) (No 10-Day K's) |  |  | Avaiable Spots |  | 1"
2026-07-06 13:23:58,BKN,ADDED,"Avg, Salary (Mean) (ALL Compensation Obligations) |  |  | Players Under Contract |  | 13"
2026-07-06 13:23:58,BKN,ADDED,"Avg, Salary (Mean) (No 10-Day K's) |  |  | Avaiable Spots |  | 2"
2026-07-06 20:21:57,SAC,REMOVED,"DeRozan, DeMar | 1 - FULL SEASON | 25740000.0 |  |  |  |  |  | 25740000"
2026-07-06 20:21:57,SAC,ADDED,"DeRozan, DeMar | 7 - WAIVED | 10000000.0 |  |  |  |  |  | 10000000"
2026-07-06 20:21:57,SAC,REMOVED,"TEAM SALARY (Art, I §1 (nnn)): |  | 250920936 | 125913844.3 | 51476261 | 46990836.6 | 31862067 | 0 | 507163944.9"
2026-07-06 20:21:57,SAC,ADDED,"TEAM SALARY (Art, I §1 (nnn)): |  | 235180936 | 125913844.3 | 51476261 | 46990836.6 | 31862067 | 0 | 491423944.9"
2026-07-06 20:21:57,SAC,REMOVED,Players Under Contract |  | 214469062 | 125913844.3 | 51476261 | 46990836.6 | 31862067 | 0 | BOLD = Option Year
2026-07-06 20:21:57,SAC,REMOVED,"Full Season Contracts |  | 214469062 | 125913844.3 | 51476261 | 46990836.6 | 31862067 | 0 | *=Projected Exten,,"
2026-07-06 20:21:57,SAC,ADDED,Players Under Contract |  | 188729062 | 125913844.3 | 51476261 | 46990836.6 | 31862067 | 0 | BOLD = Option Year
2026-07-06 20:21:57,SAC,ADDED,"Full Season Contracts |  | 188729062 | 125913844.3 | 51476261 | 46990836.6 | 31862067 | 0 | *=Projected Exten,,"
2026-07-06 20:21:57,SAC,REMOVED,Waived Contracts |  | 0 | 0 | 0 | 0 | 0 | 0
2026-07-06 20:21:57,SAC,ADDED,Waived Contracts |  | 10000000 | 0 | 0 | 0 | 0 | 0
2026-07-06 20:21:57,SAC,REMOVED,"Avg, Salary (Mean) (ALL Compensation Obligations) |  |  | Players Under Contract |  | 13"
2026-07-06 20:21:57,SAC,REMOVED,"Avg, Salary (Mean) (No 10-Day K's) |  |  | Avaiable Spots |  | 2"
2026-07-06 20:21:57,SAC,REMOVED,"Avg, Salary (Mean) (No 10-Day K's & ROS) |  |  | Players to Reach Roster Min, |  | 0"
2026-07-06 20:21:57,SAC,ADDED,"Avg, Salary (Mean) (ALL Compensation Obligations) |  |  | Players Under Contract |  | 12"
2026-07-06 20:21:57,SAC,ADDED,"Avg, Salary (Mean) (No 10-Day K's) |  |  | Avaiable Spots |  | 3"
2026-07-06 20:21:57,SAC,ADDED,"Avg, Salary (Mean) (No 10-Day K's & ROS) |  |  | Players to Reach Roster Min, |  | 1"
2026-07-06 20:21:57,Luxury Tax Calculator,REMOVED,Luxury Tax | 0 | 0 | 0 | 0 | 0 | 0 | 0 | 23501723 | 0 | 0 | 0 | 10706857.6 | 0 | 0 | 0 | 4179835 | 0 | 2536082 | 435790.92 | 13065628 | 36309610 | 29970320.04 | 14300978.3 | 702276.5238 | 6712130.274 | 26574062 | 0 | 6318214.14 | 0 | 0
2026-07-06 20:21:57,Luxury Tax Calculator,ADDED,Luxury Tax | 0 | 0 | 0 | 0 | 0 | 0 | 0 | 23501723 | 0 | 0 | 0 | 10706857.6 | 0 | 0 | 0 | 4179835 | 0 | 2536082 | 435790.92 | 13065628 | 36309610 | 29970320.04 | 14300978.3 | 702276.5238 | 6712130.274 | 10834062 | 0 | 6318214.14 | 0 | 0
2026-07-06 20:21:57,Luxury Tax Calculator,REMOVED,2nd Incremental Tax Bracket | 0 | 0 | 0 | 0 | 0 | 0 | 0 | 18476250 | 0 | 0 | 0 | 6277322 | 0 | 0 | 0 | 0 | 0 | 0 | 0 | 7106250 | 7106250 | 7106250 | 7106250 | 0 | 1283912.843 | 7106250 | 0 | 791517.675 | 0 | 0
2026-07-06 20:21:57,Luxury Tax Calculator,REMOVED,3rd Incremental Tax Bracket | 0 | 0 | 0 | 0 | 0 | 0 | 0 | 31267500 | 0 | 0 | 0 | 0 | 0 | 0 | 0 | 0 | 0 | 0 | 0 | 5934698 | 19897500 | 19897500 | 10258424.05 | 0 | 0 | 19897500 | 0 | 0 | 0 | 0
2026-07-06 20:21:57,Luxury Tax Calculator,REMOVED,4th Incremental Tax Bracket | 0 | 0 | 0 | 0 | 0 | 0 | 0 | 38373750 | 0 | 0 | 0 | 0 | 0 | 0 | 0 | 0 | 0 | 0 | 0 | 0 | 27003750 | 27003750 | 0 | 0 | 0 | 27003750 | 0 | 0 | 0 | 0
2026-07-06 20:21:57,Luxury Tax Calculator,REMOVED,5th Incremental Tax Bracket | 0 | 0 | 0 | 0 | 0 | 0 | 0 | 5522491.75 | 0 | 0 | 0 | 0 | 0 | 0 | 0 | 0 | 0 | 0 | 0 | 0 | 29846250 | 29846250 | 0 | 0 | 0 | 20128825.5 | 0 | 0 | 0 | 0
2026-07-06 20:21:57,Luxury Tax Calculator,ADDED,2nd Incremental Tax Bracket | 0 | 0 | 0 | 0 | 0 | 0 | 0 | 18476250 | 0 | 0 | 0 | 6277322 | 0 | 0 | 0 | 0 | 0 | 0 | 0 | 7106250 | 7106250 | 7106250 | 7106250 | 0 | 1283912.843 | 6436327.5 | 0 | 791517.675 | 0 | 0
2026-07-06 20:21:57,Luxury Tax Calculator,ADDED,3rd Incremental Tax Bracket | 0 | 0 | 0 | 0 | 0 | 0 | 0 | 31267500 | 0 | 0 | 0 | 0 | 0 | 0 | 0 | 0 | 0 | 0 | 0 | 5934698 | 19897500 | 19897500 | 10258424.05 | 0 | 0 | 0 | 0 | 0 | 0 | 0
2026-07-06 20:21:57,Luxury Tax Calculator,ADDED,4th Incremental Tax Bracket | 0 | 0 | 0 | 0 | 0 | 0 | 0 | 38373750 | 0 | 0 | 0 | 0 | 0 | 0 | 0 | 0 | 0 | 0 | 0 | 0 | 27003750 | 27003750 | 0 | 0 | 0 | 0 | 0 | 0 | 0 | 0
2026-07-06 20:21:57,Luxury Tax Calculator,ADDED,5th Incremental Tax Bracket | 0 | 0 | 0 | 0 | 0 | 0 | 0 | 5522491.75 | 0 | 0 | 0 | 0 | 0 | 0 | 0 | 0 | 0 | 0 | 0 | 0 | 29846250 | 29846250 | 0 | 0 | 0 | 0 | 0 | 0 | 0 | 0
2026-07-06 20:21:57,Luxury Tax Calculator,REMOVED,Tax Liability | 0 | 0 | 0 | 0 | 0 | 0 | 0 | 110694991.8 | 0 | 0 | 0 | 11962322 | 0 | 0 | 0 | 4179835 | 0 | 2536082 | 435790.92 | 18725948 | 135975062.5 | 98424340.23 | 23049674.05 | 2106829.571 | 6968912.843 | 79821325.5 | 0 | 6476517.675 | 0 | 0
2026-07-06 20:21:57,Luxury Tax Calculator,ADDED,Tax Liability | 0 | 0 | 0 | 0 | 0 | 0 | 0 | 110694991.8 | 0 | 0 | 0 | 11962322 | 0 | 0 | 0 | 4179835 | 0 | 2536082 | 435790.92 | 18725948 | 135975062.5 | 98424340.23 | 23049674.05 | 2106829.571 | 6968912.843 | 12121327.5 | 0 | 6476517.675 | 0 | 0
2026-07-06 20:33:57,GOS,REMOVED,"Horford, Al | 4 - CAP HOLD | 6822000.0 |  |  |  |  |  | 6822000"
2026-07-06 20:33:57,GOS,ADDED,"Horford, Al | 4 - CAP HOLD | 6822000.0 | 7163100 |  |  |  |  | 13985100"
2026-07-06 20:33:57,GOS,REMOVED,"TEAM SALARY (Art, I §1 (nnn)): |  | 257184703.8 | 47353106 | 14812268 | 8899127.4 | 0 | 0 | 328249205.2"
2026-07-06 20:33:57,GOS,ADDED,"TEAM SALARY (Art, I §1 (nnn)): |  | 257184703.8 | 54516206 | 14812268 | 8899127.4 | 0 | 0 | 335412305.2"
2026-07-06 20:33:57,GOS,REMOVED,Cap Holds |  | 84059106.5 | 0 | 0 | 0 | 0 | 0
2026-07-06 20:33:57,GOS,ADDED,Cap Holds |  | 84059106.5 | 7163100 | 0 | 0 | 0 | 0
2026-07-06 20:34:58,GOS,ADDED,"Horford, Al | 1 - FULL SEASON | 6822000.0 | 7163100.0 |  |  |  |  | 13985100"
2026-07-06 20:34:58,GOS,REMOVED,"Horford, Al | 4 - CAP HOLD | 6822000.0 | 7163100 |  |  |  |  | 13985100"
2026-07-06 20:34:58,GOS,REMOVED,Players Under Contract |  | 170476176.3 | 47353106 | 14812268 | 8899127.4 | 0 | 0 | BOLD = Option Year
2026-07-06 20:34:58,GOS,REMOVED,"Full Season Contracts |  | 170476176.3 | 47353106 | 14812268 | 8899127.4 | 0 | 0 | *=Projected Exten,,"
2026-07-06 20:34:58,GOS,ADDED,Players Under Contract |  | 177298176.3 | 54516206 | 14812268 | 8899127.4 | 0 | 0 | BOLD = Option Year
2026-07-06 20:34:58,GOS,ADDED,"Full Season Contracts |  | 177298176.3 | 54516206 | 14812268 | 8899127.4 | 0 | 0 | *=Projected Exten,,"
2026-07-06 20:34:58,GOS,REMOVED,Cap Holds |  | 84059106.5 | 7163100 | 0 | 0 | 0 | 0
2026-07-06 20:34:58,GOS,ADDED,Cap Holds |  | 77237106.5 | 0 | 0 | 0 | 0 | 0
2026-07-06 20:34:58,GOS,REMOVED,"Avg, Salary (Mean) (ALL Compensation Obligations) |  |  | Players Under Contract |  | 8"
2026-07-06 20:34:58,GOS,REMOVED,"Avg, Salary (Mean) (No 10-Day K's) |  |  | Avaiable Spots |  | 7"
2026-07-06 20:34:58,GOS,REMOVED,"Avg, Salary (Mean) (No 10-Day K's & ROS) |  |  | Players to Reach Roster Min, |  | 5"
2026-07-06 20:34:58,GOS,REMOVED, |  |  | Cap Holds |  | 18
2026-07-06 20:34:58,GOS,ADDED,"Avg, Salary (Mean) (ALL Compensation Obligations) |  |  | Players Under Contract |  | 9"
2026-07-06 20:34:58,GOS,ADDED,"Avg, Salary (Mean) (No 10-Day K's) |  |  | Avaiable Spots |  | 6"
2026-07-06 20:34:58,GOS,ADDED,"Avg, Salary (Mean) (No 10-Day K's & ROS) |  |  | Players to Reach Roster Min, |  | 4"
2026-07-06 20:34:58,GOS,ADDED, |  |  | Cap Holds |  | 17
2026-07-06 20:42:59,BOS,REMOVED,"Queta, Neemias | 1 - FULL SEASON | 2667944.0 |  |  |  |  |  | 2667944"
2026-07-06 20:42:59,BOS,ADDED,"Queta, Neemias | 1 - FULL SEASON | 2667944.0 | 12500000.0 | 13500000.0 | 14500000.0 | 15500000.0 |  | 58667944"
2026-07-06 20:42:59,BOS,REMOVED,"TEAM SALARY (Art, I §1 (nnn)): |  | 194783190 | 183077980.2 | 123231619 | 77377383.6 | 0 | 0 | 578470172.8"
2026-07-06 20:42:59,BOS,ADDED,"TEAM SALARY (Art, I §1 (nnn)): |  | 194783190 | 195577980.2 | 136731619 | 91877383.6 | 15500000 | 0 | 634470172.8"
2026-07-06 20:42:59,BOS,REMOVED,Players Under Contract |  | 180879579 | 183077980.2 | 123231619 | 77377383.6 | 0 | 0 | BOLD = Option Year
2026-07-06 20:42:59,BOS,REMOVED,"Full Season Contracts |  | 180879579 | 183077980.2 | 123231619 | 77377383.6 | 0 | 0 | *=Projected Exten,,"
2026-07-06 20:42:59,BOS,ADDED,Players Under Contract |  | 180879579 | 195577980.2 | 136731619 | 91877383.6 | 15500000 | 0 | BOLD = Option Year
2026-07-06 20:42:59,BOS,ADDED,"Full Season Contracts |  | 180879579 | 195577980.2 | 136731619 | 91877383.6 | 15500000 | 0 | *=Projected Exten,,"
2026-07-06 20:45:57,MIA,REMOVED,"Wiggins, Andrew | 1 - FULL SEASON | 30169644.0 |  |  |  |  |  | 30169644"
2026-07-06 20:45:57,MIA,ADDED,"Wiggins, Andrew | 1 - FULL SEASON | 30169644.0 | 16510000.0 | 17320356.0 |  |  |  | 64000000"
2026-07-06 20:45:57,MIA,REMOVED,"TEAM SALARY (Art, I §1 (nnn)): |  | 239680614 | 154490133 | 75196791 | 16200000 | 0 | 0 | 485567538"
2026-07-06 20:45:57,MIA,ADDED,"TEAM SALARY (Art, I §1 (nnn)): |  | 239680614 | 171000133 | 92517147 | 16200000 | 0 | 0 | 519397894"
2026-07-06 20:45:57,MIA,REMOVED,Players Under Contract |  | 192074835 | 154490133 | 75196791 | 16200000 | 0 | 0 | BOLD = Option Year
2026-07-06 20:45:57,MIA,REMOVED,"Full Season Contracts |  | 192074835 | 154490133 | 75196791 | 16200000 | 0 | 0 | *=Projected Exten,,"
2026-07-06 20:45:57,MIA,ADDED,Players Under Contract |  | 192074835 | 171000133 | 92517147 | 16200000 | 0 | 0 | BOLD = Option Year
2026-07-06 20:45:57,MIA,ADDED,"Full Season Contracts |  | 192074835 | 171000133 | 92517147 | 16200000 | 0 | 0 | *=Projected Exten,,"
2026-07-06 20:49:58,BOS,REMOVED,"Harper Jr., Ron | 4 - CAP HOLD | 2449421.0 |  |  |  |  |  | 2449421"
2026-07-06 20:49:58,BOS,ADDED,"Harper Jr., Ron | 4 - CAP HOLD | 3150752.0 | 3308290.0 | 3465828.0 |  |  |  | 9924870"
2026-07-06 20:49:58,BOS,REMOVED,"Williams, Amari | 4 - CAP HOLD | 2185116.0 |  |  |  |  |  | 2185116"
2026-07-06 20:49:58,BOS,REMOVED,"TEAM SALARY (Art, I §1 (nnn)): |  | 194783190 | 195577980.2 | 136731619 | 91877383.6 | 15500000 | 0 | 634470172.8"
2026-07-06 20:49:58,BOS,ADDED, |  |  |  |  |  |  |  | 0
2026-07-06 20:49:58,BOS,ADDED,"TEAM SALARY (Art, I §1 (nnn)): |  | 193299405 | 198886270.2 | 140197447 | 91877383.6 | 15500000 | 0 | 639760505.8"
2026-07-06 20:49:58,BOS,REMOVED,Cap Holds |  | 13903611 | 0 | 0 | 0 | 0 | 0
2026-07-06 20:49:58,BOS,ADDED,Cap Holds |  | 12419826 | 3308290 | 3465828 | 0 | 0 | 0
2026-07-06 20:49:58,BOS,REMOVED, |  |  | Cap Holds |  | 6
2026-07-06 20:49:58,BOS,ADDED, |  |  | Cap Holds |  | 5
2026-07-06 20:51:00,BOS,ADDED,"Harper Jr., Ron | 1 - FULL SEASON | 3150752.0 | 3308290.0 | 3465828.0 | 3779359.0 |  |  | 13704229"
2026-07-06 20:51:00,BOS,REMOVED,"Harper Jr., Ron | 4 - CAP HOLD | 3150752.0 | 3308290.0 | 3465828.0 |  |  |  | 9924870"
2026-07-06 20:51:00,BOS,REMOVED,"TEAM SALARY (Art, I §1 (nnn)): |  | 193299405 | 198886270.2 | 140197447 | 91877383.6 | 15500000 | 0 | 639760505.8"
2026-07-06 20:51:00,BOS,ADDED,"TEAM SALARY (Art, I §1 (nnn)): |  | 193299405 | 198886270.2 | 140197447 | 95656742.6 | 15500000 | 0 | 643539864.8"
2026-07-06 20:51:00,BOS,REMOVED,Players Under Contract |  | 180879579 | 195577980.2 | 136731619 | 91877383.6 | 15500000 | 0 | BOLD = Option Year
2026-07-06 20:51:00,BOS,REMOVED,"Full Season Contracts |  | 180879579 | 195577980.2 | 136731619 | 91877383.6 | 15500000 | 0 | *=Projected Exten,,"
2026-07-06 20:51:00,BOS,ADDED,Players Under Contract |  | 184030331 | 198886270.2 | 140197447 | 95656742.6 | 15500000 | 0 | BOLD = Option Year
2026-07-06 20:51:00,BOS,ADDED,"Full Season Contracts |  | 184030331 | 198886270.2 | 140197447 | 95656742.6 | 15500000 | 0 | *=Projected Exten,,"
2026-07-06 20:51:00,BOS,REMOVED,Cap Holds |  | 12419826 | 3308290 | 3465828 | 0 | 0 | 0
2026-07-06 20:51:00,BOS,ADDED,Cap Holds |  | 9269074 | 0 | 0 | 0 | 0 | 0
2026-07-06 20:51:00,BOS,REMOVED,"Avg, Salary (Mean) (ALL Compensation Obligations) |  |  | Players Under Contract |  | 12"
2026-07-06 20:51:00,BOS,REMOVED,"Avg, Salary (Mean) (No 10-Day K's) |  |  | Avaiable Spots |  | 3"
2026-07-06 20:51:00,BOS,REMOVED,"Avg, Salary (Mean) (No 10-Day K's & ROS) |  |  | Players to Reach Roster Min, |  | 1"
2026-07-06 20:51:00,BOS,REMOVED, |  |  | Cap Holds |  | 5
2026-07-06 20:51:00,BOS,ADDED,"Avg, Salary (Mean) (ALL Compensation Obligations) |  |  | Players Under Contract |  | 13"
2026-07-06 20:51:00,BOS,ADDED,"Avg, Salary (Mean) (No 10-Day K's) |  |  | Avaiable Spots |  | 2"
2026-07-06 20:51:00,BOS,ADDED,"Avg, Salary (Mean) (No 10-Day K's & ROS) |  |  | Players to Reach Roster Min, |  | 0"
2026-07-06 20:51:00,BOS,ADDED, |  |  | Cap Holds |  | 4
2026-07-07 09:59:57,TOR,REMOVED,"Mogbo, Jonathan | 4 - CAP HOLD | 2449421.0 |  |  |  |  |  | 2449421"
2026-07-07 09:59:57,TOR,ADDED,"Anderson, Kyle | 1 - FULL SEASON | 2449421.0 |  |  |  |  |  | 2449421"
2026-07-07 09:59:57,TOR,REMOVED,Players Under Contract |  | 194213214.1 | 166229338.8 | 123271894 | 85221375.6 | 0 | 0 | BOLD = Option Year
2026-07-07 09:59:57,TOR,REMOVED,"Full Season Contracts |  | 194213214.1 | 166229338.8 | 123271894 | 85221375.6 | 0 | 0 | *=Projected Exten,,"
2026-07-07 09:59:57,TOR,ADDED,Players Under Contract |  | 196662635.1 | 166229338.8 | 123271894 | 85221375.6 | 0 | 0 | BOLD = Option Year
2026-07-07 09:59:57,TOR,ADDED,"Full Season Contracts |  | 196662635.1 | 166229338.8 | 123271894 | 85221375.6 | 0 | 0 | *=Projected Exten,,"
2026-07-07 09:59:57,TOR,REMOVED,Cap Holds |  | 17947105 | 0 | 0 | 0 | 0 | 0
2026-07-07 09:59:57,TOR,ADDED,Cap Holds |  | 15497684 | 0 | 0 | 0 | 0 | 0
2026-07-07 09:59:57,TOR,REMOVED,"Avg, Salary (Mean) (ALL Compensation Obligations) |  |  | Players Under Contract |  | 13"
2026-07-07 09:59:57,TOR,REMOVED,"Avg, Salary (Mean) (No 10-Day K's) |  |  | Avaiable Spots |  | 2"
2026-07-07 09:59:57,TOR,ADDED,"Avg, Salary (Mean) (ALL Compensation Obligations) |  |  | Players Under Contract |  | 14"
2026-07-07 09:59:57,TOR,ADDED,"Avg, Salary (Mean) (No 10-Day K's) |  |  | Avaiable Spots |  | 1"
2026-07-07 09:59:57,TOR,REMOVED, |  |  | Cap Holds |  | 6
2026-07-07 09:59:57,TOR,ADDED, |  |  | Cap Holds |  | 5
2026-07-07 09:59:57,Luxury Tax Calculator,REMOVED,Luxury Tax | 0 | 0 | 0 | 0 | 0 | 0 | 0 | 23501723 | 0 | 0 | 0 | 10706857.6 | 0 | 0 | 0 | 4179835 | 0 | 2536082 | 435790.92 | 13065628 | 36309610 | 29970320.04 | 14300978.3 | 702276.5238 | 6712130.274 | 10834062 | 0 | 6318214.14 | 0 | 0
2026-07-07 09:59:57,Luxury Tax Calculator,ADDED,Luxury Tax | 0 | 0 | 0 | 0 | 0 | 0 | 0 | 23501723 | 0 | 0 | 0 | 10706857.6 | 0 | 0 | 0 | 4179835 | 0 | 2536082 | 435790.92 | 13065628 | 36309610 | 29970320.04 | 14300978.3 | 702276.5238 | 6712130.274 | 10834062 | 0 | 8767635.14 | 0 | 0
2026-07-07 09:59:57,Luxury Tax Calculator,REMOVED,2nd Incremental Tax Bracket | 0 | 0 | 0 | 0 | 0 | 0 | 0 | 18476250 | 0 | 0 | 0 | 6277322 | 0 | 0 | 0 | 0 | 0 | 0 | 0 | 7106250 | 7106250 | 7106250 | 7106250 | 0 | 1283912.843 | 6436327.5 | 0 | 791517.675 | 0 | 0
2026-07-07 09:59:57,Luxury Tax Calculator,ADDED,2nd Incremental Tax Bracket | 0 | 0 | 0 | 0 | 0 | 0 | 0 | 18476250 | 0 | 0 | 0 | 6277322 | 0 | 0 | 0 | 0 | 0 | 0 | 0 | 7106250 | 7106250 | 7106250 | 7106250 | 0 | 1283912.843 | 6436327.5 | 0 | 3853293.925 | 0 | 0
2026-07-07 09:59:57,Luxury Tax Calculator,REMOVED,Tax Liability | 0 | 0 | 0 | 0 | 0 | 0 | 0 | 110694991.8 | 0 | 0 | 0 | 11962322 | 0 | 0 | 0 | 4179835 | 0 | 2536082 | 435790.92 | 18725948 | 135975062.5 | 98424340.23 | 23049674.05 | 2106829.571 | 6968912.843 | 12121327.5 | 0 | 6476517.675 | 0 | 0
2026-07-07 09:59:57,Luxury Tax Calculator,ADDED,Tax Liability | 0 | 0 | 0 | 0 | 0 | 0 | 0 | 110694991.8 | 0 | 0 | 0 | 11962322 | 0 | 0 | 0 | 4179835 | 0 | 2536082 | 435790.92 | 18725948 | 135975062.5 | 98424340.23 | 23049674.05 | 2106829.571 | 6968912.843 | 12121327.5 | 0 | 9538293.925 | 0 | 0
2026-07-07 10:00:57,MIN,REMOVED,"Anderson, Kyle | 4 - CAP HOLD | 2449421.0 |  |  |  |  |  | 2449421"
2026-07-07 10:00:57,MIN,REMOVED,"TEAM SALARY (Art, I §1 (nnn)): |  | 260691838 | 188783460.6 | 119308939 | 28448276 | 0 | 0 | 597232513.6"
2026-07-07 10:00:57,MIN,ADDED, |  |  |  |  |  |  |  | 0
2026-07-07 10:00:57,MIN,ADDED,"TEAM SALARY (Art, I §1 (nnn)): |  | 258242417 | 188783460.6 | 119308939 | 28448276 | 0 | 0 | 594783092.6"
2026-07-07 10:00:57,MIN,REMOVED,Cap Holds |  | 67611335 | 0 | 0 | 0 | 0 | 0
2026-07-07 10:00:57,MIN,ADDED,Cap Holds |  | 65161914 | 0 | 0 | 0 | 0 | 0
2026-07-07 10:00:57,MIN,REMOVED, |  |  | Cap Holds |  | 9
2026-07-07 10:00:57,MIN,ADDED, |  |  | Cap Holds |  | 8
2026-07-07 10:41:58,TOR,ADDED,"Anderson, Kyle | 1 - FULL SEASON | 2449421.0 |  |  |  |  |  | 2449421"
2026-07-07 10:41:58,TOR,REMOVED,"Anderson, Kyle | 1 - FULL SEASON | 2449421.0 |  |  |  |  |  | 2449421"
2026-07-07 12:59:59,MIA,ADDED, |  |  | 57641850 |  |  |  |  | 57641850
2026-07-07 12:59:59,MIA,REMOVED, |  |  |  |  |  |  |  | 0
2026-07-07 12:59:59,MIA,REMOVED,"TEAM SALARY (Art, I §1 (nnn)): |  | 239680614 | 171000133 | 92517147 | 16200000 | 0 | 0 | 519397894"
2026-07-07 12:59:59,MIA,ADDED,"TEAM SALARY (Art, I §1 (nnn)): |  | 239680614 | 228641983 | 92517147 | 16200000 | 0 | 0 | 577039744"
2026-07-07 13:33:58,CHA,ADDED,"White, Coby | 1 - FULL SEASON | 26811593.0 | 24666667.0 | 22521740.0 |  |  |  | 74000000"
2026-07-07 13:33:58,CHA,REMOVED,"White, Coby | 4 - CAP HOLD | 24488889.099999998 |  |  |  |  |  | 24488889.1"
2026-07-07 13:33:58,CHA,REMOVED,"TEAM SALARY (Art, I §1 (nnn)): |  | 184825007.7 | 91096153.84 | 81723707 | 15718625.52 | 0 | 0 | 373363494.1"
2026-07-07 13:33:58,CHA,ADDED,"TEAM SALARY (Art, I §1 (nnn)): |  | 187147711.6 | 115762820.8 | 104245447 | 15718625.52 | 0 | 0 | 422874605"
2026-07-07 13:33:58,CHA,REMOVED,Players Under Contract |  | 157886697.6 | 91096153.84 | 81723707 | 15718625.52 | 0 | 0 | BOLD = Option Year
2026-07-07 13:33:58,CHA,REMOVED,"Full Season Contracts |  | 157886697.6 | 91096153.84 | 81723707 | 15718625.52 | 0 | 0 | *=Projected Exten,,"
2026-07-07 13:33:58,CHA,ADDED,Players Under Contract |  | 184698290.6 | 115762820.8 | 104245447 | 15718625.52 | 0 | 0 | BOLD = Option Year
2026-07-07 13:33:58,CHA,ADDED,"Full Season Contracts |  | 184698290.6 | 115762820.8 | 104245447 | 15718625.52 | 0 | 0 | *=Projected Exten,,"
2026-07-07 13:33:58,CHA,REMOVED,Cap Holds |  | 26938310.1 | 0 | 0 | 0 | 0 | 0
2026-07-07 13:33:58,CHA,ADDED,Cap Holds |  | 2449421 | 0 | 0 | 0 | 0 | 0
2026-07-07 13:33:58,CHA,REMOVED,"Avg, Salary (Mean) (ALL Compensation Obligations) |  |  | Players Under Contract |  | 15"
2026-07-07 13:33:58,CHA,ADDED,"Avg, Salary (Mean) (ALL Compensation Obligations) |  |  | Players Under Contract |  | 16"
2026-07-07 13:33:58,CHA,REMOVED, |  |  | Cap Holds |  | 2
2026-07-07 13:33:58,CHA,ADDED, |  |  | Cap Holds |  | 1
2026-07-07 13:36:57,BKN,REMOVED,"Agbaji, Ochai | 4 - CAP HOLD | 19150574.04 |  |  |  |  |  | 19150574.04"
2026-07-07 13:36:57,BKN,REMOVED,"TEAM SALARY (Art, I §1 (nnn)): |  | 164700153.6 | 82561520 | 43145048 | 12256488 | 0 | 0 | 302663209.6"
2026-07-07 13:36:57,BKN,ADDED, |  |  |  |  |  |  |  | 0
2026-07-07 13:36:57,BKN,ADDED,"TEAM SALARY (Art, I §1 (nnn)): |  | 145549579.5 | 82561520 | 43145048 | 12256488 | 0 | 0 | 283512635.5"
2026-07-07 13:36:57,BKN,REMOVED,Cap Holds |  | 33474995.04 | 0 | 0 | 0 | 0 | 0
2026-07-07 13:36:57,BKN,ADDED,Cap Holds |  | 14324421 | 0 | 0 | 0 | 0 | 0
2026-07-07 13:36:57,BKN,REMOVED, |  |  | Cap Holds |  | 3
2026-07-07 13:36:57,BKN,ADDED, |  |  | Cap Holds |  | 2
2026-07-07 13:36:57,CLE,REMOVED,"Bryant, Thomas | 4 - CAP HOLD | 2449421.0 |  |  |  |  |  | 2449421"
2026-07-07 13:36:57,CLE,ADDED,"Bryant, Thomas | 1 - FULL SEASON | 2449421.0 |  |  |  |  |  | 2449421"
2026-07-07 13:36:57,CLE,REMOVED,Players Under Contract |  | 180826542 | 173689767.5 | 105956601 | 64158364 | 0 | 0 | BOLD = Option Year
2026-07-07 13:36:57,CLE,REMOVED,"Full Season Contracts |  | 180826542 | 173689767.5 | 105956601 | 64158364 | 0 | 0 | *=Projected Exten,,"
2026-07-07 13:36:57,CLE,ADDED,Players Under Contract |  | 183275963 | 173689767.5 | 105956601 | 64158364 | 0 | 0 | BOLD = Option Year
2026-07-07 13:36:57,CLE,ADDED,"Full Season Contracts |  | 183275963 | 173689767.5 | 105956601 | 64158364 | 0 | 0 | *=Projected Exten,,"
2026-07-07 13:36:57,CLE,REMOVED,Cap Holds |  | 69064020.6 | 0 | 0 | 0 | 0 | 0
2026-07-07 13:36:57,CLE,ADDED,Cap Holds |  | 66614599.6 | 0 | 0 | 0 | 0 | 0
2026-07-07 13:36:57,CLE,REMOVED,"Avg, Salary (Mean) (ALL Compensation Obligations) |  |  | Players Under Contract |  | 11"
2026-07-07 13:36:57,CLE,REMOVED,"Avg, Salary (Mean) (No 10-Day K's) |  |  | Avaiable Spots |  | 4"
2026-07-07 13:36:57,CLE,REMOVED,"Avg, Salary (Mean) (No 10-Day K's & ROS) |  |  | Players to Reach Roster Min, |  | 2"
2026-07-07 13:36:57,CLE,REMOVED, |  |  | Cap Holds |  | 10
2026-07-07 13:36:57,CLE,ADDED,"Avg, Salary (Mean) (ALL Compensation Obligations) |  |  | Players Under Contract |  | 12"
2026-07-07 13:36:57,CLE,ADDED,"Avg, Salary (Mean) (No 10-Day K's) |  |  | Avaiable Spots |  | 3"
2026-07-07 13:36:57,CLE,ADDED,"Avg, Salary (Mean) (No 10-Day K's & ROS) |  |  | Players to Reach Roster Min, |  | 1"
2026-07-07 13:36:57,CLE,ADDED, |  |  | Cap Holds |  | 9
2026-07-07 13:37:58,CLE,ADDED,"Bryant, Thomas | 1 - FULL SEASON | 2449421.0 |  |  |  |  |  | 2449421"
2026-07-07 13:37:58,CLE,REMOVED,"Bryant, Thomas | 1 - FULL SEASON | 2449421.0 |  |  |  |  |  | 2449421"
2026-07-07 13:37:58,CLE,REMOVED,"Ellis, Keon | 4 - CAP HOLD | 2449421.0 |  |  |  |  |  | 2449421"
2026-07-07 13:37:58,CLE,REMOVED,"TEAM SALARY (Art, I §1 (nnn)): |  | 250315234.3 | 173689767.5 | 105956601 | 64158364 | 0 | 0 | 594119966.8"
2026-07-07 13:37:58,CLE,ADDED, |  |  |  |  |  |  |  | 0
2026-07-07 13:37:58,CLE,ADDED,"TEAM SALARY (Art, I §1 (nnn)): |  | 247865813.3 | 173689767.5 | 105956601 | 64158364 | 0 | 0 | 591670545.8"
2026-07-07 13:37:58,CLE,REMOVED,Cap Holds |  | 66614599.6 | 0 | 0 | 0 | 0 | 0
2026-07-07 13:37:58,CLE,ADDED,Cap Holds |  | 64165178.6 | 0 | 0 | 0 | 0 | 0
2026-07-07 13:37:58,CLE,REMOVED, |  |  | Cap Holds |  | 9
2026-07-07 13:37:58,CLE,ADDED, |  |  | Cap Holds |  | 8
2026-07-07 13:41:58,NYK,ADDED,"Drummond, Andre | 1 - FULL SEASON | 2449421.0 |  |  |  |  |  | 2449421"
2026-07-07 13:41:58,NYK,REMOVED, |  |  |  |  |  |  |  | 0
2026-07-07 13:41:58,NYK,REMOVED,"TEAM SALARY (Art, I §1 (nnn)): |  | 248756486.4 | 213377864 | 130531914 | 41517856 | 0 | 0 | 634184120.4"
2026-07-07 13:41:58,NYK,ADDED,"TEAM SALARY (Art, I §1 (nnn)): |  | 251205907.4 | 213377864 | 130531914 | 41517856 | 0 | 0 | 636633541.4"
2026-07-07 13:41:58,NYK,REMOVED,Players Under Contract |  | 200960628 | 213377864 | 130531914 | 41517856 | 0 | 0 | BOLD = Option Year
2026-07-07 13:41:58,NYK,REMOVED,"Full Season Contracts |  | 200960628 | 213377864 | 130531914 | 41517856 | 0 | 0 | *=Projected Exten,,"
2026-07-07 13:41:58,NYK,ADDED,Players Under Contract |  | 203410049 | 213377864 | 130531914 | 41517856 | 0 | 0 | BOLD = Option Year
2026-07-07 13:41:58,NYK,ADDED,"Full Season Contracts |  | 203410049 | 213377864 | 130531914 | 41517856 | 0 | 0 | *=Projected Exten,,"
2026-07-07 13:41:58,NYK,REMOVED,"Avg, Salary (Mean) (ALL Compensation Obligations) |  |  | Players Under Contract |  | 8"
2026-07-07 13:41:58,NYK,REMOVED,"Avg, Salary (Mean) (No 10-Day K's) |  |  | Avaiable Spots |  | 7"
2026-07-07 13:41:58,NYK,REMOVED,"Avg, Salary (Mean) (No 10-Day K's & ROS) |  |  | Players to Reach Roster Min, |  | 5"
2026-07-07 13:41:58,NYK,ADDED,"Avg, Salary (Mean) (ALL Compensation Obligations) |  |  | Players Under Contract |  | 9"
2026-07-07 13:41:58,NYK,ADDED,"Avg, Salary (Mean) (No 10-Day K's) |  |  | Avaiable Spots |  | 6"
2026-07-07 13:41:58,NYK,ADDED,"Avg, Salary (Mean) (No 10-Day K's & ROS) |  |  | Players to Reach Roster Min, |  | 4"
2026-07-07 13:41:58,PHL,REMOVED,"Drummond, Andre | 4 - CAP HOLD | 6500000.0 |  |  |  |  |  | 6500000"
2026-07-07 13:41:58,PHL,REMOVED,"TEAM SALARY (Art, I §1 (nnn)): |  | 252948855.4 | 207255956.5 | 211305126.7 | 16858870.2 | 0 | 0 | 688368808.8"
2026-07-07 13:41:58,PHL,ADDED, |  |  |  |  |  |  |  | 0
2026-07-07 13:41:58,PHL,ADDED,"TEAM SALARY (Art, I §1 (nnn)): |  | 246448855.4 | 207255956.5 | 211305126.7 | 16858870.2 | 0 | 0 | 681868808.8"
2026-07-07 13:41:58,PHL,REMOVED,Cap Holds |  | 50752877.1 | 0 | 0 | 0 | 0 | 0
2026-07-07 13:41:58,PHL,ADDED,Cap Holds |  | 44252877.1 | 0 | 0 | 0 | 0 | 0
2026-07-07 13:41:58,PHL,REMOVED, |  |  | Cap Holds |  | 8
2026-07-07 13:41:58,PHL,ADDED, |  |  | Cap Holds |  | 7
2026-07-07 13:41:58,Luxury Tax Calculator,REMOVED,Luxury Tax | 0 | 0 | 0 | 0 | 0 | 0 | 0 | 23501723 | 0 | 0 | 0 | 10706857.6 | 0 | 0 | 0 | 4179835 | 0 | 2536082 | 435790.92 | 13065628 | 36309610 | 29970320.04 | 14300978.3 | 702276.5238 | 6712130.274 | 10834062 | 0 | 8767635.14 | 0 | 0
2026-07-07 13:41:58,Luxury Tax Calculator,ADDED,Luxury Tax | 0 | 0 | 0 | 0 | 0 | 0 | 0 | 23501723 | 0 | 0 | 0 | 10706857.6 | 0 | 0 | 0 | 4179835 | 0 | 2536082 | 435790.92 | 15515049 | 36309610 | 29970320.04 | 14300978.3 | 702276.5238 | 6712130.274 | 10834062 | 0 | 8767635.14 | 0 | 0
2026-07-07 13:41:58,Luxury Tax Calculator,REMOVED,3rd Incremental Tax Bracket | 0 | 0 | 0 | 0 | 0 | 0 | 0 | 31267500 | 0 | 0 | 0 | 0 | 0 | 0 | 0 | 0 | 0 | 0 | 0 | 5934698 | 19897500 | 19897500 | 10258424.05 | 0 | 0 | 0 | 0 | 0 | 0 | 0
2026-07-07 13:41:58,Luxury Tax Calculator,ADDED,3rd Incremental Tax Bracket | 0 | 0 | 0 | 0 | 0 | 0 | 0 | 31267500 | 0 | 0 | 0 | 0 | 0 | 0 | 0 | 0 | 0 | 0 | 0 | 14507671.5 | 19897500 | 19897500 | 10258424.05 | 0 | 0 | 0 | 0 | 0 | 0 | 0
2026-07-07 13:41:58,Luxury Tax Calculator,REMOVED,Tax Liability | 0 | 0 | 0 | 0 | 0 | 0 | 0 | 110694991.8 | 0 | 0 | 0 | 11962322 | 0 | 0 | 0 | 4179835 | 0 | 2536082 | 435790.92 | 18725948 | 135975062.5 | 98424340.23 | 23049674.05 | 2106829.571 | 6968912.843 | 12121327.5 | 0 | 9538293.925 | 0 | 0
2026-07-07 13:41:58,Luxury Tax Calculator,ADDED,Tax Liability | 0 | 0 | 0 | 0 | 0 | 0 | 0 | 110694991.8 | 0 | 0 | 0 | 11962322 | 0 | 0 | 0 | 4179835 | 0 | 2536082 | 435790.92 | 27298921.5 | 135975062.5 | 98424340.23 | 23049674.05 | 2106829.571 | 6968912.843 | 12121327.5 | 0 | 9538293.925 | 0 | 0
2026-07-07 15:49:59,MIA,REMOVED, |  |  | 57641850 |  |  |  |  | 57641850
2026-07-07 15:49:59,MIA,REMOVED,"TEAM SALARY (Art, I §1 (nnn)): |  | 239680614 | 228641983 | 92517147 | 16200000 | 0 | 0 | 577039744"
2026-07-07 15:49:59,MIA,ADDED, |  |  |  |  |  |  |  | 0
2026-07-07 15:49:59,MIA,ADDED,"TEAM SALARY (Art, I §1 (nnn)): |  | 239680614 | 171000133 | 92517147 | 16200000 | 0 | 0 | 519397894"
2026-07-07 15:53:57,LAL,REMOVED,"James, LeBron | 4 - CAP HOLD | 57736350.0 |  |  |  |  |  | 57736350"
2026-07-07 15:53:57,LAL,REMOVED,"Hachimura, Rui | 4 - CAP HOLD | 27388888.5 |  |  |  |  |  | 27388888.5"
2026-07-07 15:53:57,LAL,REMOVED,"TEAM SALARY (Art, I §1 (nnn)): |  | 261971280.2 | 83348836.88 | 62845776 | 6378253.2 | 0 | 0 | 414544146.3"
2026-07-07 15:53:57,LAL,ADDED, |  |  |  |  |  |  |  | 0
2026-07-07 15:53:57,LAL,ADDED, |  |  |  |  |  |  |  | 0
2026-07-07 15:53:57,LAL,ADDED,"TEAM SALARY (Art, I §1 (nnn)): |  | 176846041.7 | 83348836.88 | 62845776 | 6378253.2 | 0 | 0 | 329418907.8"
2026-07-07 15:53:57,LAL,REMOVED,Cap Holds |  | 172441481.2 | 0 | 0 | 0 | 0 | 0
2026-07-07 15:53:57,LAL,ADDED,Cap Holds |  | 87316242.7 | 0 | 0 | 0 | 0 | 0
2026-07-07 15:53:57,LAL,REMOVED, |  |  | Cap Holds |  | 15
2026-07-07 15:53:57,LAL,ADDED, |  |  | Cap Holds |  | 13
2026-07-07 15:55:57,LAL,REMOVED,"Kleber, Maxi | 4 - CAP HOLD | 20900000.0 |  |  |  |  |  | 20900000"
2026-07-07 15:55:57,LAL,REMOVED,"Kennard, Luke | 4 - CAP HOLD | 13200000.0 |  |  |  |  |  | 13200000"
2026-07-07 15:55:57,LAL,REMOVED,"Hayes, Jaxson | 4 - CAP HOLD | 6553713.699999999 |  |  |  |  |  | 6553713.7"
2026-07-07 15:55:57,LAL,REMOVED,"Smart, Marcus | 4 - CAP HOLD | 6160800.0 |  |  |  |  |  | 6160800"
2026-07-07 15:55:57,LAL,REMOVED,"Anthony, Carmelo | 4 - CAP HOLD | 2449421.0 |  |  |  |  |  | 2449421"
2026-07-07 15:55:57,LAL,REMOVED,"Bradley, Avery | 4 - CAP HOLD | 2449421.0 |  |  |  |  |  | 2449421"
2026-07-07 15:55:57,LAL,REMOVED,"Dudley, Jared | 4 - CAP HOLD | 2449421.0 |  |  |  |  |  | 2449421"
2026-07-07 15:55:57,LAL,REMOVED,"Ellington, Wayne | 4 - CAP HOLD | 2449421.0 |  |  |  |  |  | 2449421"
2026-07-07 15:55:57,LAL,REMOVED,"Howard, Dwight | 4 - CAP HOLD | 2449421.0 |  |  |  |  |  | 2449421"
2026-07-07 15:55:57,LAL,REMOVED,"Morris, Markieff | 4 - CAP HOLD | 2449421.0 |  |  |  |  |  | 2449421"
2026-07-07 15:55:57,LAL,REMOVED,"Smith Jr., Nick | 4 - CAP HOLD | 2449421.0 |  |  |  |  |  | 2449421"
2026-07-07 15:55:57,LAL,REMOVED,"Waiters, Dion | 4 - CAP HOLD | 2449421.0 |  |  |  |  |  | 2449421"
2026-07-07 15:55:57,LAL,REMOVED,"TEAM SALARY (Art, I §1 (nnn)): |  | 176846041.7 | 83348836.88 | 62845776 | 6378253.2 | 0 | 0 | 329418907.8"
2026-07-07 15:55:57,LAL,ADDED, |  |  |  |  |  |  |  | 0
2026-07-07 15:55:57,LAL,ADDED, |  |  |  |  |  |  |  | 0
2026-07-07 15:55:57,LAL,ADDED, |  |  |  |  |  |  |  | 0
2026-07-07 15:55:57,LAL,ADDED, |  |  |  |  |  |  |  | 0
2026-07-07 15:55:57,LAL,ADDED, |  |  |  |  |  |  |  | 0
2026-07-07 15:55:57,LAL,ADDED, |  |  |  |  |  |  |  | 0
2026-07-07 15:55:57,LAL,ADDED, |  |  |  |  |  |  |  | 0
2026-07-07 15:55:57,LAL,ADDED, |  |  |  |  |  |  |  | 0
2026-07-07 15:55:57,LAL,ADDED, |  |  |  |  |  |  |  | 0
2026-07-07 15:55:57,LAL,ADDED, |  |  |  |  |  |  |  | 0
2026-07-07 15:55:57,LAL,ADDED, |  |  |  |  |  |  |  | 0
2026-07-07 15:55:57,LAL,ADDED, |  |  |  |  |  |  |  | 0
2026-07-07 15:55:57,LAL,ADDED,"TEAM SALARY (Art, I §1 (nnn)): |  | 110436160 | 83348836.88 | 62845776 | 6378253.2 | 0 | 0 | 263009026.1"
2026-07-07 15:55:57,LAL,REMOVED,Cap Holds |  | 87316242.7 | 0 | 0 | 0 | 0 | 0
2026-07-07 15:55:57,LAL,ADDED,Cap Holds |  | 20906361 | 0 | 0 | 0 | 0 | 0
2026-07-07 15:55:57,LAL,REMOVED, |  |  | Cap Holds |  | 13
2026-07-07 15:55:57,LAL,ADDED, |  |  | Cap Holds |  | 1
2026-07-07 15:56:57,BOS,ADDED,"Conley, Mike | 1 - FULL SEASON | 2449421.0 |  |  |  |  |  | 2449421"
2026-07-07 15:56:57,BOS,REMOVED, |  |  |  |  |  |  |  | 0
2026-07-07 15:56:57,BOS,REMOVED,"TEAM SALARY (Art, I §1 (nnn)): |  | 193299405 | 198886270.2 | 140197447 | 95656742.6 | 15500000 | 0 | 643539864.8"
2026-07-07 15:56:57,BOS,ADDED,"TEAM SALARY (Art, I §1 (nnn)): |  | 195748826 | 198886270.2 | 140197447 | 95656742.6 | 15500000 | 0 | 645989285.8"
2026-07-07 15:56:57,BOS,REMOVED,Players Under Contract |  | 184030331 | 198886270.2 | 140197447 | 95656742.6 | 15500000 | 0 | BOLD = Option Year
2026-07-07 15:56:57,BOS,REMOVED,"Full Season Contracts |  | 184030331 | 198886270.2 | 140197447 | 95656742.6 | 15500000 | 0 | *=Projected Exten,,"
2026-07-07 15:56:57,BOS,ADDED,Players Under Contract |  | 186479752 | 198886270.2 | 140197447 | 95656742.6 | 15500000 | 0 | BOLD = Option Year
2026-07-07 15:56:57,BOS,ADDED,"Full Season Contracts |  | 186479752 | 198886270.2 | 140197447 | 95656742.6 | 15500000 | 0 | *=Projected Exten,,"
2026-07-07 15:56:57,BOS,REMOVED,"Avg, Salary (Mean) (ALL Compensation Obligations) |  |  | Players Under Contract |  | 13"
2026-07-07 15:56:57,BOS,REMOVED,"Avg, Salary (Mean) (No 10-Day K's) |  |  | Avaiable Spots |  | 2"
2026-07-07 15:56:57,BOS,ADDED,"Avg, Salary (Mean) (ALL Compensation Obligations) |  |  | Players Under Contract |  | 14"
2026-07-07 15:56:57,BOS,ADDED,"Avg, Salary (Mean) (No 10-Day K's) |  |  | Avaiable Spots |  | 1"
2026-07-07 15:56:57,MIN,REMOVED,"Conley, Mike | 4 - CAP HOLD | 2449421.0 |  |  |  |  |  | 2449421"
2026-07-07 15:56:57,MIN,REMOVED,"TEAM SALARY (Art, I §1 (nnn)): |  | 258242417 | 188783460.6 | 119308939 | 28448276 | 0 | 0 | 594783092.6"
2026-07-07 15:56:57,MIN,ADDED, |  |  |  |  |  |  |  | 0
2026-07-07 15:56:57,MIN,ADDED,"TEAM SALARY (Art, I §1 (nnn)): |  | 255792996 | 188783460.6 | 119308939 | 28448276 | 0 | 0 | 592333671.6"
2026-07-07 15:56:57,MIN,REMOVED,Cap Holds |  | 65161914 | 0 | 0 | 0 | 0 | 0
2026-07-07 15:56:57,MIN,ADDED,Cap Holds |  | 62712493 | 0 | 0 | 0 | 0 | 0
2026-07-07 15:56:57,MIN,REMOVED, |  |  | Cap Holds |  | 8
2026-07-07 15:56:57,MIN,ADDED, |  |  | Cap Holds |  | 7
2026-07-07 16:02:57,OKC,REMOVED,"Williams, Kenrich | 4 - CAP HOLD | 13609700.0 |  |  |  |  |  | 13609700"
2026-07-07 16:02:57,OKC,ADDED,"Williams, Kenrich | 1 - FULL SEASON | 5000000.0 |  |  |  |  |  | 5000000"
2026-07-07 16:02:57,OKC,REMOVED,"TEAM SALARY (Art, I §1 (nnn)): |  | 277049426 | 170614737.7 | 145702219 | 119015818.1 | 108874260 | 0 | 821256460.8"
2026-07-07 16:02:57,OKC,ADDED,"TEAM SALARY (Art, I §1 (nnn)): |  | 268439726 | 170614737.7 | 145702219 | 119015818.1 | 108874260 | 0 | 812646760.8"
2026-07-07 16:02:57,OKC,REMOVED,Players Under Contract |  | 224204610 | 170614737.7 | 145702219 | 119015818.1 | 108874260 | 0 | BOLD = Option Year
2026-07-07 16:02:57,OKC,REMOVED,"Full Season Contracts |  | 224204610 | 170614737.7 | 145702219 | 119015818.1 | 108874260 | 0 | *=Projected Exten,,"
2026-07-07 16:02:57,OKC,ADDED,Players Under Contract |  | 229204610 | 170614737.7 | 145702219 | 119015818.1 | 108874260 | 0 | BOLD = Option Year
2026-07-07 16:02:57,OKC,ADDED,"Full Season Contracts |  | 229204610 | 170614737.7 | 145702219 | 119015818.1 | 108874260 | 0 | *=Projected Exten,,"
2026-07-07 16:02:57,OKC,REMOVED,Cap Holds |  | 52844816 | 0 | 0 | 0 | 0 | 0
2026-07-07 16:02:57,OKC,ADDED,Cap Holds |  | 39235116 | 0 | 0 | 0 | 0 | 0
2026-07-07 16:02:57,OKC,REMOVED,"Avg, Salary (Mean) (ALL Compensation Obligations) |  |  | Players Under Contract |  | 15"
2026-07-07 16:02:57,OKC,ADDED,"Avg, Salary (Mean) (ALL Compensation Obligations) |  |  | Players Under Contract |  | 16"
2026-07-07 16:02:57,OKC,REMOVED, |  |  | Cap Holds |  | 3
2026-07-07 16:02:57,OKC,ADDED, |  |  | Cap Holds |  | 2
2026-07-07 16:02:57,Luxury Tax Calculator,REMOVED,Luxury Tax | 0 | 0 | 0 | 0 | 0 | 0 | 0 | 23501723 | 0 | 0 | 0 | 10706857.6 | 0 | 0 | 0 | 4179835 | 0 | 2536082 | 435790.92 | 15515049 | 36309610 | 29970320.04 | 14300978.3 | 702276.5238 | 6712130.274 | 10834062 | 0 | 8767635.14 | 0 | 0
2026-07-07 16:02:57,Luxury Tax Calculator,ADDED,Luxury Tax | 0 | 0 | 0 | 0 | 0 | 0 | 0 | 23501723 | 0 | 0 | 0 | 10706857.6 | 0 | 0 | 0 | 4179835 | 0 | 2536082 | 435790.92 | 15515049 | 41309610 | 29970320.04 | 14300978.3 | 702276.5238 | 6712130.274 | 10834062 | 0 | 8767635.14 | 0 | 0
2026-07-07 16:02:57,Luxury Tax Calculator,REMOVED,7th Incremental Tax Bracket | 0 | 0 | 0 | 0 | 0 | 0 | 0 | 0 | 0 | 0 | 0 | 0 | 0 | 0 | 0 | 0 | 0 | 0 | 0 | 0 | 13747562.5 | 0 | 0 | 0 | 0 | 0 | 0 | 0 | 0 | 0
2026-07-07 16:02:57,Luxury Tax Calculator,REMOVED,8th Incremental Tax Bracket | 0 | 0 | 0 | 0 | 0 | 0 | 0 | 0 | 0 | 0 | 0 | 0 | 0 | 0 | 0 | 0 | 0 | 0 | 0 | 0 | 0 | 0 | 0 | 0 | 0 | 0 | 0 | 0 | 0 | 0
2026-07-07 16:02:57,Luxury Tax Calculator,ADDED,7th Incremental Tax Bracket | 0 | 0 | 0 | 0 | 0 | 0 | 0 | 0 | 0 | 0 | 0 | 0 | 0 | 0 | 0 | 0 | 0 | 0 | 0 | 0 | 35531250 | 0 | 0 | 0 | 0 | 0 | 0 | 0 | 0 | 0
2026-07-07 16:02:57,Luxury Tax Calculator,ADDED,8th Incremental Tax Bracket | 0 | 0 | 0 | 0 | 0 | 0 | 0 | 0 | 0 | 0 | 0 | 0 | 0 | 0 | 0 | 0 | 0 | 0 | 0 | 0 | 10223617.5 | 0 | 0 | 0 | 0 | 0 | 0 | 0 | 0 | 0
2026-07-07 16:02:57,Luxury Tax Calculator,REMOVED,Tax Liability | 0 | 0 | 0 | 0 | 0 | 0 | 0 | 110694991.8 | 0 | 0 | 0 | 11962322 | 0 | 0 | 0 | 4179835 | 0 | 2536082 | 435790.92 | 27298921.5 | 135975062.5 | 98424340.23 | 23049674.05 | 2106829.571 | 6968912.843 | 12121327.5 | 0 | 9538293.925 | 0 | 0
2026-07-07 16:02:57,Luxury Tax Calculator,ADDED,Tax Liability | 0 | 0 | 0 | 0 | 0 | 0 | 0 | 110694991.8 | 0 | 0 | 0 | 11962322 | 0 | 0 | 0 | 4179835 | 0 | 2536082 | 435790.92 | 27298921.5 | 167982367.5 | 98424340.23 | 23049674.05 | 2106829.571 | 6968912.843 | 12121327.5 | 0 | 9538293.925 | 0 | 0
2026-07-07 16:03:59,OKC,ADDED,"Williams, Kenrich | 1 - FULL SEASON | 5000000.0 |  |  |  |  |  | 5000000"
2026-07-07 16:03:59,OKC,REMOVED,"Williams, Kenrich | 1 - FULL SEASON | 5000000.0 |  |  |  |  |  | 5000000"
2026-07-07 16:05:59,DEN,REMOVED,"Hardaway Jr., Tim | 4 - CAP HOLD | 2449421.0 |  |  |  |  |  | 2449421"
2026-07-07 16:05:59,DEN,REMOVED,"TEAM SALARY (Art, I §1 (nnn)): |  | 251345476.4 | 187484805.4 | 119623206.9 | 26724137 | 28448274 | 28448274 | 642074173.7"
2026-07-07 16:05:59,DEN,ADDED, |  |  |  |  |  |  |  | 0
2026-07-07 16:05:59,DEN,ADDED,"TEAM SALARY (Art, I §1 (nnn)): |  | 248896055.4 | 187484805.4 | 119623206.9 | 26724137 | 28448274 | 28448274 | 639624752.7"
2026-07-07 16:05:59,DEN,REMOVED,Cap Holds |  | 37299332.4 | 0 | 0 | 0 | 0 | 0
2026-07-07 16:05:59,DEN,ADDED,Cap Holds |  | 34849911.4 | 0 | 0 | 0 | 0 | 0
2026-07-07 16:05:59,DEN,REMOVED, |  |  | Cap Holds |  | 11
2026-07-07 16:05:59,DEN,ADDED, |  |  | Cap Holds |  | 10
2026-07-07 16:05:59,MIA,REMOVED, |  |  |  |  |  |  |  | 0
2026-07-07 16:05:59,MIA,ADDED,"Hardaway Jr., Tim |  |  |  |  |  |  |  | 0"
2026-07-07 16:07:57,MIA,REMOVED,"Hardaway Jr., Tim |  |  |  |  |  |  |  | 0"
2026-07-07 16:07:57,MIA,ADDED,"Hardaway Jr., Tim | 1 - FULL SEASON | 6065000.0 |  |  |  |  |  | 6065000"
2026-07-07 16:07:57,MIA,REMOVED,"TEAM SALARY (Art, I §1 (nnn)): |  | 239680614 | 171000133 | 92517147 | 16200000 | 0 | 0 | 519397894"
2026-07-07 16:07:57,MIA,ADDED,"TEAM SALARY (Art, I §1 (nnn)): |  | 245745614 | 171000133 | 92517147 | 16200000 | 0 | 0 | 525462894"
2026-07-07 16:07:57,MIA,REMOVED,Players Under Contract |  | 192074835 | 171000133 | 92517147 | 16200000 | 0 | 0 | BOLD = Option Year
2026-07-07 16:07:57,MIA,REMOVED,"Full Season Contracts |  | 192074835 | 171000133 | 92517147 | 16200000 | 0 | 0 | *=Projected Exten,,"
2026-07-07 16:07:57,MIA,ADDED,Players Under Contract |  | 198139835 | 171000133 | 92517147 | 16200000 | 0 | 0 | BOLD = Option Year
2026-07-07 16:07:57,MIA,ADDED,"Full Season Contracts |  | 198139835 | 171000133 | 92517147 | 16200000 | 0 | 0 | *=Projected Exten,,"
2026-07-07 16:07:57,MIA,REMOVED,"Avg, Salary (Mean) (ALL Compensation Obligations) |  |  | Players Under Contract |  | 11"
2026-07-07 16:07:57,MIA,REMOVED,"Avg, Salary (Mean) (No 10-Day K's) |  |  | Avaiable Spots |  | 4"
2026-07-07 16:07:57,MIA,REMOVED,"Avg, Salary (Mean) (No 10-Day K's & ROS) |  |  | Players to Reach Roster Min, |  | 2"
2026-07-07 16:07:57,MIA,ADDED,"Avg, Salary (Mean) (ALL Compensation Obligations) |  |  | Players Under Contract |  | 12"
2026-07-07 16:07:57,MIA,ADDED,"Avg, Salary (Mean) (No 10-Day K's) |  |  | Avaiable Spots |  | 3"
2026-07-07 16:07:57,MIA,ADDED,"Avg, Salary (Mean) (No 10-Day K's & ROS) |  |  | Players to Reach Roster Min, |  | 1"
2026-07-07 16:07:57,Luxury Tax Calculator,REMOVED,Luxury Tax | 0 | 0 | 0 | 0 | 0 | 0 | 0 | 23501723 | 0 | 0 | 0 | 10706857.6 | 0 | 0 | 0 | 4179835 | 0 | 2536082 | 435790.92 | 15515049 | 41309610 | 29970320.04 | 14300978.3 | 702276.5238 | 6712130.274 | 10834062 | 0 | 8767635.14 | 0 | 0
2026-07-07 16:07:57,Luxury Tax Calculator,REMOVED,1st Incremental Tax Bracket | 0 | 0 | 0 | 0 | 0 | 0 | 0 | 17055000 | 0 | 0 | 0 | 5685000 | 0 | 0 | 0 | 4179835 | 0 | 2536082 | 435790.92 | 5685000 | 5685000 | 5685000 | 5685000 | 2106829.571 | 5685000 | 5685000 | 0 | 5685000 | 0 | 0
2026-07-07 16:07:57,Luxury Tax Calculator,REMOVED,2nd Incremental Tax Bracket | 0 | 0 | 0 | 0 | 0 | 0 | 0 | 18476250 | 0 | 0 | 0 | 6277322 | 0 | 0 | 0 | 0 | 0 | 0 | 0 | 7106250 | 7106250 | 7106250 | 7106250 | 0 | 1283912.843 | 6436327.5 | 0 | 3853293.925 | 0 | 0
2026-07-07 16:07:57,Luxury Tax Calculator,ADDED,Luxury Tax | 0 | 0 | 0 | 0 | 0 | 0 | 0 | 23501723 | 0 | 0 | 0 | 10706857.6 | 0 | 0 | 0 | 10244835 | 0 | 2536082 | 435790.92 | 15515049 | 41309610 | 29970320.04 | 14300978.3 | 702276.5238 | 6712130.274 | 10834062 | 0 | 8767635.14 | 0 | 0
2026-07-07 16:07:57,Luxury Tax Calculator,ADDED,1st Incremental Tax Bracket | 0 | 0 | 0 | 0 | 0 | 0 | 0 | 17055000 | 0 | 0 | 0 | 5685000 | 0 | 0 | 0 | 5685000 | 0 | 2536082 | 435790.92 | 5685000 | 5685000 | 5685000 | 5685000 | 2106829.571 | 5685000 | 5685000 | 0 | 5685000 | 0 | 0
2026-07-07 16:07:57,Luxury Tax Calculator,ADDED,2nd Incremental Tax Bracket | 0 | 0 | 0 | 0 | 0 | 0 | 0 | 18476250 | 0 | 0 | 0 | 6277322 | 0 | 0 | 0 | 5699793.75 | 0 | 0 | 0 | 7106250 | 7106250 | 7106250 | 7106250 | 0 | 1283912.843 | 6436327.5 | 0 | 3853293.925 | 0 | 0
2026-07-07 16:07:57,Luxury Tax Calculator,REMOVED,Tax Liability | 0 | 0 | 0 | 0 | 0 | 0 | 0 | 110694991.8 | 0 | 0 | 0 | 11962322 | 0 | 0 | 0 | 4179835 | 0 | 2536082 | 435790.92 | 27298921.5 | 167982367.5 | 98424340.23 | 23049674.05 | 2106829.571 | 6968912.843 | 12121327.5 | 0 | 9538293.925 | 0 | 0
2026-07-07 16:07:57,Luxury Tax Calculator,ADDED,Tax Liability | 0 | 0 | 0 | 0 | 0 | 0 | 0 | 110694991.8 | 0 | 0 | 0 | 11962322 | 0 | 0 | 0 | 11384793.75 | 0 | 2536082 | 435790.92 | 27298921.5 | 167982367.5 | 98424340.23 | 23049674.05 | 2106829.571 | 6968912.843 | 12121327.5 | 0 | 9538293.925 | 0 | 0
2026-07-07 16:08:57,MIA,ADDED,"Hardaway Jr., Tim | 1 - FULL SEASON | 6065000.0 |  |  |  |  |  | 6065000"
2026-07-07 16:08:57,MIA,REMOVED,"Hardaway Jr., Tim | 1 - FULL SEASON | 6065000.0 |  |  |  |  |  | 6065000"
2026-07-07 16:12:57,PHL,ADDED,"Hukporti, Ariel | 1 - FULL SEASON | 3400000.0 |  |  |  |  |  | 3400000"
2026-07-07 16:12:57,PHL,REMOVED, |  |  |  |  |  |  |  | 0
2026-07-07 16:12:57,PHL,REMOVED,"TEAM SALARY (Art, I §1 (nnn)): |  | 246448855.4 | 207255956.5 | 211305126.7 | 16858870.2 | 0 | 0 | 681868808.8"
2026-07-07 16:12:57,PHL,ADDED,"TEAM SALARY (Art, I §1 (nnn)): |  | 249848855.4 | 207255956.5 | 211305126.7 | 16858870.2 | 0 | 0 | 685268808.8"
2026-07-07 16:12:57,PHL,REMOVED,Players Under Contract |  | 202195978.3 | 207255956.5 | 211305126.7 | 16858870.2 | 0 | 0 | BOLD = Option Year
2026-07-07 16:12:57,PHL,REMOVED,"Full Season Contracts |  | 202195978.3 | 207255956.5 | 211305126.7 | 16858870.2 | 0 | 0 | *=Projected Exten,,"
2026-07-07 16:12:57,PHL,ADDED,Players Under Contract |  | 205595978.3 | 207255956.5 | 211305126.7 | 16858870.2 | 0 | 0 | BOLD = Option Year
2026-07-07 16:12:57,PHL,ADDED,"Full Season Contracts |  | 205595978.3 | 207255956.5 | 211305126.7 | 16858870.2 | 0 | 0 | *=Projected Exten,,"
2026-07-07 16:12:57,PHL,REMOVED,"Avg, Salary (Mean) (ALL Compensation Obligations) |  |  | Players Under Contract |  | 13"
2026-07-07 16:12:57,PHL,REMOVED,"Avg, Salary (Mean) (No 10-Day K's) |  |  | Avaiable Spots |  | 2"
2026-07-07 16:12:57,PHL,ADDED,"Avg, Salary (Mean) (ALL Compensation Obligations) |  |  | Players Under Contract |  | 14"
2026-07-07 16:12:57,PHL,ADDED,"Avg, Salary (Mean) (No 10-Day K's) |  |  | Avaiable Spots |  | 1"
2026-07-07 16:12:57,Luxury Tax Calculator,REMOVED,Luxury Tax | 0 | 0 | 0 | 0 | 0 | 0 | 0 | 23501723 | 0 | 0 | 0 | 10706857.6 | 0 | 0 | 0 | 10244835 | 0 | 2536082 | 435790.92 | 15515049 | 41309610 | 29970320.04 | 14300978.3 | 702276.5238 | 6712130.274 | 10834062 | 0 | 8767635.14 | 0 | 0
2026-07-07 16:12:57,Luxury Tax Calculator,ADDED,Luxury Tax | 0 | 0 | 0 | 0 | 0 | 0 | 0 | 23501723 | 0 | 0 | 0 | 10706857.6 | 0 | 0 | 0 | 10244835 | 0 | 2536082 | 435790.92 | 15515049 | 41309610 | 29970320.04 | 17700978.3 | 702276.5238 | 6712130.274 | 10834062 | 0 | 8767635.14 | 0 | 0
2026-07-07 16:12:57,Luxury Tax Calculator,REMOVED,3rd Incremental Tax Bracket | 0 | 0 | 0 | 0 | 0 | 0 | 0 | 31267500 | 0 | 0 | 0 | 0 | 0 | 0 | 0 | 0 | 0 | 0 | 0 | 14507671.5 | 19897500 | 19897500 | 10258424.05 | 0 | 0 | 0 | 0 | 0 | 0 | 0
2026-07-07 16:12:57,Luxury Tax Calculator,REMOVED,4th Incremental Tax Bracket | 0 | 0 | 0 | 0 | 0 | 0 | 0 | 38373750 | 0 | 0 | 0 | 0 | 0 | 0 | 0 | 0 | 0 | 0 | 0 | 0 | 27003750 | 27003750 | 0 | 0 | 0 | 0 | 0 | 0 | 0 | 0
2026-07-07 16:12:57,Luxury Tax Calculator,ADDED,3rd Incremental Tax Bracket | 0 | 0 | 0 | 0 | 0 | 0 | 0 | 31267500 | 0 | 0 | 0 | 0 | 0 | 0 | 0 | 0 | 0 | 0 | 0 | 14507671.5 | 19897500 | 19897500 | 19897500 | 0 | 0 | 0 | 0 | 0 | 0 | 0
2026-07-07 16:12:57,Luxury Tax Calculator,ADDED,4th Incremental Tax Bracket | 0 | 0 | 0 | 0 | 0 | 0 | 0 | 38373750 | 0 | 0 | 0 | 0 | 0 | 0 | 0 | 0 | 0 | 0 | 0 | 0 | 27003750 | 27003750 | 3068396.925 | 0 | 0 | 0 | 0 | 0 | 0 | 0
2026-07-07 16:12:57,Luxury Tax Calculator,REMOVED,Tax Liability | 0 | 0 | 0 | 0 | 0 | 0 | 0 | 110694991.8 | 0 | 0 | 0 | 11962322 | 0 | 0 | 0 | 11384793.75 | 0 | 2536082 | 435790.92 | 27298921.5 | 167982367.5 | 98424340.23 | 23049674.05 | 2106829.571 | 6968912.843 | 12121327.5 | 0 | 9538293.925 | 0 | 0
2026-07-07 16:12:57,Luxury Tax Calculator,ADDED,Tax Liability | 0 | 0 | 0 | 0 | 0 | 0 | 0 | 110694991.8 | 0 | 0 | 0 | 11962322 | 0 | 0 | 0 | 11384793.75 | 0 | 2536082 | 435790.92 | 27298921.5 | 167982367.5 | 98424340.23 | 35757146.93 | 2106829.571 | 6968912.843 | 12121327.5 | 0 | 9538293.925 | 0 | 0
2026-07-07 16:16:58,OKC,REMOVED,"Hartenstein, Isaiah | 4 - CAP HOLD | 37050000.0 |  |  |  |  |  | 37050000"
2026-07-07 16:16:58,OKC,ADDED,"Hartenstein, Isaiah | 1 - FULL SEASON | 23148148.0 | 25000000.0 | 26851852.0 |  |  |  | 75000000"
2026-07-07 16:16:58,OKC,REMOVED,"TEAM SALARY (Art, I §1 (nnn)): |  | 268439726 | 170614737.7 | 145702219 | 119015818.1 | 108874260 | 0 | 812646760.8"
2026-07-07 16:16:58,OKC,ADDED,"TEAM SALARY (Art, I §1 (nnn)): |  | 254537874 | 195614737.7 | 172554071 | 119015818.1 | 108874260 | 0 | 850596760.8"
2026-07-07 16:16:58,OKC,REMOVED,Players Under Contract |  | 229204610 | 170614737.7 | 145702219 | 119015818.1 | 108874260 | 0 | BOLD = Option Year
2026-07-07 16:16:58,OKC,REMOVED,"Full Season Contracts |  | 229204610 | 170614737.7 | 145702219 | 119015818.1 | 108874260 | 0 | *=Projected Exten,,"
2026-07-07 16:16:58,OKC,ADDED,Players Under Contract |  | 252352758 | 195614737.7 | 172554071 | 119015818.1 | 108874260 | 0 | BOLD = Option Year
2026-07-07 16:16:58,OKC,ADDED,"Full Season Contracts |  | 252352758 | 195614737.7 | 172554071 | 119015818.1 | 108874260 | 0 | *=Projected Exten,,"
2026-07-07 16:16:58,OKC,REMOVED,Cap Holds |  | 39235116 | 0 | 0 | 0 | 0 | 0
2026-07-07 16:16:58,OKC,ADDED,Cap Holds |  | 2185116 | 0 | 0 | 0 | 0 | 0
2026-07-07 16:16:58,OKC,REMOVED,"Avg, Salary (Mean) (ALL Compensation Obligations) |  |  | Players Under Contract |  | 16"
2026-07-07 16:16:58,OKC,ADDED,"Avg, Salary (Mean) (ALL Compensation Obligations) |  |  | Players Under Contract |  | 17"
2026-07-07 16:16:58,OKC,REMOVED, |  |  | Cap Holds |  | 2
2026-07-07 16:16:58,OKC,ADDED, |  |  | Cap Holds |  | 1
2026-07-07 16:16:58,Luxury Tax Calculator,REMOVED,Luxury Tax | 0 | 0 | 0 | 0 | 0 | 0 | 0 | 23501723 | 0 | 0 | 0 | 10706857.6 | 0 | 0 | 0 | 10244835 | 0 | 2536082 | 435790.92 | 15515049 | 41309610 | 29970320.04 | 17700978.3 | 702276.5238 | 6712130.274 | 10834062 | 0 | 8767635.14 | 0 | 0
2026-07-07 16:16:58,Luxury Tax Calculator,ADDED,Luxury Tax | 0 | 0 | 0 | 0 | 0 | 0 | 0 | 23501723 | 0 | 0 | 0 | 10706857.6 | 0 | 0 | 0 | 10244835 | 0 | 2536082 | 435790.92 | 15515049 | 64457758 | 29970320.04 | 17700978.3 | 702276.5238 | 6712130.274 | 10834062 | 0 | 8767635.14 | 0 | 0
2026-07-07 16:16:58,Luxury Tax Calculator,REMOVED,8th Incremental Tax Bracket | 0 | 0 | 0 | 0 | 0 | 0 | 0 | 0 | 0 | 0 | 0 | 0 | 0 | 0 | 0 | 0 | 0 | 0 | 0 | 0 | 10223617.5 | 0 | 0 | 0 | 0 | 0 | 0 | 0 | 0 | 0
2026-07-07 16:16:58,Luxury Tax Calculator,REMOVED,9th Incremental Tax Bracket | 0 | 0 | 0 | 0 | 0 | 0 | 0 | 0 | 0 | 0 | 0 | 0 | 0 | 0 | 0 | 0 | 0 | 0 | 0 | 0 | 0 | 0 | 0 | 0 | 0 | 0 | 0 | 0 | 0 | 0
2026-07-07 16:16:58,Luxury Tax Calculator,REMOVED,Tax Liability | 0 | 0 | 0 | 0 | 0 | 0 | 0 | 110694991.8 | 0 | 0 | 0 | 11962322 | 0 | 0 | 0 | 11384793.75 | 0 | 2536082 | 435790.92 | 27298921.5 | 167982367.5 | 98424340.23 | 35757146.93 | 2106829.571 | 6968912.843 | 12121327.5 | 0 | 9538293.925 | 0 | 0
2026-07-07 16:16:58,Luxury Tax Calculator,ADDED,8th Incremental Tax Bracket | 0 | 0 | 0 | 0 | 0 | 0 | 0 | 0 | 0 | 0 | 0 | 0 | 0 | 0 | 0 | 0 | 0 | 0 | 0 | 0 | 38373750 | 0 | 0 | 0 | 0 | 0 | 0 | 0 | 0 | 0
2026-07-07 16:16:58,Luxury Tax Calculator,ADDED,9th Incremental Tax Bracket | 0 | 0 | 0 | 0 | 0 | 0 | 0 | 0 | 0 | 0 | 0 | 0 | 0 | 0 | 0 | 0 | 0 | 0 | 0 | 0 | 41216250 | 0 | 0 | 0 | 0 | 0 | 0 | 0 | 0 | 0
2026-07-07 16:16:58,Luxury Tax Calculator,ADDED,Tax Liability | 0 | 0 | 0 | 0 | 0 | 0 | 0 | 110694991.8 | 0 | 0 | 0 | 11962322 | 0 | 0 | 0 | 11384793.75 | 0 | 2536082 | 435790.92 | 27298921.5 | 237348750 | 98424340.23 | 35757146.93 | 2106829.571 | 6968912.843 | 12121327.5 | 0 | 9538293.925 | 0 | 0
2026-07-07 16:17:59,OKC,ADDED,"Hartenstein, Isaiah | 1 - FULL SEASON | 23148148.0 | 25000000.0 | 26851852.0 |  |  |  | 75000000"
2026-07-07 16:17:59,OKC,REMOVED,"Hartenstein, Isaiah | 1 - FULL SEASON | 23148148.0 | 25000000.0 | 26851852.0 |  |  |  | 75000000"
2026-07-07 16:25:57,BKN,ADDED,"Ellis, Keon | 1 - FULL SEASON | 9000000.0 | 9000000.0 |  |  |  |  | 18000000"
2026-07-07 16:25:57,BKN,REMOVED, |  |  |  |  |  |  |  | 0
2026-07-07 16:25:57,BKN,REMOVED,"TEAM SALARY (Art, I §1 (nnn)): |  | 145549579.5 | 82561520 | 43145048 | 12256488 | 0 | 0 | 283512635.5"
2026-07-07 16:25:57,BKN,ADDED,"TEAM SALARY (Art, I §1 (nnn)): |  | 154549579.5 | 91561520 | 43145048 | 12256488 | 0 | 0 | 301512635.5"
2026-07-07 16:25:57,BKN,REMOVED,Players Under Contract |  | 131225158.5 | 82561520 | 43145048 | 12256488 | 0 | 0 | BOLD = Option Year
2026-07-07 16:25:57,BKN,REMOVED,"Full Season Contracts |  | 131225158.5 | 82561520 | 43145048 | 12256488 | 0 | 0 | *=Projected Exten,,"
2026-07-07 16:25:57,BKN,ADDED,Players Under Contract |  | 140225158.5 | 91561520 | 43145048 | 12256488 | 0 | 0 | BOLD = Option Year
2026-07-07 16:25:57,BKN,ADDED,"Full Season Contracts |  | 140225158.5 | 91561520 | 43145048 | 12256488 | 0 | 0 | *=Projected Exten,,"
2026-07-07 16:25:57,BKN,REMOVED,"Avg, Salary (Mean) (ALL Compensation Obligations) |  |  | Players Under Contract |  | 13"
2026-07-07 16:25:57,BKN,REMOVED,"Avg, Salary (Mean) (No 10-Day K's) |  |  | Avaiable Spots |  | 2"
2026-07-07 16:25:57,BKN,ADDED,"Avg, Salary (Mean) (ALL Compensation Obligations) |  |  | Players Under Contract |  | 14"
2026-07-07 16:25:57,BKN,ADDED,"Avg, Salary (Mean) (No 10-Day K's) |  |  | Avaiable Spots |  | 1"
2026-07-07 16:30:57,LAC,ADDED,"Hachimura, Rui | 1 - FULL SEASON | 14000000.0 | 14000000.0 |  |  |  |  | 28000000"
2026-07-07 16:30:57,LAC,REMOVED, |  |  |  |  |  |  |  | 0
2026-07-07 16:30:57,LAC,REMOVED,"TEAM SALARY (Art, I §1 (nnn)): |  | 259493210.7 | 66950645 | 16090316 | 13483363.32 | 0 | 0 | 356017535.1"
2026-07-07 16:30:57,LAC,ADDED,"TEAM SALARY (Art, I §1 (nnn)): |  | 273493210.7 | 80950645 | 16090316 | 13483363.32 | 0 | 0 | 384017535.1"
2026-07-07 16:30:57,LAC,REMOVED,Players Under Contract |  | 139666991 | 66950645 | 16090316 | 13483363.32 | 0 | 0 | BOLD = Option Year
2026-07-07 16:30:57,LAC,REMOVED,"Full Season Contracts |  | 139666991 | 66950645 | 16090316 | 13483363.32 | 0 | 0 | *=Projected Exten,,"
2026-07-07 16:30:57,LAC,ADDED,Players Under Contract |  | 153666991 | 80950645 | 16090316 | 13483363.32 | 0 | 0 | BOLD = Option Year
2026-07-07 16:30:57,LAC,ADDED,"Full Season Contracts |  | 153666991 | 80950645 | 16090316 | 13483363.32 | 0 | 0 | *=Projected Exten,,"
2026-07-07 16:30:57,LAC,REMOVED,"Avg, Salary (Mean) (ALL Compensation Obligations) |  |  | Players Under Contract |  | 9"
2026-07-07 16:30:57,LAC,REMOVED,"Avg, Salary (Mean) (No 10-Day K's) |  |  | Avaiable Spots |  | 6"
2026-07-07 16:30:57,LAC,REMOVED,"Avg, Salary (Mean) (No 10-Day K's & ROS) |  |  | Players to Reach Roster Min, |  | 4"
2026-07-07 16:30:57,LAC,ADDED,"Avg, Salary (Mean) (ALL Compensation Obligations) |  |  | Players Under Contract |  | 10"
2026-07-07 16:30:57,LAC,ADDED,"Avg, Salary (Mean) (No 10-Day K's) |  |  | Avaiable Spots |  | 5"
2026-07-07 16:30:57,LAC,ADDED,"Avg, Salary (Mean) (No 10-Day K's & ROS) |  |  | Players to Reach Roster Min, |  | 3"
2026-07-07 16:49:00,SAN,ADDED,"Harris, Tobias | 1 - FULL SEASON | 15044000.0 | 15796200.0 |  |  |  |  | 30840200"
2026-07-07 16:49:00,SAN,REMOVED, |  |  |  |  |  |  |  | 0
2026-07-07 16:49:00,SAN,REMOVED,"TEAM SALARY (Art, I §1 (nnn)): |  | 236629961.5 | 142452998.8 | 141740319 | 74087330.4 | 0 | 0 | 594910609.7"
2026-07-07 16:49:00,SAN,ADDED,"TEAM SALARY (Art, I §1 (nnn)): |  | 251673961.5 | 158249198.8 | 141740319 | 74087330.4 | 0 | 0 | 625750809.7"
2026-07-07 16:49:00,SAN,REMOVED,Players Under Contract |  | 172786545.7 | 142452998.8 | 141740319 | 74087330.4 | 0 | 0 | BOLD = Option Year
2026-07-07 16:49:00,SAN,REMOVED,"Full Season Contracts |  | 172786545.7 | 142452998.8 | 141740319 | 74087330.4 | 0 | 0 | *=Projected Exten,,"
2026-07-07 16:49:00,SAN,ADDED,Players Under Contract |  | 187830545.7 | 158249198.8 | 141740319 | 74087330.4 | 0 | 0 | BOLD = Option Year
2026-07-07 16:49:00,SAN,ADDED,"Full Season Contracts |  | 187830545.7 | 158249198.8 | 141740319 | 74087330.4 | 0 | 0 | *=Projected Exten,,"
2026-07-07 16:49:00,SAN,REMOVED,"Avg, Salary (Mean) (ALL Compensation Obligations) |  |  | Players Under Contract |  | 11"
2026-07-07 16:49:00,SAN,REMOVED,"Avg, Salary (Mean) (No 10-Day K's) |  |  | Avaiable Spots |  | 4"
2026-07-07 16:49:00,SAN,REMOVED,"Avg, Salary (Mean) (No 10-Day K's & ROS) |  |  | Players to Reach Roster Min, |  | 2"
2026-07-07 16:49:00,SAN,ADDED,"Avg, Salary (Mean) (ALL Compensation Obligations) |  |  | Players Under Contract |  | 12"
2026-07-07 16:49:00,SAN,ADDED,"Avg, Salary (Mean) (No 10-Day K's) |  |  | Avaiable Spots |  | 3"
2026-07-07 16:49:00,SAN,ADDED,"Avg, Salary (Mean) (No 10-Day K's & ROS) |  |  | Players to Reach Roster Min, |  | 1"
2026-07-07 16:49:57,SAN,ADDED,"Harris, Tobias | 1 - FULL SEASON | 15044000.0 | 15796200.0 |  |  |  |  | 30840200"
2026-07-07 16:49:57,SAN,REMOVED,"Harris, Tobias | 1 - FULL SEASON | 15044000.0 | 15796200.0 |  |  |  |  | 30840200"
2026-07-07 16:56:57,BOS,ADDED,"Robinson, Mitchell | 1 - FULL SEASON | 10848215.0 | 11651785.0 | 12455356.0 |  |  |  | 34955356"
2026-07-07 16:56:57,BOS,REMOVED, |  |  |  |  |  |  |  | 0
2026-07-07 16:56:57,BOS,REMOVED,"TEAM SALARY (Art, I §1 (nnn)): |  | 195748826 | 198886270.2 | 140197447 | 95656742.6 | 15500000 | 0 | 645989285.8"
2026-07-07 16:56:57,BOS,ADDED,"TEAM SALARY (Art, I §1 (nnn)): |  | 206597041 | 210538055.2 | 152652803 | 95656742.6 | 15500000 | 0 | 680944641.8"
2026-07-07 16:56:57,BOS,REMOVED,Players Under Contract |  | 186479752 | 198886270.2 | 140197447 | 95656742.6 | 15500000 | 0 | BOLD = Option Year
2026-07-07 16:56:57,BOS,REMOVED,"Full Season Contracts |  | 186479752 | 198886270.2 | 140197447 | 95656742.6 | 15500000 | 0 | *=Projected Exten,,"
2026-07-07 16:56:57,BOS,ADDED,Players Under Contract |  | 197327967 | 210538055.2 | 152652803 | 95656742.6 | 15500000 | 0 | BOLD = Option Year
2026-07-07 16:56:57,BOS,ADDED,"Full Season Contracts |  | 197327967 | 210538055.2 | 152652803 | 95656742.6 | 15500000 | 0 | *=Projected Exten,,"
2026-07-07 16:56:57,BOS,REMOVED,"Avg, Salary (Mean) (ALL Compensation Obligations) |  |  | Players Under Contract |  | 14"
2026-07-07 16:56:57,BOS,REMOVED,"Avg, Salary (Mean) (No 10-Day K's) |  |  | Avaiable Spots |  | 1"
2026-07-07 16:56:57,BOS,ADDED,"Avg, Salary (Mean) (ALL Compensation Obligations) |  |  | Players Under Contract |  | 15"
2026-07-07 16:56:57,BOS,ADDED,"Avg, Salary (Mean) (No 10-Day K's) |  |  | Avaiable Spots |  | 0"
2026-07-07 16:56:57,Luxury Tax Calculator,REMOVED,Luxury Tax | 0 | 0 | 0 | 0 | 0 | 0 | 0 | 23501723 | 0 | 0 | 0 | 10706857.6 | 0 | 0 | 0 | 10244835 | 0 | 2536082 | 435790.92 | 15515049 | 64457758 | 29970320.04 | 17700978.3 | 702276.5238 | 6712130.274 | 10834062 | 0 | 8767635.14 | 0 | 0
2026-07-07 16:56:57,Luxury Tax Calculator,REMOVED,1st Incremental Tax Bracket | 0 | 0 | 0 | 0 | 0 | 0 | 0 | 17055000 | 0 | 0 | 0 | 5685000 | 0 | 0 | 0 | 5685000 | 0 | 2536082 | 435790.92 | 5685000 | 5685000 | 5685000 | 5685000 | 2106829.571 | 5685000 | 5685000 | 0 | 5685000 | 0 | 0
2026-07-07 16:56:57,Luxury Tax Calculator,REMOVED,2nd Incremental Tax Bracket | 0 | 0 | 0 | 0 | 0 | 0 | 0 | 18476250 | 0 | 0 | 0 | 6277322 | 0 | 0 | 0 | 5699793.75 | 0 | 0 | 0 | 7106250 | 7106250 | 7106250 | 7106250 | 0 | 1283912.843 | 6436327.5 | 0 | 3853293.925 | 0 | 0
2026-07-07 16:56:57,Luxury Tax Calculator,ADDED,Luxury Tax | 0 | 9432967 | 0 | 0 | 0 | 0 | 0 | 23501723 | 0 | 0 | 0 | 10706857.6 | 0 | 0 | 0 | 10244835 | 0 | 2536082 | 435790.92 | 15515049 | 64457758 | 29970320.04 | 17700978.3 | 702276.5238 | 6712130.274 | 10834062 | 0 | 8767635.14 | 0 | 0
2026-07-07 16:56:57,Luxury Tax Calculator,ADDED,1st Incremental Tax Bracket | 0 | 17055000 | 0 | 0 | 0 | 0 | 0 | 17055000 | 0 | 0 | 0 | 5685000 | 0 | 0 | 0 | 5685000 | 0 | 2536082 | 435790.92 | 5685000 | 5685000 | 5685000 | 5685000 | 2106829.571 | 5685000 | 5685000 | 0 | 5685000 | 0 | 0
2026-07-07 16:56:57,Luxury Tax Calculator,ADDED,2nd Incremental Tax Bracket | 0 | 12180892.75 | 0 | 0 | 0 | 0 | 0 | 18476250 | 0 | 0 | 0 | 6277322 | 0 | 0 | 0 | 5699793.75 | 0 | 0 | 0 | 7106250 | 7106250 | 7106250 | 7106250 | 0 | 1283912.843 | 6436327.5 | 0 | 3853293.925 | 0 | 0
2026-07-07 16:56:57,Luxury Tax Calculator,REMOVED,Tax Liability | 0 | 0 | 0 | 0 | 0 | 0 | 0 | 110694991.8 | 0 | 0 | 0 | 11962322 | 0 | 0 | 0 | 11384793.75 | 0 | 2536082 | 435790.92 | 27298921.5 | 237348750 | 98424340.23 | 35757146.93 | 2106829.571 | 6968912.843 | 12121327.5 | 0 | 9538293.925 | 0 | 0
2026-07-07 16:56:57,Luxury Tax Calculator,ADDED,Tax Liability | 0 | 29235892.75 | 0 | 0 | 0 | 0 | 0 | 110694991.8 | 0 | 0 | 0 | 11962322 | 0 | 0 | 0 | 11384793.75 | 0 | 2536082 | 435790.92 | 27298921.5 | 237348750 | 98424340.23 | 35757146.93 | 2106829.571 | 6968912.843 | 12121327.5 | 0 | 9538293.925 | 0 | 0
2026-07-07 16:57:58,BOS,REMOVED,"Robinson, Mitchell | 1 - FULL SEASON | 10848215.0 | 11651785.0 | 12455356.0 |  |  |  | 34955356"
2026-07-07 16:57:58,BOS,ADDED,"Robinson, Mitchell | 1 - FULL SEASON | 15044000.0 | 15796200.0 | 16548400.0 |  |  |  | 47388600"
2026-07-07 16:57:58,BOS,REMOVED,"TEAM SALARY (Art, I §1 (nnn)): |  | 206597041 | 210538055.2 | 152652803 | 95656742.6 | 15500000 | 0 | 680944641.8"
2026-07-07 16:57:58,BOS,ADDED,"TEAM SALARY (Art, I §1 (nnn)): |  | 210792826 | 214682470.2 | 156745847 | 95656742.6 | 15500000 | 0 | 693377885.8"
2026-07-07 16:57:58,BOS,REMOVED,Players Under Contract |  | 197327967 | 210538055.2 | 152652803 | 95656742.6 | 15500000 | 0 | BOLD = Option Year
2026-07-07 16:57:58,BOS,REMOVED,"Full Season Contracts |  | 197327967 | 210538055.2 | 152652803 | 95656742.6 | 15500000 | 0 | *=Projected Exten,,"
2026-07-07 16:57:58,BOS,ADDED,Players Under Contract |  | 201523752 | 214682470.2 | 156745847 | 95656742.6 | 15500000 | 0 | BOLD = Option Year
2026-07-07 16:57:58,BOS,ADDED,"Full Season Contracts |  | 201523752 | 214682470.2 | 156745847 | 95656742.6 | 15500000 | 0 | *=Projected Exten,,"
2026-07-07 16:57:58,Luxury Tax Calculator,REMOVED,Luxury Tax | 0 | 9432967 | 0 | 0 | 0 | 0 | 0 | 23501723 | 0 | 0 | 0 | 10706857.6 | 0 | 0 | 0 | 10244835 | 0 | 2536082 | 435790.92 | 15515049 | 64457758 | 29970320.04 | 17700978.3 | 702276.5238 | 6712130.274 | 10834062 | 0 | 8767635.14 | 0 | 0
2026-07-07 16:57:58,Luxury Tax Calculator,ADDED,Luxury Tax | 0 | 13628752 | 0 | 0 | 0 | 0 | 0 | 23501723 | 0 | 0 | 0 | 10706857.6 | 0 | 0 | 0 | 10244835 | 0 | 2536082 | 435790.92 | 15515049 | 64457758 | 29970320.04 | 17700978.3 | 702276.5238 | 6712130.274 | 10834062 | 0 | 8767635.14 | 0 | 0
2026-07-07 16:57:58,Luxury Tax Calculator,REMOVED,2nd Incremental Tax Bracket | 0 | 12180892.75 | 0 | 0 | 0 | 0 | 0 | 18476250 | 0 | 0 | 0 | 6277322 | 0 | 0 | 0 | 5699793.75 | 0 | 0 | 0 | 7106250 | 7106250 | 7106250 | 7106250 | 0 | 1283912.843 | 6436327.5 | 0 | 3853293.925 | 0 | 0
2026-07-07 16:57:58,Luxury Tax Calculator,REMOVED,3rd Incremental Tax Bracket | 0 | 0 | 0 | 0 | 0 | 0 | 0 | 31267500 | 0 | 0 | 0 | 0 | 0 | 0 | 0 | 0 | 0 | 0 | 0 | 14507671.5 | 19897500 | 19897500 | 19897500 | 0 | 0 | 0 | 0 | 0 | 0 | 0
2026-07-07 16:57:58,Luxury Tax Calculator,ADDED,2nd Incremental Tax Bracket | 0 | 18476250 | 0 | 0 | 0 | 0 | 0 | 18476250 | 0 | 0 | 0 | 6277322 | 0 | 0 | 0 | 5699793.75 | 0 | 0 | 0 | 7106250 | 7106250 | 7106250 | 7106250 | 0 | 1283912.843 | 6436327.5 | 0 | 3853293.925 | 0 | 0
2026-07-07 16:57:58,Luxury Tax Calculator,ADDED,3rd Incremental Tax Bracket | 0 | 12423136 | 0 | 0 | 0 | 0 | 0 | 31267500 | 0 | 0 | 0 | 0 | 0 | 0 | 0 | 0 | 0 | 0 | 0 | 14507671.5 | 19897500 | 19897500 | 19897500 | 0 | 0 | 0 | 0 | 0 | 0 | 0
2026-07-07 16:57:58,Luxury Tax Calculator,REMOVED,Tax Liability | 0 | 29235892.75 | 0 | 0 | 0 | 0 | 0 | 110694991.8 | 0 | 0 | 0 | 11962322 | 0 | 0 | 0 | 11384793.75 | 0 | 2536082 | 435790.92 | 27298921.5 | 237348750 | 98424340.23 | 35757146.93 | 2106829.571 | 6968912.843 | 12121327.5 | 0 | 9538293.925 | 0 | 0
2026-07-07 16:57:58,Luxury Tax Calculator,ADDED,Tax Liability | 0 | 47954386 | 0 | 0 | 0 | 0 | 0 | 110694991.8 | 0 | 0 | 0 | 11962322 | 0 | 0 | 0 | 11384793.75 | 0 | 2536082 | 435790.92 | 27298921.5 | 237348750 | 98424340.23 | 35757146.93 | 2106829.571 | 6968912.843 | 12121327.5 | 0 | 9538293.925 | 0 | 0
2026-07-07 17:05:58,WAS,REMOVED,"Young, Trae | 4 - CAP HOLD | 49488300.0 |  |  |  |  |  | 49488300"
2026-07-07 17:05:58,WAS,ADDED,"Young, Trae | 4 - CAP HOLD | 49488300.0 | 50478066.0 | 54437130.0 | 58396194.0 |  |  | 212799690"
2026-07-07 17:05:58,WAS,REMOVED,"TEAM SALARY (Art, I §1 (nnn)): |  | 236748071.4 | 131508626.5 | 33868602 | 20457253.44 | 0 | 0 | 422582553.4"
2026-07-07 17:05:58,WAS,ADDED,"TEAM SALARY (Art, I §1 (nnn)): |  | 236748071.4 | 181986692.5 | 88305732 | 78853447.44 | 0 | 0 | 585893943.4"
2026-07-07 17:05:58,WAS,REMOVED,Cap Holds |  | 96105713.5 | 0 | 0 | 0 | 0 | 0
2026-07-07 17:05:58,WAS,ADDED,Cap Holds |  | 96105713.5 | 50478066 | 54437130 | 58396194 | 0 | 0
2026-07-07 17:07:00,WAS,ADDED,"Young, Trae | 1 - FULL SEASON | 49488300.0 | 50478066.0 | 54437130.0 | 58396194.0 |  |  | 212799690"
2026-07-07 17:07:00,WAS,REMOVED,"Young, Trae | 4 - CAP HOLD | 49488300.0 | 50478066.0 | 54437130.0 | 58396194.0 |  |  | 212799690"
2026-07-07 17:07:00,WAS,REMOVED,"Watkins, Jamir | 5 - QUAL OFFER | 2385116.0 |  |  |  |  |  | 2385116"
2026-07-07 17:07:00,WAS,REMOVED,"TEAM SALARY (Art, I §1 (nnn)): |  | 236748071.4 | 181986692.5 | 88305732 | 78853447.44 | 0 | 0 | 585893943.4"
2026-07-07 17:07:00,WAS,ADDED, |  |  |  |  |  |  |  | 0
2026-07-07 17:07:00,WAS,ADDED,"TEAM SALARY (Art, I §1 (nnn)): |  | 234362955.4 | 181986692.5 | 88305732 | 78853447.44 | 0 | 0 | 583508827.4"
2026-07-07 17:07:00,WAS,REMOVED,Players Under Contract |  | 138257241.9 | 131508626.5 | 33868602 | 20457253.44 | 0 | 0 | BOLD = Option Year
2026-07-07 17:07:00,WAS,REMOVED,"Full Season Contracts |  | 138257241.9 | 131508626.5 | 33868602 | 20457253.44 | 0 | 0 | *=Projected Exten,,"
2026-07-07 17:07:00,WAS,ADDED,Players Under Contract |  | 187745541.9 | 181986692.5 | 88305732 | 78853447.44 | 0 | 0 | BOLD = Option Year
2026-07-07 17:07:00,WAS,ADDED,"Full Season Contracts |  | 187745541.9 | 181986692.5 | 88305732 | 78853447.44 | 0 | 0 | *=Projected Exten,,"
2026-07-07 17:07:00,WAS,REMOVED,Cap Holds |  | 96105713.5 | 50478066 | 54437130 | 58396194 | 0 | 0
2026-07-07 17:07:00,WAS,REMOVED,Qualifying Offers |  | 2385116 | 0 | 0 | 0 | 0 | 0
2026-07-07 17:07:00,WAS,ADDED,Cap Holds |  | 46617413.5 | 0 | 0 | 0 | 0 | 0
2026-07-07 17:07:00,WAS,ADDED,Qualifying Offers |  | 0 | 0 | 0 | 0 | 0 | 0
2026-07-07 17:07:00,WAS,REMOVED,"Avg, Salary (Mean) (ALL Compensation Obligations) |  |  | Players Under Contract |  | 13"
2026-07-07 17:07:00,WAS,REMOVED,"Avg, Salary (Mean) (No 10-Day K's) |  |  | Avaiable Spots |  | 2"
2026-07-07 17:07:00,WAS,ADDED,"Avg, Salary (Mean) (ALL Compensation Obligations) |  |  | Players Under Contract |  | 14"
2026-07-07 17:07:00,WAS,ADDED,"Avg, Salary (Mean) (No 10-Day K's) |  |  | Avaiable Spots |  | 1"
2026-07-07 17:07:00,WAS,REMOVED, |  |  | Cap Holds |  | 10
2026-07-07 17:07:00,WAS,ADDED, |  |  | Cap Holds |  | 9
2026-07-07 17:10:58,SAC,REMOVED,"Achiuwa, Precious | 4 - CAP HOLD | 2449421.0 |  |  |  |  |  | 2449421"
2026-07-07 17:10:58,SAC,ADDED,"Achiuwa, Precious | 1 - FULL SEASON | 5477000.0 | 5750850.0 |  |  |  |  | 11227850"
2026-07-07 17:10:58,SAC,REMOVED,"TEAM SALARY (Art, I §1 (nnn)): |  | 235180936 | 125913844.3 | 51476261 | 46990836.6 | 31862067 | 0 | 491423944.9"
2026-07-07 17:10:58,SAC,ADDED,"TEAM SALARY (Art, I §1 (nnn)): |  | 238208515 | 131664694.3 | 51476261 | 46990836.6 | 31862067 | 0 | 500202373.9"
2026-07-07 17:10:58,SAC,REMOVED,Players Under Contract |  | 188729062 | 125913844.3 | 51476261 | 46990836.6 | 31862067 | 0 | BOLD = Option Year
2026-07-07 17:10:58,SAC,REMOVED,"Full Season Contracts |  | 188729062 | 125913844.3 | 51476261 | 46990836.6 | 31862067 | 0 | *=Projected Exten,,"
2026-07-07 17:10:58,SAC,ADDED,Players Under Contract |  | 194206062 | 131664694.3 | 51476261 | 46990836.6 | 31862067 | 0 | BOLD = Option Year
2026-07-07 17:10:58,SAC,ADDED,"Full Season Contracts |  | 194206062 | 131664694.3 | 51476261 | 46990836.6 | 31862067 | 0 | *=Projected Exten,,"
2026-07-07 17:10:58,SAC,REMOVED,Cap Holds |  | 36451874 | 0 | 0 | 0 | 0 | 0
2026-07-07 17:10:58,SAC,ADDED,Cap Holds |  | 34002453 | 0 | 0 | 0 | 0 | 0
2026-07-07 17:10:58,SAC,REMOVED,"Avg, Salary (Mean) (ALL Compensation Obligations) |  |  | Players Under Contract |  | 12"
2026-07-07 17:10:58,SAC,REMOVED,"Avg, Salary (Mean) (No 10-Day K's) |  |  | Avaiable Spots |  | 3"
2026-07-07 17:10:58,SAC,REMOVED,"Avg, Salary (Mean) (No 10-Day K's & ROS) |  |  | Players to Reach Roster Min, |  | 1"
2026-07-07 17:10:58,SAC,REMOVED, |  |  | Cap Holds |  | 10
2026-07-07 17:10:58,SAC,ADDED,"Avg, Salary (Mean) (ALL Compensation Obligations) |  |  | Players Under Contract |  | 13"
2026-07-07 17:10:58,SAC,ADDED,"Avg, Salary (Mean) (No 10-Day K's) |  |  | Avaiable Spots |  | 2"
2026-07-07 17:10:58,SAC,ADDED,"Avg, Salary (Mean) (No 10-Day K's & ROS) |  |  | Players to Reach Roster Min, |  | 0"
2026-07-07 17:10:58,SAC,ADDED, |  |  | Cap Holds |  | 9
2026-07-07 17:10:58,Luxury Tax Calculator,REMOVED,Luxury Tax | 0 | 13628752 | 0 | 0 | 0 | 0 | 0 | 23501723 | 0 | 0 | 0 | 10706857.6 | 0 | 0 | 0 | 10244835 | 0 | 2536082 | 435790.92 | 15515049 | 64457758 | 29970320.04 | 17700978.3 | 702276.5238 | 6712130.274 | 10834062 | 0 | 8767635.14 | 0 | 0
2026-07-07 17:10:58,Luxury Tax Calculator,ADDED,Luxury Tax | 0 | 13628752 | 0 | 0 | 0 | 0 | 0 | 23501723 | 0 | 0 | 0 | 10706857.6 | 0 | 0 | 0 | 10244835 | 0 | 2536082 | 435790.92 | 15515049 | 64457758 | 29970320.04 | 17700978.3 | 702276.5238 | 6712130.274 | 16311062 | 0 | 8767635.14 | 0 | 0
2026-07-07 17:10:58,Luxury Tax Calculator,REMOVED,2nd Incremental Tax Bracket | 0 | 18476250 | 0 | 0 | 0 | 0 | 0 | 18476250 | 0 | 0 | 0 | 6277322 | 0 | 0 | 0 | 5699793.75 | 0 | 0 | 0 | 7106250 | 7106250 | 7106250 | 7106250 | 0 | 1283912.843 | 6436327.5 | 0 | 3853293.925 | 0 | 0
2026-07-07 17:10:58,Luxury Tax Calculator,REMOVED,3rd Incremental Tax Bracket | 0 | 12423136 | 0 | 0 | 0 | 0 | 0 | 31267500 | 0 | 0 | 0 | 0 | 0 | 0 | 0 | 0 | 0 | 0 | 0 | 14507671.5 | 19897500 | 19897500 | 19897500 | 0 | 0 | 0 | 0 | 0 | 0 | 0
2026-07-07 17:10:58,Luxury Tax Calculator,ADDED,2nd Incremental Tax Bracket | 0 | 18476250 | 0 | 0 | 0 | 0 | 0 | 18476250 | 0 | 0 | 0 | 6277322 | 0 | 0 | 0 | 5699793.75 | 0 | 0 | 0 | 7106250 | 7106250 | 7106250 | 7106250 | 0 | 1283912.843 | 7106250 | 0 | 3853293.925 | 0 | 0
2026-07-07 17:10:58,Luxury Tax Calculator,ADDED,3rd Incremental Tax Bracket | 0 | 12423136 | 0 | 0 | 0 | 0 | 0 | 31267500 | 0 | 0 | 0 | 0 | 0 | 0 | 0 | 0 | 0 | 0 | 0 | 14507671.5 | 19897500 | 19897500 | 19897500 | 0 | 0 | 17293717 | 0 | 0 | 0 | 0
2026-07-07 17:10:58,Luxury Tax Calculator,REMOVED,Tax Liability | 0 | 47954386 | 0 | 0 | 0 | 0 | 0 | 110694991.8 | 0 | 0 | 0 | 11962322 | 0 | 0 | 0 | 11384793.75 | 0 | 2536082 | 435790.92 | 27298921.5 | 237348750 | 98424340.23 | 35757146.93 | 2106829.571 | 6968912.843 | 12121327.5 | 0 | 9538293.925 | 0 | 0
2026-07-07 17:10:58,Luxury Tax Calculator,ADDED,Tax Liability | 0 | 47954386 | 0 | 0 | 0 | 0 | 0 | 110694991.8 | 0 | 0 | 0 | 11962322 | 0 | 0 | 0 | 11384793.75 | 0 | 2536082 | 435790.92 | 27298921.5 | 237348750 | 98424340.23 | 35757146.93 | 2106829.571 | 6968912.843 | 30084967 | 0 | 9538293.925 | 0 | 0
2026-07-07 17:11:57,SAC,ADDED,"Achiuwa, Precious | 1 - FULL SEASON | 5477000.0 | 5750850.0 |  |  |  |  | 11227850"
2026-07-07 17:11:57,SAC,REMOVED,"Achiuwa, Precious | 1 - FULL SEASON | 5477000.0 | 5750850.0 |  |  |  |  | 11227850"
2026-07-07 18:07:57,PHX,ADDED,"Goodwin, Jordan | 1 - FULL SEASON | 5864198.0 | 6333333.0 | 6802469.0 |  |  |  | 19000000"
2026-07-07 18:07:57,PHX,REMOVED,"Goodwin, Jordan | 4 - CAP HOLD | 2449421.0 |  |  |  |  |  | 2449421"
2026-07-07 18:07:57,PHX,ADDED,"Goodwin, Jordan | 1 - FULL SEASON | 5864198.0 | 6333333.0 | 6802469.0 |  |  |  | 19000000"
2026-07-07 18:07:57,PHX,REMOVED, |  |  |  |  |  |  |  | 0
2026-07-07 18:07:57,PHX,REMOVED,"TEAM SALARY (Art, I §1 (nnn)): |  | 235762702.2 | 170234034.1 | 108924874.9 | 106107653.1 | 3107142.857 | 0 | 624136407.1"
2026-07-07 18:07:57,PHX,ADDED,"TEAM SALARY (Art, I §1 (nnn)): |  | 245041677.2 | 182900700.1 | 122529812.9 | 106107653.1 | 3107142.857 | 0 | 659686986.1"
2026-07-07 18:07:57,PHX,REMOVED,Players Under Contract |  | 165400226 | 147743881.2 | 86434722 | 83617500.2 | 0 | 0 | BOLD = Option Year
2026-07-07 18:07:57,PHX,REMOVED,"Full Season Contracts |  | 165400226 | 147743881.2 | 86434722 | 83617500.2 | 0 | 0 | *=Projected Exten,,"
2026-07-07 18:07:57,PHX,ADDED,Players Under Contract |  | 177128622 | 160410547.2 | 100039660 | 83617500.2 | 0 | 0 | BOLD = Option Year
2026-07-07 18:07:57,PHX,ADDED,"Full Season Contracts |  | 177128622 | 160410547.2 | 100039660 | 83617500.2 | 0 | 0 | *=Projected Exten,,"
2026-07-07 18:07:57,PHX,REMOVED,Cap Holds |  | 47165425.72 | 0 | 0 | 0 | 0 | 0
2026-07-07 18:07:57,PHX,ADDED,Cap Holds |  | 44716004.72 | 0 | 0 | 0 | 0 | 0
2026-07-07 18:07:57,PHX,REMOVED,"Avg, Salary (Mean) (ALL Compensation Obligations) |  |  | Players Under Contract |  | 12"
2026-07-07 18:07:57,PHX,REMOVED,"Avg, Salary (Mean) (No 10-Day K's) |  |  | Avaiable Spots |  | 3"
2026-07-07 18:07:57,PHX,REMOVED,"Avg, Salary (Mean) (No 10-Day K's & ROS) |  |  | Players to Reach Roster Min, |  | 1"
2026-07-07 18:07:57,PHX,REMOVED, |  |  | Cap Holds |  | 13
2026-07-07 18:07:57,PHX,ADDED,"Avg, Salary (Mean) (ALL Compensation Obligations) |  |  | Players Under Contract |  | 14"
2026-07-07 18:07:57,PHX,ADDED,"Avg, Salary (Mean) (No 10-Day K's) |  |  | Avaiable Spots |  | 1"
2026-07-07 18:07:57,PHX,ADDED,"Avg, Salary (Mean) (No 10-Day K's & ROS) |  |  | Players to Reach Roster Min, |  | 0"
2026-07-07 18:07:57,PHX,ADDED, |  |  | Cap Holds |  | 12
2026-07-07 18:07:57,Luxury Tax Calculator,REMOVED,Luxury Tax | 0 | 13628752 | 0 | 0 | 0 | 0 | 0 | 23501723 | 0 | 0 | 0 | 10706857.6 | 0 | 0 | 0 | 10244835 | 0 | 2536082 | 435790.92 | 15515049 | 64457758 | 29970320.04 | 17700978.3 | 702276.5238 | 6712130.274 | 16311062 | 0 | 8767635.14 | 0 | 0
2026-07-07 18:07:57,Luxury Tax Calculator,REMOVED,1st Incremental Tax Bracket | 0 | 17055000 | 0 | 0 | 0 | 0 | 0 | 17055000 | 0 | 0 | 0 | 5685000 | 0 | 0 | 0 | 5685000 | 0 | 2536082 | 435790.92 | 5685000 | 5685000 | 5685000 | 5685000 | 2106829.571 | 5685000 | 5685000 | 0 | 5685000 | 0 | 0
2026-07-07 18:07:57,Luxury Tax Calculator,REMOVED,2nd Incremental Tax Bracket | 0 | 18476250 | 0 | 0 | 0 | 0 | 0 | 18476250 | 0 | 0 | 0 | 6277322 | 0 | 0 | 0 | 5699793.75 | 0 | 0 | 0 | 7106250 | 7106250 | 7106250 | 7106250 | 0 | 1283912.843 | 7106250 | 0 | 3853293.925 | 0 | 0
2026-07-07 18:07:57,Luxury Tax Calculator,REMOVED,3rd Incremental Tax Bracket | 0 | 12423136 | 0 | 0 | 0 | 0 | 0 | 31267500 | 0 | 0 | 0 | 0 | 0 | 0 | 0 | 0 | 0 | 0 | 0 | 14507671.5 | 19897500 | 19897500 | 19897500 | 0 | 0 | 17293717 | 0 | 0 | 0 | 0
2026-07-07 18:07:57,Luxury Tax Calculator,ADDED,Luxury Tax | 0 | 13628752 | 0 | 0 | 0 | 0 | 0 | 23501723 | 0 | 0 | 0 | 10706857.6 | 0 | 0 | 0 | 10244835 | 0 | 2536082 | 435790.92 | 15515049 | 64457758 | 29970320.04 | 17700978.3 | 12430672.52 | 6712130.274 | 16311062 | 0 | 8767635.14 | 0 | 0
2026-07-07 18:07:57,Luxury Tax Calculator,ADDED,1st Incremental Tax Bracket | 0 | 17055000 | 0 | 0 | 0 | 0 | 0 | 17055000 | 0 | 0 | 0 | 5685000 | 0 | 0 | 0 | 5685000 | 0 | 2536082 | 435790.92 | 5685000 | 5685000 | 5685000 | 5685000 | 17055000 | 5685000 | 5685000 | 0 | 5685000 | 0 | 0
2026-07-07 18:07:57,Luxury Tax Calculator,ADDED,2nd Incremental Tax Bracket | 0 | 18476250 | 0 | 0 | 0 | 0 | 0 | 18476250 | 0 | 0 | 0 | 6277322 | 0 | 0 | 0 | 5699793.75 | 0 | 0 | 0 | 7106250 | 7106250 | 7106250 | 7106250 | 18476250 | 1283912.843 | 7106250 | 0 | 3853293.925 | 0 | 0
2026-07-07 18:07:57,Luxury Tax Calculator,ADDED,3rd Incremental Tax Bracket | 0 | 12423136 | 0 | 0 | 0 | 0 | 0 | 31267500 | 0 | 0 | 0 | 0 | 0 | 0 | 0 | 0 | 0 | 0 | 0 | 14507671.5 | 19897500 | 19897500 | 19897500 | 5833698.881 | 0 | 17293717 | 0 | 0 | 0 | 0
2026-07-07 18:07:57,Luxury Tax Calculator,REMOVED,Tax Liability | 0 | 47954386 | 0 | 0 | 0 | 0 | 0 | 110694991.8 | 0 | 0 | 0 | 11962322 | 0 | 0 | 0 | 11384793.75 | 0 | 2536082 | 435790.92 | 27298921.5 | 237348750 | 98424340.23 | 35757146.93 | 2106829.571 | 6968912.843 | 30084967 | 0 | 9538293.925 | 0 | 0
2026-07-07 18:07:57,Luxury Tax Calculator,ADDED,Tax Liability | 0 | 47954386 | 0 | 0 | 0 | 0 | 0 | 110694991.8 | 0 | 0 | 0 | 11962322 | 0 | 0 | 0 | 11384793.75 | 0 | 2536082 | 435790.92 | 27298921.5 | 237348750 | 98424340.23 | 35757146.93 | 41364948.88 | 6968912.843 | 30084967 | 0 | 9538293.925 | 0 | 0
2026-07-07 18:21:57,PHX,REMOVED,"Goodwin, Jordan | 1 - FULL SEASON | 5864198.0 | 6333333.0 | 6802469.0 |  |  |  | 19000000"
2026-07-07 18:21:57,PHX,REMOVED,"TEAM SALARY (Art, I §1 (nnn)): |  | 245041677.2 | 182900700.1 | 122529812.9 | 106107653.1 | 3107142.857 | 0 | 659686986.1"
2026-07-07 18:21:57,PHX,ADDED, |  |  |  |  |  |  |  | 0
2026-07-07 18:21:57,PHX,ADDED,"TEAM SALARY (Art, I §1 (nnn)): |  | 239177479.2 | 176567367.1 | 115727343.9 | 106107653.1 | 3107142.857 | 0 | 640686986.1"
2026-07-07 18:21:57,PHX,REMOVED,Players Under Contract |  | 177128622 | 160410547.2 | 100039660 | 83617500.2 | 0 | 0 | BOLD = Option Year
2026-07-07 18:21:57,PHX,REMOVED,"Full Season Contracts |  | 177128622 | 160410547.2 | 100039660 | 83617500.2 | 0 | 0 | *=Projected Exten,,"
2026-07-07 18:21:57,PHX,ADDED,Players Under Contract |  | 171264424 | 154077214.2 | 93237191 | 83617500.2 | 0 | 0 | BOLD = Option Year
2026-07-07 18:21:57,PHX,ADDED,"Full Season Contracts |  | 171264424 | 154077214.2 | 93237191 | 83617500.2 | 0 | 0 | *=Projected Exten,,"
2026-07-07 18:21:57,PHX,REMOVED,"Avg, Salary (Mean) (ALL Compensation Obligations) |  |  | Players Under Contract |  | 14"
2026-07-07 18:21:57,PHX,REMOVED,"Avg, Salary (Mean) (No 10-Day K's) |  |  | Avaiable Spots |  | 1"
2026-07-07 18:21:57,PHX,ADDED,"Avg, Salary (Mean) (ALL Compensation Obligations) |  |  | Players Under Contract |  | 13"
2026-07-07 18:21:57,PHX,ADDED,"Avg, Salary (Mean) (No 10-Day K's) |  |  | Avaiable Spots |  | 2"
2026-07-07 18:21:57,Luxury Tax Calculator,REMOVED,Luxury Tax | 0 | 13628752 | 0 | 0 | 0 | 0 | 0 | 23501723 | 0 | 0 | 0 | 10706857.6 | 0 | 0 | 0 | 10244835 | 0 | 2536082 | 435790.92 | 15515049 | 64457758 | 29970320.04 | 17700978.3 | 12430672.52 | 6712130.274 | 16311062 | 0 | 8767635.14 | 0 | 0
2026-07-07 18:21:57,Luxury Tax Calculator,ADDED,Luxury Tax | 0 | 13628752 | 0 | 0 | 0 | 0 | 0 | 23501723 | 0 | 0 | 0 | 10706857.6 | 0 | 0 | 0 | 10244835 | 0 | 2536082 | 435790.92 | 15515049 | 64457758 | 29970320.04 | 17700978.3 | 6566474.524 | 6712130.274 | 16311062 | 0 | 8767635.14 | 0 | 0
2026-07-07 18:21:57,Luxury Tax Calculator,REMOVED,2nd Incremental Tax Bracket | 0 | 18476250 | 0 | 0 | 0 | 0 | 0 | 18476250 | 0 | 0 | 0 | 6277322 | 0 | 0 | 0 | 5699793.75 | 0 | 0 | 0 | 7106250 | 7106250 | 7106250 | 7106250 | 18476250 | 1283912.843 | 7106250 | 0 | 3853293.925 | 0 | 0
2026-07-07 18:21:57,Luxury Tax Calculator,REMOVED,3rd Incremental Tax Bracket | 0 | 12423136 | 0 | 0 | 0 | 0 | 0 | 31267500 | 0 | 0 | 0 | 0 | 0 | 0 | 0 | 0 | 0 | 0 | 0 | 14507671.5 | 19897500 | 19897500 | 19897500 | 5833698.881 | 0 | 17293717 | 0 | 0 | 0 | 0
2026-07-07 18:21:57,Luxury Tax Calculator,ADDED,2nd Incremental Tax Bracket | 0 | 18476250 | 0 | 0 | 0 | 0 | 0 | 18476250 | 0 | 0 | 0 | 6277322 | 0 | 0 | 0 | 5699793.75 | 0 | 0 | 0 | 7106250 | 7106250 | 7106250 | 7106250 | 2864792.202 | 1283912.843 | 7106250 | 0 | 3853293.925 | 0 | 0
2026-07-07 18:21:57,Luxury Tax Calculator,ADDED,3rd Incremental Tax Bracket | 0 | 12423136 | 0 | 0 | 0 | 0 | 0 | 31267500 | 0 | 0 | 0 | 0 | 0 | 0 | 0 | 0 | 0 | 0 | 0 | 14507671.5 | 19897500 | 19897500 | 19897500 | 0 | 0 | 17293717 | 0 | 0 | 0 | 0
2026-07-07 18:21:57,Luxury Tax Calculator,REMOVED,Tax Liability | 0 | 47954386 | 0 | 0 | 0 | 0 | 0 | 110694991.8 | 0 | 0 | 0 | 11962322 | 0 | 0 | 0 | 11384793.75 | 0 | 2536082 | 435790.92 | 27298921.5 | 237348750 | 98424340.23 | 35757146.93 | 41364948.88 | 6968912.843 | 30084967 | 0 | 9538293.925 | 0 | 0
2026-07-07 18:21:57,Luxury Tax Calculator,ADDED,Tax Liability | 0 | 47954386 | 0 | 0 | 0 | 0 | 0 | 110694991.8 | 0 | 0 | 0 | 11962322 | 0 | 0 | 0 | 11384793.75 | 0 | 2536082 | 435790.92 | 27298921.5 | 237348750 | 98424340.23 | 35757146.93 | 19919792.2 | 6968912.843 | 30084967 | 0 | 9538293.925 | 0 | 0
2026-07-07 18:24:05,PHX,ADDED,"O'Neale, Royce | 1 - FULL SEASON | 10875000.0 | 11625000.0 |  |  |  |  | 22500000"
2026-07-07 18:24:05,PHX,REMOVED,"Williams, Mark | 4 - CAP HOLD | 18829593.72 |  |  |  |  |  | 18829593.72"
2026-07-07 18:24:05,PHX,ADDED,"Williams, Mark | 1 - FULL SEASON | 11728395.0 | 12666667.0 | 13604938.0 |  |  |  | 38000000"
2026-07-07 18:24:05,PHX,REMOVED, |  |  |  |  |  |  |  | 0
2026-07-07 18:24:05,PHX,REMOVED,"TEAM SALARY (Art, I §1 (nnn)): |  | 239177479.2 | 176567367.1 | 115727343.9 | 106107653.1 | 3107142.857 | 0 | 640686986.1"
2026-07-07 18:24:05,PHX,ADDED,"TEAM SALARY (Art, I §1 (nnn)): |  | 242951280.5 | 200859034.1 | 129332281.9 | 106107653.1 | 3107142.857 | 0 | 682357392.4"
2026-07-07 18:24:05,PHX,REMOVED,Players Under Contract |  | 171264424 | 154077214.2 | 93237191 | 83617500.2 | 0 | 0 | BOLD = Option Year
2026-07-07 18:24:05,PHX,REMOVED,"Full Season Contracts |  | 171264424 | 154077214.2 | 93237191 | 83617500.2 | 0 | 0 | *=Projected Exten,,"
2026-07-07 18:24:05,PHX,ADDED,Players Under Contract |  | 193867819 | 178368881.2 | 106842129 | 83617500.2 | 0 | 0 | BOLD = Option Year
2026-07-07 18:24:05,PHX,ADDED,"Full Season Contracts |  | 193867819 | 178368881.2 | 106842129 | 83617500.2 | 0 | 0 | *=Projected Exten,,"
2026-07-07 18:24:05,PHX,REMOVED,Cap Holds |  | 44716004.72 | 0 | 0 | 0 | 0 | 0
2026-07-07 18:24:05,PHX,ADDED,Cap Holds |  | 25886411 | 0 | 0 | 0 | 0 | 0
2026-07-07 18:24:05,PHX,REMOVED,"Avg, Salary (Mean) (ALL Compensation Obligations) |  |  | Players Under Contract |  | 13"
2026-07-07 18:24:05,PHX,REMOVED,"Avg, Salary (Mean) (No 10-Day K's) |  |  | Avaiable Spots |  | 2"
2026-07-07 18:24:05,PHX,ADDED,"Avg, Salary (Mean) (ALL Compensation Obligations) |  |  | Players Under Contract |  | 15"
2026-07-07 18:24:05,PHX,ADDED,"Avg, Salary (Mean) (No 10-Day K's) |  |  | Avaiable Spots |  | 0"
2026-07-07 18:24:05,PHX,REMOVED, |  |  | Cap Holds |  | 12
2026-07-07 18:24:05,PHX,ADDED, |  |  | Cap Holds |  | 11
2026-07-07 18:24:05,Luxury Tax Calculator,REMOVED,Luxury Tax | 0 | 13628752 | 0 | 0 | 0 | 0 | 0 | 23501723 | 0 | 0 | 0 | 10706857.6 | 0 | 0 | 0 | 10244835 | 0 | 2536082 | 435790.92 | 15515049 | 64457758 | 29970320.04 | 17700978.3 | 6566474.524 | 6712130.274 | 16311062 | 0 | 8767635.14 | 0 | 0
2026-07-07 18:24:05,Luxury Tax Calculator,ADDED,Luxury Tax | 0 | 13628752 | 0 | 0 | 0 | 0 | 0 | 23501723 | 0 | 0 | 0 | 10706857.6 | 0 | 0 | 0 | 10244835 | 0 | 2536082 | 435790.92 | 15515049 | 64457758 | 29970320.04 | 17700978.3 | 29169869.52 | 6712130.274 | 16311062 | 0 | 8767635.14 | 0 | 0
2026-07-07 18:24:05,Luxury Tax Calculator,REMOVED,2nd Incremental Tax Bracket | 0 | 18476250 | 0 | 0 | 0 | 0 | 0 | 18476250 | 0 | 0 | 0 | 6277322 | 0 | 0 | 0 | 5699793.75 | 0 | 0 | 0 | 7106250 | 7106250 | 7106250 | 7106250 | 2864792.202 | 1283912.843 | 7106250 | 0 | 3853293.925 | 0 | 0
2026-07-07 18:24:05,Luxury Tax Calculator,REMOVED,3rd Incremental Tax Bracket | 0 | 12423136 | 0 | 0 | 0 | 0 | 0 | 31267500 | 0 | 0 | 0 | 0 | 0 | 0 | 0 | 0 | 0 | 0 | 0 | 14507671.5 | 19897500 | 19897500 | 19897500 | 0 | 0 | 17293717 | 0 | 0 | 0 | 0
2026-07-07 18:24:05,Luxury Tax Calculator,REMOVED,4th Incremental Tax Bracket | 0 | 0 | 0 | 0 | 0 | 0 | 0 | 38373750 | 0 | 0 | 0 | 0 | 0 | 0 | 0 | 0 | 0 | 0 | 0 | 0 | 27003750 | 27003750 | 3068396.925 | 0 | 0 | 0 | 0 | 0 | 0 | 0
2026-07-07 18:24:05,Luxury Tax Calculator,REMOVED,5th Incremental Tax Bracket | 0 | 0 | 0 | 0 | 0 | 0 | 0 | 5522491.75 | 0 | 0 | 0 | 0 | 0 | 0 | 0 | 0 | 0 | 0 | 0 | 0 | 29846250 | 29846250 | 0 | 0 | 0 | 0 | 0 | 0 | 0 | 0
2026-07-07 18:24:05,Luxury Tax Calculator,REMOVED,6th Incremental Tax Bracket | 0 | 0 | 0 | 0 | 0 | 0 | 0 | 0 | 0 | 0 | 0 | 0 | 0 | 0 | 0 | 0 | 0 | 0 | 0 | 0 | 32688750 | 8885590.23 | 0 | 0 | 0 | 0 | 0 | 0 | 0 | 0
2026-07-07 18:24:05,Luxury Tax Calculator,ADDED,2nd Incremental Tax Bracket | 0 | 18476250 | 0 | 0 | 0 | 0 | 0 | 18476250 | 0 | 0 | 0 | 6277322 | 0 | 0 | 0 | 5699793.75 | 0 | 0 | 0 | 7106250 | 7106250 | 7106250 | 7106250 | 18476250 | 1283912.843 | 7106250 | 0 | 3853293.925 | 0 | 0
2026-07-07 18:24:05,Luxury Tax Calculator,ADDED,3rd Incremental Tax Bracket | 0 | 12423136 | 0 | 0 | 0 | 0 | 0 | 31267500 | 0 | 0 | 0 | 0 | 0 | 0 | 0 | 0 | 0 | 0 | 0 | 14507671.5 | 19897500 | 19897500 | 19897500 | 31267500 | 0 | 17293717 | 0 | 0 | 0 | 0
2026-07-07 18:24:05,Luxury Tax Calculator,ADDED,4th Incremental Tax Bracket | 0 | 0 | 0 | 0 | 0 | 0 | 0 | 38373750 | 0 | 0 | 0 | 0 | 0 | 0 | 0 | 0 | 0 | 0 | 0 | 0 | 27003750 | 27003750 | 3068396.925 | 38373750 | 0 | 0 | 0 | 0 | 0 | 0
2026-07-07 18:24:05,Luxury Tax Calculator,ADDED,5th Incremental Tax Bracket | 0 | 0 | 0 | 0 | 0 | 0 | 0 | 5522491.75 | 0 | 0 | 0 | 0 | 0 | 0 | 0 | 0 | 0 | 0 | 0 | 0 | 29846250 | 29846250 | 0 | 41216250 | 0 | 0 | 0 | 0 | 0 | 0
2026-07-07 18:24:05,Luxury Tax Calculator,ADDED,6th Incremental Tax Bracket | 0 | 0 | 0 | 0 | 0 | 0 | 0 | 0 | 0 | 0 | 0 | 0 | 0 | 0 | 0 | 0 | 0 | 0 | 0 | 0 | 32688750 | 8885590.23 | 0 | 5772738.81 | 0 | 0 | 0 | 0 | 0 | 0
2026-07-07 18:24:05,Luxury Tax Calculator,REMOVED,Tax Liability | 0 | 47954386 | 0 | 0 | 0 | 0 | 0 | 110694991.8 | 0 | 0 | 0 | 11962322 | 0 | 0 | 0 | 11384793.75 | 0 | 2536082 | 435790.92 | 27298921.5 | 237348750 | 98424340.23 | 35757146.93 | 19919792.2 | 6968912.843 | 30084967 | 0 | 9538293.925 | 0 | 0
2026-07-07 18:24:05,Luxury Tax Calculator,ADDED,Tax Liability | 0 | 47954386 | 0 | 0 | 0 | 0 | 0 | 110694991.8 | 0 | 0 | 0 | 11962322 | 0 | 0 | 0 | 11384793.75 | 0 | 2536082 | 435790.92 | 27298921.5 | 237348750 | 98424340.23 | 35757146.93 | 152161488.8 | 6968912.843 | 30084967 | 0 | 9538293.925 | 0 | 0
2026-07-07 18:24:57,PHX,REMOVED,"O'Neale, Royce | 1 - FULL SEASON | 10875000.0 | 11625000.0 |  |  |  |  | 22500000"
2026-07-07 18:24:57,PHX,ADDED,"Williams, Mark | 1 - FULL SEASON | 11728395.0 | 12666667.0 | 13604938.0 |  |  |  | 38000000"
2026-07-07 18:24:57,PHX,REMOVED,"Williams, Mark | 1 - FULL SEASON | 11728395.0 | 12666667.0 | 13604938.0 |  |  |  | 38000000"
2026-07-07 18:24:57,PHX,REMOVED,"TEAM SALARY (Art, I §1 (nnn)): |  | 242951280.5 | 200859034.1 | 129332281.9 | 106107653.1 | 3107142.857 | 0 | 682357392.4"
2026-07-07 18:24:57,PHX,ADDED, |  |  |  |  |  |  |  | 0
2026-07-07 18:24:57,PHX,ADDED,"TEAM SALARY (Art, I §1 (nnn)): |  | 232076280.5 | 189234034.1 | 129332281.9 | 106107653.1 | 3107142.857 | 0 | 659857392.4"
2026-07-07 18:24:57,PHX,REMOVED,Players Under Contract |  | 193867819 | 178368881.2 | 106842129 | 83617500.2 | 0 | 0 | BOLD = Option Year
2026-07-07 18:24:57,PHX,REMOVED,"Full Season Contracts |  | 193867819 | 178368881.2 | 106842129 | 83617500.2 | 0 | 0 | *=Projected Exten,,"
2026-07-07 18:24:57,PHX,ADDED,Players Under Contract |  | 182992819 | 166743881.2 | 106842129 | 83617500.2 | 0 | 0 | BOLD = Option Year
2026-07-07 18:24:57,PHX,ADDED,"Full Season Contracts |  | 182992819 | 166743881.2 | 106842129 | 83617500.2 | 0 | 0 | *=Projected Exten,,"
2026-07-07 18:24:57,PHX,REMOVED,"Avg, Salary (Mean) (ALL Compensation Obligations) |  |  | Players Under Contract |  | 15"
2026-07-07 18:24:57,PHX,REMOVED,"Avg, Salary (Mean) (No 10-Day K's) |  |  | Avaiable Spots |  | 0"
2026-07-07 18:24:57,PHX,ADDED,"Avg, Salary (Mean) (ALL Compensation Obligations) |  |  | Players Under Contract |  | 14"
2026-07-07 18:24:57,PHX,ADDED,"Avg, Salary (Mean) (No 10-Day K's) |  |  | Avaiable Spots |  | 1"
2026-07-07 18:24:57,Luxury Tax Calculator,REMOVED,Luxury Tax | 0 | 13628752 | 0 | 0 | 0 | 0 | 0 | 23501723 | 0 | 0 | 0 | 10706857.6 | 0 | 0 | 0 | 10244835 | 0 | 2536082 | 435790.92 | 15515049 | 64457758 | 29970320.04 | 17700978.3 | 29169869.52 | 6712130.274 | 16311062 | 0 | 8767635.14 | 0 | 0
2026-07-07 18:24:57,Luxury Tax Calculator,ADDED,Luxury Tax | 0 | 13628752 | 0 | 0 | 0 | 0 | 0 | 23501723 | 0 | 0 | 0 | 10706857.6 | 0 | 0 | 0 | 10244835 | 0 | 2536082 | 435790.92 | 15515049 | 64457758 | 29970320.04 | 17700978.3 | 18294869.52 | 6712130.274 | 16311062 | 0 | 8767635.14 | 0 | 0
2026-07-07 18:24:57,Luxury Tax Calculator,REMOVED,4th Incremental Tax Bracket | 0 | 0 | 0 | 0 | 0 | 0 | 0 | 38373750 | 0 | 0 | 0 | 0 | 0 | 0 | 0 | 0 | 0 | 0 | 0 | 0 | 27003750 | 27003750 | 3068396.925 | 38373750 | 0 | 0 | 0 | 0 | 0 | 0
2026-07-07 18:24:57,Luxury Tax Calculator,REMOVED,5th Incremental Tax Bracket | 0 | 0 | 0 | 0 | 0 | 0 | 0 | 5522491.75 | 0 | 0 | 0 | 0 | 0 | 0 | 0 | 0 | 0 | 0 | 0 | 0 | 29846250 | 29846250 | 0 | 41216250 | 0 | 0 | 0 | 0 | 0 | 0
2026-07-07 18:24:57,Luxury Tax Calculator,REMOVED,6th Incremental Tax Bracket | 0 | 0 | 0 | 0 | 0 | 0 | 0 | 0 | 0 | 0 | 0 | 0 | 0 | 0 | 0 | 0 | 0 | 0 | 0 | 0 | 32688750 | 8885590.23 | 0 | 5772738.81 | 0 | 0 | 0 | 0 | 0 | 0
2026-07-07 18:24:57,Luxury Tax Calculator,ADDED,4th Incremental Tax Bracket | 0 | 0 | 0 | 0 | 0 | 0 | 0 | 38373750 | 0 | 0 | 0 | 0 | 0 | 0 | 0 | 0 | 0 | 0 | 0 | 0 | 27003750 | 27003750 | 3068396.925 | 8369119.286 | 0 | 0 | 0 | 0 | 0 | 0
2026-07-07 18:24:57,Luxury Tax Calculator,ADDED,5th Incremental Tax Bracket | 0 | 0 | 0 | 0 | 0 | 0 | 0 | 5522491.75 | 0 | 0 | 0 | 0 | 0 | 0 | 0 | 0 | 0 | 0 | 0 | 0 | 29846250 | 29846250 | 0 | 0 | 0 | 0 | 0 | 0 | 0 | 0
2026-07-07 18:24:57,Luxury Tax Calculator,ADDED,6th Incremental Tax Bracket | 0 | 0 | 0 | 0 | 0 | 0 | 0 | 0 | 0 | 0 | 0 | 0 | 0 | 0 | 0 | 0 | 0 | 0 | 0 | 0 | 32688750 | 8885590.23 | 0 | 0 | 0 | 0 | 0 | 0 | 0 | 0
2026-07-07 18:24:57,Luxury Tax Calculator,REMOVED,Tax Liability | 0 | 47954386 | 0 | 0 | 0 | 0 | 0 | 110694991.8 | 0 | 0 | 0 | 11962322 | 0 | 0 | 0 | 11384793.75 | 0 | 2536082 | 435790.92 | 27298921.5 | 237348750 | 98424340.23 | 35757146.93 | 152161488.8 | 6968912.843 | 30084967 | 0 | 9538293.925 | 0 | 0
2026-07-07 18:24:57,Luxury Tax Calculator,ADDED,Tax Liability | 0 | 47954386 | 0 | 0 | 0 | 0 | 0 | 110694991.8 | 0 | 0 | 0 | 11962322 | 0 | 0 | 0 | 11384793.75 | 0 | 2536082 | 435790.92 | 27298921.5 | 237348750 | 98424340.23 | 35757146.93 | 75167869.29 | 6968912.843 | 30084967 | 0 | 9538293.925 | 0 | 0
2026-07-07 18:25:57,PHX,REMOVED,"Gillespie, Collin | 4 - CAP HOLD | 2449421.0 |  |  |  |  |  | 2449421"
2026-07-07 18:25:57,PHX,ADDED,"Gillespie, Collin | 1 - FULL SEASON | 10714286.0 | 11571429.0 | 12428571.0 | 13285714.0 |  |  | 48000000"
2026-07-07 18:25:57,PHX,REMOVED,"TEAM SALARY (Art, I §1 (nnn)): |  | 232076280.5 | 189234034.1 | 129332281.9 | 106107653.1 | 3107142.857 | 0 | 659857392.4"
2026-07-07 18:25:57,PHX,ADDED,"TEAM SALARY (Art, I §1 (nnn)): |  | 240341145.5 | 200805463.1 | 141760852.9 | 119393367.1 | 3107142.857 | 0 | 705407971.4"
2026-07-07 18:25:57,PHX,REMOVED,Players Under Contract |  | 182992819 | 166743881.2 | 106842129 | 83617500.2 | 0 | 0 | BOLD = Option Year
2026-07-07 18:25:57,PHX,REMOVED,"Full Season Contracts |  | 182992819 | 166743881.2 | 106842129 | 83617500.2 | 0 | 0 | *=Projected Exten,,"
2026-07-07 18:25:57,PHX,ADDED,Players Under Contract |  | 193707105 | 178315310.2 | 119270700 | 96903214.2 | 0 | 0 | BOLD = Option Year
2026-07-07 18:25:57,PHX,ADDED,"Full Season Contracts |  | 193707105 | 178315310.2 | 119270700 | 96903214.2 | 0 | 0 | *=Projected Exten,,"
2026-07-07 18:25:57,PHX,REMOVED,Cap Holds |  | 25886411 | 0 | 0 | 0 | 0 | 0
2026-07-07 18:25:57,PHX,ADDED,Cap Holds |  | 23436990 | 0 | 0 | 0 | 0 | 0
2026-07-07 18:25:57,PHX,REMOVED,"Avg, Salary (Mean) (ALL Compensation Obligations) |  |  | Players Under Contract |  | 14"
2026-07-07 18:25:57,PHX,REMOVED,"Avg, Salary (Mean) (No 10-Day K's) |  |  | Avaiable Spots |  | 1"
2026-07-07 18:25:57,PHX,ADDED,"Avg, Salary (Mean) (ALL Compensation Obligations) |  |  | Players Under Contract |  | 15"
2026-07-07 18:25:57,PHX,ADDED,"Avg, Salary (Mean) (No 10-Day K's) |  |  | Avaiable Spots |  | 0"
2026-07-07 18:25:57,PHX,REMOVED, |  |  | Cap Holds |  | 11
2026-07-07 18:25:57,PHX,ADDED, |  |  | Cap Holds |  | 10
2026-07-07 18:25:57,Luxury Tax Calculator,REMOVED,Luxury Tax | 0 | 13628752 | 0 | 0 | 0 | 0 | 0 | 23501723 | 0 | 0 | 0 | 10706857.6 | 0 | 0 | 0 | 10244835 | 0 | 2536082 | 435790.92 | 15515049 | 64457758 | 29970320.04 | 17700978.3 | 18294869.52 | 6712130.274 | 16311062 | 0 | 8767635.14 | 0 | 0
2026-07-07 18:25:57,Luxury Tax Calculator,ADDED,Luxury Tax | 0 | 13628752 | 0 | 0 | 0 | 0 | 0 | 23501723 | 0 | 0 | 0 | 10706857.6 | 0 | 0 | 0 | 10244835 | 0 | 2536082 | 435790.92 | 15515049 | 64457758 | 29970320.04 | 17700978.3 | 29009155.52 | 6712130.274 | 16311062 | 0 | 8767635.14 | 0 | 0
2026-07-07 18:25:57,Luxury Tax Calculator,REMOVED,4th Incremental Tax Bracket | 0 | 0 | 0 | 0 | 0 | 0 | 0 | 38373750 | 0 | 0 | 0 | 0 | 0 | 0 | 0 | 0 | 0 | 0 | 0 | 0 | 27003750 | 27003750 | 3068396.925 | 8369119.286 | 0 | 0 | 0 | 0 | 0 | 0
2026-07-07 18:25:57,Luxury Tax Calculator,REMOVED,5th Incremental Tax Bracket | 0 | 0 | 0 | 0 | 0 | 0 | 0 | 5522491.75 | 0 | 0 | 0 | 0 | 0 | 0 | 0 | 0 | 0 | 0 | 0 | 0 | 29846250 | 29846250 | 0 | 0 | 0 | 0 | 0 | 0 | 0 | 0
2026-07-07 18:25:57,Luxury Tax Calculator,REMOVED,6th Incremental Tax Bracket | 0 | 0 | 0 | 0 | 0 | 0 | 0 | 0 | 0 | 0 | 0 | 0 | 0 | 0 | 0 | 0 | 0 | 0 | 0 | 0 | 32688750 | 8885590.23 | 0 | 0 | 0 | 0 | 0 | 0 | 0 | 0
2026-07-07 18:25:57,Luxury Tax Calculator,ADDED,4th Incremental Tax Bracket | 0 | 0 | 0 | 0 | 0 | 0 | 0 | 38373750 | 0 | 0 | 0 | 0 | 0 | 0 | 0 | 0 | 0 | 0 | 0 | 0 | 27003750 | 27003750 | 3068396.925 | 38373750 | 0 | 0 | 0 | 0 | 0 | 0
2026-07-07 18:25:57,Luxury Tax Calculator,ADDED,5th Incremental Tax Bracket | 0 | 0 | 0 | 0 | 0 | 0 | 0 | 5522491.75 | 0 | 0 | 0 | 0 | 0 | 0 | 0 | 0 | 0 | 0 | 0 | 0 | 29846250 | 29846250 | 0 | 41216250 | 0 | 0 | 0 | 0 | 0 | 0
2026-07-07 18:25:57,Luxury Tax Calculator,ADDED,6th Incremental Tax Bracket | 0 | 0 | 0 | 0 | 0 | 0 | 0 | 0 | 0 | 0 | 0 | 0 | 0 | 0 | 0 | 0 | 0 | 0 | 0 | 0 | 32688750 | 8885590.23 | 0 | 4527205.31 | 0 | 0 | 0 | 0 | 0 | 0
2026-07-07 18:25:57,Luxury Tax Calculator,REMOVED,Tax Liability | 0 | 47954386 | 0 | 0 | 0 | 0 | 0 | 110694991.8 | 0 | 0 | 0 | 11962322 | 0 | 0 | 0 | 11384793.75 | 0 | 2536082 | 435790.92 | 27298921.5 | 237348750 | 98424340.23 | 35757146.93 | 75167869.29 | 6968912.843 | 30084967 | 0 | 9538293.925 | 0 | 0
2026-07-07 18:25:57,Luxury Tax Calculator,ADDED,Tax Liability | 0 | 47954386 | 0 | 0 | 0 | 0 | 0 | 110694991.8 | 0 | 0 | 0 | 11962322 | 0 | 0 | 0 | 11384793.75 | 0 | 2536082 | 435790.92 | 27298921.5 | 237348750 | 98424340.23 | 35757146.93 | 150915955.3 | 6968912.843 | 30084967 | 0 | 9538293.925 | 0 | 0
2026-07-07 18:26:59,PHX,ADDED,"Gillespie, Collin | 1 - FULL SEASON | 10714286.0 | 11571429.0 | 12428571.0 | 13285714.0 |  |  | 48000000"
2026-07-07 18:26:59,PHX,REMOVED,"Gillespie, Collin | 1 - FULL SEASON | 10714286.0 | 11571429.0 | 12428571.0 | 13285714.0 |  |  | 48000000"
2026-07-07 18:30:58,HOU,ADDED, | 1 - FULL SEASON | 1357763.0 | 2294370.0 | 2694363.0 | 2918152.0 |  |  | 9264648
2026-07-07 18:30:58,HOU,REMOVED, |  |  |  |  |  |  |  | 0
2026-07-07 18:30:58,HOU,REMOVED,"TEAM SALARY (Art, I §1 (nnn)): |  | 221419019.3 | 151805141.3 | 76015108 | 64571580 | 27426355 | 0 | 541237203.6"
2026-07-07 18:30:58,HOU,ADDED,"TEAM SALARY (Art, I §1 (nnn)): |  | 222776782.3 | 154099511.3 | 78709471 | 67489732 | 27426355 | 0 | 550501851.6"
2026-07-07 18:30:58,HOU,REMOVED,Players Under Contract |  | 187510080 | 151805141.3 | 76015108 | 64571580 | 27426355 | 0 | BOLD = Option Year
2026-07-07 18:30:58,HOU,REMOVED,"Full Season Contracts |  | 187510080 | 151805141.3 | 76015108 | 64571580 | 27426355 | 0 | *=Projected Exten,,"
2026-07-07 18:30:58,HOU,ADDED,Players Under Contract |  | 188867843 | 154099511.3 | 78709471 | 67489732 | 27426355 | 0 | BOLD = Option Year
2026-07-07 18:30:58,HOU,ADDED,"Full Season Contracts |  | 188867843 | 154099511.3 | 78709471 | 67489732 | 27426355 | 0 | *=Projected Exten,,"
2026-07-07 18:30:58,HOU,REMOVED,"Avg, Salary (Mean) (ALL Compensation Obligations) |  |  | Players Under Contract |  | 10"
2026-07-07 18:30:58,HOU,REMOVED,"Avg, Salary (Mean) (No 10-Day K's) |  |  | Avaiable Spots |  | 5"
2026-07-07 18:30:58,HOU,REMOVED,"Avg, Salary (Mean) (No 10-Day K's & ROS) |  |  | Players to Reach Roster Min, |  | 3"
2026-07-07 18:30:58,HOU,ADDED,"Avg, Salary (Mean) (ALL Compensation Obligations) |  |  | Players Under Contract |  | 11"
2026-07-07 18:30:58,HOU,ADDED,"Avg, Salary (Mean) (No 10-Day K's) |  |  | Avaiable Spots |  | 4"
2026-07-07 18:30:58,HOU,ADDED,"Avg, Salary (Mean) (No 10-Day K's & ROS) |  |  | Players to Reach Roster Min, |  | 2"
2026-07-07 18:30:58,Luxury Tax Calculator,REMOVED,Luxury Tax | 0 | 13628752 | 0 | 0 | 0 | 0 | 0 | 23501723 | 0 | 0 | 0 | 10706857.6 | 0 | 0 | 0 | 10244835 | 0 | 2536082 | 435790.92 | 15515049 | 64457758 | 29970320.04 | 17700978.3 | 29009155.52 | 6712130.274 | 16311062 | 0 | 8767635.14 | 0 | 0
2026-07-07 18:30:58,Luxury Tax Calculator,REMOVED,1st Incremental Tax Bracket | 0 | 17055000 | 0 | 0 | 0 | 0 | 0 | 17055000 | 0 | 0 | 0 | 5685000 | 0 | 0 | 0 | 5685000 | 0 | 2536082 | 435790.92 | 5685000 | 5685000 | 5685000 | 5685000 | 17055000 | 5685000 | 5685000 | 0 | 5685000 | 0 | 0
2026-07-07 18:30:58,Luxury Tax Calculator,ADDED,Luxury Tax | 0 | 13628752 | 0 | 0 | 0 | 0 | 0 | 23501723 | 0 | 0 | 972843 | 10706857.6 | 0 | 0 | 0 | 10244835 | 0 | 2536082 | 435790.92 | 15515049 | 64457758 | 29970320.04 | 17700978.3 | 29009155.52 | 6712130.274 | 16311062 | 0 | 8767635.14 | 0 | 0
2026-07-07 18:30:58,Luxury Tax Calculator,ADDED,1st Incremental Tax Bracket | 0 | 17055000 | 0 | 0 | 0 | 0 | 0 | 17055000 | 0 | 0 | 972843 | 5685000 | 0 | 0 | 0 | 5685000 | 0 | 2536082 | 435790.92 | 5685000 | 5685000 | 5685000 | 5685000 | 17055000 | 5685000 | 5685000 | 0 | 5685000 | 0 | 0
2026-07-07 18:30:58,Luxury Tax Calculator,REMOVED,Tax Liability | 0 | 47954386 | 0 | 0 | 0 | 0 | 0 | 110694991.8 | 0 | 0 | 0 | 11962322 | 0 | 0 | 0 | 11384793.75 | 0 | 2536082 | 435790.92 | 27298921.5 | 237348750 | 98424340.23 | 35757146.93 | 150915955.3 | 6968912.843 | 30084967 | 0 | 9538293.925 | 0 | 0
2026-07-07 18:30:58,Luxury Tax Calculator,ADDED,Tax Liability | 0 | 47954386 | 0 | 0 | 0 | 0 | 0 | 110694991.8 | 0 | 0 | 972843 | 11962322 | 0 | 0 | 0 | 11384793.75 | 0 | 2536082 | 435790.92 | 27298921.5 | 237348750 | 98424340.23 | 35757146.93 | 150915955.3 | 6968912.843 | 30084967 | 0 | 9538293.925 | 0 | 0
2026-07-07 18:31:57,HOU,REMOVED, | 1 - FULL SEASON | 1357763.0 | 2294370.0 | 2694363.0 | 2918152.0 |  |  | 9264648
2026-07-07 18:31:57,HOU,ADDED,"Thornton, Bruce | 1 - FULL SEASON | 1357763.0 | 2294370.0 | 2694363.0 | 2918152.0 |  |  | 9264648"
2026-07-07 18:32:57,HOU,ADDED,"Thornton, Bruce | 1 - FULL SEASON | 1357763.0 | 2294370.0 | 2694363.0 | 2918152.0 |  |  | 9264648"
2026-07-07 18:32:57,HOU,REMOVED,"Thornton, Bruce | 1 - FULL SEASON | 1357763.0 | 2294370.0 | 2694363.0 | 2918152.0 |  |  | 9264648"
2026-07-08 07:33:04,NYK,REMOVED,"Robinson, Mitchell | 4 - CAP HOLD | 24613637.4 |  |  |  |  |  | 24613637.4"
2026-07-08 07:33:04,NYK,REMOVED,"Alvarado, Jose | 4 - CAP HOLD | 8550000.0 |  |  |  |  |  | 8550000"
2026-07-08 07:33:04,NYK,REMOVED,"Hukporti, Ariel | 4 - CAP HOLD | 2449421.0 |  |  |  |  |  | 2449421"
2026-07-08 07:33:04,NYK,REMOVED,"Shamet, Landry | 4 - CAP HOLD | 2449421.0 |  |  |  |  |  | 2449421"
2026-07-08 07:33:04,NYK,ADDED, |  |  |  |  |  |  |  | 0
2026-07-08 07:33:04,NYK,ADDED, |  |  |  |  |  |  |  | 0
2026-07-08 07:33:04,NYK,ADDED, |  |  |  |  |  |  |  | 0
2026-07-08 07:33:04,NYK,ADDED, |  |  |  |  |  |  |  | 0
2026-07-08 07:33:04,NYK,ADDED,"Alvarado, Jose | 1 - FULL SEASON | 4439656.0 | 4794828.0 | 5150000.0 |  |  |  | 14384484"
2026-07-08 07:33:04,NYK,ADDED, |  |  |  |  |  |  |  | 0
2026-07-08 07:33:04,NYK,ADDED, |  |  |  |  |  |  |  | 0
2026-07-08 07:33:04,NYK,ADDED, |  |  |  |  |  |  |  | 0
2026-07-08 07:33:04,NYK,ADDED, |  |  |  |  |  |  |  | 0
2026-07-08 07:33:04,NYK,ADDED,"Shamet, Landry | 1 - FULL SEASON | 5490967.0 | 5737500.0 | 6162500.0 | 6587500.0 |  |  | 23978467"
2026-07-08 07:33:04,NYK,REMOVED, |  |  |  |  |  |  |  | 0
2026-07-08 07:33:04,NYK,REMOVED, |  |  |  |  |  |  |  | 0
2026-07-08 07:33:04,NYK,REMOVED, |  |  |  |  |  |  |  | 0
2026-07-08 07:33:04,NYK,REMOVED, |  |  |  |  |  |  |  | 0
2026-07-08 07:33:04,NYK,REMOVED, |  |  |  |  |  |  |  | 0
2026-07-08 07:33:04,NYK,REMOVED, |  |  |  |  |  |  |  | 0
2026-07-08 07:33:04,NYK,REMOVED,"TEAM SALARY (Art, I §1 (nnn)): |  | 251205907.4 | 213377864 | 130531914 | 41517856 | 0 | 0 | 636633541.4"
2026-07-08 07:33:04,NYK,ADDED,"TEAM SALARY (Art, I §1 (nnn)): |  | 223074051 | 223910192 | 141844414 | 48105356 | 0 | 0 | 636934013"
2026-07-08 07:33:04,NYK,REMOVED,Players Under Contract |  | 203410049 | 213377864 | 130531914 | 41517856 | 0 | 0 | BOLD = Option Year
2026-07-08 07:33:04,NYK,REMOVED,"Full Season Contracts |  | 203410049 | 213377864 | 130531914 | 41517856 | 0 | 0 | *=Projected Exten,,"
2026-07-08 07:33:04,NYK,ADDED,Players Under Contract |  | 213340672 | 223910192 | 141844414 | 48105356 | 0 | 0 | BOLD = Option Year
2026-07-08 07:33:04,NYK,ADDED,"Full Season Contracts |  | 213340672 | 223910192 | 141844414 | 48105356 | 0 | 0 | *=Projected Exten,,"
2026-07-08 07:33:04,NYK,REMOVED,Cap Holds |  | 45410742.4 | 0 | 0 | 0 | 0 | 0
2026-07-08 07:33:04,NYK,ADDED,Cap Holds |  | 7348263 | 0 | 0 | 0 | 0 | 0
2026-07-08 07:33:04,NYK,REMOVED,"Avg, Salary (Mean) (ALL Compensation Obligations) |  |  | Players Under Contract |  | 9"
2026-07-08 07:33:04,NYK,REMOVED,"Avg, Salary (Mean) (No 10-Day K's) |  |  | Avaiable Spots |  | 6"
2026-07-08 07:33:04,NYK,REMOVED,"Avg, Salary (Mean) (No 10-Day K's & ROS) |  |  | Players to Reach Roster Min, |  | 4"
2026-07-08 07:33:04,NYK,REMOVED, |  |  | Cap Holds |  | 7
2026-07-08 07:33:04,NYK,ADDED,"Avg, Salary (Mean) (ALL Compensation Obligations) |  |  | Players Under Contract |  | 11"
2026-07-08 07:33:04,NYK,ADDED,"Avg, Salary (Mean) (No 10-Day K's) |  |  | Avaiable Spots |  | 4"
2026-07-08 07:33:04,NYK,ADDED,"Avg, Salary (Mean) (No 10-Day K's & ROS) |  |  | Players to Reach Roster Min, |  | 2"
2026-07-08 07:33:04,NYK,ADDED, |  |  | Cap Holds |  | 3
2026-07-08 07:33:04,Luxury Tax Calculator,REMOVED,Luxury Tax | 0 | 13628752 | 0 | 0 | 0 | 0 | 0 | 23501723 | 0 | 0 | 972843 | 10706857.6 | 0 | 0 | 0 | 10244835 | 0 | 2536082 | 435790.92 | 15515049 | 64457758 | 29970320.04 | 17700978.3 | 29009155.52 | 6712130.274 | 16311062 | 0 | 8767635.14 | 0 | 0
2026-07-08 07:33:04,Luxury Tax Calculator,ADDED,Luxury Tax | 0 | 13628752 | 0 | 0 | 0 | 0 | 0 | 23501723 | 0 | 0 | 972843 | 10706857.6 | 0 | 0 | 0 | 10244835 | 0 | 2536082 | 435790.92 | 25445672 | 64457758 | 29970320.04 | 17700978.3 | 29009155.52 | 6712130.274 | 16311062 | 0 | 8767635.14 | 0 | 0
2026-07-08 07:33:04,Luxury Tax Calculator,REMOVED,3rd Incremental Tax Bracket | 0 | 12423136 | 0 | 0 | 0 | 0 | 0 | 31267500 | 0 | 0 | 0 | 0 | 0 | 0 | 0 | 0 | 0 | 0 | 0 | 14507671.5 | 19897500 | 19897500 | 19897500 | 31267500 | 0 | 17293717 | 0 | 0 | 0 | 0
2026-07-08 07:33:04,Luxury Tax Calculator,REMOVED,4th Incremental Tax Bracket | 0 | 0 | 0 | 0 | 0 | 0 | 0 | 38373750 | 0 | 0 | 0 | 0 | 0 | 0 | 0 | 0 | 0 | 0 | 0 | 0 | 27003750 | 27003750 | 3068396.925 | 38373750 | 0 | 0 | 0 | 0 | 0 | 0
2026-07-08 07:33:04,Luxury Tax Calculator,REMOVED,5th Incremental Tax Bracket | 0 | 0 | 0 | 0 | 0 | 0 | 0 | 5522491.75 | 0 | 0 | 0 | 0 | 0 | 0 | 0 | 0 | 0 | 0 | 0 | 0 | 29846250 | 29846250 | 0 | 41216250 | 0 | 0 | 0 | 0 | 0 | 0
2026-07-08 07:33:04,Luxury Tax Calculator,ADDED,3rd Incremental Tax Bracket | 0 | 12423136 | 0 | 0 | 0 | 0 | 0 | 31267500 | 0 | 0 | 0 | 0 | 0 | 0 | 0 | 0 | 0 | 0 | 0 | 19897500 | 19897500 | 19897500 | 19897500 | 31267500 | 0 | 17293717 | 0 | 0 | 0 | 0
2026-07-08 07:33:04,Luxury Tax Calculator,ADDED,4th Incremental Tax Bracket | 0 | 0 | 0 | 0 | 0 | 0 | 0 | 38373750 | 0 | 0 | 0 | 0 | 0 | 0 | 0 | 0 | 0 | 0 | 0 | 27003750 | 27003750 | 27003750 | 3068396.925 | 38373750 | 0 | 0 | 0 | 0 | 0 | 0
2026-07-08 07:33:04,Luxury Tax Calculator,ADDED,5th Incremental Tax Bracket | 0 | 0 | 0 | 0 | 0 | 0 | 0 | 5522491.75 | 0 | 0 | 0 | 0 | 0 | 0 | 0 | 0 | 0 | 0 | 0 | 14204778 | 29846250 | 29846250 | 0 | 41216250 | 0 | 0 | 0 | 0 | 0 | 0
2026-07-08 07:33:04,Luxury Tax Calculator,REMOVED,Tax Liability | 0 | 47954386 | 0 | 0 | 0 | 0 | 0 | 110694991.8 | 0 | 0 | 972843 | 11962322 | 0 | 0 | 0 | 11384793.75 | 0 | 2536082 | 435790.92 | 27298921.5 | 237348750 | 98424340.23 | 35757146.93 | 150915955.3 | 6968912.843 | 30084967 | 0 | 9538293.925 | 0 | 0
2026-07-08 07:33:04,Luxury Tax Calculator,ADDED,Tax Liability | 0 | 47954386 | 0 | 0 | 0 | 0 | 0 | 110694991.8 | 0 | 0 | 972843 | 11962322 | 0 | 0 | 0 | 11384793.75 | 0 | 2536082 | 435790.92 | 73897278 | 237348750 | 98424340.23 | 35757146.93 | 150915955.3 | 6968912.843 | 30084967 | 0 | 9538293.925 | 0 | 0
2026-07-08 07:36:58,NYK,ADDED,"Shamet, Landry | 1 - FULL SEASON | 5490967.0 | 5737500.0 | 6162500.0 | 6587500.0 |  |  | 23978467"
2026-07-08 07:36:58,NYK,ADDED,"Alvarado, Jose | 1 - FULL SEASON | 4439656.0 | 4794828.0 | 5150000.0 |  |  |  | 14384484"
2026-07-08 07:36:58,NYK,REMOVED,"Alvarado, Jose | 1 - FULL SEASON | 4439656.0 | 4794828.0 | 5150000.0 |  |  |  | 14384484"
2026-07-08 07:36:58,NYK,REMOVED,"Shamet, Landry | 1 - FULL SEASON | 5490967.0 | 5737500.0 | 6162500.0 | 6587500.0 |  |  | 23978467"
2026-07-08 07:50:58,NYK,REMOVED,"Diawara, Mohamed | 5 - QUAL OFFER | 2385116.0 |  |  |  |  |  | 2385116"
2026-07-08 07:50:58,NYK,ADDED,"Diawara, Mohamed | 5 - QUAL OFFER | 2622139.0 | 2753246.0 | 2884353.0 | 3019474.0 |  |  | 11279212"
2026-07-08 07:50:58,NYK,REMOVED,"TEAM SALARY (Art, I §1 (nnn)): |  | 223074051 | 223910192 | 141844414 | 48105356 | 0 | 0 | 636934013"
2026-07-08 07:50:58,NYK,ADDED,"TEAM SALARY (Art, I §1 (nnn)): |  | 223311074 | 226663438 | 144728767 | 51124830 | 0 | 0 | 645828109"
2026-07-08 07:50:58,NYK,REMOVED,Qualifying Offers |  | 2385116 | 0 | 0 | 0 | 0 | 0
2026-07-08 07:50:58,NYK,ADDED,Qualifying Offers |  | 2622139 | 2753246 | 2884353 | 3019474 | 0 | 0
2026-07-08 07:51:58,NYK,ADDED,"Diawara, Mohamed | 1 - FULL SEASON | 2622139.0 | 2753246.0 | 2884353.0 | 3019474.0 |  |  | 11279212"
2026-07-08 07:51:58,NYK,REMOVED,"Diawara, Mohamed | 5 - QUAL OFFER | 2622139.0 | 2753246.0 | 2884353.0 | 3019474.0 |  |  | 11279212"
2026-07-08 07:51:58,NYK,REMOVED,Players Under Contract |  | 213340672 | 223910192 | 141844414 | 48105356 | 0 | 0 | BOLD = Option Year
2026-07-08 07:51:58,NYK,REMOVED,"Full Season Contracts |  | 213340672 | 223910192 | 141844414 | 48105356 | 0 | 0 | *=Projected Exten,,"
2026-07-08 07:51:58,NYK,ADDED,Players Under Contract |  | 215962811 | 226663438 | 144728767 | 51124830 | 0 | 0 | BOLD = Option Year
2026-07-08 07:51:58,NYK,ADDED,"Full Season Contracts |  | 215962811 | 226663438 | 144728767 | 51124830 | 0 | 0 | *=Projected Exten,,"
2026-07-08 07:51:58,NYK,REMOVED,Qualifying Offers |  | 2622139 | 2753246 | 2884353 | 3019474 | 0 | 0
2026-07-08 07:51:58,NYK,ADDED,Qualifying Offers |  | 0 | 0 | 0 | 0 | 0 | 0
2026-07-08 07:51:58,NYK,REMOVED,"Avg, Salary (Mean) (ALL Compensation Obligations) |  |  | Players Under Contract |  | 11"
2026-07-08 07:51:58,NYK,REMOVED,"Avg, Salary (Mean) (No 10-Day K's) |  |  | Avaiable Spots |  | 4"
2026-07-08 07:51:58,NYK,REMOVED,"Avg, Salary (Mean) (No 10-Day K's & ROS) |  |  | Players to Reach Roster Min, |  | 2"
2026-07-08 07:51:58,NYK,ADDED,"Avg, Salary (Mean) (ALL Compensation Obligations) |  |  | Players Under Contract |  | 12"
2026-07-08 07:51:58,NYK,ADDED,"Avg, Salary (Mean) (No 10-Day K's) |  |  | Avaiable Spots |  | 3"
2026-07-08 07:51:58,NYK,ADDED,"Avg, Salary (Mean) (No 10-Day K's & ROS) |  |  | Players to Reach Roster Min, |  | 1"
2026-07-08 07:51:58,Luxury Tax Calculator,REMOVED,Luxury Tax | 0 | 13628752 | 0 | 0 | 0 | 0 | 0 | 23501723 | 0 | 0 | 972843 | 10706857.6 | 0 | 0 | 0 | 10244835 | 0 | 2536082 | 435790.92 | 25445672 | 64457758 | 29970320.04 | 17700978.3 | 29009155.52 | 6712130.274 | 16311062 | 0 | 8767635.14 | 0 | 0
2026-07-08 07:51:58,Luxury Tax Calculator,ADDED,Luxury Tax | 0 | 13628752 | 0 | 0 | 0 | 0 | 0 | 23501723 | 0 | 0 | 972843 | 10706857.6 | 0 | 0 | 0 | 10244835 | 0 | 2536082 | 435790.92 | 28067811 | 64457758 | 29970320.04 | 17700978.3 | 29009155.52 | 6712130.274 | 16311062 | 0 | 8767635.14 | 0 | 0
2026-07-08 07:51:58,Luxury Tax Calculator,REMOVED,5th Incremental Tax Bracket | 0 | 0 | 0 | 0 | 0 | 0 | 0 | 5522491.75 | 0 | 0 | 0 | 0 | 0 | 0 | 0 | 0 | 0 | 0 | 0 | 14204778 | 29846250 | 29846250 | 0 | 41216250 | 0 | 0 | 0 | 0 | 0 | 0
2026-07-08 07:51:58,Luxury Tax Calculator,ADDED,5th Incremental Tax Bracket | 0 | 0 | 0 | 0 | 0 | 0 | 0 | 5522491.75 | 0 | 0 | 0 | 0 | 0 | 0 | 0 | 0 | 0 | 0 | 0 | 27971007.75 | 29846250 | 29846250 | 0 | 41216250 | 0 | 0 | 0 | 0 | 0 | 0
2026-07-08 07:51:58,Luxury Tax Calculator,REMOVED,Tax Liability | 0 | 47954386 | 0 | 0 | 0 | 0 | 0 | 110694991.8 | 0 | 0 | 972843 | 11962322 | 0 | 0 | 0 | 11384793.75 | 0 | 2536082 | 435790.92 | 73897278 | 237348750 | 98424340.23 | 35757146.93 | 150915955.3 | 6968912.843 | 30084967 | 0 | 9538293.925 | 0 | 0
2026-07-08 07:51:58,Luxury Tax Calculator,ADDED,Tax Liability | 0 | 47954386 | 0 | 0 | 0 | 0 | 0 | 110694991.8 | 0 | 0 | 972843 | 11962322 | 0 | 0 | 0 | 11384793.75 | 0 | 2536082 | 435790.92 | 87663507.75 | 237348750 | 98424340.23 | 35757146.93 | 150915955.3 | 6968912.843 | 30084967 | 0 | 9538293.925 | 0 | 0
2026-07-08 08:22:58,LAC,REMOVED,"Sanders, Kobe | 5 - QUAL OFFER | 2385116.0 |  |  |  |  |  | 2385116"
2026-07-08 08:22:58,LAC,ADDED,"Sanders, Kobe | 1 - FULL SEASON | 2622139.0 | 2753246.0 | 2884353.0 | 3019474.0 |  |  | 11279212"
2026-07-08 08:22:58,LAC,REMOVED,"TEAM SALARY (Art, I §1 (nnn)): |  | 273493210.7 | 80950645 | 16090316 | 13483363.32 | 0 | 0 | 384017535.1"
2026-07-08 08:22:58,LAC,ADDED,"TEAM SALARY (Art, I §1 (nnn)): |  | 273730233.7 | 83703891 | 18974669 | 16502837.32 | 0 | 0 | 392911631.1"
2026-07-08 08:22:58,LAC,REMOVED,Players Under Contract |  | 153666991 | 80950645 | 16090316 | 13483363.32 | 0 | 0 | BOLD = Option Year
2026-07-08 08:22:58,LAC,REMOVED,"Full Season Contracts |  | 153666991 | 80950645 | 16090316 | 13483363.32 | 0 | 0 | *=Projected Exten,,"
2026-07-08 08:22:58,LAC,ADDED,Players Under Contract |  | 156289130 | 83703891 | 18974669 | 16502837.32 | 0 | 0 | BOLD = Option Year
2026-07-08 08:22:58,LAC,ADDED,"Full Season Contracts |  | 156289130 | 83703891 | 18974669 | 16502837.32 | 0 | 0 | *=Projected Exten,,"
2026-07-08 08:22:58,LAC,REMOVED,Qualifying Offers |  | 5123241.861 | 0 | 0 | 0 | 0 | 0
2026-07-08 08:22:58,LAC,ADDED,Qualifying Offers |  | 2738125.861 | 0 | 0 | 0 | 0 | 0
2026-07-08 08:22:58,LAC,REMOVED,"Avg, Salary (Mean) (ALL Compensation Obligations) |  |  | Players Under Contract |  | 10"
2026-07-08 08:22:58,LAC,REMOVED,"Avg, Salary (Mean) (No 10-Day K's) |  |  | Avaiable Spots |  | 5"
2026-07-08 08:22:58,LAC,REMOVED,"Avg, Salary (Mean) (No 10-Day K's & ROS) |  |  | Players to Reach Roster Min, |  | 3"
2026-07-08 08:22:58,LAC,ADDED,"Avg, Salary (Mean) (ALL Compensation Obligations) |  |  | Players Under Contract |  | 11"
2026-07-08 08:22:58,LAC,ADDED,"Avg, Salary (Mean) (No 10-Day K's) |  |  | Avaiable Spots |  | 4"
2026-07-08 08:22:58,LAC,ADDED,"Avg, Salary (Mean) (No 10-Day K's & ROS) |  |  | Players to Reach Roster Min, |  | 2"
2026-07-08 08:27:58,DET,REMOVED, |  |  |  |  |  |  |  | 0
2026-07-08 08:27:58,DET,ADDED,"Collins, John |  |  |  |  |  |  |  | 0"
2026-07-08 08:27:58,LAC,ADDED,"Sanders, Kobe | 1 - FULL SEASON | 2622139.0 | 2753246.0 | 2884353.0 | 3019474.0 |  |  | 11279212"
2026-07-08 08:27:58,LAC,REMOVED,"Sanders, Kobe | 1 - FULL SEASON | 2622139.0 | 2753246.0 | 2884353.0 | 3019474.0 |  |  | 11279212"
2026-07-08 08:28:58,DAL,ADDED,"Aldama, Santi | 1 - FULL SEASON | 17007043.0 | 17007043.0 |  |  |  |  | 34014086"
2026-07-08 08:28:58,DAL,REMOVED, |  |  |  |  |  |  |  | 0
2026-07-08 08:28:58,DAL,REMOVED,"TEAM SALARY (Art, I §1 (nnn)): |  | 243421971.6 | 134517555.8 | 72082739 | 40339896.24 | 0 | 0 | 490362162.7"
2026-07-08 08:28:58,DAL,ADDED,"TEAM SALARY (Art, I §1 (nnn)): |  | 260429014.6 | 151524598.8 | 72082739 | 40339896.24 | 0 | 0 | 524376248.7"
2026-07-08 08:28:58,DAL,REMOVED,Players Under Contract |  | 158825733.1 | 131306339.6 | 72082739 | 40339896.24 | 0 | 0 | BOLD = Option Year
2026-07-08 08:28:58,DAL,REMOVED,"Full Season Contracts |  | 158825733.1 | 131306339.6 | 72082739 | 40339896.24 | 0 | 0 | *=Projected Exten,,"
2026-07-08 08:28:58,DAL,ADDED,Players Under Contract |  | 175832776.1 | 148313382.6 | 72082739 | 40339896.24 | 0 | 0 | BOLD = Option Year
2026-07-08 08:28:58,DAL,ADDED,"Full Season Contracts |  | 175832776.1 | 148313382.6 | 72082739 | 40339896.24 | 0 | 0 | *=Projected Exten,,"
2026-07-08 08:28:58,DAL,REMOVED,"Avg, Salary (Mean) (ALL Compensation Obligations) |  |  | Players Under Contract |  | 13"
2026-07-08 08:28:58,DAL,REMOVED,"Avg, Salary (Mean) (No 10-Day K's) |  |  | Avaiable Spots |  | 2"
2026-07-08 08:28:58,DAL,ADDED,"Avg, Salary (Mean) (ALL Compensation Obligations) |  |  | Players Under Contract |  | 14"
2026-07-08 08:28:58,DAL,ADDED,"Avg, Salary (Mean) (No 10-Day K's) |  |  | Avaiable Spots |  | 1"
2026-07-08 08:28:58,MEM,REMOVED,"Aldama, Santi | 1 - FULL SEASON | 17007043.0 | 17007043.0 |  |  |  |  | 34014086"
2026-07-08 08:28:58,MEM,ADDED,"Stewart, Isaiah | 1 - FULL SEASON | 15000000.0 | 15000000.0 |  |  |  |  | 30000000"
2026-07-08 08:28:58,MEM,ADDED,"Prosper, Olivier-Maxence | 1 - FULL SEASON | 2497812.0 |  |  |  |  |  | 2497812"
2026-07-08 08:28:58,MEM,ADDED,"Johnson, AJ | 1 - FULL SEASON | 3237120.0 | 5493392.640000001 |  |  |  |  | 8730512.64"
2026-07-08 08:28:58,MEM,ADDED, |  |  |  |  |  |  |  | 0
2026-07-08 08:28:58,MEM,ADDED, |  |  |  |  |  |  |  | 0
2026-07-08 08:28:58,MEM,ADDED, |  |  |  |  |  |  |  | 0
2026-07-08 08:28:58,MEM,ADDED,"Russell, D'Angelo | 1 - FULL SEASON | 5969250.0 |  |  |  |  |  | 5969250"
2026-07-08 08:28:58,MEM,REMOVED, |  |  |  |  |  |  |  | 0
2026-07-08 08:28:58,MEM,REMOVED, |  |  |  |  |  |  |  | 0
2026-07-08 08:28:58,MEM,REMOVED, |  |  |  |  |  |  |  | 0
2026-07-08 08:28:58,MEM,REMOVED, |  |  |  |  |  |  |  | 0
2026-07-08 08:28:58,MEM,REMOVED, |  |  |  |  |  |  |  | 0
2026-07-08 08:28:58,MEM,REMOVED, |  |  |  |  |  |  |  | 0
2026-07-08 08:28:58,MEM,REMOVED,"TEAM SALARY (Art, I §1 (nnn)): |  | 147350025.9 | 109794233.2 | 35082380 | 23042052 | 0 | 0 | 315268691.2"
2026-07-08 08:28:58,MEM,ADDED,"TEAM SALARY (Art, I §1 (nnn)): |  | 157047164.9 | 113280582.9 | 35082380 | 23042052 | 0 | 0 | 328452179.8"
2026-07-08 08:28:58,MEM,REMOVED,Players Under Contract |  | 127589455.9 | 89718073.24 | 17925740 | 0 | 0 | 0 | BOLD = Option Year
2026-07-08 08:28:58,MEM,REMOVED,"Full Season Contracts |  | 127589455.9 | 89718073.24 | 17925740 | 0 | 0 | 0 | *=Projected Exten,,"
2026-07-08 08:28:58,MEM,ADDED,Players Under Contract |  | 137286594.9 | 93204422.88 | 17925740 | 0 | 0 | 0 | BOLD = Option Year
2026-07-08 08:28:58,MEM,ADDED,"Full Season Contracts |  | 137286594.9 | 93204422.88 | 17925740 | 0 | 0 | 0 | *=Projected Exten,,"
2026-07-08 08:28:58,MEM,REMOVED,"Avg, Salary (Mean) (ALL Compensation Obligations) |  |  | Players Under Contract |  | 15"
2026-07-08 08:28:58,MEM,ADDED,"Avg, Salary (Mean) (ALL Compensation Obligations) |  |  | Players Under Contract |  | 18"
2026-07-08 08:29:59,DAL,ADDED,"Sasser, Marcus | 1 - FULL SEASON | 5198982.720000001 |  |  |  |  |  | 5198982.72"
2026-07-08 08:29:59,DAL,REMOVED, |  |  |  |  |  |  |  | 0
2026-07-08 08:29:59,DAL,REMOVED,"TEAM SALARY (Art, I §1 (nnn)): |  | 260429014.6 | 151524598.8 | 72082739 | 40339896.24 | 0 | 0 | 524376248.7"
2026-07-08 08:29:59,DAL,ADDED,"TEAM SALARY (Art, I §1 (nnn)): |  | 265627997.3 | 151524598.8 | 72082739 | 40339896.24 | 0 | 0 | 529575231.4"
2026-07-08 08:29:59,DAL,REMOVED,Players Under Contract |  | 175832776.1 | 148313382.6 | 72082739 | 40339896.24 | 0 | 0 | BOLD = Option Year
2026-07-08 08:29:59,DAL,REMOVED,"Full Season Contracts |  | 175832776.1 | 148313382.6 | 72082739 | 40339896.24 | 0 | 0 | *=Projected Exten,,"
2026-07-08 08:29:59,DAL,ADDED,Players Under Contract |  | 181031758.8 | 148313382.6 | 72082739 | 40339896.24 | 0 | 0 | BOLD = Option Year
2026-07-08 08:29:59,DAL,ADDED,"Full Season Contracts |  | 181031758.8 | 148313382.6 | 72082739 | 40339896.24 | 0 | 0 | *=Projected Exten,,"
2026-07-08 08:29:59,DAL,REMOVED,"Avg, Salary (Mean) (ALL Compensation Obligations) |  |  | Players Under Contract |  | 14"
2026-07-08 08:29:59,DAL,REMOVED,"Avg, Salary (Mean) (No 10-Day K's) |  |  | Avaiable Spots |  | 1"
2026-07-08 08:29:59,DAL,ADDED,"Avg, Salary (Mean) (ALL Compensation Obligations) |  |  | Players Under Contract |  | 15"
2026-07-08 08:29:59,DAL,ADDED,"Avg, Salary (Mean) (No 10-Day K's) |  |  | Avaiable Spots |  | 0"
2026-07-08 08:29:59,DET,REMOVED,"Stewart, Isaiah | 1 - FULL SEASON | 15000000.0 | 15000000.0 |  |  |  |  | 30000000"
2026-07-08 08:29:59,DET,REMOVED,"Sasser, Marcus | 1 - FULL SEASON | 5198982.720000001 |  |  |  |  |  | 5198982.72"
2026-07-08 08:29:59,DET,ADDED, |  |  |  |  |  |  |  | 0
2026-07-08 08:29:59,DET,ADDED, |  |  |  |  |  |  |  | 0
2026-07-08 08:29:59,DET,REMOVED,"TEAM SALARY (Art, I §1 (nnn)): |  | 235976948.3 | 102690902.2 | 65193742 | 68811708.96 | 0 | 0 | 472673301.5"
2026-07-08 08:29:59,DET,ADDED,"TEAM SALARY (Art, I §1 (nnn)): |  | 215777965.6 | 87690902.2 | 65193742 | 68811708.96 | 0 | 0 | 437474318.7"
2026-07-08 08:29:59,DET,REMOVED,Players Under Contract |  | 139940268.7 | 102690902.2 | 65193742 | 68811708.96 | 0 | 0 | BOLD = Option Year
2026-07-08 08:29:59,DET,REMOVED,"Full Season Contracts |  | 139940268.7 | 102690902.2 | 65193742 | 68811708.96 | 0 | 0 | *=Projected Exten,,"
2026-07-08 08:29:59,DET,ADDED,Players Under Contract |  | 119741286 | 87690902.2 | 65193742 | 68811708.96 | 0 | 0 | BOLD = Option Year
2026-07-08 08:29:59,DET,ADDED,"Full Season Contracts |  | 119741286 | 87690902.2 | 65193742 | 68811708.96 | 0 | 0 | *=Projected Exten,,"
2026-07-08 08:29:59,DET,REMOVED,"Avg, Salary (Mean) (ALL Compensation Obligations) |  |  | Players Under Contract |  | 12"
2026-07-08 08:29:59,DET,REMOVED,"Avg, Salary (Mean) (No 10-Day K's) |  |  | Avaiable Spots |  | 3"
2026-07-08 08:29:59,DET,REMOVED,"Avg, Salary (Mean) (No 10-Day K's & ROS) |  |  | Players to Reach Roster Min, |  | 1"
2026-07-08 08:29:59,DET,ADDED,"Avg, Salary (Mean) (ALL Compensation Obligations) |  |  | Players Under Contract |  | 10"
2026-07-08 08:29:59,DET,ADDED,"Avg, Salary (Mean) (No 10-Day K's) |  |  | Avaiable Spots |  | 5"
2026-07-08 08:29:59,DET,ADDED,"Avg, Salary (Mean) (No 10-Day K's & ROS) |  |  | Players to Reach Roster Min, |  | 3"
2026-07-08 08:29:59,MEM,ADDED,"Russell, D'Angelo | 1 - FULL SEASON | 5969250.0 |  |  |  |  |  | 5969250"
2026-07-08 08:29:59,MEM,REMOVED,"Prosper, Olivier-Maxence | 1 - FULL SEASON | 2497812.0 |  |  |  |  |  | 2497812"
2026-07-08 08:29:59,MEM,ADDED,"Johnson, AJ | 1 - FULL SEASON | 3237120.0 | 5493392.640000001 |  |  |  |  | 8730512.64"
2026-07-08 08:29:59,MEM,REMOVED,"Johnson, AJ | 1 - FULL SEASON | 3237120.0 | 5493392.640000001 |  |  |  |  | 8730512.64"
2026-07-08 08:29:59,MEM,REMOVED, |  |  |  |  |  |  |  | 0
2026-07-08 08:29:59,MEM,REMOVED, |  |  |  |  |  |  |  | 0
2026-07-08 08:29:59,MEM,REMOVED, |  |  |  |  |  |  |  | 0
2026-07-08 08:29:59,MEM,REMOVED,"Russell, D'Angelo | 1 - FULL SEASON | 5969250.0 |  |  |  |  |  | 5969250"
2026-07-08 08:29:59,MEM,REMOVED,"TEAM SALARY (Art, I §1 (nnn)): |  | 157047164.9 | 113280582.9 | 35082380 | 23042052 | 0 | 0 | 328452179.8"
2026-07-08 08:29:59,MEM,ADDED, |  |  |  |  |  |  |  | 0
2026-07-08 08:29:59,MEM,ADDED, |  |  |  |  |  |  |  | 0
2026-07-08 08:29:59,MEM,ADDED, |  |  |  |  |  |  |  | 0
2026-07-08 08:29:59,MEM,ADDED, |  |  |  |  |  |  |  | 0
2026-07-08 08:29:59,MEM,ADDED,"TEAM SALARY (Art, I §1 (nnn)): |  | 154549352.9 | 113280582.9 | 35082380 | 23042052 | 0 | 0 | 325954367.8"
2026-07-08 08:29:59,MEM,REMOVED,Players Under Contract |  | 137286594.9 | 93204422.88 | 17925740 | 0 | 0 | 0 | BOLD = Option Year
2026-07-08 08:29:59,MEM,REMOVED,"Full Season Contracts |  | 137286594.9 | 93204422.88 | 17925740 | 0 | 0 | 0 | *=Projected Exten,,"
2026-07-08 08:29:59,MEM,ADDED,Players Under Contract |  | 134788782.9 | 93204422.88 | 17925740 | 0 | 0 | 0 | BOLD = Option Year
2026-07-08 08:29:59,MEM,ADDED,"Full Season Contracts |  | 134788782.9 | 93204422.88 | 17925740 | 0 | 0 | 0 | *=Projected Exten,,"
2026-07-08 08:29:59,MEM,REMOVED,"Avg, Salary (Mean) (ALL Compensation Obligations) |  |  | Players Under Contract |  | 18"
2026-07-08 08:29:59,MEM,ADDED,"Avg, Salary (Mean) (ALL Compensation Obligations) |  |  | Players Under Contract |  | 17"
2026-07-08 08:29:59,MIL,ADDED,"LeVert, Caris | 1 - FULL SEASON | 14809200.0 |  |  |  |  |  | 14809200"
2026-07-08 08:29:59,MIL,REMOVED, |  |  |  |  |  |  |  | 0
2026-07-08 08:29:59,MIL,REMOVED,"TEAM SALARY (Art, I §1 (nnn)): |  | 188199770.5 | 91851644.23 | 85295148.2 | 55538317 | 0 | 0 | 420884879.9"
2026-07-08 08:29:59,MIL,ADDED,"TEAM SALARY (Art, I §1 (nnn)): |  | 203008970.5 | 91851644.23 | 85295148.2 | 55538317 | 0 | 0 | 435694079.9"
2026-07-08 08:29:59,MIL,REMOVED,Players Under Contract |  | 132153591.4 | 62891094.36 | 56726345 | 24373120 | 0 | 0 | BOLD = Option Year
2026-07-08 08:29:59,MIL,REMOVED,"Full Season Contracts |  | 132153591.4 | 62891094.36 | 56726345 | 24373120 | 0 | 0 | *=Projected Exten,,"
2026-07-08 08:29:59,MIL,ADDED,Players Under Contract |  | 146962791.4 | 62891094.36 | 56726345 | 24373120 | 0 | 0 | BOLD = Option Year
2026-07-08 08:29:59,MIL,ADDED,"Full Season Contracts |  | 146962791.4 | 62891094.36 | 56726345 | 24373120 | 0 | 0 | *=Projected Exten,,"
2026-07-08 08:29:59,MIL,REMOVED,"Avg, Salary (Mean) (ALL Compensation Obligations) |  |  | Players Under Contract |  | 14"
2026-07-08 08:29:59,MIL,REMOVED,"Avg, Salary (Mean) (No 10-Day K's) |  |  | Avaiable Spots |  | 1"
2026-07-08 08:29:59,MIL,ADDED,"Avg, Salary (Mean) (ALL Compensation Obligations) |  |  | Players Under Contract |  | 15"
2026-07-08 08:29:59,MIL,ADDED,"Avg, Salary (Mean) (No 10-Day K's) |  |  | Avaiable Spots |  | 0"
2026-07-08 08:30:57,DET,REMOVED,"Harris, Tobias | 4 - CAP HOLD | 39951219.0 |  |  |  |  |  | 39951219"
2026-07-08 08:30:57,DET,REMOVED, |  |  |  |  |  |  |  | 0
2026-07-08 08:30:57,DET,ADDED,"Harris, Gary | 1 - FULL SEASON | 3815861.0 |  |  |  |  |  | 3815861"
2026-07-08 08:30:57,DET,ADDED,"Prince, Taurean | 1 - FULL SEASON | 3815861.0 |  |  |  |  |  | 3815861"
2026-07-08 08:30:57,DET,REMOVED,"TEAM SALARY (Art, I §1 (nnn)): |  | 215777965.6 | 87690902.2 | 65193742 | 68811708.96 | 0 | 0 | 437474318.7"
2026-07-08 08:30:57,DET,ADDED,"TEAM SALARY (Art, I §1 (nnn)): |  | 183458468.6 | 87690902.2 | 65193742 | 68811708.96 | 0 | 0 | 405154821.7"
2026-07-08 08:30:57,DET,REMOVED,Players Under Contract |  | 119741286 | 87690902.2 | 65193742 | 68811708.96 | 0 | 0 | BOLD = Option Year
2026-07-08 08:30:57,DET,REMOVED,"Full Season Contracts |  | 119741286 | 87690902.2 | 65193742 | 68811708.96 | 0 | 0 | *=Projected Exten,,"
2026-07-08 08:30:57,DET,ADDED,Players Under Contract |  | 127373008 | 87690902.2 | 65193742 | 68811708.96 | 0 | 0 | BOLD = Option Year
2026-07-08 08:30:57,DET,ADDED,"Full Season Contracts |  | 127373008 | 87690902.2 | 65193742 | 68811708.96 | 0 | 0 | *=Projected Exten,,"
2026-07-08 08:30:57,DET,REMOVED,Cap Holds |  | 96036679.58 | 0 | 0 | 0 | 0 | 0
2026-07-08 08:30:57,DET,ADDED,Cap Holds |  | 56085460.58 | 0 | 0 | 0 | 0 | 0
2026-07-08 08:30:57,DET,REMOVED,"Avg, Salary (Mean) (ALL Compensation Obligations) |  |  | Players Under Contract |  | 10"
2026-07-08 08:30:57,DET,REMOVED,"Avg, Salary (Mean) (No 10-Day K's) |  |  | Avaiable Spots |  | 5"
2026-07-08 08:30:57,DET,REMOVED,"Avg, Salary (Mean) (No 10-Day K's & ROS) |  |  | Players to Reach Roster Min, |  | 3"
2026-07-08 08:30:57,DET,REMOVED, |  |  | Cap Holds |  | 5
2026-07-08 08:30:57,DET,ADDED,"Avg, Salary (Mean) (ALL Compensation Obligations) |  |  | Players Under Contract |  | 12"
2026-07-08 08:30:57,DET,ADDED,"Avg, Salary (Mean) (No 10-Day K's) |  |  | Avaiable Spots |  | 3"
2026-07-08 08:30:57,DET,ADDED,"Avg, Salary (Mean) (No 10-Day K's & ROS) |  |  | Players to Reach Roster Min, |  | 1"
2026-07-08 08:30:57,DET,ADDED, |  |  | Cap Holds |  | 4
2026-07-08 08:30:57,MIL,ADDED,"LeVert, Caris | 1 - FULL SEASON | 14809200.0 |  |  |  |  |  | 14809200"
2026-07-08 08:30:57,MIL,REMOVED,"Harris, Gary | 1 - FULL SEASON | 3815861.0 |  |  |  |  |  | 3815861"
2026-07-08 08:30:57,MIL,REMOVED,"Prince, Taurean | 1 - FULL SEASON | 3815861.0 |  |  |  |  |  | 3815861"
2026-07-08 08:30:57,MIL,REMOVED,"LeVert, Caris | 1 - FULL SEASON | 14809200.0 |  |  |  |  |  | 14809200"
2026-07-08 08:30:57,MIL,REMOVED,"TEAM SALARY (Art, I §1 (nnn)): |  | 203008970.5 | 91851644.23 | 85295148.2 | 55538317 | 0 | 0 | 435694079.9"
2026-07-08 08:30:57,MIL,ADDED, |  |  |  |  |  |  |  | 0
2026-07-08 08:30:57,MIL,ADDED, |  |  |  |  |  |  |  | 0
2026-07-08 08:30:57,MIL,ADDED,"TEAM SALARY (Art, I §1 (nnn)): |  | 195377248.5 | 91851644.23 | 85295148.2 | 55538317 | 0 | 0 | 428062357.9"
2026-07-08 08:30:57,MIL,REMOVED,Players Under Contract |  | 146962791.4 | 62891094.36 | 56726345 | 24373120 | 0 | 0 | BOLD = Option Year
2026-07-08 08:30:57,MIL,REMOVED,"Full Season Contracts |  | 146962791.4 | 62891094.36 | 56726345 | 24373120 | 0 | 0 | *=Projected Exten,,"
2026-07-08 08:30:57,MIL,ADDED,Players Under Contract |  | 139331069.4 | 62891094.36 | 56726345 | 24373120 | 0 | 0 | BOLD = Option Year
2026-07-08 08:30:57,MIL,ADDED,"Full Season Contracts |  | 139331069.4 | 62891094.36 | 56726345 | 24373120 | 0 | 0 | *=Projected Exten,,"
2026-07-08 08:30:57,MIL,REMOVED,"Avg, Salary (Mean) (ALL Compensation Obligations) |  |  | Players Under Contract |  | 15"
2026-07-08 08:30:57,MIL,REMOVED,"Avg, Salary (Mean) (No 10-Day K's) |  |  | Avaiable Spots |  | 0"
2026-07-08 08:30:57,MIL,ADDED,"Avg, Salary (Mean) (ALL Compensation Obligations) |  |  | Players Under Contract |  | 13"
2026-07-08 08:30:57,MIL,ADDED,"Avg, Salary (Mean) (No 10-Day K's) |  |  | Avaiable Spots |  | 2"
2026-07-08 08:31:57,DET,ADDED,"Jenkins, Daniss | 1 - FULL SEASON | 4000000.0 |  |  |  |  |  | 4000000"
2026-07-08 08:31:57,DET,ADDED,"Harris, Gary | 1 - FULL SEASON | 3815861.0 |  |  |  |  |  | 3815861"
2026-07-08 08:31:57,DET,ADDED,"Prince, Taurean | 1 - FULL SEASON | 3815861.0 |  |  |  |  |  | 3815861"
2026-07-08 08:31:57,DET,REMOVED, |  |  |  |  |  |  |  | 0
2026-07-08 08:31:57,DET,REMOVED,"Harris, Gary | 1 - FULL SEASON | 3815861.0 |  |  |  |  |  | 3815861"
2026-07-08 08:31:57,DET,REMOVED,"Prince, Taurean | 1 - FULL SEASON | 3815861.0 |  |  |  |  |  | 3815861"
2026-07-08 08:31:57,DET,REMOVED, |  |  |  |  |  |  |  | 0
2026-07-08 08:31:57,DET,ADDED,"Collins, John |  |  |  |  |  |  |  | 0"
2026-07-08 08:31:57,DET,REMOVED,"TEAM SALARY (Art, I §1 (nnn)): |  | 183458468.6 | 87690902.2 | 65193742 | 68811708.96 | 0 | 0 | 405154821.7"
2026-07-08 08:31:57,DET,ADDED,"TEAM SALARY (Art, I §1 (nnn)): |  | 187458468.6 | 87690902.2 | 65193742 | 68811708.96 | 0 | 0 | 409154821.7"
2026-07-08 08:31:57,DET,REMOVED,Players Under Contract |  | 127373008 | 87690902.2 | 65193742 | 68811708.96 | 0 | 0 | BOLD = Option Year
2026-07-08 08:31:57,DET,REMOVED,"Full Season Contracts |  | 127373008 | 87690902.2 | 65193742 | 68811708.96 | 0 | 0 | *=Projected Exten,,"
2026-07-08 08:31:57,DET,ADDED,Players Under Contract |  | 131373008 | 87690902.2 | 65193742 | 68811708.96 | 0 | 0 | BOLD = Option Year
2026-07-08 08:31:57,DET,ADDED,"Full Season Contracts |  | 131373008 | 87690902.2 | 65193742 | 68811708.96 | 0 | 0 | *=Projected Exten,,"
2026-07-08 08:31:57,DET,REMOVED,"Avg, Salary (Mean) (ALL Compensation Obligations) |  |  | Players Under Contract |  | 12"
2026-07-08 08:31:57,DET,REMOVED,"Avg, Salary (Mean) (No 10-Day K's) |  |  | Avaiable Spots |  | 3"
2026-07-08 08:31:57,DET,REMOVED,"Avg, Salary (Mean) (No 10-Day K's & ROS) |  |  | Players to Reach Roster Min, |  | 1"
2026-07-08 08:31:57,DET,ADDED,"Avg, Salary (Mean) (ALL Compensation Obligations) |  |  | Players Under Contract |  | 13"
2026-07-08 08:31:57,DET,ADDED,"Avg, Salary (Mean) (No 10-Day K's) |  |  | Avaiable Spots |  | 2"
2026-07-08 08:31:57,DET,ADDED,"Avg, Salary (Mean) (No 10-Day K's & ROS) |  |  | Players to Reach Roster Min, |  | 0"
2026-07-08 08:32:57,LAC,REMOVED,"Collins, John | 4 - CAP HOLD | 39870000.0 |  |  |  |  |  | 39870000"
2026-07-08 08:32:57,LAC,REMOVED,"TEAM SALARY (Art, I §1 (nnn)): |  | 273730233.7 | 83703891 | 18974669 | 16502837.32 | 0 | 0 | 392911631.1"
2026-07-08 08:32:57,LAC,ADDED, |  |  |  |  |  |  |  | 0
2026-07-08 08:32:57,LAC,ADDED,"TEAM SALARY (Art, I §1 (nnn)): |  | 233860233.7 | 83703891 | 18974669 | 16502837.32 | 0 | 0 | 353041631.1"
2026-07-08 08:32:57,LAC,REMOVED,Cap Holds |  | 114702977.9 | 0 | 0 | 0 | 0 | 0
2026-07-08 08:32:57,LAC,ADDED,Cap Holds |  | 74832977.88 | 0 | 0 | 0 | 0 | 0
2026-07-08 08:32:57,LAC,REMOVED, |  |  | Cap Holds |  | 9
2026-07-08 08:32:57,LAC,ADDED, |  |  | Cap Holds |  | 8
2026-07-08 08:32:57,WAS,REMOVED,"Russell, D'Angelo | 1 - FULL SEASON | 5969250.0 |  |  |  |  |  | 5969250"
2026-07-08 08:32:57,WAS,REMOVED,"TEAM SALARY (Art, I §1 (nnn)): |  | 234362955.4 | 181986692.5 | 88305732 | 78853447.44 | 0 | 0 | 583508827.4"
2026-07-08 08:32:57,WAS,ADDED, |  |  |  |  |  |  |  | 0
2026-07-08 08:32:57,WAS,ADDED,"TEAM SALARY (Art, I §1 (nnn)): |  | 228393705.4 | 181986692.5 | 88305732 | 78853447.44 | 0 | 0 | 577539577.4"
2026-07-08 08:32:57,WAS,REMOVED,Players Under Contract |  | 187745541.9 | 181986692.5 | 88305732 | 78853447.44 | 0 | 0 | BOLD = Option Year
2026-07-08 08:32:57,WAS,REMOVED,"Full Season Contracts |  | 187745541.9 | 181986692.5 | 88305732 | 78853447.44 | 0 | 0 | *=Projected Exten,,"
2026-07-08 08:32:57,WAS,ADDED,Players Under Contract |  | 181776291.9 | 181986692.5 | 88305732 | 78853447.44 | 0 | 0 | BOLD = Option Year
2026-07-08 08:32:57,WAS,ADDED,"Full Season Contracts |  | 181776291.9 | 181986692.5 | 88305732 | 78853447.44 | 0 | 0 | *=Projected Exten,,"
2026-07-08 08:32:57,WAS,REMOVED,"Avg, Salary (Mean) (ALL Compensation Obligations) |  |  | Players Under Contract |  | 14"
2026-07-08 08:32:57,WAS,REMOVED,"Avg, Salary (Mean) (No 10-Day K's) |  |  | Avaiable Spots |  | 1"
2026-07-08 08:32:57,WAS,ADDED,"Avg, Salary (Mean) (ALL Compensation Obligations) |  |  | Players Under Contract |  | 13"
2026-07-08 08:32:57,WAS,ADDED,"Avg, Salary (Mean) (No 10-Day K's) |  |  | Avaiable Spots |  | 2"
2026-07-08 08:33:57,DET,ADDED,"Collins, John |  |  |  |  |  |  |  | 0"
2026-07-08 08:33:57,DET,REMOVED,"Collins, John |  |  |  |  |  |  |  | 0"
2026-07-08 08:33:57,GOS,REMOVED,"Post, Quinten | 5 - QUAL OFFER | 2649421.0 |  |  |  |  |  | 2649421"
2026-07-08 08:33:57,GOS,REMOVED,"TEAM SALARY (Art, I §1 (nnn)): |  | 257184703.8 | 54516206 | 14812268 | 8899127.4 | 0 | 0 | 335412305.2"
2026-07-08 08:33:57,GOS,ADDED, |  |  |  |  |  |  |  | 0
2026-07-08 08:33:57,GOS,ADDED,"TEAM SALARY (Art, I §1 (nnn)): |  | 254535282.8 | 54516206 | 14812268 | 8899127.4 | 0 | 0 | 332762884.2"
2026-07-08 08:33:57,GOS,REMOVED,Qualifying Offers |  | 2649421 | 0 | 0 | 0 | 0 | 0
2026-07-08 08:33:57,GOS,ADDED,Qualifying Offers |  | 0 | 0 | 0 | 0 | 0 | 0
2026-07-08 08:33:57,PHL,REMOVED,"Grimes, Quentin | 4 - CAP HOLD | 16608297.1 |  |  |  |  |  | 16608297.1"
2026-07-08 08:33:57,PHL,REMOVED,"Oubre, Kelly | 4 - CAP HOLD | 15926085.0 |  |  |  |  |  | 15926085"
2026-07-08 08:33:57,PHL,REMOVED,"TEAM SALARY (Art, I §1 (nnn)): |  | 249848855.4 | 207255956.5 | 211305126.7 | 16858870.2 | 0 | 0 | 685268808.8"
2026-07-08 08:33:57,PHL,ADDED, |  |  |  |  |  |  |  | 0
2026-07-08 08:33:57,PHL,ADDED, |  |  |  |  |  |  |  | 0
2026-07-08 08:33:57,PHL,ADDED,"TEAM SALARY (Art, I §1 (nnn)): |  | 217314473.3 | 207255956.5 | 211305126.7 | 16858870.2 | 0 | 0 | 652734426.7"
2026-07-08 08:33:57,PHL,REMOVED,Cap Holds |  | 44252877.1 | 0 | 0 | 0 | 0 | 0
2026-07-08 08:33:57,PHL,ADDED,Cap Holds |  | 11718495 | 0 | 0 | 0 | 0 | 0
2026-07-08 08:33:57,PHL,REMOVED, |  |  | Cap Holds |  | 7
2026-07-08 08:33:57,PHL,ADDED, |  |  | Cap Holds |  | 5
2026-07-08 08:34:57,DAL,ADDED,"Washington, PJ | 1 - FULL SEASON | 19813044.0 | 21398088.0 | 22983132.0 | 24568176.0 |  |  | 88762440"
2026-07-08 08:34:57,DAL,REMOVED,"Washington, PJ | 1 - FULL SEASON | 19813044.0 | 21398088.0 | 22983132.0 | 24568176.0 |  |  | 88762440"
2026-07-08 08:34:57,DAL,ADDED,"Flagg, Cooper | 1 - FULL SEASON | 14517480.0 | 15208680.0 | 19178145.0 |  |  |  | 48904305"
2026-07-08 08:34:57,DAL,REMOVED,"Middleton, Khris | 4 - CAP HOLD | 52629628.5 |  |  |  |  |  | 52629628.5"
2026-07-08 08:34:57,DAL,REMOVED,"TEAM SALARY (Art, I §1 (nnn)): |  | 265627997.3 | 151524598.8 | 72082739 | 40339896.24 | 0 | 0 | 529575231.4"
2026-07-08 08:34:57,DAL,ADDED,"TEAM SALARY (Art, I §1 (nnn)): |  | 227515848.8 | 166733278.8 | 91260884 | 40339896.24 | 0 | 0 | 525849907.9"
2026-07-08 08:34:57,DAL,REMOVED,Players Under Contract |  | 181031758.8 | 148313382.6 | 72082739 | 40339896.24 | 0 | 0 | BOLD = Option Year
2026-07-08 08:34:57,DAL,REMOVED,"Full Season Contracts |  | 181031758.8 | 148313382.6 | 72082739 | 40339896.24 | 0 | 0 | *=Projected Exten,,"
2026-07-08 08:34:57,DAL,ADDED,Players Under Contract |  | 195549238.8 | 163522062.6 | 91260884 | 40339896.24 | 0 | 0 | BOLD = Option Year
2026-07-08 08:34:57,DAL,ADDED,"Full Season Contracts |  | 195549238.8 | 163522062.6 | 91260884 | 40339896.24 | 0 | 0 | *=Projected Exten,,"
2026-07-08 08:34:57,DAL,REMOVED,Cap Holds |  | 81385022.3 | 0 | 0 | 0 | 0 | 0
2026-07-08 08:34:57,DAL,ADDED,Cap Holds |  | 28755393.8 | 0 | 0 | 0 | 0 | 0
2026-07-08 08:34:57,DAL,REMOVED,"Avg, Salary (Mean) (ALL Compensation Obligations) |  |  | Players Under Contract |  | 15"
2026-07-08 08:34:57,DAL,ADDED,"Avg, Salary (Mean) (ALL Compensation Obligations) |  |  | Players Under Contract |  | 16"
2026-07-08 08:34:57,DAL,REMOVED, |  |  | Cap Holds |  | 10
2026-07-08 08:34:57,DAL,ADDED, |  |  | Cap Holds |  | 9
2026-07-08 08:34:57,WAS,REMOVED, |  |  |  |  |  |  |  | 0
2026-07-08 08:34:57,WAS,ADDED,"Middleton, Khris |  |  |  |  |  |  |  | 0"
2026-07-08 08:34:57,Luxury Tax Calculator,REMOVED,Luxury Tax | 0 | 13628752 | 0 | 0 | 0 | 0 | 0 | 23501723 | 0 | 0 | 972843 | 10706857.6 | 0 | 0 | 0 | 10244835 | 0 | 2536082 | 435790.92 | 28067811 | 64457758 | 29970320.04 | 17700978.3 | 29009155.52 | 6712130.274 | 16311062 | 0 | 8767635.14 | 0 | 0
2026-07-08 08:34:57,Luxury Tax Calculator,REMOVED,1st Incremental Tax Bracket | 0 | 17055000 | 0 | 0 | 0 | 0 | 0 | 17055000 | 0 | 0 | 972843 | 5685000 | 0 | 0 | 0 | 5685000 | 0 | 2536082 | 435790.92 | 5685000 | 5685000 | 5685000 | 5685000 | 17055000 | 5685000 | 5685000 | 0 | 5685000 | 0 | 0
2026-07-08 08:34:57,Luxury Tax Calculator,REMOVED,2nd Incremental Tax Bracket | 0 | 18476250 | 0 | 0 | 0 | 0 | 0 | 18476250 | 0 | 0 | 0 | 6277322 | 0 | 0 | 0 | 5699793.75 | 0 | 0 | 0 | 7106250 | 7106250 | 7106250 | 7106250 | 18476250 | 1283912.843 | 7106250 | 0 | 3853293.925 | 0 | 0
2026-07-08 08:34:57,Luxury Tax Calculator,ADDED,Luxury Tax | 0 | 13628752 | 0 | 0 | 0 | 0 | 10865455 | 23501723 | 0 | 0 | 972843 | 10706857.6 | 0 | 0 | 0 | 10244835 | 0 | 2536082 | 435790.92 | 28067811 | 64457758 | 29970320.04 | 17700978.3 | 29009155.52 | 6712130.274 | 16311062 | 0 | 8767635.14 | 0 | 0
2026-07-08 08:34:57,Luxury Tax Calculator,ADDED,1st Incremental Tax Bracket | 0 | 17055000 | 0 | 0 | 0 | 0 | 5685000 | 17055000 | 0 | 0 | 972843 | 5685000 | 0 | 0 | 0 | 5685000 | 0 | 2536082 | 435790.92 | 5685000 | 5685000 | 5685000 | 5685000 | 17055000 | 5685000 | 5685000 | 0 | 5685000 | 0 | 0
2026-07-08 08:34:57,Luxury Tax Calculator,ADDED,2nd Incremental Tax Bracket | 0 | 18476250 | 0 | 0 | 0 | 0 | 6475568.75 | 18476250 | 0 | 0 | 0 | 6277322 | 0 | 0 | 0 | 5699793.75 | 0 | 0 | 0 | 7106250 | 7106250 | 7106250 | 7106250 | 18476250 | 1283912.843 | 7106250 | 0 | 3853293.925 | 0 | 0
2026-07-08 08:34:57,Luxury Tax Calculator,REMOVED,Tax Liability | 0 | 47954386 | 0 | 0 | 0 | 0 | 0 | 110694991.8 | 0 | 0 | 972843 | 11962322 | 0 | 0 | 0 | 11384793.75 | 0 | 2536082 | 435790.92 | 87663507.75 | 237348750 | 98424340.23 | 35757146.93 | 150915955.3 | 6968912.843 | 30084967 | 0 | 9538293.925 | 0 | 0
2026-07-08 08:34:57,Luxury Tax Calculator,ADDED,Tax Liability | 0 | 47954386 | 0 | 0 | 0 | 0 | 12160568.75 | 110694991.8 | 0 | 0 | 972843 | 11962322 | 0 | 0 | 0 | 11384793.75 | 0 | 2536082 | 435790.92 | 87663507.75 | 237348750 | 98424340.23 | 35757146.93 | 150915955.3 | 6968912.843 | 30084967 | 0 | 9538293.925 | 0 | 0
2026-07-08 08:35:57,DAL,REMOVED,"Flagg, Cooper | 1 - FULL SEASON | 14517480.0 | 15208680.0 | 19178145.0 |  |  |  | 48904305"
2026-07-08 08:35:57,DAL,ADDED,"Aldama, Santi | 1 - FULL SEASON | 17007043.0 | 17007043.0 |  |  |  |  | 34014086"
2026-07-08 08:35:57,DAL,REMOVED,"Johnson, AJ | 1 - FULL SEASON | 3237120.0 | 5493392.640000001 |  |  |  |  | 8730512.64"
2026-07-08 08:35:57,DAL,ADDED,"Sasser, Marcus | 1 - FULL SEASON | 5198982.720000001 |  |  |  |  |  | 5198982.72"
2026-07-08 08:35:57,DAL,REMOVED,"Aldama, Santi | 1 - FULL SEASON | 17007043.0 | 17007043.0 |  |  |  |  | 34014086"
2026-07-08 08:35:57,DAL,REMOVED, |  |  |  |  |  |  |  | 0
2026-07-08 08:35:57,DAL,REMOVED,"Sasser, Marcus | 1 - FULL SEASON | 5198982.720000001 |  |  |  |  |  | 5198982.72"
2026-07-08 08:35:57,DAL,REMOVED,"TEAM SALARY (Art, I §1 (nnn)): |  | 227515848.8 | 166733278.8 | 91260884 | 40339896.24 | 0 | 0 | 525849907.9"
2026-07-08 08:35:57,DAL,ADDED, |  |  |  |  |  |  |  | 0
2026-07-08 08:35:57,DAL,ADDED, |  |  |  |  |  |  |  | 0
2026-07-08 08:35:57,DAL,ADDED, |  |  |  |  |  |  |  | 0
2026-07-08 08:35:57,DAL,ADDED,"TEAM SALARY (Art, I §1 (nnn)): |  | 209761248.8 | 146031206.2 | 72082739 | 40339896.24 | 0 | 0 | 468215090.2"
2026-07-08 08:35:57,DAL,REMOVED,Players Under Contract |  | 195549238.8 | 163522062.6 | 91260884 | 40339896.24 | 0 | 0 | BOLD = Option Year
2026-07-08 08:35:57,DAL,REMOVED,"Full Season Contracts |  | 195549238.8 | 163522062.6 | 91260884 | 40339896.24 | 0 | 0 | *=Projected Exten,,"
2026-07-08 08:35:57,DAL,ADDED,Players Under Contract |  | 177794638.8 | 142819990 | 72082739 | 40339896.24 | 0 | 0 | BOLD = Option Year
2026-07-08 08:35:57,DAL,ADDED,"Full Season Contracts |  | 177794638.8 | 142819990 | 72082739 | 40339896.24 | 0 | 0 | *=Projected Exten,,"
2026-07-08 08:35:57,DAL,REMOVED,"Avg, Salary (Mean) (ALL Compensation Obligations) |  |  | Players Under Contract |  | 16"
2026-07-08 08:35:57,DAL,REMOVED,"Avg, Salary (Mean) (No 10-Day K's) |  |  | Avaiable Spots |  | 0"
2026-07-08 08:35:57,DAL,ADDED,"Avg, Salary (Mean) (ALL Compensation Obligations) |  |  | Players Under Contract |  | 14"
2026-07-08 08:35:57,DAL,ADDED,"Avg, Salary (Mean) (No 10-Day K's) |  |  | Avaiable Spots |  | 1"
2026-07-08 08:35:57,DET,REMOVED,"LeVert, Caris | 1 - FULL SEASON | 14809200.0 |  |  |  |  |  | 14809200"
2026-07-08 08:35:57,DET,REMOVED,"Jenkins, Daniss | 1 - FULL SEASON | 4000000.0 |  |  |  |  |  | 4000000"
2026-07-08 08:35:57,DET,ADDED, |  |  |  |  |  |  |  | 0
2026-07-08 08:35:57,DET,ADDED,"Joe, Isaiah | 1 - FULL SEASON | 11323006.0 | 11323006.0 |  |  |  |  | 22646012"
2026-07-08 08:35:57,DET,REMOVED,"TEAM SALARY (Art, I §1 (nnn)): |  | 187458468.6 | 87690902.2 | 65193742 | 68811708.96 | 0 | 0 | 409154821.7"
2026-07-08 08:35:57,DET,ADDED,"TEAM SALARY (Art, I §1 (nnn)): |  | 179972274.6 | 99013908.2 | 65193742 | 68811708.96 | 0 | 0 | 412991633.7"
2026-07-08 08:35:57,DET,REMOVED,Players Under Contract |  | 131373008 | 87690902.2 | 65193742 | 68811708.96 | 0 | 0 | BOLD = Option Year
2026-07-08 08:35:57,DET,REMOVED,"Full Season Contracts |  | 131373008 | 87690902.2 | 65193742 | 68811708.96 | 0 | 0 | *=Projected Exten,,"
2026-07-08 08:35:57,DET,ADDED,Players Under Contract |  | 123886814 | 99013908.2 | 65193742 | 68811708.96 | 0 | 0 | BOLD = Option Year
2026-07-08 08:35:57,DET,ADDED,"Full Season Contracts |  | 123886814 | 99013908.2 | 65193742 | 68811708.96 | 0 | 0 | *=Projected Exten,,"
2026-07-08 08:35:57,DET,REMOVED,"Avg, Salary (Mean) (ALL Compensation Obligations) |  |  | Players Under Contract |  | 13"
2026-07-08 08:35:57,DET,REMOVED,"Avg, Salary (Mean) (No 10-Day K's) |  |  | Avaiable Spots |  | 2"
2026-07-08 08:35:57,DET,REMOVED,"Avg, Salary (Mean) (No 10-Day K's & ROS) |  |  | Players to Reach Roster Min, |  | 0"
2026-07-08 08:35:57,DET,ADDED,"Avg, Salary (Mean) (ALL Compensation Obligations) |  |  | Players Under Contract |  | 12"
2026-07-08 08:35:57,DET,ADDED,"Avg, Salary (Mean) (No 10-Day K's) |  |  | Avaiable Spots |  | 3"
2026-07-08 08:35:57,DET,ADDED,"Avg, Salary (Mean) (No 10-Day K's & ROS) |  |  | Players to Reach Roster Min, |  | 1"
2026-07-08 08:35:57,Luxury Tax Calculator,REMOVED,Luxury Tax | 0 | 13628752 | 0 | 0 | 0 | 0 | 10865455 | 23501723 | 0 | 0 | 972843 | 10706857.6 | 0 | 0 | 0 | 10244835 | 0 | 2536082 | 435790.92 | 28067811 | 64457758 | 29970320.04 | 17700978.3 | 29009155.52 | 6712130.274 | 16311062 | 0 | 8767635.14 | 0 | 0
2026-07-08 08:35:57,Luxury Tax Calculator,REMOVED,1st Incremental Tax Bracket | 0 | 17055000 | 0 | 0 | 0 | 0 | 5685000 | 17055000 | 0 | 0 | 972843 | 5685000 | 0 | 0 | 0 | 5685000 | 0 | 2536082 | 435790.92 | 5685000 | 5685000 | 5685000 | 5685000 | 17055000 | 5685000 | 5685000 | 0 | 5685000 | 0 | 0
2026-07-08 08:35:57,Luxury Tax Calculator,REMOVED,2nd Incremental Tax Bracket | 0 | 18476250 | 0 | 0 | 0 | 0 | 6475568.75 | 18476250 | 0 | 0 | 0 | 6277322 | 0 | 0 | 0 | 5699793.75 | 0 | 0 | 0 | 7106250 | 7106250 | 7106250 | 7106250 | 18476250 | 1283912.843 | 7106250 | 0 | 3853293.925 | 0 | 0
2026-07-08 08:35:57,Luxury Tax Calculator,ADDED,Luxury Tax | 0 | 13628752 | 0 | 0 | 0 | 0 | 0 | 23501723 | 0 | 0 | 972843 | 10706857.6 | 0 | 0 | 0 | 10244835 | 0 | 2536082 | 435790.92 | 28067811 | 64457758 | 29970320.04 | 17700978.3 | 29009155.52 | 6712130.274 | 16311062 | 0 | 8767635.14 | 0 | 0
2026-07-08 08:35:57,Luxury Tax Calculator,ADDED,1st Incremental Tax Bracket | 0 | 17055000 | 0 | 0 | 0 | 0 | 0 | 17055000 | 0 | 0 | 972843 | 5685000 | 0 | 0 | 0 | 5685000 | 0 | 2536082 | 435790.92 | 5685000 | 5685000 | 5685000 | 5685000 | 17055000 | 5685000 | 5685000 | 0 | 5685000 | 0 | 0
2026-07-08 08:35:57,Luxury Tax Calculator,ADDED,2nd Incremental Tax Bracket | 0 | 18476250 | 0 | 0 | 0 | 0 | 0 | 18476250 | 0 | 0 | 0 | 6277322 | 0 | 0 | 0 | 5699793.75 | 0 | 0 | 0 | 7106250 | 7106250 | 7106250 | 7106250 | 18476250 | 1283912.843 | 7106250 | 0 | 3853293.925 | 0 | 0
2026-07-08 08:35:57,Luxury Tax Calculator,REMOVED,Tax Liability | 0 | 47954386 | 0 | 0 | 0 | 0 | 12160568.75 | 110694991.8 | 0 | 0 | 972843 | 11962322 | 0 | 0 | 0 | 11384793.75 | 0 | 2536082 | 435790.92 | 87663507.75 | 237348750 | 98424340.23 | 35757146.93 | 150915955.3 | 6968912.843 | 30084967 | 0 | 9538293.925 | 0 | 0
2026-07-08 08:35:57,Luxury Tax Calculator,ADDED,Tax Liability | 0 | 47954386 | 0 | 0 | 0 | 0 | 0 | 110694991.8 | 0 | 0 | 972843 | 11962322 | 0 | 0 | 0 | 11384793.75 | 0 | 2536082 | 435790.92 | 87663507.75 | 237348750 | 98424340.23 | 35757146.93 | 150915955.3 | 6968912.843 | 30084967 | 0 | 9538293.925 | 0 | 0
2026-07-08 08:36:58,ATL,ADDED,"Wiggins, Aaron | 1 - FULL SEASON | 9028038.0 | 8168226.0 | 8168226.0 |  |  |  | 25364490"
2026-07-08 08:36:58,ATL,REMOVED, |  |  |  |  |  |  |  | 0
2026-07-08 08:36:58,ATL,REMOVED,"TEAM SALARY (Art, I §1 (nnn)): |  | 225230995 | 144821526.4 | 104589106 | 74646409.88 | 0 | 0 | 549288037.3"
2026-07-08 08:36:58,ATL,ADDED,"TEAM SALARY (Art, I §1 (nnn)): |  | 234259033 | 152989752.4 | 112757332 | 74646409.88 | 0 | 0 | 574652527.3"
2026-07-08 08:36:58,ATL,REMOVED,Players Under Contract |  | 161948774 | 144821526.4 | 104589106 | 74646409.88 | 0 | 0 | BOLD = Option Year
2026-07-08 08:36:58,ATL,REMOVED,"Full Season Contracts |  | 161948774 | 144821526.4 | 104589106 | 74646409.88 | 0 | 0 | *=Projected Exten,,"
2026-07-08 08:36:58,ATL,ADDED,Players Under Contract |  | 170976812 | 152989752.4 | 112757332 | 74646409.88 | 0 | 0 | BOLD = Option Year
2026-07-08 08:36:58,ATL,ADDED,"Full Season Contracts |  | 170976812 | 152989752.4 | 112757332 | 74646409.88 | 0 | 0 | *=Projected Exten,,"
2026-07-08 08:36:58,ATL,REMOVED,"Avg, Salary (Mean) (ALL Compensation Obligations) |  |  | Players Under Contract |  | 13"
2026-07-08 08:36:58,ATL,REMOVED,"Avg, Salary (Mean) (No 10-Day K's) |  |  | Avaiable Spots |  | 2"
2026-07-08 08:36:58,ATL,ADDED,"Avg, Salary (Mean) (ALL Compensation Obligations) |  |  | Players Under Contract |  | 14"
2026-07-08 08:36:58,ATL,ADDED,"Avg, Salary (Mean) (No 10-Day K's) |  |  | Avaiable Spots |  | 1"
2026-07-08 08:36:58,OKC,REMOVED,"Joe, Isaiah | 1 - FULL SEASON | 11323006.0 | 11323006.0 |  |  |  |  | 22646012"
2026-07-08 08:36:58,OKC,REMOVED,"Wiggins, Aaron | 1 - FULL SEASON | 9028038.0 | 8168226.0 | 8168226.0 |  |  |  | 25364490"
2026-07-08 08:36:58,OKC,REMOVED,"TEAM SALARY (Art, I §1 (nnn)): |  | 254537874 | 195614737.7 | 172554071 | 119015818.1 | 108874260 | 0 | 850596760.8"
2026-07-08 08:36:58,OKC,ADDED, |  |  |  |  |  |  |  | 0
2026-07-08 08:36:58,OKC,ADDED, |  |  |  |  |  |  |  | 0
2026-07-08 08:36:58,OKC,ADDED,"TEAM SALARY (Art, I §1 (nnn)): |  | 234186830 | 176123505.7 | 164385845 | 119015818.1 | 108874260 | 0 | 802586258.8"
2026-07-08 08:36:58,OKC,REMOVED,Players Under Contract |  | 252352758 | 195614737.7 | 172554071 | 119015818.1 | 108874260 | 0 | BOLD = Option Year
2026-07-08 08:36:58,OKC,REMOVED,"Full Season Contracts |  | 252352758 | 195614737.7 | 172554071 | 119015818.1 | 108874260 | 0 | *=Projected Exten,,"
2026-07-08 08:36:58,OKC,ADDED,Players Under Contract |  | 232001714 | 176123505.7 | 164385845 | 119015818.1 | 108874260 | 0 | BOLD = Option Year
2026-07-08 08:36:58,OKC,ADDED,"Full Season Contracts |  | 232001714 | 176123505.7 | 164385845 | 119015818.1 | 108874260 | 0 | *=Projected Exten,,"
2026-07-08 08:36:58,OKC,REMOVED,"Avg, Salary (Mean) (ALL Compensation Obligations) |  |  | Players Under Contract |  | 17"
2026-07-08 08:36:58,OKC,ADDED,"Avg, Salary (Mean) (ALL Compensation Obligations) |  |  | Players Under Contract |  | 15"
2026-07-08 08:36:58,Luxury Tax Calculator,REMOVED,Luxury Tax | 0 | 13628752 | 0 | 0 | 0 | 0 | 0 | 23501723 | 0 | 0 | 972843 | 10706857.6 | 0 | 0 | 0 | 10244835 | 0 | 2536082 | 435790.92 | 28067811 | 64457758 | 29970320.04 | 17700978.3 | 29009155.52 | 6712130.274 | 16311062 | 0 | 8767635.14 | 0 | 0
2026-07-08 08:36:58,Luxury Tax Calculator,ADDED,Luxury Tax | 0 | 13628752 | 0 | 0 | 0 | 0 | 0 | 23501723 | 0 | 0 | 972843 | 10706857.6 | 0 | 0 | 0 | 10244835 | 0 | 2536082 | 435790.92 | 28067811 | 44106714 | 29970320.04 | 17700978.3 | 29009155.52 | 6712130.274 | 16311062 | 0 | 8767635.14 | 0 | 0
2026-07-08 08:36:58,Luxury Tax Calculator,REMOVED,8th Incremental Tax Bracket | 0 | 0 | 0 | 0 | 0 | 0 | 0 | 0 | 0 | 0 | 0 | 0 | 0 | 0 | 0 | 0 | 0 | 0 | 0 | 0 | 38373750 | 0 | 0 | 0 | 0 | 0 | 0 | 0 | 0 | 0
2026-07-08 08:36:58,Luxury Tax Calculator,REMOVED,9th Incremental Tax Bracket | 0 | 0 | 0 | 0 | 0 | 0 | 0 | 0 | 0 | 0 | 0 | 0 | 0 | 0 | 0 | 0 | 0 | 0 | 0 | 0 | 41216250 | 0 | 0 | 0 | 0 | 0 | 0 | 0 | 0 | 0
2026-07-08 08:36:58,Luxury Tax Calculator,REMOVED,Tax Liability | 0 | 47954386 | 0 | 0 | 0 | 0 | 0 | 110694991.8 | 0 | 0 | 972843 | 11962322 | 0 | 0 | 0 | 11384793.75 | 0 | 2536082 | 435790.92 | 87663507.75 | 237348750 | 98424340.23 | 35757146.93 | 150915955.3 | 6968912.843 | 30084967 | 0 | 9538293.925 | 0 | 0
2026-07-08 08:36:58,Luxury Tax Calculator,ADDED,8th Incremental Tax Bracket | 0 | 0 | 0 | 0 | 0 | 0 | 0 | 0 | 0 | 0 | 0 | 0 | 0 | 0 | 0 | 0 | 0 | 0 | 0 | 0 | 29104069.5 | 0 | 0 | 0 | 0 | 0 | 0 | 0 | 0 | 0
2026-07-08 08:36:58,Luxury Tax Calculator,ADDED,9th Incremental Tax Bracket | 0 | 0 | 0 | 0 | 0 | 0 | 0 | 0 | 0 | 0 | 0 | 0 | 0 | 0 | 0 | 0 | 0 | 0 | 0 | 0 | 0 | 0 | 0 | 0 | 0 | 0 | 0 | 0 | 0 | 0
2026-07-08 08:36:58,Luxury Tax Calculator,ADDED,Tax Liability | 0 | 47954386 | 0 | 0 | 0 | 0 | 0 | 110694991.8 | 0 | 0 | 972843 | 11962322 | 0 | 0 | 0 | 11384793.75 | 0 | 2536082 | 435790.92 | 87663507.75 | 186862819.5 | 98424340.23 | 35757146.93 | 150915955.3 | 6968912.843 | 30084967 | 0 | 9538293.925 | 0 | 0
2026-07-08 08:38:57,DET,REMOVED,"Collins, John |  |  |  |  |  |  |  | 0"
2026-07-08 08:38:57,DET,ADDED,"Collins, John | 1 - FULL SEASON | 17000000.0 | 17000000.0 | 17000000.0 |  |  |  | 51000000"
2026-07-08 08:38:57,DET,ADDED,"Joe, Isaiah | 1 - FULL SEASON | 11323006.0 | 11323006.0 |  |  |  |  | 22646012"
2026-07-08 08:38:57,DET,REMOVED,"Joe, Isaiah | 1 - FULL SEASON | 11323006.0 | 11323006.0 |  |  |  |  | 22646012"
2026-07-08 08:38:57,DET,REMOVED,"TEAM SALARY (Art, I §1 (nnn)): |  | 179972274.6 | 99013908.2 | 65193742 | 68811708.96 | 0 | 0 | 412991633.7"
2026-07-08 08:38:57,DET,ADDED,"TEAM SALARY (Art, I §1 (nnn)): |  | 196972274.6 | 116013908.2 | 82193742 | 68811708.96 | 0 | 0 | 463991633.7"
2026-07-08 08:38:57,DET,REMOVED,Players Under Contract |  | 123886814 | 99013908.2 | 65193742 | 68811708.96 | 0 | 0 | BOLD = Option Year
2026-07-08 08:38:57,DET,REMOVED,"Full Season Contracts |  | 123886814 | 99013908.2 | 65193742 | 68811708.96 | 0 | 0 | *=Projected Exten,,"
2026-07-08 08:38:57,DET,ADDED,Players Under Contract |  | 140886814 | 116013908.2 | 82193742 | 68811708.96 | 0 | 0 | BOLD = Option Year
2026-07-08 08:38:57,DET,ADDED,"Full Season Contracts |  | 140886814 | 116013908.2 | 82193742 | 68811708.96 | 0 | 0 | *=Projected Exten,,"
2026-07-08 08:38:57,DET,REMOVED,"Avg, Salary (Mean) (ALL Compensation Obligations) |  |  | Players Under Contract |  | 12"
2026-07-08 08:38:57,DET,REMOVED,"Avg, Salary (Mean) (No 10-Day K's) |  |  | Avaiable Spots |  | 3"
2026-07-08 08:38:57,DET,REMOVED,"Avg, Salary (Mean) (No 10-Day K's & ROS) |  |  | Players to Reach Roster Min, |  | 1"
2026-07-08 08:38:57,DET,ADDED,"Avg, Salary (Mean) (ALL Compensation Obligations) |  |  | Players Under Contract |  | 13"
2026-07-08 08:38:57,DET,ADDED,"Avg, Salary (Mean) (No 10-Day K's) |  |  | Avaiable Spots |  | 2"
2026-07-08 08:38:57,DET,ADDED,"Avg, Salary (Mean) (No 10-Day K's & ROS) |  |  | Players to Reach Roster Min, |  | 0"
2026-07-08 08:43:00,WAS,REMOVED,"Middleton, Khris |  |  |  |  |  |  |  | 0"
2026-07-08 08:43:00,WAS,ADDED,"Middleton, Khris | 1 - FULL SEASON | 5591112.0 | 5870678.0 |  |  |  |  | 11461790"
2026-07-08 08:43:00,WAS,REMOVED,"TEAM SALARY (Art, I §1 (nnn)): |  | 228393705.4 | 181986692.5 | 88305732 | 78853447.44 | 0 | 0 | 577539577.4"
2026-07-08 08:43:00,WAS,ADDED,"TEAM SALARY (Art, I §1 (nnn)): |  | 233984817.4 | 187857370.5 | 88305732 | 78853447.44 | 0 | 0 | 589001367.4"
2026-07-08 08:43:00,WAS,REMOVED,Players Under Contract |  | 181776291.9 | 181986692.5 | 88305732 | 78853447.44 | 0 | 0 | BOLD = Option Year
2026-07-08 08:43:00,WAS,REMOVED,"Full Season Contracts |  | 181776291.9 | 181986692.5 | 88305732 | 78853447.44 | 0 | 0 | *=Projected Exten,,"
2026-07-08 08:43:00,WAS,ADDED,Players Under Contract |  | 187367403.9 | 187857370.5 | 88305732 | 78853447.44 | 0 | 0 | BOLD = Option Year
2026-07-08 08:43:00,WAS,ADDED,"Full Season Contracts |  | 187367403.9 | 187857370.5 | 88305732 | 78853447.44 | 0 | 0 | *=Projected Exten,,"
2026-07-08 08:43:00,WAS,REMOVED,"Avg, Salary (Mean) (ALL Compensation Obligations) |  |  | Players Under Contract |  | 13"
2026-07-08 08:43:00,WAS,REMOVED,"Avg, Salary (Mean) (No 10-Day K's) |  |  | Avaiable Spots |  | 2"
2026-07-08 08:43:00,WAS,ADDED,"Avg, Salary (Mean) (ALL Compensation Obligations) |  |  | Players Under Contract |  | 14"
2026-07-08 08:43:00,WAS,ADDED,"Avg, Salary (Mean) (No 10-Day K's) |  |  | Avaiable Spots |  | 1"
2026-07-08 08:43:57,LAL,ADDED, |  |  |  |  |  |  |  | 0
2026-07-08 08:43:57,LAL,ADDED, |  |  |  |  |  |  |  | 0
2026-07-08 08:43:57,LAL,ADDED, |  |  |  |  |  |  |  | 0
2026-07-08 08:43:57,LAL,ADDED, |  |  |  |  |  |  |  | 0
2026-07-08 08:43:57,LAL,ADDED,"Hardy, Jaden | 1 - FULL SEASON | 6000000.0 | 6000000.0 |  |  |  |  | 12000000"
2026-07-08 08:43:57,LAL,REMOVED, |  |  |  |  |  |  |  | 0
2026-07-08 08:43:57,LAL,REMOVED, |  |  |  |  |  |  |  | 0
2026-07-08 08:43:57,LAL,REMOVED, |  |  |  |  |  |  |  | 0
2026-07-08 08:43:57,LAL,REMOVED, |  |  |  |  |  |  |  | 0
2026-07-08 08:43:57,LAL,REMOVED, |  |  |  |  |  |  |  | 0
2026-07-08 08:43:57,LAL,REMOVED,"TEAM SALARY (Art, I §1 (nnn)): |  | 110436160 | 83348836.88 | 62845776 | 6378253.2 | 0 | 0 | 263009026.1"
2026-07-08 08:43:57,LAL,ADDED,"TEAM SALARY (Art, I §1 (nnn)): |  | 116436160 | 89348836.88 | 62845776 | 6378253.2 | 0 | 0 | 275009026.1"
2026-07-08 08:43:57,LAL,REMOVED,Players Under Contract |  | 89529799 | 83348836.88 | 62845776 | 6378253.2 | 0 | 0 | BOLD = Option Year
2026-07-08 08:43:57,LAL,REMOVED,"Full Season Contracts |  | 89529799 | 83348836.88 | 62845776 | 6378253.2 | 0 | 0 | *=Projected Exten,,"
2026-07-08 08:43:57,LAL,ADDED,Players Under Contract |  | 95529799 | 89348836.88 | 62845776 | 6378253.2 | 0 | 0 | BOLD = Option Year
2026-07-08 08:43:57,LAL,ADDED,"Full Season Contracts |  | 95529799 | 89348836.88 | 62845776 | 6378253.2 | 0 | 0 | *=Projected Exten,,"
2026-07-08 08:43:57,LAL,REMOVED,"Avg, Salary (Mean) (ALL Compensation Obligations) |  |  | Players Under Contract |  | 8"
2026-07-08 08:43:57,LAL,REMOVED,"Avg, Salary (Mean) (No 10-Day K's) |  |  | Avaiable Spots |  | 7"
2026-07-08 08:43:57,LAL,REMOVED,"Avg, Salary (Mean) (No 10-Day K's & ROS) |  |  | Players to Reach Roster Min, |  | 5"
2026-07-08 08:43:57,LAL,ADDED,"Avg, Salary (Mean) (ALL Compensation Obligations) |  |  | Players Under Contract |  | 9"
2026-07-08 08:43:57,LAL,ADDED,"Avg, Salary (Mean) (No 10-Day K's) |  |  | Avaiable Spots |  | 6"
2026-07-08 08:43:57,LAL,ADDED,"Avg, Salary (Mean) (No 10-Day K's & ROS) |  |  | Players to Reach Roster Min, |  | 4"
2026-07-08 08:43:57,WAS,REMOVED,"Hardy, Jaden | 1 - FULL SEASON | 6000000.0 | 6000000.0 |  |  |  |  | 12000000"
2026-07-08 08:43:57,WAS,ADDED,"Ayton, Deandre | 1 - FULL SEASON | 8104000.0 |  |  |  |  |  | 8104000"
2026-07-08 08:43:57,WAS,ADDED,"Middleton, Khris | 1 - FULL SEASON | 5591112.0 | 5870678.0 | 6150234.0 |  |  |  | 17612024"
2026-07-08 08:43:57,WAS,REMOVED,"Middleton, Khris | 1 - FULL SEASON | 5591112.0 | 5870678.0 |  |  |  |  | 11461790"
2026-07-08 08:43:57,WAS,REMOVED,"TEAM SALARY (Art, I §1 (nnn)): |  | 233984817.4 | 187857370.5 | 88305732 | 78853447.44 | 0 | 0 | 589001367.4"
2026-07-08 08:43:57,WAS,ADDED,"TEAM SALARY (Art, I §1 (nnn)): |  | 236088817.4 | 181857370.5 | 94455966 | 78853447.44 | 0 | 0 | 591255601.4"
2026-07-08 08:43:57,WAS,REMOVED,Players Under Contract |  | 187367403.9 | 187857370.5 | 88305732 | 78853447.44 | 0 | 0 | BOLD = Option Year
2026-07-08 08:43:57,WAS,REMOVED,"Full Season Contracts |  | 187367403.9 | 187857370.5 | 88305732 | 78853447.44 | 0 | 0 | *=Projected Exten,,"
2026-07-08 08:43:57,WAS,ADDED,Players Under Contract |  | 189471403.9 | 181857370.5 | 94455966 | 78853447.44 | 0 | 0 | BOLD = Option Year
2026-07-08 08:43:57,WAS,ADDED,"Full Season Contracts |  | 189471403.9 | 181857370.5 | 94455966 | 78853447.44 | 0 | 0 | *=Projected Exten,,"
2026-07-08 08:43:57,Luxury Tax Calculator,REMOVED,Luxury Tax | 0 | 13628752 | 0 | 0 | 0 | 0 | 0 | 23501723 | 0 | 0 | 972843 | 10706857.6 | 0 | 0 | 0 | 10244835 | 0 | 2536082 | 435790.92 | 28067811 | 44106714 | 29970320.04 | 17700978.3 | 29009155.52 | 6712130.274 | 16311062 | 0 | 8767635.14 | 0 | 0
2026-07-08 08:43:57,Luxury Tax Calculator,REMOVED,1st Incremental Tax Bracket | 0 | 17055000 | 0 | 0 | 0 | 0 | 0 | 17055000 | 0 | 0 | 972843 | 5685000 | 0 | 0 | 0 | 5685000 | 0 | 2536082 | 435790.92 | 5685000 | 5685000 | 5685000 | 5685000 | 17055000 | 5685000 | 5685000 | 0 | 5685000 | 0 | 0
2026-07-08 08:43:57,Luxury Tax Calculator,ADDED,Luxury Tax | 0 | 13628752 | 0 | 0 | 0 | 0 | 0 | 23501723 | 0 | 0 | 972843 | 10706857.6 | 0 | 0 | 0 | 10244835 | 0 | 2536082 | 435790.92 | 28067811 | 44106714 | 29970320.04 | 17700978.3 | 29009155.52 | 6712130.274 | 16311062 | 0 | 8767635.14 | 0 | 1576403.92
2026-07-08 08:43:57,Luxury Tax Calculator,ADDED,1st Incremental Tax Bracket | 0 | 17055000 | 0 | 0 | 0 | 0 | 0 | 17055000 | 0 | 0 | 972843 | 5685000 | 0 | 0 | 0 | 5685000 | 0 | 2536082 | 435790.92 | 5685000 | 5685000 | 5685000 | 5685000 | 17055000 | 5685000 | 5685000 | 0 | 5685000 | 0 | 1576403.92
2026-07-08 08:43:57,Luxury Tax Calculator,REMOVED,Tax Liability | 0 | 47954386 | 0 | 0 | 0 | 0 | 0 | 110694991.8 | 0 | 0 | 972843 | 11962322 | 0 | 0 | 0 | 11384793.75 | 0 | 2536082 | 435790.92 | 87663507.75 | 186862819.5 | 98424340.23 | 35757146.93 | 150915955.3 | 6968912.843 | 30084967 | 0 | 9538293.925 | 0 | 0
2026-07-08 08:43:57,Luxury Tax Calculator,ADDED,Tax Liability | 0 | 47954386 | 0 | 0 | 0 | 0 | 0 | 110694991.8 | 0 | 0 | 972843 | 11962322 | 0 | 0 | 0 | 11384793.75 | 0 | 2536082 | 435790.92 | 87663507.75 | 186862819.5 | 98424340.23 | 35757146.93 | 150915955.3 | 6968912.843 | 30084967 | 0 | 9538293.925 | 0 | 1576403.92
2026-07-08 08:44:58,LAL,REMOVED,"Ayton, Deandre | 1 - FULL SEASON | 8104000.0 |  |  |  |  |  | 8104000"
2026-07-08 08:44:58,LAL,ADDED,"Hardy, Jaden | 1 - FULL SEASON | 6000000.0 | 6000000.0 |  |  |  |  | 12000000"
2026-07-08 08:44:58,LAL,REMOVED, |  |  |  |  |  |  |  | 0
2026-07-08 08:44:58,LAL,REMOVED, |  |  |  |  |  |  |  | 0
2026-07-08 08:44:58,LAL,REMOVED, |  |  |  |  |  |  |  | 0
2026-07-08 08:44:58,LAL,REMOVED, |  |  |  |  |  |  |  | 0
2026-07-08 08:44:58,LAL,REMOVED,"Hardy, Jaden | 1 - FULL SEASON | 6000000.0 | 6000000.0 |  |  |  |  | 12000000"
2026-07-08 08:44:58,LAL,REMOVED,"TEAM SALARY (Art, I §1 (nnn)): |  | 116436160 | 89348836.88 | 62845776 | 6378253.2 | 0 | 0 | 275009026.1"
2026-07-08 08:44:58,LAL,ADDED, |  |  |  |  |  |  |  | 0
2026-07-08 08:44:58,LAL,ADDED, |  |  |  |  |  |  |  | 0
2026-07-08 08:44:58,LAL,ADDED, |  |  |  |  |  |  |  | 0
2026-07-08 08:44:58,LAL,ADDED, |  |  |  |  |  |  |  | 0
2026-07-08 08:44:58,LAL,ADDED, |  |  |  |  |  |  |  | 0
2026-07-08 08:44:58,LAL,ADDED,"TEAM SALARY (Art, I §1 (nnn)): |  | 108332160 | 89348836.88 | 62845776 | 6378253.2 | 0 | 0 | 266905026.1"
2026-07-08 08:44:58,LAL,REMOVED,Players Under Contract |  | 95529799 | 89348836.88 | 62845776 | 6378253.2 | 0 | 0 | BOLD = Option Year
2026-07-08 08:44:58,LAL,REMOVED,"Full Season Contracts |  | 95529799 | 89348836.88 | 62845776 | 6378253.2 | 0 | 0 | *=Projected Exten,,"
2026-07-08 08:44:58,LAL,ADDED,Players Under Contract |  | 87425799 | 89348836.88 | 62845776 | 6378253.2 | 0 | 0 | BOLD = Option Year
2026-07-08 08:44:58,LAL,ADDED,"Full Season Contracts |  | 87425799 | 89348836.88 | 62845776 | 6378253.2 | 0 | 0 | *=Projected Exten,,"
2026-07-08 08:44:58,LAL,REMOVED,"Avg, Salary (Mean) (ALL Compensation Obligations) |  |  | Players Under Contract |  | 9"
2026-07-08 08:44:58,LAL,REMOVED,"Avg, Salary (Mean) (No 10-Day K's) |  |  | Avaiable Spots |  | 6"
2026-07-08 08:44:58,LAL,REMOVED,"Avg, Salary (Mean) (No 10-Day K's & ROS) |  |  | Players to Reach Roster Min, |  | 4"
2026-07-08 08:44:58,LAL,ADDED,"Avg, Salary (Mean) (ALL Compensation Obligations) |  |  | Players Under Contract |  | 8"
2026-07-08 08:44:58,LAL,ADDED,"Avg, Salary (Mean) (No 10-Day K's) |  |  | Avaiable Spots |  | 7"
2026-07-08 08:44:58,LAL,ADDED,"Avg, Salary (Mean) (No 10-Day K's & ROS) |  |  | Players to Reach Roster Min, |  | 5"
2026-07-08 09:19:57,IND,ADDED,"Oubre, Kelly | 1 - FULL SEASON | 8050000.0 | 8450000.0 |  |  |  |  | 16500000"
2026-07-08 09:19:57,IND,REMOVED, |  |  |  |  |  |  |  | 0
2026-07-08 09:19:57,IND,REMOVED,"TEAM SALARY (Art, I §1 (nnn)): |  | 208028452.6 | 203055914 | 88444288 | 0 | 0 | 0 | 499528654.6"
2026-07-08 09:19:57,IND,ADDED,"TEAM SALARY (Art, I §1 (nnn)): |  | 216078452.6 | 211505914 | 88444288 | 0 | 0 | 0 | 516028654.6"
2026-07-08 09:19:57,IND,REMOVED,Players Under Contract |  | 198601857.6 | 203055914 | 88444288 | 0 | 0 | 0 | BOLD = Option Year
2026-07-08 09:19:57,IND,REMOVED,"Full Season Contracts |  | 198601857.6 | 203055914 | 88444288 | 0 | 0 | 0 | *=Projected Exten,,"
2026-07-08 09:19:57,IND,ADDED,Players Under Contract |  | 206651857.6 | 211505914 | 88444288 | 0 | 0 | 0 | BOLD = Option Year
2026-07-08 09:19:57,IND,ADDED,"Full Season Contracts |  | 206651857.6 | 211505914 | 88444288 | 0 | 0 | 0 | *=Projected Exten,,"
2026-07-08 09:19:57,IND,REMOVED,"Avg, Salary (Mean) (ALL Compensation Obligations) |  |  | Players Under Contract |  | 13"
2026-07-08 09:19:57,IND,REMOVED,"Avg, Salary (Mean) (No 10-Day K's) |  |  | Avaiable Spots |  | 2"
2026-07-08 09:19:57,IND,ADDED,"Avg, Salary (Mean) (ALL Compensation Obligations) |  |  | Players Under Contract |  | 14"
2026-07-08 09:19:57,IND,ADDED,"Avg, Salary (Mean) (No 10-Day K's) |  |  | Avaiable Spots |  | 1"
2026-07-08 09:19:57,Luxury Tax Calculator,REMOVED,Luxury Tax | 0 | 13628752 | 0 | 0 | 0 | 0 | 0 | 23501723 | 0 | 0 | 972843 | 10706857.6 | 0 | 0 | 0 | 10244835 | 0 | 2536082 | 435790.92 | 28067811 | 44106714 | 29970320.04 | 17700978.3 | 29009155.52 | 6712130.274 | 16311062 | 0 | 8767635.14 | 0 | 1576403.92
2026-07-08 09:19:57,Luxury Tax Calculator,ADDED,Luxury Tax | 0 | 13628752 | 0 | 0 | 0 | 0 | 0 | 23501723 | 0 | 0 | 972843 | 18756857.6 | 0 | 0 | 0 | 10244835 | 0 | 2536082 | 435790.92 | 28067811 | 44106714 | 29970320.04 | 17700978.3 | 29009155.52 | 6712130.274 | 16311062 | 0 | 8767635.14 | 0 | 1576403.92
2026-07-08 09:19:57,Luxury Tax Calculator,REMOVED,2nd Incremental Tax Bracket | 0 | 18476250 | 0 | 0 | 0 | 0 | 0 | 18476250 | 0 | 0 | 0 | 6277322 | 0 | 0 | 0 | 5699793.75 | 0 | 0 | 0 | 7106250 | 7106250 | 7106250 | 7106250 | 18476250 | 1283912.843 | 7106250 | 0 | 3853293.925 | 0 | 0
2026-07-08 09:19:57,Luxury Tax Calculator,REMOVED,3rd Incremental Tax Bracket | 0 | 12423136 | 0 | 0 | 0 | 0 | 0 | 31267500 | 0 | 0 | 0 | 0 | 0 | 0 | 0 | 0 | 0 | 0 | 0 | 19897500 | 19897500 | 19897500 | 19897500 | 31267500 | 0 | 17293717 | 0 | 0 | 0 | 0
2026-07-08 09:19:57,Luxury Tax Calculator,REMOVED,4th Incremental Tax Bracket | 0 | 0 | 0 | 0 | 0 | 0 | 0 | 38373750 | 0 | 0 | 0 | 0 | 0 | 0 | 0 | 0 | 0 | 0 | 0 | 27003750 | 27003750 | 27003750 | 3068396.925 | 38373750 | 0 | 0 | 0 | 0 | 0 | 0
2026-07-08 09:19:57,Luxury Tax Calculator,ADDED,2nd Incremental Tax Bracket | 0 | 18476250 | 0 | 0 | 0 | 0 | 0 | 18476250 | 0 | 0 | 0 | 7106250 | 0 | 0 | 0 | 5699793.75 | 0 | 0 | 0 | 7106250 | 7106250 | 7106250 | 7106250 | 18476250 | 1283912.843 | 7106250 | 0 | 3853293.925 | 0 | 0
2026-07-08 09:19:57,Luxury Tax Calculator,ADDED,3rd Incremental Tax Bracket | 0 | 12423136 | 0 | 0 | 0 | 0 | 0 | 31267500 | 0 | 0 | 0 | 19897500 | 0 | 0 | 0 | 0 | 0 | 0 | 0 | 19897500 | 19897500 | 19897500 | 19897500 | 31267500 | 0 | 17293717 | 0 | 0 | 0 | 0
2026-07-08 09:19:57,Luxury Tax Calculator,ADDED,4th Incremental Tax Bracket | 0 | 0 | 0 | 0 | 0 | 0 | 0 | 38373750 | 0 | 0 | 0 | 8083823.6 | 0 | 0 | 0 | 0 | 0 | 0 | 0 | 27003750 | 27003750 | 27003750 | 3068396.925 | 38373750 | 0 | 0 | 0 | 0 | 0 | 0
2026-07-08 09:19:57,Luxury Tax Calculator,REMOVED,Tax Liability | 0 | 47954386 | 0 | 0 | 0 | 0 | 0 | 110694991.8 | 0 | 0 | 972843 | 11962322 | 0 | 0 | 0 | 11384793.75 | 0 | 2536082 | 435790.92 | 87663507.75 | 186862819.5 | 98424340.23 | 35757146.93 | 150915955.3 | 6968912.843 | 30084967 | 0 | 9538293.925 | 0 | 1576403.92
2026-07-08 09:19:57,Luxury Tax Calculator,ADDED,Tax Liability | 0 | 47954386 | 0 | 0 | 0 | 0 | 0 | 110694991.8 | 0 | 0 | 972843 | 40772573.6 | 0 | 0 | 0 | 11384793.75 | 0 | 2536082 | 435790.92 | 87663507.75 | 186862819.5 | 98424340.23 | 35757146.93 | 150915955.3 | 6968912.843 | 30084967 | 0 | 9538293.925 | 0 | 1576403.92
2026-07-08 09:23:58,LAL,ADDED, |  |  |  |  |  |  |  | 0
2026-07-08 09:23:58,LAL,ADDED,"Grimes, Quentin | 1 - FULL SEASON | 13953489.0 | 14651163.45 | 15348837.0 | 16046511.0 |  |  | 60000000.45"
2026-07-08 09:23:58,LAL,REMOVED, |  |  |  |  |  |  |  | 0
2026-07-08 09:23:58,LAL,REMOVED, |  |  |  |  |  |  |  | 0
2026-07-08 09:23:58,LAL,REMOVED,"TEAM SALARY (Art, I §1 (nnn)): |  | 108332160 | 89348836.88 | 62845776 | 6378253.2 | 0 | 0 | 266905026.1"
2026-07-08 09:23:58,LAL,ADDED,"TEAM SALARY (Art, I §1 (nnn)): |  | 122285649 | 104000000.3 | 78194613 | 22424764.2 | 0 | 0 | 326905026.5"
2026-07-08 09:23:58,LAL,REMOVED,Players Under Contract |  | 87425799 | 89348836.88 | 62845776 | 6378253.2 | 0 | 0 | BOLD = Option Year
2026-07-08 09:23:58,LAL,REMOVED,"Full Season Contracts |  | 87425799 | 89348836.88 | 62845776 | 6378253.2 | 0 | 0 | *=Projected Exten,,"
2026-07-08 09:23:58,LAL,ADDED,Players Under Contract |  | 101379288 | 104000000.3 | 78194613 | 22424764.2 | 0 | 0 | BOLD = Option Year
2026-07-08 09:23:58,LAL,ADDED,"Full Season Contracts |  | 101379288 | 104000000.3 | 78194613 | 22424764.2 | 0 | 0 | *=Projected Exten,,"
2026-07-08 09:23:58,LAL,REMOVED,"Avg, Salary (Mean) (ALL Compensation Obligations) |  |  | Players Under Contract |  | 8"
2026-07-08 09:23:58,LAL,REMOVED,"Avg, Salary (Mean) (No 10-Day K's) |  |  | Avaiable Spots |  | 7"
2026-07-08 09:23:58,LAL,REMOVED,"Avg, Salary (Mean) (No 10-Day K's & ROS) |  |  | Players to Reach Roster Min, |  | 5"
2026-07-08 09:23:58,LAL,ADDED,"Avg, Salary (Mean) (ALL Compensation Obligations) |  |  | Players Under Contract |  | 9"
2026-07-08 09:23:58,LAL,ADDED,"Avg, Salary (Mean) (No 10-Day K's) |  |  | Avaiable Spots |  | 6"
2026-07-08 09:23:58,LAL,ADDED,"Avg, Salary (Mean) (No 10-Day K's & ROS) |  |  | Players to Reach Roster Min, |  | 4"
2026-07-08 09:24:56,LAL,ADDED,"Grimes, Quentin | 1 - FULL SEASON | 13953489.0 | 14651163.45 | 15348837.0 | 16046511.0 |  |  | 60000000.45"
2026-07-08 09:24:56,LAL,REMOVED,"Grimes, Quentin | 1 - FULL SEASON | 13953489.0 | 14651163.45 | 15348837.0 | 16046511.0 |  |  | 60000000.45"
2026-07-08 09:28:13,WAS,REMOVED,"Mahinmi, Ian | 4 - CAP HOLD | 23175076.5 |  |  |  |  |  | 23175076.5"
2026-07-08 09:28:13,WAS,REMOVED,"Nunn, Kendrick | 4 - CAP HOLD | 6825000 |  |  |  |  |  | 6825000"
2026-07-08 09:28:13,WAS,REMOVED,"Gill, Anthony | 4 - CAP HOLD | 2449421.0 |  |  |  |  |  | 2449421"
2026-07-08 09:28:13,WAS,REMOVED,"Lawson, Ty | 4 - CAP HOLD | 2449421.0 |  |  |  |  |  | 2449421"
2026-07-08 09:28:13,WAS,REMOVED,"Napier, Shabazz | 4 - CAP HOLD | 2449421.0 |  |  |  |  |  | 2449421"
2026-07-08 09:28:13,WAS,REMOVED,"Satoransky, Tomas | 4 - CAP HOLD | 2449421.0 |  |  |  |  |  | 2449421"
2026-07-08 09:28:13,WAS,REMOVED,"Sessions, Ramon | 4 - CAP HOLD | 2449421.0 |  |  |  |  |  | 2449421"
2026-07-08 09:28:13,WAS,REMOVED,"Thor, JT | 4 - CAP HOLD | 2185116.0 |  |  |  |  |  | 2185116"
2026-07-08 09:28:13,WAS,REMOVED,"Winston, Cassius | 4 - CAP HOLD | 2185116.0 |  |  |  |  |  | 2185116"
2026-07-08 09:28:13,WAS,ADDED,"Mahinmi, Ian | 4 - CAP HOLD |  |  |  |  |  |  | 0"
2026-07-08 09:28:13,WAS,ADDED,"Nunn, Kendrick | 4 - CAP HOLD |  |  |  |  |  |  | 0"
2026-07-08 09:28:13,WAS,ADDED,"Gill, Anthony | 4 - CAP HOLD |  |  |  |  |  |  | 0"
2026-07-08 09:28:13,WAS,ADDED,"Lawson, Ty | 4 - CAP HOLD |  |  |  |  |  |  | 0"
2026-07-08 09:28:13,WAS,ADDED,"Napier, Shabazz | 4 - CAP HOLD |  |  |  |  |  |  | 0"
2026-07-08 09:28:13,WAS,ADDED,"Satoransky, Tomas | 4 - CAP HOLD |  |  |  |  |  |  | 0"
2026-07-08 09:28:13,WAS,ADDED,"Sessions, Ramon | 4 - CAP HOLD |  |  |  |  |  |  | 0"
2026-07-08 09:28:13,WAS,ADDED,"Thor, JT | 4 - CAP HOLD |  |  |  |  |  |  | 0"
2026-07-08 09:28:13,WAS,ADDED,"Winston, Cassius | 4 - CAP HOLD |  |  |  |  |  |  | 0"
2026-07-08 09:28:13,WAS,REMOVED,"TEAM SALARY (Art, I §1 (nnn)): |  | 236088817.4 | 181857370.5 | 94455966 | 78853447.44 | 0 | 0 | 591255601.4"
2026-07-08 09:28:13,WAS,ADDED,"TEAM SALARY (Art, I §1 (nnn)): |  | 189471403.9 | 181857370.5 | 94455966 | 78853447.44 | 0 | 0 | 544638187.9"
2026-07-08 09:28:13,WAS,REMOVED,Cap Holds |  | 46617413.5 | 0 | 0 | 0 | 0 | 0
2026-07-08 09:28:13,WAS,ADDED,Cap Holds |  | 0 | 0 | 0 | 0 | 0 | 0
2026-07-08 09:29:04,WAS,REMOVED,"Mahinmi, Ian | 4 - CAP HOLD |  |  |  |  |  |  | 0"
2026-07-08 09:29:04,WAS,REMOVED,"Nunn, Kendrick | 4 - CAP HOLD |  |  |  |  |  |  | 0"
2026-07-08 09:29:04,WAS,REMOVED,"Gill, Anthony | 4 - CAP HOLD |  |  |  |  |  |  | 0"
2026-07-08 09:29:04,WAS,REMOVED,"Lawson, Ty | 4 - CAP HOLD |  |  |  |  |  |  | 0"
2026-07-08 09:29:04,WAS,REMOVED,"Napier, Shabazz | 4 - CAP HOLD |  |  |  |  |  |  | 0"
2026-07-08 09:29:04,WAS,REMOVED,"Satoransky, Tomas | 4 - CAP HOLD |  |  |  |  |  |  | 0"
2026-07-08 09:29:04,WAS,REMOVED,"Sessions, Ramon | 4 - CAP HOLD |  |  |  |  |  |  | 0"
2026-07-08 09:29:04,WAS,REMOVED,"Thor, JT | 4 - CAP HOLD |  |  |  |  |  |  | 0"
2026-07-08 09:29:04,WAS,REMOVED,"Winston, Cassius | 4 - CAP HOLD |  |  |  |  |  |  | 0"
2026-07-08 09:29:04,WAS,ADDED,"Mahinmi, Ian | 4 - CAP HOLD | 23175076.5 |  |  |  |  |  | 23175076.5"
2026-07-08 09:29:04,WAS,ADDED,"Nunn, Kendrick | 4 - CAP HOLD | 6825000 |  |  |  |  |  | 6825000"
2026-07-08 09:29:04,WAS,ADDED,"Gill, Anthony | 4 - CAP HOLD | 2449421.0 |  |  |  |  |  | 2449421"
2026-07-08 09:29:04,WAS,ADDED,"Lawson, Ty | 4 - CAP HOLD | 2449421.0 |  |  |  |  |  | 2449421"
2026-07-08 09:29:04,WAS,ADDED,"Napier, Shabazz | 4 - CAP HOLD | 2449421.0 |  |  |  |  |  | 2449421"
2026-07-08 09:29:04,WAS,ADDED,"Satoransky, Tomas | 4 - CAP HOLD | 2449421.0 |  |  |  |  |  | 2449421"
2026-07-08 09:29:04,WAS,ADDED,"Sessions, Ramon | 4 - CAP HOLD | 2449421.0 |  |  |  |  |  | 2449421"
2026-07-08 09:29:04,WAS,ADDED,"Thor, JT | 4 - CAP HOLD | 2185116.0 |  |  |  |  |  | 2185116"
2026-07-08 09:29:04,WAS,ADDED,"Winston, Cassius | 4 - CAP HOLD | 2185116.0 |  |  |  |  |  | 2185116"
2026-07-08 09:29:04,WAS,REMOVED,"TEAM SALARY (Art, I §1 (nnn)): |  | 189471403.9 | 181857370.5 | 94455966 | 78853447.44 | 0 | 0 | 544638187.9"
2026-07-08 09:29:04,WAS,ADDED,"TEAM SALARY (Art, I §1 (nnn)): |  | 236088817.4 | 181857370.5 | 94455966 | 78853447.44 | 0 | 0 | 591255601.4"
2026-07-08 09:29:04,WAS,REMOVED,Cap Holds |  | 0 | 0 | 0 | 0 | 0 | 0
2026-07-08 09:29:04,WAS,ADDED,Cap Holds |  | 46617413.5 | 0 | 0 | 0 | 0 | 0
2026-07-08 09:30:04,LAL,REMOVED, |  |  |  |  |  |  |  | 0
2026-07-08 09:30:04,LAL,ADDED,"Mamukelashvili, Sandro |  |  |  |  |  |  |  | 0"
2026-07-08 09:31:00,LAL,REMOVED,"Mamukelashvili, Sandro |  |  |  |  |  |  |  | 0"
2026-07-08 09:31:00,LAL,ADDED,"Mamukelashvili, Sandro | 1 - FULL SEASON | 13000000.0 | 12350000.0 | 13000000.0 |  |  |  | 38350000"
2026-07-08 09:31:00,LAL,REMOVED,"TEAM SALARY (Art, I §1 (nnn)): |  | 122285649 | 104000000.3 | 78194613 | 22424764.2 | 0 | 0 | 326905026.5"
2026-07-08 09:31:00,LAL,ADDED,"TEAM SALARY (Art, I §1 (nnn)): |  | 135285649 | 116350000.3 | 91194613 | 22424764.2 | 0 | 0 | 365255026.5"
2026-07-08 09:31:00,LAL,REMOVED,Players Under Contract |  | 101379288 | 104000000.3 | 78194613 | 22424764.2 | 0 | 0 | BOLD = Option Year
2026-07-08 09:31:00,LAL,REMOVED,"Full Season Contracts |  | 101379288 | 104000000.3 | 78194613 | 22424764.2 | 0 | 0 | *=Projected Exten,,"
2026-07-08 09:31:00,LAL,ADDED,Players Under Contract |  | 114379288 | 116350000.3 | 91194613 | 22424764.2 | 0 | 0 | BOLD = Option Year
2026-07-08 09:31:00,LAL,ADDED,"Full Season Contracts |  | 114379288 | 116350000.3 | 91194613 | 22424764.2 | 0 | 0 | *=Projected Exten,,"
2026-07-08 09:31:00,LAL,REMOVED,"Avg, Salary (Mean) (ALL Compensation Obligations) |  |  | Players Under Contract |  | 9"
2026-07-08 09:31:00,LAL,REMOVED,"Avg, Salary (Mean) (No 10-Day K's) |  |  | Avaiable Spots |  | 6"
2026-07-08 09:31:00,LAL,REMOVED,"Avg, Salary (Mean) (No 10-Day K's & ROS) |  |  | Players to Reach Roster Min, |  | 4"
2026-07-08 09:31:00,LAL,ADDED,"Avg, Salary (Mean) (ALL Compensation Obligations) |  |  | Players Under Contract |  | 10"
2026-07-08 09:31:00,LAL,ADDED,"Avg, Salary (Mean) (No 10-Day K's) |  |  | Avaiable Spots |  | 5"
2026-07-08 09:31:00,LAL,ADDED,"Avg, Salary (Mean) (No 10-Day K's & ROS) |  |  | Players to Reach Roster Min, |  | 3"
2026-07-08 09:32:00,LAL,ADDED,"Mamukelashvili, Sandro | 1 - FULL SEASON | 13000000.0 | 12350000.0 | 13000000.0 | 13650000.0 |  |  | 52000000"
2026-07-08 09:32:00,LAL,REMOVED, |  |  |  |  |  |  |  | 0
2026-07-08 09:32:00,LAL,REMOVED, |  |  |  |  |  |  |  | 0
2026-07-08 09:32:00,LAL,REMOVED, |  |  |  |  |  |  |  | 0
2026-07-08 09:32:00,LAL,REMOVED,"Mamukelashvili, Sandro | 1 - FULL SEASON | 13000000.0 | 12350000.0 | 13000000.0 |  |  |  | 38350000"
2026-07-08 09:32:00,LAL,REMOVED,"TEAM SALARY (Art, I §1 (nnn)): |  | 135285649 | 116350000.3 | 91194613 | 22424764.2 | 0 | 0 | 365255026.5"
2026-07-08 09:32:00,LAL,ADDED, |  |  |  |  |  |  |  | 0
2026-07-08 09:32:00,LAL,ADDED, |  |  |  |  |  |  |  | 0
2026-07-08 09:32:00,LAL,ADDED, |  |  |  |  |  |  |  | 0
2026-07-08 09:32:00,LAL,ADDED,"TEAM SALARY (Art, I §1 (nnn)): |  | 135285649 | 116350000.3 | 91194613 | 36074764.2 | 0 | 0 | 378905026.5"
2026-07-08 09:32:00,LAL,REMOVED,Players Under Contract |  | 114379288 | 116350000.3 | 91194613 | 22424764.2 | 0 | 0 | BOLD = Option Year
2026-07-08 09:32:00,LAL,REMOVED,"Full Season Contracts |  | 114379288 | 116350000.3 | 91194613 | 22424764.2 | 0 | 0 | *=Projected Exten,,"
2026-07-08 09:32:00,LAL,ADDED,Players Under Contract |  | 114379288 | 116350000.3 | 91194613 | 36074764.2 | 0 | 0 | BOLD = Option Year
2026-07-08 09:32:00,LAL,ADDED,"Full Season Contracts |  | 114379288 | 116350000.3 | 91194613 | 36074764.2 | 0 | 0 | *=Projected Exten,,"
2026-07-08 15:02:57,DEN,ADDED,"Valanciunas, Jonas | 7 - WAIVED | 2000000.0 |  |  |  |  |  | 2000000"
2026-07-08 15:02:57,DEN,REMOVED, |  |  |  |  |  |  |  | 0
2026-07-08 15:02:57,DEN,REMOVED,"TEAM SALARY (Art, I §1 (nnn)): |  | 248896055.4 | 187484805.4 | 119623206.9 | 26724137 | 28448274 | 28448274 | 639624752.7"
2026-07-08 15:02:57,DEN,ADDED,"TEAM SALARY (Art, I §1 (nnn)): |  | 250896055.4 | 187484805.4 | 119623206.9 | 26724137 | 28448274 | 28448274 | 641624752.7"
2026-07-08 15:02:57,DEN,REMOVED,Waived Contracts |  | 0 | 0 | 0 | 0 | 0 | 0
2026-07-08 15:02:57,DEN,ADDED,Waived Contracts |  | 2000000 | 0 | 0 | 0 | 0 | 0
2026-07-08 15:02:57,IND,REMOVED,"Potter, Micah | 1 - FULL SEASON | 2801346.0 |  |  |  |  |  | 2801346"
2026-07-08 15:02:57,IND,REMOVED,"TEAM SALARY (Art, I §1 (nnn)): |  | 216078452.6 | 211505914 | 88444288 | 0 | 0 | 0 | 516028654.6"
2026-07-08 15:02:57,IND,ADDED, |  |  |  |  |  |  |  | 0
2026-07-08 15:02:57,IND,ADDED,"TEAM SALARY (Art, I §1 (nnn)): |  | 213277106.6 | 211505914 | 88444288 | 0 | 0 | 0 | 513227308.6"
2026-07-08 15:02:57,IND,REMOVED,Players Under Contract |  | 206651857.6 | 211505914 | 88444288 | 0 | 0 | 0 | BOLD = Option Year
2026-07-08 15:02:57,IND,REMOVED,"Full Season Contracts |  | 206651857.6 | 211505914 | 88444288 | 0 | 0 | 0 | *=Projected Exten,,"
2026-07-08 15:02:57,IND,ADDED,Players Under Contract |  | 203850511.6 | 211505914 | 88444288 | 0 | 0 | 0 | BOLD = Option Year
2026-07-08 15:02:57,IND,ADDED,"Full Season Contracts |  | 203850511.6 | 211505914 | 88444288 | 0 | 0 | 0 | *=Projected Exten,,"
2026-07-08 15:02:57,IND,REMOVED,"Avg, Salary (Mean) (ALL Compensation Obligations) |  |  | Players Under Contract |  | 14"
2026-07-08 15:02:57,IND,REMOVED,"Avg, Salary (Mean) (No 10-Day K's) |  |  | Avaiable Spots |  | 1"
2026-07-08 15:02:57,IND,ADDED,"Avg, Salary (Mean) (ALL Compensation Obligations) |  |  | Players Under Contract |  | 13"
2026-07-08 15:02:57,IND,ADDED,"Avg, Salary (Mean) (No 10-Day K's) |  |  | Avaiable Spots |  | 2"
2026-07-08 15:02:57,Luxury Tax Calculator,REMOVED,Luxury Tax | 0 | 13628752 | 0 | 0 | 0 | 0 | 0 | 23501723 | 0 | 0 | 972843 | 18756857.6 | 0 | 0 | 0 | 10244835 | 0 | 2536082 | 435790.92 | 28067811 | 44106714 | 29970320.04 | 17700978.3 | 29009155.52 | 6712130.274 | 16311062 | 0 | 8767635.14 | 0 | 1576403.92
2026-07-08 15:02:57,Luxury Tax Calculator,ADDED,Luxury Tax | 0 | 13628752 | 0 | 0 | 0 | 0 | 0 | 25501723 | 0 | 0 | 972843 | 15955511.6 | 0 | 0 | 0 | 10244835 | 0 | 2536082 | 435790.92 | 28067811 | 44106714 | 29970320.04 | 17700978.3 | 29009155.52 | 6712130.274 | 16311062 | 0 | 8767635.14 | 0 | 1576403.92
2026-07-08 15:02:57,Luxury Tax Calculator,REMOVED,3rd Incremental Tax Bracket | 0 | 12423136 | 0 | 0 | 0 | 0 | 0 | 31267500 | 0 | 0 | 0 | 19897500 | 0 | 0 | 0 | 0 | 0 | 0 | 0 | 19897500 | 19897500 | 19897500 | 19897500 | 31267500 | 0 | 17293717 | 0 | 0 | 0 | 0
2026-07-08 15:02:57,Luxury Tax Calculator,REMOVED,4th Incremental Tax Bracket | 0 | 0 | 0 | 0 | 0 | 0 | 0 | 38373750 | 0 | 0 | 0 | 8083823.6 | 0 | 0 | 0 | 0 | 0 | 0 | 0 | 27003750 | 27003750 | 27003750 | 3068396.925 | 38373750 | 0 | 0 | 0 | 0 | 0 | 0
2026-07-08 15:02:57,Luxury Tax Calculator,REMOVED,5th Incremental Tax Bracket | 0 | 0 | 0 | 0 | 0 | 0 | 0 | 5522491.75 | 0 | 0 | 0 | 0 | 0 | 0 | 0 | 0 | 0 | 0 | 0 | 27971007.75 | 29846250 | 29846250 | 0 | 41216250 | 0 | 0 | 0 | 0 | 0 | 0
2026-07-08 15:02:57,Luxury Tax Calculator,ADDED,3rd Incremental Tax Bracket | 0 | 12423136 | 0 | 0 | 0 | 0 | 0 | 31267500 | 0 | 0 | 0 | 16049290.6 | 0 | 0 | 0 | 0 | 0 | 0 | 0 | 19897500 | 19897500 | 19897500 | 19897500 | 31267500 | 0 | 17293717 | 0 | 0 | 0 | 0
2026-07-08 15:02:57,Luxury Tax Calculator,ADDED,4th Incremental Tax Bracket | 0 | 0 | 0 | 0 | 0 | 0 | 0 | 38373750 | 0 | 0 | 0 | 0 | 0 | 0 | 0 | 0 | 0 | 0 | 0 | 27003750 | 27003750 | 27003750 | 3068396.925 | 38373750 | 0 | 0 | 0 | 0 | 0 | 0
2026-07-08 15:02:57,Luxury Tax Calculator,ADDED,5th Incremental Tax Bracket | 0 | 0 | 0 | 0 | 0 | 0 | 0 | 20022491.75 | 0 | 0 | 0 | 0 | 0 | 0 | 0 | 0 | 0 | 0 | 0 | 27971007.75 | 29846250 | 29846250 | 0 | 41216250 | 0 | 0 | 0 | 0 | 0 | 0
2026-07-08 15:02:57,Luxury Tax Calculator,REMOVED,Tax Liability | 0 | 47954386 | 0 | 0 | 0 | 0 | 0 | 110694991.8 | 0 | 0 | 972843 | 40772573.6 | 0 | 0 | 0 | 11384793.75 | 0 | 2536082 | 435790.92 | 87663507.75 | 186862819.5 | 98424340.23 | 35757146.93 | 150915955.3 | 6968912.843 | 30084967 | 0 | 9538293.925 | 0 | 1576403.92
2026-07-08 15:02:57,Luxury Tax Calculator,ADDED,Tax Liability | 0 | 47954386 | 0 | 0 | 0 | 0 | 0 | 125194991.8 | 0 | 0 | 972843 | 28840540.6 | 0 | 0 | 0 | 11384793.75 | 0 | 2536082 | 435790.92 | 87663507.75 | 186862819.5 | 98424340.23 | 35757146.93 | 150915955.3 | 6968912.843 | 30084967 | 0 | 9538293.925 | 0 | 1576403.92
2026-07-08 15:03:57,DEN,REMOVED,"Valanciunas, Jonas | 1 - FULL SEASON | 10000000.0 |  |  |  |  |  | 10000000"
2026-07-08 15:03:57,DEN,REMOVED,"TEAM SALARY (Art, I §1 (nnn)): |  | 250896055.4 | 187484805.4 | 119623206.9 | 26724137 | 28448274 | 28448274 | 641624752.7"
2026-07-08 15:03:57,DEN,ADDED, |  |  |  |  |  |  |  | 0
2026-07-08 15:03:57,DEN,ADDED,"TEAM SALARY (Art, I §1 (nnn)): |  | 240896055.4 | 187484805.4 | 119623206.9 | 26724137 | 28448274 | 28448274 | 631624752.7"
2026-07-08 15:03:57,DEN,REMOVED,Players Under Contract |  | 211396723 | 187484805.4 | 119623206.9 | 26724137 | 28448274 | 28448274 | BOLD = Option Year
2026-07-08 15:03:57,DEN,REMOVED,"Full Season Contracts |  | 211396723 | 187484805.4 | 119623206.9 | 26724137 | 28448274 | 28448274 | *=Projected Exten,,"
2026-07-08 15:03:57,DEN,ADDED,Players Under Contract |  | 201396723 | 187484805.4 | 119623206.9 | 26724137 | 28448274 | 28448274 | BOLD = Option Year
2026-07-08 15:03:57,DEN,ADDED,"Full Season Contracts |  | 201396723 | 187484805.4 | 119623206.9 | 26724137 | 28448274 | 28448274 | *=Projected Exten,,"
2026-07-08 15:03:57,DEN,REMOVED,"Avg, Salary (Mean) (ALL Compensation Obligations) |  |  | Players Under Contract |  | 9"
2026-07-08 15:03:57,DEN,REMOVED,"Avg, Salary (Mean) (No 10-Day K's) |  |  | Avaiable Spots |  | 6"
2026-07-08 15:03:57,DEN,REMOVED,"Avg, Salary (Mean) (No 10-Day K's & ROS) |  |  | Players to Reach Roster Min, |  | 4"
2026-07-08 15:03:57,DEN,ADDED,"Avg, Salary (Mean) (ALL Compensation Obligations) |  |  | Players Under Contract |  | 8"
2026-07-08 15:03:57,DEN,ADDED,"Avg, Salary (Mean) (No 10-Day K's) |  |  | Avaiable Spots |  | 7"
2026-07-08 15:03:57,DEN,ADDED,"Avg, Salary (Mean) (No 10-Day K's & ROS) |  |  | Players to Reach Roster Min, |  | 5"
2026-07-08 15:03:57,Luxury Tax Calculator,REMOVED,Luxury Tax | 0 | 13628752 | 0 | 0 | 0 | 0 | 0 | 25501723 | 0 | 0 | 972843 | 15955511.6 | 0 | 0 | 0 | 10244835 | 0 | 2536082 | 435790.92 | 28067811 | 44106714 | 29970320.04 | 17700978.3 | 29009155.52 | 6712130.274 | 16311062 | 0 | 8767635.14 | 0 | 1576403.92
2026-07-08 15:03:57,Luxury Tax Calculator,ADDED,Luxury Tax | 0 | 13628752 | 0 | 0 | 0 | 0 | 0 | 15501723 | 0 | 0 | 972843 | 15955511.6 | 0 | 0 | 0 | 10244835 | 0 | 2536082 | 435790.92 | 28067811 | 44106714 | 29970320.04 | 17700978.3 | 29009155.52 | 6712130.274 | 16311062 | 0 | 8767635.14 | 0 | 1576403.92
2026-07-08 15:03:57,Luxury Tax Calculator,REMOVED,3rd Incremental Tax Bracket | 0 | 12423136 | 0 | 0 | 0 | 0 | 0 | 31267500 | 0 | 0 | 0 | 16049290.6 | 0 | 0 | 0 | 0 | 0 | 0 | 0 | 19897500 | 19897500 | 19897500 | 19897500 | 31267500 | 0 | 17293717 | 0 | 0 | 0 | 0
2026-07-08 15:03:57,Luxury Tax Calculator,REMOVED,4th Incremental Tax Bracket | 0 | 0 | 0 | 0 | 0 | 0 | 0 | 38373750 | 0 | 0 | 0 | 0 | 0 | 0 | 0 | 0 | 0 | 0 | 0 | 27003750 | 27003750 | 27003750 | 3068396.925 | 38373750 | 0 | 0 | 0 | 0 | 0 | 0
2026-07-08 15:03:57,Luxury Tax Calculator,REMOVED,5th Incremental Tax Bracket | 0 | 0 | 0 | 0 | 0 | 0 | 0 | 20022491.75 | 0 | 0 | 0 | 0 | 0 | 0 | 0 | 0 | 0 | 0 | 0 | 27971007.75 | 29846250 | 29846250 | 0 | 41216250 | 0 | 0 | 0 | 0 | 0 | 0
2026-07-08 15:03:57,Luxury Tax Calculator,ADDED,3rd Incremental Tax Bracket | 0 | 12423136 | 0 | 0 | 0 | 0 | 0 | 22724476.5 | 0 | 0 | 0 | 16049290.6 | 0 | 0 | 0 | 0 | 0 | 0 | 0 | 19897500 | 19897500 | 19897500 | 19897500 | 31267500 | 0 | 17293717 | 0 | 0 | 0 | 0
2026-07-08 15:03:57,Luxury Tax Calculator,ADDED,4th Incremental Tax Bracket | 0 | 0 | 0 | 0 | 0 | 0 | 0 | 0 | 0 | 0 | 0 | 0 | 0 | 0 | 0 | 0 | 0 | 0 | 0 | 27003750 | 27003750 | 27003750 | 3068396.925 | 38373750 | 0 | 0 | 0 | 0 | 0 | 0
2026-07-08 15:03:57,Luxury Tax Calculator,ADDED,5th Incremental Tax Bracket | 0 | 0 | 0 | 0 | 0 | 0 | 0 | 0 | 0 | 0 | 0 | 0 | 0 | 0 | 0 | 0 | 0 | 0 | 0 | 27971007.75 | 29846250 | 29846250 | 0 | 41216250 | 0 | 0 | 0 | 0 | 0 | 0
2026-07-08 15:03:57,Luxury Tax Calculator,REMOVED,Tax Liability | 0 | 47954386 | 0 | 0 | 0 | 0 | 0 | 125194991.8 | 0 | 0 | 972843 | 28840540.6 | 0 | 0 | 0 | 11384793.75 | 0 | 2536082 | 435790.92 | 87663507.75 | 186862819.5 | 98424340.23 | 35757146.93 | 150915955.3 | 6968912.843 | 30084967 | 0 | 9538293.925 | 0 | 1576403.92
2026-07-08 15:03:57,Luxury Tax Calculator,ADDED,Tax Liability | 0 | 47954386 | 0 | 0 | 0 | 0 | 0 | 58255726.5 | 0 | 0 | 972843 | 28840540.6 | 0 | 0 | 0 | 11384793.75 | 0 | 2536082 | 435790.92 | 87663507.75 | 186862819.5 | 98424340.23 | 35757146.93 | 150915955.3 | 6968912.843 | 30084967 | 0 | 9538293.925 | 0 | 1576403.92
2026-07-09 09:17:33,DET,ADDED,"Green, Javonte | 1 - FULL SEASON | 3943679.0 |  |  |  |  |  | 3943679"
2026-07-09 09:17:33,DET,REMOVED,"Green, Javonte | 4 - CAP HOLD | 2449421.0 |  |  |  |  |  | 2449421"
2026-07-09 09:17:33,DET,REMOVED, |  |  |  |  |  |  |  | 0
2026-07-09 09:17:33,DET,REMOVED, |  |  |  |  |  |  |  | 0
2026-07-09 09:17:33,DET,REMOVED, |  |  |  |  |  |  |  | 0
2026-07-09 09:17:33,DET,REMOVED, |  |  |  |  |  |  |  | 0
2026-07-09 09:17:33,DET,REMOVED, |  |  |  |  |  |  |  | 0
2026-07-09 09:17:33,DET,REMOVED,"Collins, John |  |  |  |  |  |  |  | 0"
2026-07-09 09:17:33,DET,REMOVED,"TEAM SALARY (Art, I §1 (nnn)): |  | 196972274.6 | 116013908.2 | 82193742 | 68811708.96 | 0 | 0 | 463991633.7"
2026-07-09 09:17:33,DET,ADDED, |  |  |  |  |  |  |  | 0
2026-07-09 09:17:33,DET,ADDED, |  |  |  |  |  |  |  | 0
2026-07-09 09:17:33,DET,ADDED, |  |  |  |  |  |  |  | 0
2026-07-09 09:17:33,DET,ADDED, |  |  |  |  |  |  |  | 0
2026-07-09 09:17:33,DET,ADDED, |  |  |  |  |  |  |  | 0
2026-07-09 09:17:33,DET,ADDED, |  |  |  |  |  |  |  | 0
2026-07-09 09:17:33,DET,ADDED,"TEAM SALARY (Art, I §1 (nnn)): |  | 198466532.6 | 116013908.2 | 82193742 | 68811708.96 | 0 | 0 | 465485891.7"
2026-07-09 09:17:33,DET,REMOVED,Players Under Contract |  | 140886814 | 116013908.2 | 82193742 | 68811708.96 | 0 | 0 | BOLD = Option Year
2026-07-09 09:17:33,DET,REMOVED,"Full Season Contracts |  | 140886814 | 116013908.2 | 82193742 | 68811708.96 | 0 | 0 | *=Projected Exten,,"
2026-07-09 09:17:33,DET,ADDED,Players Under Contract |  | 144830493 | 116013908.2 | 82193742 | 68811708.96 | 0 | 0 | BOLD = Option Year
2026-07-09 09:17:33,DET,ADDED,"Full Season Contracts |  | 144830493 | 116013908.2 | 82193742 | 68811708.96 | 0 | 0 | *=Projected Exten,,"
2026-07-09 09:17:33,DET,REMOVED,Cap Holds |  | 56085460.58 | 0 | 0 | 0 | 0 | 0
2026-07-09 09:17:33,DET,ADDED,Cap Holds |  | 53636039.58 | 0 | 0 | 0 | 0 | 0
2026-07-09 09:17:33,DET,REMOVED,"Avg, Salary (Mean) (ALL Compensation Obligations) |  |  | Players Under Contract |  | 13"
2026-07-09 09:17:33,DET,REMOVED,"Avg, Salary (Mean) (No 10-Day K's) |  |  | Avaiable Spots |  | 2"
2026-07-09 09:17:33,DET,ADDED,"Avg, Salary (Mean) (ALL Compensation Obligations) |  |  | Players Under Contract |  | 14"
2026-07-09 09:17:33,DET,ADDED,"Avg, Salary (Mean) (No 10-Day K's) |  |  | Avaiable Spots |  | 1"
2026-07-09 09:17:33,DET,REMOVED, |  |  | Cap Holds |  | 4
2026-07-09 09:17:33,DET,ADDED, |  |  | Cap Holds |  | 3
2026-07-09 09:17:33,HOU,ADDED,"Bogdanovic, Bogdan | 1 - FULL SEASON | 2449421.0 |  |  |  |  |  | 2449421"
2026-07-09 09:17:33,HOU,REMOVED, |  |  |  |  |  |  |  | 0
2026-07-09 09:17:33,HOU,REMOVED,"TEAM SALARY (Art, I §1 (nnn)): |  | 222776782.3 | 154099511.3 | 78709471 | 67489732 | 27426355 | 0 | 550501851.6"
2026-07-09 09:17:33,HOU,ADDED,"TEAM SALARY (Art, I §1 (nnn)): |  | 225226203.3 | 154099511.3 | 78709471 | 67489732 | 27426355 | 0 | 552951272.6"
2026-07-09 09:17:33,HOU,REMOVED,Players Under Contract |  | 188867843 | 154099511.3 | 78709471 | 67489732 | 27426355 | 0 | BOLD = Option Year
2026-07-09 09:17:33,HOU,REMOVED,"Full Season Contracts |  | 188867843 | 154099511.3 | 78709471 | 67489732 | 27426355 | 0 | *=Projected Exten,,"
2026-07-09 09:17:33,HOU,ADDED,Players Under Contract |  | 191317264 | 154099511.3 | 78709471 | 67489732 | 27426355 | 0 | BOLD = Option Year
2026-07-09 09:17:33,HOU,ADDED,"Full Season Contracts |  | 191317264 | 154099511.3 | 78709471 | 67489732 | 27426355 | 0 | *=Projected Exten,,"
2026-07-09 09:17:33,HOU,REMOVED,"Avg, Salary (Mean) (ALL Compensation Obligations) |  |  | Players Under Contract |  | 11"
2026-07-09 09:17:33,HOU,REMOVED,"Avg, Salary (Mean) (No 10-Day K's) |  |  | Avaiable Spots |  | 4"
2026-07-09 09:17:33,HOU,REMOVED,"Avg, Salary (Mean) (No 10-Day K's & ROS) |  |  | Players to Reach Roster Min, |  | 2"
2026-07-09 09:17:33,HOU,ADDED,"Avg, Salary (Mean) (ALL Compensation Obligations) |  |  | Players Under Contract |  | 12"
2026-07-09 09:17:33,HOU,ADDED,"Avg, Salary (Mean) (No 10-Day K's) |  |  | Avaiable Spots |  | 3"
2026-07-09 09:17:33,HOU,ADDED,"Avg, Salary (Mean) (No 10-Day K's & ROS) |  |  | Players to Reach Roster Min, |  | 1"
2026-07-09 09:17:33,LAC,REMOVED,"Bogdanovic, Bogdan | 4 - CAP HOLD | 24030000.0 |  |  |  |  |  | 24030000"
2026-07-09 09:17:33,LAC,REMOVED,"TEAM SALARY (Art, I §1 (nnn)): |  | 233860233.7 | 83703891 | 18974669 | 16502837.32 | 0 | 0 | 353041631.1"
2026-07-09 09:17:33,LAC,ADDED, |  |  |  |  |  |  |  | 0
2026-07-09 09:17:33,LAC,ADDED,"TEAM SALARY (Art, I §1 (nnn)): |  | 209830233.7 | 83703891 | 18974669 | 16502837.32 | 0 | 0 | 329011631.1"
2026-07-09 09:17:33,LAC,REMOVED,Cap Holds |  | 74832977.88 | 0 | 0 | 0 | 0 | 0
2026-07-09 09:17:33,LAC,ADDED,Cap Holds |  | 50802977.88 | 0 | 0 | 0 | 0 | 0
2026-07-09 09:17:33,LAC,REMOVED, |  |  | Cap Holds |  | 8
2026-07-09 09:17:33,LAC,ADDED, |  |  | Cap Holds |  | 7
2026-07-09 09:17:33,LAL,ADDED,"Kessler, Walker | 1 - FULL SEASON | 30108821.0 | 31614262.0 | 33119703.0 | 34625144.0 |  |  | 129467930"
2026-07-09 09:17:33,LAL,REMOVED, |  |  |  |  |  |  |  | 0
2026-07-09 09:17:33,LAL,REMOVED,"TEAM SALARY (Art, I §1 (nnn)): |  | 135285649 | 116350000.3 | 91194613 | 36074764.2 | 0 | 0 | 378905026.5"
2026-07-09 09:17:33,LAL,ADDED,"TEAM SALARY (Art, I §1 (nnn)): |  | 165394470 | 147964262.3 | 124314316 | 70699908.2 | 0 | 0 | 508372956.5"
2026-07-09 09:17:33,LAL,REMOVED,Players Under Contract |  | 114379288 | 116350000.3 | 91194613 | 36074764.2 | 0 | 0 | BOLD = Option Year
2026-07-09 09:17:33,LAL,REMOVED,"Full Season Contracts |  | 114379288 | 116350000.3 | 91194613 | 36074764.2 | 0 | 0 | *=Projected Exten,,"
2026-07-09 09:17:33,LAL,ADDED,Players Under Contract |  | 144488109 | 147964262.3 | 124314316 | 70699908.2 | 0 | 0 | BOLD = Option Year
2026-07-09 09:17:33,LAL,ADDED,"Full Season Contracts |  | 144488109 | 147964262.3 | 124314316 | 70699908.2 | 0 | 0 | *=Projected Exten,,"
2026-07-09 09:17:33,LAL,REMOVED,"Avg, Salary (Mean) (ALL Compensation Obligations) |  |  | Players Under Contract |  | 10"
2026-07-09 09:17:33,LAL,REMOVED,"Avg, Salary (Mean) (No 10-Day K's) |  |  | Avaiable Spots |  | 5"
2026-07-09 09:17:33,LAL,REMOVED,"Avg, Salary (Mean) (No 10-Day K's & ROS) |  |  | Players to Reach Roster Min, |  | 3"
2026-07-09 09:17:33,LAL,ADDED,"Avg, Salary (Mean) (ALL Compensation Obligations) |  |  | Players Under Contract |  | 11"
2026-07-09 09:17:33,LAL,ADDED,"Avg, Salary (Mean) (No 10-Day K's) |  |  | Avaiable Spots |  | 4"
2026-07-09 09:17:33,LAL,ADDED,"Avg, Salary (Mean) (No 10-Day K's & ROS) |  |  | Players to Reach Roster Min, |  | 2"
2026-07-09 09:17:33,SAN,ADDED,"Barnes, Harrison | 1 - FULL SEASON | 8000000.0 |  |  |  |  |  | 8000000"
2026-07-09 09:17:33,SAN,REMOVED,"Barnes, Harrison | 4 - CAP HOLD | 28500000.0 |  |  |  |  |  | 28500000"
2026-07-09 09:17:33,SAN,REMOVED,"TEAM SALARY (Art, I §1 (nnn)): |  | 251673961.5 | 158249198.8 | 141740319 | 74087330.4 | 0 | 0 | 625750809.7"
2026-07-09 09:17:33,SAN,ADDED,"TEAM SALARY (Art, I §1 (nnn)): |  | 231173961.5 | 158249198.8 | 141740319 | 74087330.4 | 0 | 0 | 605250809.7"
2026-07-09 09:17:33,SAN,REMOVED,Players Under Contract |  | 187830545.7 | 158249198.8 | 141740319 | 74087330.4 | 0 | 0 | BOLD = Option Year
2026-07-09 09:17:33,SAN,REMOVED,"Full Season Contracts |  | 187830545.7 | 158249198.8 | 141740319 | 74087330.4 | 0 | 0 | *=Projected Exten,,"
2026-07-09 09:17:33,SAN,ADDED,Players Under Contract |  | 195830545.7 | 158249198.8 | 141740319 | 74087330.4 | 0 | 0 | BOLD = Option Year
2026-07-09 09:17:33,SAN,ADDED,"Full Season Contracts |  | 195830545.7 | 158249198.8 | 141740319 | 74087330.4 | 0 | 0 | *=Projected Exten,,"
2026-07-09 09:17:33,SAN,REMOVED,Cap Holds |  | 63843415.81 | 0 | 0 | 0 | 0 | 0
2026-07-09 09:17:33,SAN,ADDED,Cap Holds |  | 35343415.81 | 0 | 0 | 0 | 0 | 0
2026-07-09 09:17:33,SAN,REMOVED,"Avg, Salary (Mean) (ALL Compensation Obligations) |  |  | Players Under Contract |  | 12"
2026-07-09 09:17:33,SAN,REMOVED,"Avg, Salary (Mean) (No 10-Day K's) |  |  | Avaiable Spots |  | 3"
2026-07-09 09:17:33,SAN,REMOVED,"Avg, Salary (Mean) (No 10-Day K's & ROS) |  |  | Players to Reach Roster Min, |  | 1"
2026-07-09 09:17:33,SAN,REMOVED, |  |  | Cap Holds |  | 6
2026-07-09 09:17:33,SAN,ADDED,"Avg, Salary (Mean) (ALL Compensation Obligations) |  |  | Players Under Contract |  | 13"
2026-07-09 09:17:33,SAN,ADDED,"Avg, Salary (Mean) (No 10-Day K's) |  |  | Avaiable Spots |  | 2"
2026-07-09 09:17:33,SAN,ADDED,"Avg, Salary (Mean) (No 10-Day K's & ROS) |  |  | Players to Reach Roster Min, |  | 0"
2026-07-09 09:17:33,SAN,ADDED, |  |  | Cap Holds |  | 5
2026-07-09 09:17:33,UTH,REMOVED,"Kessler, Walker | 4 - CAP HOLD | 14636815.200000001 |  |  |  |  |  | 14636815.2"
2026-07-09 09:17:33,UTH,REMOVED,"TEAM SALARY (Art, I §1 (nnn)): |  | 207006822.6 | 143840398.8 | 132691831 | 71818333.84 | 0 | 0 | 555357386.3"
2026-07-09 09:17:33,UTH,ADDED, |  |  |  |  |  |  |  | 0
2026-07-09 09:17:33,UTH,ADDED,"TEAM SALARY (Art, I §1 (nnn)): |  | 192370007.4 | 143840398.8 | 132691831 | 71818333.84 | 0 | 0 | 540720571.1"
2026-07-09 09:17:33,UTH,REMOVED,Cap Holds |  | 55954547.2 | 0 | 0 | 0 | 0 | 0
2026-07-09 09:17:33,UTH,ADDED,Cap Holds |  | 41317732 | 0 | 0 | 0 | 0 | 0
2026-07-09 09:17:33,UTH,REMOVED, |  |  | Cap Holds |  | 5
2026-07-09 09:17:33,UTH,ADDED, |  |  | Cap Holds |  | 4
2026-07-09 09:17:33,Luxury Tax Calculator,REMOVED,Luxury Tax | 0 | 13628752 | 0 | 0 | 0 | 0 | 0 | 15501723 | 0 | 0 | 972843 | 15955511.6 | 0 | 0 | 0 | 10244835 | 0 | 2536082 | 435790.92 | 28067811 | 44106714 | 29970320.04 | 17700978.3 | 29009155.52 | 6712130.274 | 16311062 | 0 | 8767635.14 | 0 | 1576403.92
2026-07-09 09:17:33,Luxury Tax Calculator,REMOVED,1st Incremental Tax Bracket | 0 | 17055000 | 0 | 0 | 0 | 0 | 0 | 17055000 | 0 | 0 | 972843 | 5685000 | 0 | 0 | 0 | 5685000 | 0 | 2536082 | 435790.92 | 5685000 | 5685000 | 5685000 | 5685000 | 17055000 | 5685000 | 5685000 | 0 | 5685000 | 0 | 1576403.92
2026-07-09 09:17:33,Luxury Tax Calculator,REMOVED,2nd Incremental Tax Bracket | 0 | 18476250 | 0 | 0 | 0 | 0 | 0 | 18476250 | 0 | 0 | 0 | 7106250 | 0 | 0 | 0 | 5699793.75 | 0 | 0 | 0 | 7106250 | 7106250 | 7106250 | 7106250 | 18476250 | 1283912.843 | 7106250 | 0 | 3853293.925 | 0 | 0
2026-07-09 09:17:33,Luxury Tax Calculator,ADDED,Luxury Tax | 0 | 13628752 | 0 | 0 | 0 | 0 | 0 | 15501723 | 0 | 0 | 3422264 | 15955511.6 | 0 | 0 | 0 | 10244835 | 0 | 2536082 | 435790.92 | 28067811 | 44106714 | 29970320.04 | 17700978.3 | 29009155.52 | 6712130.274 | 16311062 | 7935545.68 | 8767635.14 | 0 | 1576403.92
2026-07-09 09:17:33,Luxury Tax Calculator,ADDED,1st Incremental Tax Bracket | 0 | 17055000 | 0 | 0 | 0 | 0 | 0 | 17055000 | 0 | 0 | 3422264 | 5685000 | 0 | 0 | 0 | 5685000 | 0 | 2536082 | 435790.92 | 5685000 | 5685000 | 5685000 | 5685000 | 17055000 | 5685000 | 5685000 | 5685000 | 5685000 | 0 | 1576403.92
2026-07-09 09:17:33,Luxury Tax Calculator,ADDED,2nd Incremental Tax Bracket | 0 | 18476250 | 0 | 0 | 0 | 0 | 0 | 18476250 | 0 | 0 | 0 | 7106250 | 0 | 0 | 0 | 5699793.75 | 0 | 0 | 0 | 7106250 | 7106250 | 7106250 | 7106250 | 18476250 | 1283912.843 | 7106250 | 2813182.1 | 3853293.925 | 0 | 0
2026-07-09 09:17:33,Luxury Tax Calculator,REMOVED,Tax Liability | 0 | 47954386 | 0 | 0 | 0 | 0 | 0 | 58255726.5 | 0 | 0 | 972843 | 28840540.6 | 0 | 0 | 0 | 11384793.75 | 0 | 2536082 | 435790.92 | 87663507.75 | 186862819.5 | 98424340.23 | 35757146.93 | 150915955.3 | 6968912.843 | 30084967 | 0 | 9538293.925 | 0 | 1576403.92
2026-07-09 09:17:33,Luxury Tax Calculator,ADDED,Tax Liability | 0 | 47954386 | 0 | 0 | 0 | 0 | 0 | 58255726.5 | 0 | 0 | 3422264 | 28840540.6 | 0 | 0 | 0 | 11384793.75 | 0 | 2536082 | 435790.92 | 87663507.75 | 186862819.5 | 98424340.23 | 35757146.93 | 150915955.3 | 6968912.843 | 30084967 | 8498182.1 | 9538293.925 | 0 | 1576403.92
2026-07-09 09:19:58,MIL,ADDED,"Ament, Nate | 1 - FULL SEASON | 5502000.0 | 5777280.0 | 6052200.0 | 8648593.8 |  |  | 25980073.8"
2026-07-09 09:19:58,MIL,REMOVED,"Ament, Nate | 6 - DRAFT PICK | 5502000.0 | 5777280.0 | 6052200.0 | 8648593.8 |  |  | 25980073.8"
2026-07-09 09:19:58,MIL,REMOVED,Players Under Contract |  | 139331069.4 | 62891094.36 | 56726345 | 24373120 | 0 | 0 | BOLD = Option Year
2026-07-09 09:19:58,MIL,REMOVED,"Full Season Contracts |  | 139331069.4 | 62891094.36 | 56726345 | 24373120 | 0 | 0 | *=Projected Exten,,"
2026-07-09 09:19:58,MIL,ADDED,Players Under Contract |  | 144833069.4 | 68668374.36 | 62778545 | 33021713.8 | 0 | 0 | BOLD = Option Year
2026-07-09 09:19:58,MIL,ADDED,"Full Season Contracts |  | 144833069.4 | 68668374.36 | 62778545 | 33021713.8 | 0 | 0 | *=Projected Exten,,"
2026-07-09 09:19:58,MIL,REMOVED,Draft Picks |  | 5502000 | 5777280 | 6052200 | 8648593.8 | 0 | 0
2026-07-09 09:19:58,MIL,ADDED,Draft Picks |  | 0 | 0 | 0 | 0 | 0 | 0
2026-07-09 09:19:58,MIL,REMOVED,"Avg, Salary (Mean) (ALL Compensation Obligations) |  |  | Players Under Contract |  | 13"
2026-07-09 09:19:58,MIL,REMOVED,"Avg, Salary (Mean) (No 10-Day K's) |  |  | Avaiable Spots |  | 2"
2026-07-09 09:19:58,MIL,ADDED,"Avg, Salary (Mean) (ALL Compensation Obligations) |  |  | Players Under Contract |  | 14"
2026-07-09 09:19:58,MIL,ADDED,"Avg, Salary (Mean) (No 10-Day K's) |  |  | Avaiable Spots |  | 1"
2026-07-09 10:03:57,MEM,ADDED,"Post, Quinten | 1 - FULL SEASON | 9000000.0 | 8550000.0 | 8550000.0 |  |  |  | 26100000"
2026-07-09 10:03:57,MEM,REMOVED, |  |  |  |  |  |  |  | 0
2026-07-09 10:03:57,MEM,REMOVED,"TEAM SALARY (Art, I §1 (nnn)): |  | 154549352.9 | 113280582.9 | 35082380 | 23042052 | 0 | 0 | 325954367.8"
2026-07-09 10:03:57,MEM,ADDED,"TEAM SALARY (Art, I §1 (nnn)): |  | 163549352.9 | 121830582.9 | 43632380 | 23042052 | 0 | 0 | 352054367.8"
2026-07-09 10:03:57,MEM,REMOVED,Players Under Contract |  | 134788782.9 | 93204422.88 | 17925740 | 0 | 0 | 0 | BOLD = Option Year
2026-07-09 10:03:57,MEM,REMOVED,"Full Season Contracts |  | 134788782.9 | 93204422.88 | 17925740 | 0 | 0 | 0 | *=Projected Exten,,"
2026-07-09 10:03:57,MEM,ADDED,Players Under Contract |  | 143788782.9 | 101754422.9 | 26475740 | 0 | 0 | 0 | BOLD = Option Year
2026-07-09 10:03:57,MEM,ADDED,"Full Season Contracts |  | 143788782.9 | 101754422.9 | 26475740 | 0 | 0 | 0 | *=Projected Exten,,"
2026-07-09 10:03:57,MEM,REMOVED,"Avg, Salary (Mean) (ALL Compensation Obligations) |  |  | Players Under Contract |  | 17"
2026-07-09 10:03:57,MEM,ADDED,"Avg, Salary (Mean) (ALL Compensation Obligations) |  |  | Players Under Contract |  | 18"
2026-07-09 10:04:58,MEM,ADDED,"Post, Quinten | 1 - FULL SEASON | 9000000.0 | 8550000.0 | 8550000.0 |  |  |  | 26100000"
2026-07-09 10:04:58,MEM,REMOVED,"Post, Quinten | 1 - FULL SEASON | 9000000.0 | 8550000.0 | 8550000.0 |  |  |  | 26100000"
2026-07-09 10:19:00,MIL,ADDED,"Nance, Pete | 1 - FULL SEASON | 2537526.0 | 2756912.0 |  |  |  |  | 5294438"
2026-07-09 10:19:00,MIL,REMOVED, |  |  |  |  |  |  |  | 0
2026-07-09 10:19:00,MIL,REMOVED,"TEAM SALARY (Art, I §1 (nnn)): |  | 195377248.5 | 91851644.23 | 85295148.2 | 55538317 | 0 | 0 | 428062357.9"
2026-07-09 10:19:00,MIL,ADDED,"TEAM SALARY (Art, I §1 (nnn)): |  | 197914774.5 | 94608556.23 | 85295148.2 | 55538317 | 0 | 0 | 433356795.9"
2026-07-09 10:19:00,MIL,REMOVED,Players Under Contract |  | 144833069.4 | 68668374.36 | 62778545 | 33021713.8 | 0 | 0 | BOLD = Option Year
2026-07-09 10:19:00,MIL,REMOVED,"Full Season Contracts |  | 144833069.4 | 68668374.36 | 62778545 | 33021713.8 | 0 | 0 | *=Projected Exten,,"
2026-07-09 10:19:00,MIL,ADDED,Players Under Contract |  | 147370595.4 | 71425286.36 | 62778545 | 33021713.8 | 0 | 0 | BOLD = Option Year
2026-07-09 10:19:00,MIL,ADDED,"Full Season Contracts |  | 147370595.4 | 71425286.36 | 62778545 | 33021713.8 | 0 | 0 | *=Projected Exten,,"
2026-07-09 10:19:00,MIL,REMOVED,"Avg, Salary (Mean) (ALL Compensation Obligations) |  |  | Players Under Contract |  | 14"
2026-07-09 10:19:00,MIL,REMOVED,"Avg, Salary (Mean) (No 10-Day K's) |  |  | Avaiable Spots |  | 1"
2026-07-09 10:19:00,MIL,ADDED,"Avg, Salary (Mean) (ALL Compensation Obligations) |  |  | Players Under Contract |  | 15"
2026-07-09 10:19:00,MIL,ADDED,"Avg, Salary (Mean) (No 10-Day K's) |  |  | Avaiable Spots |  | 0"
2026-07-09 10:19:57,MIL,ADDED,"Nance, Pete | 1 - FULL SEASON | 2537526.0 | 2756912.0 |  |  |  |  | 5294438"
2026-07-09 10:19:57,MIL,REMOVED,"Nance, Pete | 1 - FULL SEASON | 2537526.0 | 2756912.0 |  |  |  |  | 5294438"
2026-07-10 08:16:01,BOS,REMOVED,"Banton, Dalano | 1 - FULL SEASON | 2801346.0 |  |  |  |  |  | 2801346"
2026-07-10 08:16:01,BOS,REMOVED,"TEAM SALARY (Art, I §1 (nnn)): |  | 210792826 | 214682470.2 | 156745847 | 95656742.6 | 15500000 | 0 | 693377885.8"
2026-07-10 08:16:01,BOS,ADDED, |  |  |  |  |  |  |  | 0
2026-07-10 08:16:01,BOS,ADDED,"TEAM SALARY (Art, I §1 (nnn)): |  | 207991480 | 214682470.2 | 156745847 | 95656742.6 | 15500000 | 0 | 690576539.8"
2026-07-10 08:16:01,BOS,REMOVED,Players Under Contract |  | 201523752 | 214682470.2 | 156745847 | 95656742.6 | 15500000 | 0 | BOLD = Option Year
2026-07-10 08:16:01,BOS,REMOVED,"Full Season Contracts |  | 201523752 | 214682470.2 | 156745847 | 95656742.6 | 15500000 | 0 | *=Projected Exten,,"
2026-07-10 08:16:01,BOS,ADDED,Players Under Contract |  | 198722406 | 214682470.2 | 156745847 | 95656742.6 | 15500000 | 0 | BOLD = Option Year
2026-07-10 08:16:01,BOS,ADDED,"Full Season Contracts |  | 198722406 | 214682470.2 | 156745847 | 95656742.6 | 15500000 | 0 | *=Projected Exten,,"
2026-07-10 08:16:01,BOS,REMOVED,"Avg, Salary (Mean) (ALL Compensation Obligations) |  |  | Players Under Contract |  | 15"
2026-07-10 08:16:01,BOS,REMOVED,"Avg, Salary (Mean) (No 10-Day K's) |  |  | Avaiable Spots |  | 0"
2026-07-10 08:16:01,BOS,ADDED,"Avg, Salary (Mean) (ALL Compensation Obligations) |  |  | Players Under Contract |  | 14"
2026-07-10 08:16:01,BOS,ADDED,"Avg, Salary (Mean) (No 10-Day K's) |  |  | Avaiable Spots |  | 1"
2026-07-10 08:16:01,Luxury Tax Calculator,REMOVED,Luxury Tax | 0 | 13628752 | 0 | 0 | 0 | 0 | 0 | 15501723 | 0 | 0 | 3422264 | 15955511.6 | 0 | 0 | 0 | 10244835 | 0 | 2536082 | 435790.92 | 28067811 | 44106714 | 29970320.04 | 17700978.3 | 29009155.52 | 6712130.274 | 16311062 | 7935545.68 | 8767635.14 | 0 | 1576403.92
2026-07-10 08:16:01,Luxury Tax Calculator,ADDED,Luxury Tax | 0 | 10827406 | 0 | 0 | 0 | 0 | 0 | 15501723 | 0 | 0 | 3422264 | 15955511.6 | 0 | 0 | 0 | 10244835 | 0 | 2536082 | 435790.92 | 28067811 | 44106714 | 29970320.04 | 17700978.3 | 29009155.52 | 6712130.274 | 16311062 | 7935545.68 | 8767635.14 | 0 | 1576403.92
2026-07-10 08:16:01,Luxury Tax Calculator,REMOVED,2nd Incremental Tax Bracket | 0 | 18476250 | 0 | 0 | 0 | 0 | 0 | 18476250 | 0 | 0 | 0 | 7106250 | 0 | 0 | 0 | 5699793.75 | 0 | 0 | 0 | 7106250 | 7106250 | 7106250 | 7106250 | 18476250 | 1283912.843 | 7106250 | 2813182.1 | 3853293.925 | 0 | 0
2026-07-10 08:16:01,Luxury Tax Calculator,REMOVED,3rd Incremental Tax Bracket | 0 | 12423136 | 0 | 0 | 0 | 0 | 0 | 22724476.5 | 0 | 0 | 0 | 16049290.6 | 0 | 0 | 0 | 0 | 0 | 0 | 0 | 19897500 | 19897500 | 19897500 | 19897500 | 31267500 | 0 | 17293717 | 0 | 0 | 0 | 0
2026-07-10 08:16:01,Luxury Tax Calculator,ADDED,2nd Incremental Tax Bracket | 0 | 16712819.5 | 0 | 0 | 0 | 0 | 0 | 18476250 | 0 | 0 | 0 | 7106250 | 0 | 0 | 0 | 5699793.75 | 0 | 0 | 0 | 7106250 | 7106250 | 7106250 | 7106250 | 18476250 | 1283912.843 | 7106250 | 2813182.1 | 3853293.925 | 0 | 0
2026-07-10 08:16:01,Luxury Tax Calculator,ADDED,3rd Incremental Tax Bracket | 0 | 0 | 0 | 0 | 0 | 0 | 0 | 22724476.5 | 0 | 0 | 0 | 16049290.6 | 0 | 0 | 0 | 0 | 0 | 0 | 0 | 19897500 | 19897500 | 19897500 | 19897500 | 31267500 | 0 | 17293717 | 0 | 0 | 0 | 0
2026-07-10 08:16:01,Luxury Tax Calculator,REMOVED,Tax Liability | 0 | 47954386 | 0 | 0 | 0 | 0 | 0 | 58255726.5 | 0 | 0 | 3422264 | 28840540.6 | 0 | 0 | 0 | 11384793.75 | 0 | 2536082 | 435790.92 | 87663507.75 | 186862819.5 | 98424340.23 | 35757146.93 | 150915955.3 | 6968912.843 | 30084967 | 8498182.1 | 9538293.925 | 0 | 1576403.92
2026-07-10 08:16:01,Luxury Tax Calculator,ADDED,Tax Liability | 0 | 33767819.5 | 0 | 0 | 0 | 0 | 0 | 58255726.5 | 0 | 0 | 3422264 | 28840540.6 | 0 | 0 | 0 | 11384793.75 | 0 | 2536082 | 435790.92 | 87663507.75 | 186862819.5 | 98424340.23 | 35757146.93 | 150915955.3 | 6968912.843 | 30084967 | 8498182.1 | 9538293.925 | 0 | 1576403.92
2026-07-10 11:59:58,BKN,REMOVED,"Williams, Ziaire | 4 - CAP HOLD | 11875000.0 |  |  |  |  |  | 11875000"
2026-07-10 11:59:58,BKN,ADDED, |  |  |  |  |  |  |  | 0
2026-07-10 11:59:58,BKN,ADDED, |  |  |  |  |  |  |  | 0
2026-07-10 11:59:58,BKN,ADDED,"Jefferson, Joshua | 6 - DRAFT PICK | 2969520.0 | 3118560.0 | 3266880.0 | 5896718.4 |  |  | 15251678.4"
2026-07-10 11:59:58,BKN,REMOVED, |  |  |  |  |  |  |  | 0
2026-07-10 11:59:58,BKN,REMOVED, |  |  |  |  |  |  |  | 0
2026-07-10 11:59:58,BKN,REMOVED,"TEAM SALARY (Art, I §1 (nnn)): |  | 154549579.5 | 91561520 | 43145048 | 12256488 | 0 | 0 | 301512635.5"
2026-07-10 11:59:58,BKN,ADDED,"TEAM SALARY (Art, I §1 (nnn)): |  | 145644099.5 | 94680080 | 46411928 | 18153206.4 | 0 | 0 | 304889313.9"
2026-07-10 11:59:58,BKN,REMOVED,Cap Holds |  | 14324421 | 0 | 0 | 0 | 0 | 0
2026-07-10 11:59:58,BKN,ADDED,Cap Holds |  | 2449421 | 0 | 0 | 0 | 0 | 0
2026-07-10 11:59:58,BKN,REMOVED,Draft Picks |  | 0 | 0 | 0 | 0 | 0 | 0
2026-07-10 11:59:58,BKN,ADDED,Draft Picks |  | 2969520 | 3118560 | 3266880 | 5896718.4 | 0 | 0
2026-07-10 11:59:58,BKN,REMOVED, |  |  | Cap Holds |  | 2
2026-07-10 11:59:58,BKN,ADDED, |  |  | Cap Holds |  | 1
2026-07-10 11:59:58,CHI,REMOVED,"Sexton, Collin | 4 - CAP HOLD | 28762500.0 |  |  |  |  |  | 28762500"
2026-07-10 11:59:58,CHI,REMOVED,"Richards, Nick | 4 - CAP HOLD | 9500000.0 |  |  |  |  |  | 9500000"
2026-07-10 11:59:58,CHI,REMOVED,"Yabusele, Guerschon | 4 - CAP HOLD | 6600000.0 |  |  |  |  |  | 6600000"
2026-07-10 11:59:58,CHI,REMOVED,"Horton-Tucker, Talen | 4 - CAP HOLD | 2449421.0 |  |  |  |  |  | 2449421"
2026-07-10 11:59:58,CHI,REMOVED,"Thomas, Matt | 4 - CAP HOLD | 2449421.0 |  |  |  |  |  | 2449421"
2026-07-10 11:59:58,CHI,REMOVED,"Jefferson, Joshua | 6 - DRAFT PICK | 2969520.0 | 3118560.0 | 3266880.0 | 5896718.4 |  |  | 15251678.4"
2026-07-10 11:59:58,CHI,ADDED, |  |  |  |  |  |  |  | 0
2026-07-10 11:59:58,CHI,ADDED, |  |  |  |  |  |  |  | 0
2026-07-10 11:59:58,CHI,ADDED, |  |  |  |  |  |  |  | 0
2026-07-10 11:59:58,CHI,ADDED, |  |  |  |  |  |  |  | 0
2026-07-10 11:59:58,CHI,ADDED, |  |  |  |  |  |  |  | 0
2026-07-10 11:59:58,CHI,ADDED,"Claxton, Nicolas | 1 - FULL SEASON | 23320738.0 | 21099720.0 |  |  |  |  | 44420458"
2026-07-10 11:59:58,CHI,REMOVED,"TEAM SALARY (Art, I §1 (nnn)): |  | 173322081 | 101370537.8 | 71711583 | 29136526.56 | 0 | 0 | 375540728.3"
2026-07-10 11:59:58,CHI,ADDED,"TEAM SALARY (Art, I §1 (nnn)): |  | 143911957 | 119351697.8 | 68444703 | 23239808.16 | 0 | 0 | 354948165.9"
2026-07-10 11:59:58,CHI,REMOVED,Players Under Contract |  | 119515760 | 98251977.76 | 68444703 | 23239808.16 | 0 | 0 | BOLD = Option Year
2026-07-10 11:59:58,CHI,REMOVED,"Full Season Contracts |  | 119515760 | 98251977.76 | 68444703 | 23239808.16 | 0 | 0 | *=Projected Exten,,"
2026-07-10 11:59:58,CHI,ADDED,Players Under Contract |  | 142836498 | 119351697.8 | 68444703 | 23239808.16 | 0 | 0 | BOLD = Option Year
2026-07-10 11:59:58,CHI,ADDED,"Full Season Contracts |  | 142836498 | 119351697.8 | 68444703 | 23239808.16 | 0 | 0 | *=Projected Exten,,"
2026-07-10 11:59:58,CHI,REMOVED,Cap Holds |  | 49761342 | 0 | 0 | 0 | 0 | 0
2026-07-10 11:59:58,CHI,ADDED,Cap Holds |  | 0 | 0 | 0 | 0 | 0 | 0
2026-07-10 11:59:58,CHI,REMOVED,Draft Picks |  | 2969520 | 3118560 | 3266880 | 5896718.4 | 0 | 0
2026-07-10 11:59:58,CHI,ADDED,Draft Picks |  | 0 | 0 | 0 | 0 | 0 | 0
2026-07-10 11:59:58,CHI,REMOVED,"Avg, Salary (Mean) (ALL Compensation Obligations) |  |  | Players Under Contract |  | 13"
2026-07-10 11:59:58,CHI,REMOVED,"Avg, Salary (Mean) (No 10-Day K's) |  |  | Avaiable Spots |  | 2"
2026-07-10 11:59:58,CHI,ADDED,"Avg, Salary (Mean) (ALL Compensation Obligations) |  |  | Players Under Contract |  | 14"
2026-07-10 11:59:58,CHI,ADDED,"Avg, Salary (Mean) (No 10-Day K's) |  |  | Avaiable Spots |  | 1"
2026-07-10 11:59:58,CHI,REMOVED, |  |  | Cap Holds |  | 5
2026-07-10 11:59:58,CHI,ADDED, |  |  | Cap Holds |  | 0
2026-07-10 12:00:57,BKN,REMOVED,"Claxton, Nicolas | 1 - FULL SEASON | 23320738.0 | 21099720.0 |  |  |  |  | 44420458"
2026-07-10 12:00:57,BKN,ADDED,"Randle, Julius | 1 - FULL SEASON | 33333334.0 | 35802468.0 |  |  |  |  | 69135802"
2026-07-10 12:00:57,BKN,REMOVED, |  |  |  |  |  |  |  | 0
2026-07-10 12:00:57,BKN,REMOVED, |  |  |  |  |  |  |  | 0
2026-07-10 12:00:57,BKN,REMOVED,"TEAM SALARY (Art, I §1 (nnn)): |  | 145644099.5 | 94680080 | 46411928 | 18153206.4 | 0 | 0 | 304889313.9"
2026-07-10 12:00:57,BKN,ADDED, |  |  |  |  |  |  |  | 0
2026-07-10 12:00:57,BKN,ADDED, |  |  |  |  |  |  |  | 0
2026-07-10 12:00:57,BKN,ADDED,"TEAM SALARY (Art, I §1 (nnn)): |  | 155656695.5 | 109382828 | 46411928 | 18153206.4 | 0 | 0 | 329604657.9"
2026-07-10 12:00:57,BKN,REMOVED,Players Under Contract |  | 140225158.5 | 91561520 | 43145048 | 12256488 | 0 | 0 | BOLD = Option Year
2026-07-10 12:00:57,BKN,REMOVED,"Full Season Contracts |  | 140225158.5 | 91561520 | 43145048 | 12256488 | 0 | 0 | *=Projected Exten,,"
2026-07-10 12:00:57,BKN,ADDED,Players Under Contract |  | 150237754.5 | 106264268 | 43145048 | 12256488 | 0 | 0 | BOLD = Option Year
2026-07-10 12:00:57,BKN,ADDED,"Full Season Contracts |  | 150237754.5 | 106264268 | 43145048 | 12256488 | 0 | 0 | *=Projected Exten,,"
2026-07-10 12:00:57,CHI,ADDED,"Claxton, Nicolas | 1 - FULL SEASON | 23320738.0 | 21099720.0 |  |  |  |  | 44420458"
2026-07-10 12:00:57,CHI,REMOVED,"Claxton, Nicolas | 1 - FULL SEASON | 23320738.0 | 21099720.0 |  |  |  |  | 44420458"
2026-07-10 12:00:57,MIN,REMOVED,"Randle, Julius | 1 - FULL SEASON | 33333334.0 | 35802468.0 |  |  |  |  | 69135802"
2026-07-10 12:00:57,MIN,REMOVED,"TEAM SALARY (Art, I §1 (nnn)): |  | 255792996 | 188783460.6 | 119308939 | 28448276 | 0 | 0 | 592333671.6"
2026-07-10 12:00:57,MIN,ADDED, |  |  |  |  |  |  |  | 0
2026-07-10 12:00:57,MIN,ADDED,"TEAM SALARY (Art, I §1 (nnn)): |  | 222459662 | 152980992.6 | 119308939 | 28448276 | 0 | 0 | 523197869.6"
2026-07-10 12:00:57,MIN,REMOVED,Players Under Contract |  | 190431082 | 188783460.6 | 119308939 | 28448276 | 0 | 0 | BOLD = Option Year
2026-07-10 12:00:57,MIN,REMOVED,"Full Season Contracts |  | 190431082 | 188783460.6 | 119308939 | 28448276 | 0 | 0 | *=Projected Exten,,"
2026-07-10 12:00:57,MIN,ADDED,Players Under Contract |  | 157097748 | 152980992.6 | 119308939 | 28448276 | 0 | 0 | BOLD = Option Year
2026-07-10 12:00:57,MIN,ADDED,"Full Season Contracts |  | 157097748 | 152980992.6 | 119308939 | 28448276 | 0 | 0 | *=Projected Exten,,"
2026-07-10 12:00:57,MIN,REMOVED,"Avg, Salary (Mean) (ALL Compensation Obligations) |  |  | Players Under Contract |  | 9"
2026-07-10 12:00:57,MIN,REMOVED,"Avg, Salary (Mean) (No 10-Day K's) |  |  | Avaiable Spots |  | 6"
2026-07-10 12:00:57,MIN,REMOVED,"Avg, Salary (Mean) (No 10-Day K's & ROS) |  |  | Players to Reach Roster Min, |  | 4"
2026-07-10 12:00:57,MIN,ADDED,"Avg, Salary (Mean) (ALL Compensation Obligations) |  |  | Players Under Contract |  | 8"
2026-07-10 12:00:57,MIN,ADDED,"Avg, Salary (Mean) (No 10-Day K's) |  |  | Avaiable Spots |  | 7"
2026-07-10 12:00:57,MIN,ADDED,"Avg, Salary (Mean) (No 10-Day K's & ROS) |  |  | Players to Reach Roster Min, |  | 5"
2026-07-10 12:00:57,Luxury Tax Calculator,REMOVED,Luxury Tax | 0 | 10827406 | 0 | 0 | 0 | 0 | 0 | 15501723 | 0 | 0 | 3422264 | 15955511.6 | 0 | 0 | 0 | 10244835 | 0 | 2536082 | 435790.92 | 28067811 | 44106714 | 29970320.04 | 17700978.3 | 29009155.52 | 6712130.274 | 16311062 | 7935545.68 | 8767635.14 | 0 | 1576403.92
2026-07-10 12:00:57,Luxury Tax Calculator,REMOVED,1st Incremental Tax Bracket | 0 | 17055000 | 0 | 0 | 0 | 0 | 0 | 17055000 | 0 | 0 | 3422264 | 5685000 | 0 | 0 | 0 | 5685000 | 0 | 2536082 | 435790.92 | 5685000 | 5685000 | 5685000 | 5685000 | 17055000 | 5685000 | 5685000 | 5685000 | 5685000 | 0 | 1576403.92
2026-07-10 12:00:57,Luxury Tax Calculator,ADDED,Luxury Tax | 0 | 10827406 | 0 | 0 | 0 | 0 | 0 | 15501723 | 0 | 0 | 3422264 | 15955511.6 | 0 | 0 | 0 | 10244835 | 0 | 0 | 435790.92 | 28067811 | 44106714 | 29970320.04 | 17700978.3 | 29009155.52 | 6712130.274 | 16311062 | 7935545.68 | 8767635.14 | 0 | 1576403.92
2026-07-10 12:00:57,Luxury Tax Calculator,ADDED,1st Incremental Tax Bracket | 0 | 17055000 | 0 | 0 | 0 | 0 | 0 | 17055000 | 0 | 0 | 3422264 | 5685000 | 0 | 0 | 0 | 5685000 | 0 | 0 | 435790.92 | 5685000 | 5685000 | 5685000 | 5685000 | 17055000 | 5685000 | 5685000 | 5685000 | 5685000 | 0 | 1576403.92
2026-07-10 12:00:57,Luxury Tax Calculator,REMOVED,Tax Liability | 0 | 33767819.5 | 0 | 0 | 0 | 0 | 0 | 58255726.5 | 0 | 0 | 3422264 | 28840540.6 | 0 | 0 | 0 | 11384793.75 | 0 | 2536082 | 435790.92 | 87663507.75 | 186862819.5 | 98424340.23 | 35757146.93 | 150915955.3 | 6968912.843 | 30084967 | 8498182.1 | 9538293.925 | 0 | 1576403.92
2026-07-10 12:00:57,Luxury Tax Calculator,ADDED,Tax Liability | 0 | 33767819.5 | 0 | 0 | 0 | 0 | 0 | 58255726.5 | 0 | 0 | 3422264 | 28840540.6 | 0 | 0 | 0 | 11384793.75 | 0 | 0 | 435790.92 | 87663507.75 | 186862819.5 | 98424340.23 | 35757146.93 | 150915955.3 | 6968912.843 | 30084967 | 8498182.1 | 9538293.925 | 0 | 1576403.92
2026-07-10 12:01:58,MIN,ADDED,"Gueye, Mouhamadou | 1 - FULL SEASON | 2411090.0 |  |  |  |  |  | 2411090"
2026-07-10 12:01:58,MIN,ADDED, |  |  |  |  |  |  |  | 0
2026-07-10 12:01:58,MIN,ADDED, |  |  |  |  |  |  |  | 0
2026-07-10 12:01:58,MIN,ADDED,"Gueye, Mouhamadou | 1 - FULL SEASON | 2411090.0 |  |  |  |  |  | 2411090"
2026-07-10 12:01:58,MIN,REMOVED, |  |  |  |  |  |  |  | 0
2026-07-10 12:01:58,MIN,REMOVED, |  |  |  |  |  |  |  | 0
2026-07-10 12:01:58,MIN,REMOVED, |  |  |  |  |  |  |  | 0
2026-07-10 12:01:58,MIN,REMOVED, |  |  |  |  |  |  |  | 0
2026-07-10 12:01:58,MIN,REMOVED,"TEAM SALARY (Art, I §1 (nnn)): |  | 222459662 | 152980992.6 | 119308939 | 28448276 | 0 | 0 | 523197869.6"
2026-07-10 12:01:58,MIN,ADDED,"TEAM SALARY (Art, I §1 (nnn)): |  | 227281842 | 152980992.6 | 119308939 | 28448276 | 0 | 0 | 528020049.6"
2026-07-10 12:01:58,MIN,REMOVED,Players Under Contract |  | 157097748 | 152980992.6 | 119308939 | 28448276 | 0 | 0 | BOLD = Option Year
2026-07-10 12:01:58,MIN,REMOVED,"Full Season Contracts |  | 157097748 | 152980992.6 | 119308939 | 28448276 | 0 | 0 | *=Projected Exten,,"
2026-07-10 12:01:58,MIN,ADDED,Players Under Contract |  | 161919928 | 152980992.6 | 119308939 | 28448276 | 0 | 0 | BOLD = Option Year
2026-07-10 12:01:58,MIN,ADDED,"Full Season Contracts |  | 161919928 | 152980992.6 | 119308939 | 28448276 | 0 | 0 | *=Projected Exten,,"
2026-07-10 12:01:58,MIN,REMOVED,"Avg, Salary (Mean) (ALL Compensation Obligations) |  |  | Players Under Contract |  | 8"
2026-07-10 12:01:58,MIN,REMOVED,"Avg, Salary (Mean) (No 10-Day K's) |  |  | Avaiable Spots |  | 7"
2026-07-10 12:01:58,MIN,REMOVED,"Avg, Salary (Mean) (No 10-Day K's & ROS) |  |  | Players to Reach Roster Min, |  | 5"
2026-07-10 12:01:58,MIN,ADDED,"Avg, Salary (Mean) (ALL Compensation Obligations) |  |  | Players Under Contract |  | 10"
2026-07-10 12:01:58,MIN,ADDED,"Avg, Salary (Mean) (No 10-Day K's) |  |  | Avaiable Spots |  | 5"
2026-07-10 12:01:58,MIN,ADDED,"Avg, Salary (Mean) (No 10-Day K's & ROS) |  |  | Players to Reach Roster Min, |  | 3"
2026-07-10 12:02:57,CHI,REMOVED,"Gueye, Mouhamadou | 1 - FULL SEASON | 2411090.0 |  |  |  |  |  | 2411090"
2026-07-10 12:02:57,CHI,REMOVED,"TEAM SALARY (Art, I §1 (nnn)): |  | 143911957 | 119351697.8 | 68444703 | 23239808.16 | 0 | 0 | 354948165.9"
2026-07-10 12:02:57,CHI,ADDED, |  |  |  |  |  |  |  | 0
2026-07-10 12:02:57,CHI,ADDED,"TEAM SALARY (Art, I §1 (nnn)): |  | 141500867 | 119351697.8 | 68444703 | 23239808.16 | 0 | 0 | 352537075.9"
2026-07-10 12:02:57,CHI,REMOVED,Players Under Contract |  | 142836498 | 119351697.8 | 68444703 | 23239808.16 | 0 | 0 | BOLD = Option Year
2026-07-10 12:02:57,CHI,REMOVED,"Full Season Contracts |  | 142836498 | 119351697.8 | 68444703 | 23239808.16 | 0 | 0 | *=Projected Exten,,"
2026-07-10 12:02:57,CHI,ADDED,Players Under Contract |  | 140425408 | 119351697.8 | 68444703 | 23239808.16 | 0 | 0 | BOLD = Option Year
2026-07-10 12:02:57,CHI,ADDED,"Full Season Contracts |  | 140425408 | 119351697.8 | 68444703 | 23239808.16 | 0 | 0 | *=Projected Exten,,"
2026-07-10 12:02:57,CHI,REMOVED,"Avg, Salary (Mean) (ALL Compensation Obligations) |  |  | Players Under Contract |  | 14"
2026-07-10 12:02:57,CHI,REMOVED,"Avg, Salary (Mean) (No 10-Day K's) |  |  | Avaiable Spots |  | 1"
2026-07-10 12:02:57,CHI,ADDED,"Avg, Salary (Mean) (ALL Compensation Obligations) |  |  | Players Under Contract |  | 13"
2026-07-10 12:02:57,CHI,ADDED,"Avg, Salary (Mean) (No 10-Day K's) |  |  | Avaiable Spots |  | 2"
2026-07-10 12:02:57,MIN,REMOVED,"Gueye, Mouhamadou | 1 - FULL SEASON | 2411090.0 |  |  |  |  |  | 2411090"
2026-07-10 12:02:57,MIN,REMOVED,"TEAM SALARY (Art, I §1 (nnn)): |  | 227281842 | 152980992.6 | 119308939 | 28448276 | 0 | 0 | 528020049.6"
2026-07-10 12:02:57,MIN,ADDED, |  |  |  |  |  |  |  | 0
2026-07-10 12:02:57,MIN,ADDED,"TEAM SALARY (Art, I §1 (nnn)): |  | 224870752 | 152980992.6 | 119308939 | 28448276 | 0 | 0 | 525608959.6"
2026-07-10 12:02:57,MIN,REMOVED,Players Under Contract |  | 161919928 | 152980992.6 | 119308939 | 28448276 | 0 | 0 | BOLD = Option Year
2026-07-10 12:02:57,MIN,REMOVED,"Full Season Contracts |  | 161919928 | 152980992.6 | 119308939 | 28448276 | 0 | 0 | *=Projected Exten,,"
2026-07-10 12:02:57,MIN,ADDED,Players Under Contract |  | 159508838 | 152980992.6 | 119308939 | 28448276 | 0 | 0 | BOLD = Option Year
2026-07-10 12:02:57,MIN,ADDED,"Full Season Contracts |  | 159508838 | 152980992.6 | 119308939 | 28448276 | 0 | 0 | *=Projected Exten,,"
2026-07-10 12:02:57,MIN,REMOVED,"Avg, Salary (Mean) (ALL Compensation Obligations) |  |  | Players Under Contract |  | 10"
2026-07-10 12:02:57,MIN,REMOVED,"Avg, Salary (Mean) (No 10-Day K's) |  |  | Avaiable Spots |  | 5"
2026-07-10 12:02:57,MIN,REMOVED,"Avg, Salary (Mean) (No 10-Day K's & ROS) |  |  | Players to Reach Roster Min, |  | 3"
2026-07-10 12:02:57,MIN,ADDED,"Avg, Salary (Mean) (ALL Compensation Obligations) |  |  | Players Under Contract |  | 9"
2026-07-10 12:02:57,MIN,ADDED,"Avg, Salary (Mean) (No 10-Day K's) |  |  | Avaiable Spots |  | 6"
2026-07-10 12:02:57,MIN,ADDED,"Avg, Salary (Mean) (No 10-Day K's & ROS) |  |  | Players to Reach Roster Min, |  | 4"
2026-07-10 14:04:57,BKN,REMOVED,"Smith, Malachi | 1 - FULL SEASON | 2150917.0 |  |  |  |  |  | 2150917"
2026-07-10 14:04:57,BKN,REMOVED,"TEAM SALARY (Art, I §1 (nnn)): |  | 155656695.5 | 109382828 | 46411928 | 18153206.4 | 0 | 0 | 329604657.9"
2026-07-10 14:04:57,BKN,ADDED, |  |  |  |  |  |  |  | 0
2026-07-10 14:04:57,BKN,ADDED,"TEAM SALARY (Art, I §1 (nnn)): |  | 153505778.5 | 109382828 | 46411928 | 18153206.4 | 0 | 0 | 327453740.9"
2026-07-10 14:04:57,BKN,REMOVED,Players Under Contract |  | 150237754.5 | 106264268 | 43145048 | 12256488 | 0 | 0 | BOLD = Option Year
2026-07-10 14:04:57,BKN,REMOVED,"Full Season Contracts |  | 150237754.5 | 106264268 | 43145048 | 12256488 | 0 | 0 | *=Projected Exten,,"
2026-07-10 14:04:57,BKN,ADDED,Players Under Contract |  | 148086837.5 | 106264268 | 43145048 | 12256488 | 0 | 0 | BOLD = Option Year
2026-07-10 14:04:57,BKN,ADDED,"Full Season Contracts |  | 148086837.5 | 106264268 | 43145048 | 12256488 | 0 | 0 | *=Projected Exten,,"
2026-07-10 14:04:57,BKN,REMOVED,"Avg, Salary (Mean) (ALL Compensation Obligations) |  |  | Players Under Contract |  | 14"
2026-07-10 14:04:57,BKN,REMOVED,"Avg, Salary (Mean) (No 10-Day K's) |  |  | Avaiable Spots |  | 1"
2026-07-10 14:04:57,BKN,ADDED,"Avg, Salary (Mean) (ALL Compensation Obligations) |  |  | Players Under Contract |  | 13"
2026-07-10 14:04:57,BKN,ADDED,"Avg, Salary (Mean) (No 10-Day K's) |  |  | Avaiable Spots |  | 2"
2026-07-11 09:34:13,CHA,REMOVED,"Ball, LaMelo | 1 - FULL SEASON | 40770520.0 | 43582280.0 | 46394040.0 |  |  |  | 130746840"
2026-07-11 09:34:13,CHA,REMOVED,"Bridges, Miles | 1 - FULL SEASON | 22826087.0 |  |  |  |  |  | 22826087"
2026-07-11 09:34:13,CHA,ADDED,"Reid, Naz | 1 - FULL SEASON | 23275862.0 | 25000000.0 | 26724138.0 | 28448276.0 |  |  | 103448276"
2026-07-11 09:34:13,CHA,ADDED,"Allen, Grayson | 1 - FULL SEASON | 18125000.0 | 19375000.0 |  |  |  |  | 37500000"
2026-07-11 09:34:13,CHA,ADDED,"Finney-Smith, Dorian | 1 - FULL SEASON | 13335000.0 | 13335000.0 | 13335000.0 |  |  |  | 40005000"
2026-07-11 09:34:13,CHA,ADDED,"O'Neale, Royce | 1 - FULL SEASON | 10875000.0 | 11625000.0 |  |  |  |  | 22500000"
2026-07-11 09:34:13,CHA,REMOVED, |  |  |  |  |  |  |  | 0
2026-07-11 09:34:13,CHA,REMOVED, |  |  |  |  |  |  |  | 0
2026-07-11 09:34:13,CHA,REMOVED,"TEAM SALARY (Art, I §1 (nnn)): |  | 187147711.6 | 115762820.8 | 104245447 | 15718625.52 | 0 | 0 | 422874605"
2026-07-11 09:34:13,CHA,ADDED,"TEAM SALARY (Art, I §1 (nnn)): |  | 189161966.6 | 141515540.8 | 97910545 | 44166901.52 | 0 | 0 | 472754954"
2026-07-11 09:34:13,CHA,REMOVED,Players Under Contract |  | 184698290.6 | 115762820.8 | 104245447 | 15718625.52 | 0 | 0 | BOLD = Option Year
2026-07-11 09:34:13,CHA,REMOVED,"Full Season Contracts |  | 184698290.6 | 115762820.8 | 104245447 | 15718625.52 | 0 | 0 | *=Projected Exten,,"
2026-07-11 09:34:13,CHA,ADDED,Players Under Contract |  | 186712545.6 | 141515540.8 | 97910545 | 44166901.52 | 0 | 0 | BOLD = Option Year
2026-07-11 09:34:13,CHA,ADDED,"Full Season Contracts |  | 186712545.6 | 141515540.8 | 97910545 | 44166901.52 | 0 | 0 | *=Projected Exten,,"
2026-07-11 09:34:13,CHA,REMOVED,"Avg, Salary (Mean) (ALL Compensation Obligations) |  |  | Players Under Contract |  | 16"
2026-07-11 09:34:13,CHA,ADDED,"Avg, Salary (Mean) (ALL Compensation Obligations) |  |  | Players Under Contract |  | 18"
2026-07-11 09:34:13,HOU,REMOVED,"Finney-Smith, Dorian | 1 - FULL SEASON | 13335000.0 | 13335000.0 | 13335000.0 |  |  |  | 40005000"
2026-07-11 09:34:13,HOU,REMOVED,"TEAM SALARY (Art, I §1 (nnn)): |  | 225226203.3 | 154099511.3 | 78709471 | 67489732 | 27426355 | 0 | 552951272.6"
2026-07-11 09:34:13,HOU,ADDED, |  |  |  |  |  |  |  | 0
2026-07-11 09:34:13,HOU,ADDED,"TEAM SALARY (Art, I §1 (nnn)): |  | 211891203.3 | 140764511.3 | 65374471 | 67489732 | 27426355 | 0 | 512946272.6"
2026-07-11 09:34:13,HOU,REMOVED,Players Under Contract |  | 191317264 | 154099511.3 | 78709471 | 67489732 | 27426355 | 0 | BOLD = Option Year
2026-07-11 09:34:13,HOU,REMOVED,"Full Season Contracts |  | 191317264 | 154099511.3 | 78709471 | 67489732 | 27426355 | 0 | *=Projected Exten,,"
2026-07-11 09:34:13,HOU,ADDED,Players Under Contract |  | 177982264 | 140764511.3 | 65374471 | 67489732 | 27426355 | 0 | BOLD = Option Year
2026-07-11 09:34:13,HOU,ADDED,"Full Season Contracts |  | 177982264 | 140764511.3 | 65374471 | 67489732 | 27426355 | 0 | *=Projected Exten,,"
2026-07-11 09:34:13,HOU,REMOVED,"Avg, Salary (Mean) (ALL Compensation Obligations) |  |  | Players Under Contract |  | 12"
2026-07-11 09:34:13,HOU,REMOVED,"Avg, Salary (Mean) (No 10-Day K's) |  |  | Avaiable Spots |  | 3"
2026-07-11 09:34:13,HOU,REMOVED,"Avg, Salary (Mean) (No 10-Day K's & ROS) |  |  | Players to Reach Roster Min, |  | 1"
2026-07-11 09:34:13,HOU,ADDED,"Avg, Salary (Mean) (ALL Compensation Obligations) |  |  | Players Under Contract |  | 11"
2026-07-11 09:34:13,HOU,ADDED,"Avg, Salary (Mean) (No 10-Day K's) |  |  | Avaiable Spots |  | 4"
2026-07-11 09:34:13,HOU,ADDED,"Avg, Salary (Mean) (No 10-Day K's & ROS) |  |  | Players to Reach Roster Min, |  | 2"
2026-07-11 09:34:13,MIN,ADDED,"Ball, LaMelo | 1 - FULL SEASON | 40770520.0 | 43582280.0 | 46394040.0 |  |  |  | 130746840"
2026-07-11 09:34:13,MIN,REMOVED,"Reid, Naz | 1 - FULL SEASON | 23275862.0 | 25000000.0 | 26724138.0 | 28448276.0 |  |  | 103448276"
2026-07-11 09:34:13,MIN,REMOVED,"TEAM SALARY (Art, I §1 (nnn)): |  | 224870752 | 152980992.6 | 119308939 | 28448276 | 0 | 0 | 525608959.6"
2026-07-11 09:34:13,MIN,ADDED,"TEAM SALARY (Art, I §1 (nnn)): |  | 242365410 | 171563272.6 | 138978841 | 0 | 0 | 0 | 552907523.6"
2026-07-11 09:34:13,MIN,REMOVED,Players Under Contract |  | 159508838 | 152980992.6 | 119308939 | 28448276 | 0 | 0 | BOLD = Option Year
2026-07-11 09:34:13,MIN,REMOVED,"Full Season Contracts |  | 159508838 | 152980992.6 | 119308939 | 28448276 | 0 | 0 | *=Projected Exten,,"
2026-07-11 09:34:13,MIN,ADDED,Players Under Contract |  | 177003496 | 171563272.6 | 138978841 | 0 | 0 | 0 | BOLD = Option Year
2026-07-11 09:34:13,MIN,ADDED,"Full Season Contracts |  | 177003496 | 171563272.6 | 138978841 | 0 | 0 | 0 | *=Projected Exten,,"
2026-07-11 09:34:13,PHX,ADDED,"Bridges, Miles | 1 - FULL SEASON | 22826087.0 |  |  |  |  |  | 22826087"
2026-07-11 09:34:13,PHX,REMOVED,"Allen, Grayson | 1 - FULL SEASON | 18125000.0 | 19375000.0 |  |  |  |  | 37500000"
2026-07-11 09:34:13,PHX,REMOVED,"O'Neale, Royce | 1 - FULL SEASON | 10875000.0 | 11625000.0 |  |  |  |  | 22500000"
2026-07-11 09:34:13,PHX,REMOVED,"TEAM SALARY (Art, I §1 (nnn)): |  | 240341145.5 | 200805463.1 | 141760852.9 | 119393367.1 | 3107142.857 | 0 | 705407971.4"
2026-07-11 09:34:13,PHX,ADDED, |  |  |  |  |  |  |  | 0
2026-07-11 09:34:13,PHX,ADDED,"TEAM SALARY (Art, I §1 (nnn)): |  | 234167232.5 | 169805463.1 | 141760852.9 | 119393367.1 | 3107142.857 | 0 | 668234058.4"
2026-07-11 09:34:13,PHX,REMOVED,Players Under Contract |  | 193707105 | 178315310.2 | 119270700 | 96903214.2 | 0 | 0 | BOLD = Option Year
2026-07-11 09:34:13,PHX,REMOVED,"Full Season Contracts |  | 193707105 | 178315310.2 | 119270700 | 96903214.2 | 0 | 0 | *=Projected Exten,,"
2026-07-11 09:34:13,PHX,ADDED,Players Under Contract |  | 187533192 | 147315310.2 | 119270700 | 96903214.2 | 0 | 0 | BOLD = Option Year
2026-07-11 09:34:13,PHX,ADDED,"Full Season Contracts |  | 187533192 | 147315310.2 | 119270700 | 96903214.2 | 0 | 0 | *=Projected Exten,,"
2026-07-11 09:34:13,PHX,REMOVED,"Avg, Salary (Mean) (ALL Compensation Obligations) |  |  | Players Under Contract |  | 15"
2026-07-11 09:34:13,PHX,REMOVED,"Avg, Salary (Mean) (No 10-Day K's) |  |  | Avaiable Spots |  | 0"
2026-07-11 09:34:13,PHX,ADDED,"Avg, Salary (Mean) (ALL Compensation Obligations) |  |  | Players Under Contract |  | 14"
2026-07-11 09:34:13,PHX,ADDED,"Avg, Salary (Mean) (No 10-Day K's) |  |  | Avaiable Spots |  | 1"
2026-07-11 09:34:13,Luxury Tax Calculator,REMOVED,Luxury Tax | 0 | 10827406 | 0 | 0 | 0 | 0 | 0 | 15501723 | 0 | 0 | 3422264 | 15955511.6 | 0 | 0 | 0 | 10244835 | 0 | 0 | 435790.92 | 28067811 | 44106714 | 29970320.04 | 17700978.3 | 29009155.52 | 6712130.274 | 16311062 | 7935545.68 | 8767635.14 | 0 | 1576403.92
2026-07-11 09:34:13,Luxury Tax Calculator,REMOVED,1st Incremental Tax Bracket | 0 | 17055000 | 0 | 0 | 0 | 0 | 0 | 17055000 | 0 | 0 | 3422264 | 5685000 | 0 | 0 | 0 | 5685000 | 0 | 0 | 435790.92 | 5685000 | 5685000 | 5685000 | 5685000 | 17055000 | 5685000 | 5685000 | 5685000 | 5685000 | 0 | 1576403.92
2026-07-11 09:34:13,Luxury Tax Calculator,ADDED,Luxury Tax | 0 | 10827406 | 0 | 0 | 0 | 0 | 0 | 15501723 | 0 | 0 | 0 | 15955511.6 | 0 | 0 | 0 | 10244835 | 0 | 0 | 435790.92 | 28067811 | 44106714 | 29970320.04 | 17700978.3 | 22835242.52 | 6712130.274 | 16311062 | 7935545.68 | 8767635.14 | 0 | 1576403.92
2026-07-11 09:34:13,Luxury Tax Calculator,ADDED,1st Incremental Tax Bracket | 0 | 17055000 | 0 | 0 | 0 | 0 | 0 | 17055000 | 0 | 0 | 0 | 5685000 | 0 | 0 | 0 | 5685000 | 0 | 0 | 435790.92 | 5685000 | 5685000 | 5685000 | 5685000 | 17055000 | 5685000 | 5685000 | 5685000 | 5685000 | 0 | 1576403.92
2026-07-11 09:34:13,Luxury Tax Calculator,REMOVED,5th Incremental Tax Bracket | 0 | 0 | 0 | 0 | 0 | 0 | 0 | 0 | 0 | 0 | 0 | 0 | 0 | 0 | 0 | 0 | 0 | 0 | 0 | 27971007.75 | 29846250 | 29846250 | 0 | 41216250 | 0 | 0 | 0 | 0 | 0 | 0
2026-07-11 09:34:13,Luxury Tax Calculator,REMOVED,6th Incremental Tax Bracket | 0 | 0 | 0 | 0 | 0 | 0 | 0 | 0 | 0 | 0 | 0 | 0 | 0 | 0 | 0 | 0 | 0 | 0 | 0 | 0 | 32688750 | 8885590.23 | 0 | 4527205.31 | 0 | 0 | 0 | 0 | 0 | 0
2026-07-11 09:34:13,Luxury Tax Calculator,ADDED,5th Incremental Tax Bracket | 0 | 0 | 0 | 0 | 0 | 0 | 0 | 0 | 0 | 0 | 0 | 0 | 0 | 0 | 0 | 0 | 0 | 0 | 0 | 27971007.75 | 29846250 | 29846250 | 0 | 690508.2976 | 0 | 0 | 0 | 0 | 0 | 0
2026-07-11 09:34:13,Luxury Tax Calculator,ADDED,6th Incremental Tax Bracket | 0 | 0 | 0 | 0 | 0 | 0 | 0 | 0 | 0 | 0 | 0 | 0 | 0 | 0 | 0 | 0 | 0 | 0 | 0 | 0 | 32688750 | 8885590.23 | 0 | 0 | 0 | 0 | 0 | 0 | 0 | 0
2026-07-11 09:34:13,Luxury Tax Calculator,REMOVED,Tax Liability | 0 | 33767819.5 | 0 | 0 | 0 | 0 | 0 | 58255726.5 | 0 | 0 | 3422264 | 28840540.6 | 0 | 0 | 0 | 11384793.75 | 0 | 0 | 435790.92 | 87663507.75 | 186862819.5 | 98424340.23 | 35757146.93 | 150915955.3 | 6968912.843 | 30084967 | 8498182.1 | 9538293.925 | 0 | 1576403.92
2026-07-11 09:34:13,Luxury Tax Calculator,ADDED,Tax Liability | 0 | 33767819.5 | 0 | 0 | 0 | 0 | 0 | 58255726.5 | 0 | 0 | 0 | 28840540.6 | 0 | 0 | 0 | 11384793.75 | 0 | 0 | 435790.92 | 87663507.75 | 186862819.5 | 98424340.23 | 35757146.93 | 105863008.3 | 6968912.843 | 30084967 | 8498182.1 | 9538293.925 | 0 | 1576403.92
2026-07-13 08:26:59,BKN,CHANGED,"Jefferson, Joshua  -  TEAM SALARY CAP REPORT
       -  BROOKLYN NETS: 6 - DRAFT PICK -> 1 - FULL SEASON"
2026-07-13 08:26:59,BKN,CHANGED,"Players Under Contract  -  col3: 148086837.5 -> 151056357.5, col4: 106264268 -> 109382828, col5: 43145048 -> 46411928, col6: 12256488 -> 18153206.4"
2026-07-13 08:26:59,BKN,CHANGED,"Full Season Contracts  -  col3: 148086837.5 -> 151056357.5, col4: 106264268 -> 109382828, col5: 43145048 -> 46411928, col6: 12256488 -> 18153206.4"
2026-07-13 08:26:59,BKN,CHANGED,"Draft Picks  -  col3: 2969520 -> 0, col4: 3118560 -> 0, col5: 3266880 -> 0, col6: 5896718.4 -> 0"
2026-07-13 08:26:59,BKN,CHANGED,"Avg, Salary (Mean) (ALL Compensation Obligations)  -  col6: 13 -> 14"
2026-07-13 08:26:59,BKN,CHANGED,"Avg, Salary (Mean) (No 10-Day K's)  -  col6: 2 -> 1"
2026-07-13 08:34:57,ATL,ADDED,"Landale, Jock #2"
2026-07-13 08:34:57,ATL,CHANGED,"Landale, Jock  -  TEAM SALARY CAP REPORT
       -  ATLANTA HAWKS: 4 - CAP HOLD -> 1 - FULL SEASON, col3: 2449421.0 -> 14100000.0, col5: - -> 13050000.0, col9: 2449421 -> 27150000"
2026-07-13 08:34:57,ATL,CHANGED,"TEAM SALARY (Art, I §1 (nnn)):  -  col3: 234259033 -> 260009612, col5: 112757332 -> 125807332, col9: 574652527.3 -> 613453106.3"
2026-07-13 08:34:57,ATL,CHANGED,"Players Under Contract  -  col3: 170976812 -> 199176812, col5: 112757332 -> 125807332"
2026-07-13 08:34:57,ATL,CHANGED,"Full Season Contracts  -  col3: 170976812 -> 199176812, col5: 112757332 -> 125807332"
2026-07-13 08:34:57,ATL,CHANGED,Cap Holds  -  col3: 63282221 -> 60832800
2026-07-13 08:34:57,ATL,CHANGED,"Avg, Salary (Mean) (ALL Compensation Obligations)  -  col6: 14 -> 16"
2026-07-13 08:34:57,ATL,CHANGED,"Avg, Salary (Mean) (No 10-Day K's)  -  col6: 1 -> 0"
2026-07-13 08:34:57,Luxury Tax Calculator,CHANGED,Luxury Tax  -  col2: 0 -> 11281812
2026-07-13 08:34:57,Luxury Tax Calculator,CHANGED,1st Incremental Tax Bracket  -  col2: 0 -> 5685000
2026-07-13 08:34:57,Luxury Tax Calculator,CHANGED,2nd Incremental Tax Bracket  -  col2: 0 -> 6996015
2026-07-13 08:34:57,Luxury Tax Calculator,CHANGED,Tax Liability  -  col2: 0 -> 12681015
2026-07-13 08:35:57,ATL,REMOVED,"Landale, Jock #2"
2026-07-13 08:35:57,ATL,CHANGED,"TEAM SALARY (Art, I §1 (nnn)):  -  col3: 260009612 -> 245909612, col9: 613453106.3 -> 599353106.3"
2026-07-13 08:35:57,ATL,CHANGED,Players Under Contract  -  col3: 199176812 -> 185076812
2026-07-13 08:35:57,ATL,CHANGED,Full Season Contracts  -  col3: 199176812 -> 185076812
2026-07-13 08:35:57,ATL,CHANGED,"Avg, Salary (Mean) (ALL Compensation Obligations)  -  col6: 16 -> 15"
2026-07-13 08:35:57,Luxury Tax Calculator,CHANGED,Luxury Tax  -  col2: 11281812 -> 0
2026-07-13 08:35:57,Luxury Tax Calculator,CHANGED,1st Incremental Tax Bracket  -  col2: 5685000 -> 0
2026-07-13 08:35:57,Luxury Tax Calculator,CHANGED,2nd Incremental Tax Bracket  -  col2: 6996015 -> 0
2026-07-13 08:35:57,Luxury Tax Calculator,CHANGED,Tax Liability  -  col2: 12681015 -> 0
2026-07-13 08:37:58,CHI,ADDED,"Powell, Norman"
2026-07-13 08:37:58,CHI,CHANGED,"TEAM SALARY (Art, I §1 (nnn)):  -  col3: 141500867 -> 163000867, col4: 119351697.8 -> 141926697.8, col9: 352537075.9 -> 396612075.9"
2026-07-13 08:37:58,CHI,CHANGED,"Players Under Contract  -  col3: 140425408 -> 161925408, col4: 119351697.8 -> 141926697.8"
2026-07-13 08:37:58,CHI,CHANGED,"Full Season Contracts  -  col3: 140425408 -> 161925408, col4: 119351697.8 -> 141926697.8"
2026-07-13 08:37:58,CHI,CHANGED,"Avg, Salary (Mean) (ALL Compensation Obligations)  -  col6: 13 -> 14"
2026-07-13 08:37:58,CHI,CHANGED,"Avg, Salary (Mean) (No 10-Day K's)  -  col6: 2 -> 1"
2026-07-13 08:37:58,MIA,REMOVED,"Powell, Norman"
2026-07-13 08:37:58,MIA,CHANGED,"TEAM SALARY (Art, I §1 (nnn)):  -  col3: 245745614 -> 215021477, col9: 525462894 -> 494738757"
2026-07-13 08:37:58,MIA,CHANGED,Cap Holds  -  col3: 47605779 -> 16881642
2026-07-13 08:41:57,LAL,ADDED,"Looney, Kevon"
2026-07-13 08:41:57,LAL,CHANGED,"TEAM SALARY (Art, I §1 (nnn)):  -  col3: 165394470 -> 167843891, col9: 508372956.5 -> 510822377.5"
2026-07-13 08:41:57,LAL,CHANGED,Players Under Contract  -  col3: 144488109 -> 146937530
2026-07-13 08:41:57,LAL,CHANGED,Full Season Contracts  -  col3: 144488109 -> 146937530
2026-07-13 08:41:57,LAL,CHANGED,"Avg, Salary (Mean) (ALL Compensation Obligations)  -  col6: 11 -> 12"
2026-07-13 08:41:57,LAL,CHANGED,"Avg, Salary (Mean) (No 10-Day K's)  -  col6: 4 -> 3"
2026-07-13 08:41:57,LAL,CHANGED,"Avg, Salary (Mean) (No 10-Day K's & ROS)  -  col6: 2 -> 1"
2026-07-13 08:41:57,NOL,REMOVED,"Looney, Kevon"
2026-07-13 08:41:57,NOL,CHANGED,"TEAM SALARY (Art, I §1 (nnn)):  -  col3: 221111742.8 -> 211511742.8, col9: 470682342.5 -> 461082342.5"
2026-07-13 08:41:57,NOL,CHANGED,Cap Holds  -  col3: 32780951.9 -> 23180951.9
2026-07-13 08:43:57,UTH,CHANGED,"Nurkic, Jusuf  -  TEAM SALARY CAP REPORT
       -  UTAH JAZZ: 4 - CAP HOLD -> 1 - FULL SEASON, col3: 29062500.0 -> 11458333.0, col4: - -> 10541667.0, col9: 29062500 -> 22000000"
2026-07-13 08:43:57,UTH,CHANGED,"TEAM SALARY (Art, I §1 (nnn)):  -  col3: 192370007.4 -> 174765840.4, col4: 143840398.8 -> 154382065.8, col9: 540720571.1 -> 533658071.1"
2026-07-13 08:43:57,UTH,CHANGED,"Players Under Contract  -  col3: 151052275.4 -> 162510608.4, col4: 143840398.8 -> 154382065.8"
2026-07-13 08:43:57,UTH,CHANGED,"Full Season Contracts  -  col3: 151052275.4 -> 162510608.4, col4: 143840398.8 -> 154382065.8"
2026-07-13 08:43:57,UTH,CHANGED,Cap Holds  -  col3: 41317732 -> 12255232
2026-07-13 08:43:57,UTH,CHANGED,"Avg, Salary (Mean) (ALL Compensation Obligations)  -  col6: 11 -> 12"
2026-07-13 08:43:57,UTH,CHANGED,"Avg, Salary (Mean) (No 10-Day K's)  -  col6: 4 -> 3"
2026-07-13 08:43:57,UTH,CHANGED,"Avg, Salary (Mean) (No 10-Day K's & ROS)  -  col6: 2 -> 1"
2026-07-13 09:05:58,NYK,CHANGED,"Clarkson, Jordan  -  TEAM SALARY CAP REPORT
       -  NEW YORK KNICKS: 4 - CAP HOLD -> 1 - FULL SEASON"
2026-07-13 09:05:58,NYK,CHANGED,Players Under Contract  -  col3: 215962811 -> 218412232
2026-07-13 09:05:58,NYK,CHANGED,Full Season Contracts  -  col3: 215962811 -> 218412232
2026-07-13 09:05:58,NYK,CHANGED,Cap Holds  -  col3: 7348263 -> 4898842
2026-07-13 09:05:58,NYK,CHANGED,"Avg, Salary (Mean) (ALL Compensation Obligations)  -  col6: 12 -> 13"
2026-07-13 09:05:58,NYK,CHANGED,"Avg, Salary (Mean) (No 10-Day K's)  -  col6: 3 -> 2"
2026-07-13 09:05:58,NYK,CHANGED,"Avg, Salary (Mean) (No 10-Day K's & ROS)  -  col6: 1 -> 0"
2026-07-13 09:05:58,Luxury Tax Calculator,CHANGED,Luxury Tax  -  col21: 28067811 -> 30517232
2026-07-13 09:05:58,Luxury Tax Calculator,CHANGED,5th Incremental Tax Bracket  -  col21: 27971007.75 -> 29846250
2026-07-13 09:05:58,Luxury Tax Calculator,CHANGED,6th Incremental Tax Bracket  -  col21: 0 -> 12030334
2026-07-13 09:05:58,Luxury Tax Calculator,CHANGED,Tax Liability  -  col21: 87663507.75 -> 101569084
2026-07-13 09:12:58,HOU,CHANGED,"Eason, Tari  -  TEAM SALARY CAP REPORT
       -  HOUSTON ROCKETS: 4 - CAP HOLD -> 1 - FULL SEASON, col3: 17027297.28 -> 14053356.0, col4: - -> 15177624.0, col9: 17027297.28 -> 29230980"
2026-07-13 09:12:58,HOU,CHANGED,"TEAM SALARY (Art, I §1 (nnn)):  -  col3: 211891203.3 -> 208917262, col4: 140764511.3 -> 155942135.3, col9: 512946272.6 -> 525149955.3"
2026-07-13 09:12:58,HOU,CHANGED,"Players Under Contract  -  col3: 177982264 -> 192035620, col4: 140764511.3 -> 155942135.3"
2026-07-13 09:12:58,HOU,CHANGED,"Full Season Contracts  -  col3: 177982264 -> 192035620, col4: 140764511.3 -> 155942135.3"
2026-07-13 09:12:58,HOU,CHANGED,Cap Holds  -  col3: 33908939.28 -> 16881642
2026-07-13 09:12:58,HOU,CHANGED,"Avg, Salary (Mean) (ALL Compensation Obligations)  -  col6: 11 -> 12"
2026-07-13 09:12:58,HOU,CHANGED,"Avg, Salary (Mean) (No 10-Day K's)  -  col6: 4 -> 3"
2026-07-13 09:12:58,HOU,CHANGED,"Avg, Salary (Mean) (No 10-Day K's & ROS)  -  col6: 2 -> 1"
2026-07-13 09:12:58,Luxury Tax Calculator,CHANGED,Luxury Tax  -  col12: 0 -> 4140620
2026-07-13 09:12:58,Luxury Tax Calculator,CHANGED,1st Incremental Tax Bracket  -  col12: 0 -> 4140620
2026-07-13 09:12:58,Luxury Tax Calculator,CHANGED,Tax Liability  -  col12: 0 -> 4140620
2026-07-13 09:13:58,HOU,CHANGED,"Eason, Tari  -  col5: - -> 16301892.0, col6: - -> 17426160.0, col7: - -> 18550428.0, col9: 29230980 -> 81509460"
2026-07-13 09:13:58,HOU,CHANGED,"TEAM SALARY (Art, I §1 (nnn)):  -  col5: 65374471 -> 81676363, col6: 67489732 -> 84915892, col7: 27426355 -> 45976783, col9: 525149955.3 -> 577428435.3"
2026-07-13 09:13:58,HOU,CHANGED,"Players Under Contract  -  col5: 65374471 -> 81676363, col6: 67489732 -> 84915892, col7: 27426355 -> 45976783"
2026-07-13 09:13:58,HOU,CHANGED,"Full Season Contracts  -  col5: 65374471 -> 81676363, col6: 67489732 -> 84915892, col7: 27426355 -> 45976783"
2026-07-13 09:14:57,HOU,REMOVED,"Okogie, Josh"
2026-07-13 09:14:57,HOU,CHANGED,"TEAM SALARY (Art, I §1 (nnn)):  -  col3: 208917262 -> 206467841, col9: 577428435.3 -> 574979014.3"
2026-07-13 09:14:57,HOU,CHANGED,Cap Holds  -  col3: 16881642 -> 14432221
2026-07-13 09:14:57,UTH,ADDED,"Okogie, Josh"
2026-07-13 09:21:58,UTH,ADDED,"Hayes, Jaxson"
2026-07-13 09:21:58,UTH,CHANGED,"Okogie, Josh  -  TEAM SALARY CAP REPORT
       -  UTAH JAZZ: - -> 1 - FULL SEASON, col3: - -> 6000000.0, col4: - -> 6000000.0, col9: 0 -> 12000000"
2026-07-13 09:21:58,UTH,CHANGED,"TEAM SALARY (Art, I §1 (nnn)):  -  col3: 174765840.4 -> 186765840.4, col4: 154382065.8 -> 166382065.8, col9: 533658071.1 -> 557658071.1"
2026-07-13 09:21:58,UTH,CHANGED,"Players Under Contract  -  col3: 162510608.4 -> 174510608.4, col4: 154382065.8 -> 166382065.8"
2026-07-13 09:21:58,UTH,CHANGED,"Full Season Contracts  -  col3: 162510608.4 -> 174510608.4, col4: 154382065.8 -> 166382065.8"
2026-07-13 09:21:58,UTH,CHANGED,"Avg, Salary (Mean) (ALL Compensation Obligations)  -  col6: 12 -> 14"
2026-07-13 09:21:58,UTH,CHANGED,"Avg, Salary (Mean) (No 10-Day K's)  -  col6: 3 -> 1"
2026-07-13 09:21:58,UTH,CHANGED,"Avg, Salary (Mean) (No 10-Day K's & ROS)  -  col6: 1 -> 0"
2026-07-13 09:52:58,MIN,ADDED,"Lyles, Trey"
2026-07-13 09:52:58,MIN,CHANGED,"TEAM SALARY (Art, I §1 (nnn)):  -  col3: 242365410 -> 244814831, col9: 552907523.6 -> 555356944.6"
2026-07-13 09:52:58,MIN,CHANGED,Players Under Contract  -  col3: 177003496 -> 179452917
2026-07-13 09:52:58,MIN,CHANGED,Full Season Contracts  -  col3: 177003496 -> 179452917
2026-07-13 09:52:58,MIN,CHANGED,"Avg, Salary (Mean) (ALL Compensation Obligations)  -  col6: 9 -> 10"
2026-07-13 09:52:58,MIN,CHANGED,"Avg, Salary (Mean) (No 10-Day K's)  -  col6: 6 -> 5"
2026-07-13 09:52:58,MIN,CHANGED,"Avg, Salary (Mean) (No 10-Day K's & ROS)  -  col6: 4 -> 3"
2026-07-13 09:52:58,SAC,REMOVED,"Lyles, Trey"
2026-07-13 09:52:58,SAC,CHANGED,"TEAM SALARY (Art, I §1 (nnn)):  -  col3: 238208515 -> 223008515, col9: 500202373.9 -> 485002373.9"
2026-07-13 09:52:58,SAC,CHANGED,Cap Holds  -  col3: 34002453 -> 18802453
2026-07-13 09:55:00,MIN,CHANGED,"Clark, Jaylen  -  col3: 2649421.0 -> 3086420.0, col9: 2649421 -> 3086420"
2026-07-13 09:55:00,MIN,CHANGED,"TEAM SALARY (Art, I §1 (nnn)):  -  col3: 244814831 -> 245251830, col9: 555356944.6 -> 555793943.6"
2026-07-13 09:55:00,MIN,CHANGED,Qualifying Offers  -  col3: 2649421 -> 3086420
2026-07-13 09:57:58,MIN,CHANGED,"Clark, Jaylen  -  TEAM SALARY CAP REPORT
       -  MINNESOTA TIMBERWOLVES: 5 - QUAL OFFER -> 1 - FULL SEASON, col4: - -> 3333334.0, col5: - -> 3580246.0, col9: 3086420 -> 10000000"
2026-07-13 09:57:58,MIN,CHANGED,"Dosunmu, Ayo  -  col3: 22555554.0 -> 19310345.0, col4: - -> 20855173.0, col5: - -> 22400001.0, col6: - -> 23944829.0, col7: - -> 25489652.0, col9: 22555554 -> 112000000"
2026-07-13 09:57:58,MIN,CHANGED,"TEAM SALARY (Art, I §1 (nnn)):  -  col3: 245251830 -> 242006621, col4: 171563272.6 -> 195751779.6, col5: 138978841 -> 164959088, col6: 0 -> 23944829, col7: 0 -> 25489652, col9: 555793943.6 -> 652151969.6"
2026-07-13 09:57:58,MIN,CHANGED,"Players Under Contract  -  col3: 179452917 -> 182539337, col4: 171563272.6 -> 174896606.6, col5: 138978841 -> 142559087"
2026-07-13 09:57:58,MIN,CHANGED,"Full Season Contracts  -  col3: 179452917 -> 182539337, col4: 171563272.6 -> 174896606.6, col5: 138978841 -> 142559087"
2026-07-13 09:57:58,MIN,CHANGED,"Cap Holds  -  col3: 62712493 -> 59467284, col4: 0 -> 20855173, col5: 0 -> 22400001, col6: 0 -> 23944829, col7: 0 -> 25489652"
2026-07-13 09:57:58,MIN,CHANGED,Qualifying Offers  -  col3: 3086420 -> 0
2026-07-13 09:57:58,MIN,CHANGED,"Avg, Salary (Mean) (ALL Compensation Obligations)  -  col6: 10 -> 11"
2026-07-13 09:57:58,MIN,CHANGED,"Avg, Salary (Mean) (No 10-Day K's)  -  col6: 5 -> 4"
2026-07-13 09:57:58,MIN,CHANGED,"Avg, Salary (Mean) (No 10-Day K's & ROS)  -  col6: 3 -> 2"
2026-07-13 09:59:00,MIN,CHANGED,"Dosunmu, Ayo  -  TEAM SALARY CAP REPORT
       -  MINNESOTA TIMBERWOLVES: 4 - CAP HOLD -> 1 - FULL SEASON"
2026-07-13 09:59:00,MIN,CHANGED,"Players Under Contract  -  col3: 182539337 -> 201849682, col4: 174896606.6 -> 195751779.6, col5: 142559087 -> 164959088, col6: 0 -> 23944829, col7: 0 -> 25489652"
2026-07-13 09:59:00,MIN,CHANGED,"Full Season Contracts  -  col3: 182539337 -> 201849682, col4: 174896606.6 -> 195751779.6, col5: 142559087 -> 164959088, col6: 0 -> 23944829, col7: 0 -> 25489652"
2026-07-13 09:59:00,MIN,CHANGED,"Cap Holds  -  col3: 59467284 -> 40156939, col4: 20855173 -> 0, col5: 22400001 -> 0, col6: 23944829 -> 0, col7: 25489652 -> 0"
2026-07-13 09:59:00,MIN,CHANGED,"Avg, Salary (Mean) (ALL Compensation Obligations)  -  col6: 11 -> 12"
2026-07-13 09:59:00,MIN,CHANGED,"Avg, Salary (Mean) (No 10-Day K's)  -  col6: 4 -> 3"
2026-07-13 09:59:00,MIN,CHANGED,"Avg, Salary (Mean) (No 10-Day K's & ROS)  -  col6: 2 -> 1"
2026-07-13 09:59:00,Luxury Tax Calculator,CHANGED,Luxury Tax  -  col19: 0 -> 13954682
2026-07-13 09:59:00,Luxury Tax Calculator,CHANGED,1st Incremental Tax Bracket  -  col19: 0 -> 5685000
2026-07-13 09:59:00,Luxury Tax Calculator,CHANGED,2nd Incremental Tax Bracket  -  col19: 0 -> 7106250
2026-07-13 09:59:00,Luxury Tax Calculator,CHANGED,3rd Incremental Tax Bracket  -  col19: 0 -> 9046387
2026-07-13 09:59:00,Luxury Tax Calculator,CHANGED,Tax Liability  -  col19: 0 -> 21837637
2026-07-13 10:02:58,HOU,ADDED,"Smart, Marcus"
2026-07-13 10:02:58,HOU,CHANGED,"TEAM SALARY (Art, I §1 (nnn)):  -  col3: 206467841 -> 212531841, col4: 155942135.3 -> 162309335.3, col9: 574979014.3 -> 587410214.3"
2026-07-13 10:02:58,HOU,CHANGED,"Players Under Contract  -  col3: 192035620 -> 198099620, col4: 155942135.3 -> 162309335.3"
2026-07-13 10:02:58,HOU,CHANGED,"Full Season Contracts  -  col3: 192035620 -> 198099620, col4: 155942135.3 -> 162309335.3"
2026-07-13 10:02:58,HOU,CHANGED,"Avg, Salary (Mean) (ALL Compensation Obligations)  -  col6: 12 -> 13"
2026-07-13 10:02:58,HOU,CHANGED,"Avg, Salary (Mean) (No 10-Day K's)  -  col6: 3 -> 2"
2026-07-13 10:02:58,HOU,CHANGED,"Avg, Salary (Mean) (No 10-Day K's & ROS)  -  col6: 1 -> 0"
2026-07-13 10:02:58,Luxury Tax Calculator,CHANGED,Luxury Tax  -  col12: 4140620 -> 10204620
2026-07-13 10:02:58,Luxury Tax Calculator,CHANGED,1st Incremental Tax Bracket  -  col12: 4140620 -> 5685000
2026-07-13 10:02:58,Luxury Tax Calculator,CHANGED,2nd Incremental Tax Bracket  -  col12: 0 -> 5649525
2026-07-13 10:02:58,Luxury Tax Calculator,CHANGED,Tax Liability  -  col12: 4140620 -> 11334525
2026-07-13 10:05:58,NOL,CHANGED,"Jordan, DeAndre  -  TEAM SALARY CAP REPORT
       -  NEW ORLEANS PELICANS: 4 - CAP HOLD -> 1 - FULL SEASON, col3: 2449421.0 -> 3876529.0, col4: - -> 4070355.0, col9: 2449421 -> 7946884"
2026-07-13 10:05:58,NOL,CHANGED,"TEAM SALARY (Art, I §1 (nnn)):  -  col3: 211511742.8 -> 212938850.8, col4: 150499003.7 -> 154569358.7, col9: 461082342.5 -> 466579805.5"
2026-07-13 10:05:58,NOL,CHANGED,"Players Under Contract  -  col3: 188330790.9 -> 192207319.9, col4: 150499003.7 -> 154569358.7"
2026-07-13 10:05:58,NOL,CHANGED,"Full Season Contracts  -  col3: 188330790.9 -> 192207319.9, col4: 150499003.7 -> 154569358.7"
2026-07-13 10:05:58,NOL,CHANGED,Cap Holds  -  col3: 23180951.9 -> 20731530.9
2026-07-13 10:05:58,NOL,CHANGED,"Avg, Salary (Mean) (ALL Compensation Obligations)  -  col6: 13 -> 14"
2026-07-13 10:05:58,NOL,CHANGED,"Avg, Salary (Mean) (No 10-Day K's)  -  col6: 2 -> 1"
2026-07-13 10:05:58,Luxury Tax Calculator,CHANGED,Luxury Tax  -  col20: 435790.92 -> 4312319.92
2026-07-13 10:05:58,Luxury Tax Calculator,CHANGED,1st Incremental Tax Bracket  -  col20: 435790.92 -> 4312319.92
2026-07-13 10:05:58,Luxury Tax Calculator,CHANGED,Tax Liability  -  col20: 435790.92 -> 4312319.92
2026-07-13 10:09:03,CLE,REMOVED,"Nance Jr., Larry"
2026-07-13 10:09:03,CLE,CHANGED,"TEAM SALARY (Art, I §1 (nnn)):  -  col3: 247865813.3 -> 245416392.3, col9: 591670545.8 -> 589221124.8"
2026-07-13 10:09:03,CLE,CHANGED,Cap Holds  -  col3: 64165178.6 -> 61715757.6
2026-07-13 10:09:03,IND,ADDED,"Nance Jr., Larry"
2026-07-13 10:09:03,IND,REMOVED,"Brown, Kobe"
2026-07-13 10:09:03,IND,CHANGED,"TEAM SALARY (Art, I §1 (nnn)):  -  col3: 213277106.6 -> 210934469.6, col9: 513227308.6 -> 510884671.6"
2026-07-13 10:09:03,IND,CHANGED,Players Under Contract  -  col3: 203850511.6 -> 206299932.6
2026-07-13 10:09:03,IND,CHANGED,Full Season Contracts  -  col3: 203850511.6 -> 206299932.6
2026-07-13 10:09:03,IND,CHANGED,Cap Holds  -  col3: 9426595 -> 4634537
2026-07-13 10:09:03,IND,CHANGED,"Avg, Salary (Mean) (ALL Compensation Obligations)  -  col6: 13 -> 14"
2026-07-13 10:09:03,IND,CHANGED,"Avg, Salary (Mean) (No 10-Day K's)  -  col6: 2 -> 1"
2026-07-13 10:09:03,Luxury Tax Calculator,CHANGED,Luxury Tax  -  col13: 15955511.6 -> 18404932.6
2026-07-13 10:09:03,Luxury Tax Calculator,CHANGED,3rd Incremental Tax Bracket  -  col13: 16049290.6 -> 19897500
2026-07-13 10:09:03,Luxury Tax Calculator,CHANGED,4th Incremental Tax Bracket  -  col13: 0 -> 6412179.85
2026-07-13 10:09:03,Luxury Tax Calculator,CHANGED,Tax Liability  -  col13: 28840540.6 -> 39100929.85
2026-07-13 10:10:00,DET,CHANGED,"Huerter, Kevin  -  col3: 26986606.5 -> 9507042.0, col9: 26986606.5 -> 9507042"
2026-07-13 10:10:00,DET,CHANGED,"TEAM SALARY (Art, I §1 (nnn)):  -  col3: 198466532.6 -> 180986968.1, col9: 465485891.7 -> 448006327.2"
2026-07-13 10:10:00,DET,CHANGED,Cap Holds  -  col3: 53636039.58 -> 36156475.08
2026-07-13 10:10:57,DET,CHANGED,"Huerter, Kevin  -  TEAM SALARY CAP REPORT
       -  DETROIT PISTONS: 4 - CAP HOLD -> 1 - FULL SEASON, col4: - -> 8746479.0, col5: - -> 8746479.0, col9: 9507042 -> 27000000"
2026-07-13 10:10:57,DET,CHANGED,"TEAM SALARY (Art, I §1 (nnn)):  -  col4: 116013908.2 -> 124760387.2, col5: 82193742 -> 90940221, col9: 448006327.2 -> 465499285.2"
2026-07-13 10:10:57,DET,CHANGED,"Players Under Contract  -  col3: 144830493 -> 154337535, col4: 116013908.2 -> 124760387.2, col5: 82193742 -> 90940221"
2026-07-13 10:10:57,DET,CHANGED,"Full Season Contracts  -  col3: 144830493 -> 154337535, col4: 116013908.2 -> 124760387.2, col5: 82193742 -> 90940221"
2026-07-13 10:10:57,DET,CHANGED,Cap Holds  -  col3: 36156475.08 -> 26649433.08
2026-07-13 10:10:57,DET,CHANGED,"Avg, Salary (Mean) (ALL Compensation Obligations)  -  col6: 14 -> 15"
2026-07-13 10:10:57,DET,CHANGED,"Avg, Salary (Mean) (No 10-Day K's)  -  col6: 1 -> 0"
2026-07-13 10:13:28,MIL,CHANGED,"Dieng, Ousmane  -  col3: 20012646.240000002 -> 5750000.0, col4: - -> 5750000.0, col9: 20012646.24 -> 11500000"
2026-07-13 10:13:28,MIL,CHANGED,"TEAM SALARY (Art, I §1 (nnn)):  -  col3: 197914774.5 -> 183652128.2, col4: 94608556.23 -> 100358556.2, col9: 433356795.9 -> 424844149.6"
2026-07-13 10:13:28,MIL,CHANGED,"Cap Holds  -  col3: 27360909.24 -> 13098263, col4: 0 -> 5750000"
2026-07-13 10:13:57,MIL,CHANGED,"Dieng, Ousmane  -  TEAM SALARY CAP REPORT
       -  MILWAUKEE BUCKS: 4 - CAP HOLD -> 1 - FULL SEASON, col5: - -> 5750000.0, col9: 11500000 -> 17250000"
2026-07-13 10:13:57,MIL,CHANGED,"TEAM SALARY (Art, I §1 (nnn)):  -  col5: 85295148.2 -> 91045148.2, col9: 424844149.6 -> 430594149.6"
2026-07-13 10:13:57,MIL,CHANGED,"Players Under Contract  -  col3: 147370595.4 -> 153120595.4, col4: 71425286.36 -> 77175286.36, col5: 62778545 -> 68528545"
2026-07-13 10:13:57,MIL,CHANGED,"Full Season Contracts  -  col3: 147370595.4 -> 153120595.4, col4: 71425286.36 -> 77175286.36, col5: 62778545 -> 68528545"
2026-07-13 10:13:57,MIL,CHANGED,"Cap Holds  -  col3: 13098263 -> 7348263, col4: 5750000 -> 0"
2026-07-13 10:13:57,MIL,CHANGED,"Avg, Salary (Mean) (ALL Compensation Obligations)  -  col6: 15 -> 16"
2026-07-13 10:16:58,GOS,CHANGED,"Bassey, Charles  -  TEAM SALARY CAP REPORT
       -  GOLDEN STATE WARRIORS: 4 - CAP HOLD -> 1 - FULL SEASON"
2026-07-13 10:16:58,GOS,CHANGED,Players Under Contract  -  col3: 177298176.3 -> 179747597.3
2026-07-13 10:16:58,GOS,CHANGED,Full Season Contracts  -  col3: 177298176.3 -> 179747597.3
2026-07-13 10:16:58,GOS,CHANGED,Cap Holds  -  col3: 77237106.5 -> 74787685.5
2026-07-13 10:16:58,GOS,CHANGED,"Avg, Salary (Mean) (ALL Compensation Obligations)  -  col6: 9 -> 10"
2026-07-13 10:16:58,GOS,CHANGED,"Avg, Salary (Mean) (No 10-Day K's)  -  col6: 6 -> 5"
2026-07-13 10:16:58,GOS,CHANGED,"Avg, Salary (Mean) (No 10-Day K's & ROS)  -  col6: 4 -> 3"
2026-07-13 10:27:58,MIN,ADDED,"Evans, Isaiah"
2026-07-13 10:27:58,MIN,CHANGED,"TEAM SALARY (Art, I §1 (nnn)):  -  col3: 242006621 -> 243364384, col4: 195751779.6 -> 198046149.6, col5: 164959088 -> 167653451, col6: 23944829 -> 26862981, col9: 652151969.6 -> 661416617.6"
2026-07-13 10:27:58,MIN,CHANGED,"Players Under Contract  -  col3: 201849682 -> 203207445, col4: 195751779.6 -> 198046149.6, col5: 164959088 -> 167653451, col6: 23944829 -> 26862981"
2026-07-13 10:27:58,MIN,CHANGED,"Full Season Contracts  -  col3: 201849682 -> 203207445, col4: 195751779.6 -> 198046149.6, col5: 164959088 -> 167653451, col6: 23944829 -> 26862981"
2026-07-13 10:27:58,MIN,CHANGED,"Avg, Salary (Mean) (ALL Compensation Obligations)  -  col6: 12 -> 13"
2026-07-13 10:27:58,MIN,CHANGED,"Avg, Salary (Mean) (No 10-Day K's)  -  col6: 3 -> 2"
2026-07-13 10:27:58,MIN,CHANGED,"Avg, Salary (Mean) (No 10-Day K's & ROS)  -  col6: 1 -> 0"
2026-07-13 10:27:58,Luxury Tax Calculator,CHANGED,Luxury Tax  -  col19: 13954682 -> 15312445
2026-07-13 10:27:58,Luxury Tax Calculator,CHANGED,3rd Incremental Tax Bracket  -  col19: 9046387 -> 13798557.5
2026-07-13 10:27:58,Luxury Tax Calculator,CHANGED,Tax Liability  -  col19: 21837637 -> 26589807.5
2026-07-13 10:34:59,DAL,REMOVED,"Bagley, Marvin"
2026-07-13 10:34:59,DAL,CHANGED,"TEAM SALARY (Art, I §1 (nnn)):  -  col3: 209761248.8 -> 207311827.8, col9: 468215090.2 -> 465765669.2"
2026-07-13 10:34:59,DAL,CHANGED,Cap Holds  -  col3: 28755393.8 -> 26305972.8
2026-07-13 11:22:57,ATL,ADDED,"Carter, Devin"
2026-07-13 11:22:57,ATL,CHANGED,"TEAM SALARY (Art, I §1 (nnn)):  -  col3: 245909612 -> 251067692, col4: 152989752.4 -> 160360648.8, col9: 599353106.3 -> 611882082.6"
2026-07-13 11:22:57,ATL,CHANGED,"Players Under Contract  -  col3: 185076812 -> 190234892, col4: 152989752.4 -> 160360648.8"
2026-07-13 11:22:57,ATL,CHANGED,"Full Season Contracts  -  col3: 185076812 -> 190234892, col4: 152989752.4 -> 160360648.8"
2026-07-13 11:22:57,ATL,CHANGED,"Avg, Salary (Mean) (ALL Compensation Obligations)  -  col6: 15 -> 16"
2026-07-13 11:22:57,SAC,REMOVED,"Carter, Devin"
2026-07-13 11:22:57,SAC,CHANGED,"TEAM SALARY (Art, I §1 (nnn)):  -  col3: 223008515 -> 217850435, col4: 131664694.3 -> 124293798, col9: 485002373.9 -> 472473397.6"
2026-07-13 11:22:57,SAC,CHANGED,"Players Under Contract  -  col3: 194206062 -> 189047982, col4: 131664694.3 -> 124293798"
2026-07-13 11:22:57,SAC,CHANGED,"Full Season Contracts  -  col3: 194206062 -> 189047982, col4: 131664694.3 -> 124293798"
2026-07-13 11:22:57,SAC,CHANGED,"Avg, Salary (Mean) (ALL Compensation Obligations)  -  col6: 13 -> 12"
2026-07-13 11:22:57,SAC,CHANGED,"Avg, Salary (Mean) (No 10-Day K's)  -  col6: 2 -> 3"
2026-07-13 11:22:57,SAC,CHANGED,"Avg, Salary (Mean) (No 10-Day K's & ROS)  -  col6: 0 -> 1"
2026-07-13 11:22:57,Luxury Tax Calculator,CHANGED,"Luxury Tax  -  col2: 0 -> 2339892, col27: 16311062 -> 11152982"
2026-07-13 11:22:57,Luxury Tax Calculator,CHANGED,1st Incremental Tax Bracket  -  col2: 0 -> 2339892
2026-07-13 11:22:57,Luxury Tax Calculator,CHANGED,2nd Incremental Tax Bracket  -  col27: 7106250 -> 6834977.5
2026-07-13 11:22:57,Luxury Tax Calculator,CHANGED,3rd Incremental Tax Bracket  -  col27: 17293717 -> 0
2026-07-13 11:22:57,Luxury Tax Calculator,CHANGED,"Tax Liability  -  col2: 0 -> 2339892, col27: 30084967 -> 12519977.5"
2026-07-13 11:29:57,DEN,ADDED,"Brazile, Trevon"
2026-07-13 11:29:57,DEN,CHANGED,"Avg, Salary (Mean) (ALL Compensation Obligations)  -  col6: 8 -> 9"
2026-07-13 11:29:57,DEN,CHANGED,"Avg, Salary (Mean) (No 10-Day K's)  -  col6: 7 -> 6"
2026-07-13 11:29:57,DEN,CHANGED,"Avg, Salary (Mean) (No 10-Day K's & ROS)  -  col6: 5 -> 4"
2026-07-13 11:30:59,DEN,CHANGED,"Brazile, Trevon  -  col3: - -> 1357763.0, col4: - -> 2294370.0, col5: - -> 2694363.0, col6: - -> 2918152.0, col9: 0 -> 9264648"
2026-07-13 11:30:59,DEN,CHANGED,"TEAM SALARY (Art, I §1 (nnn)):  -  col3: 240896055.4 -> 242253818.4, col4: 187484805.4 -> 189779175.4, col5: 119623206.9 -> 122317569.9, col6: 26724137 -> 29642289, col9: 631624752.7 -> 640889400.7"
2026-07-13 11:30:59,DEN,CHANGED,"Players Under Contract  -  col3: 201396723 -> 202754486, col4: 187484805.4 -> 189779175.4, col5: 119623206.9 -> 122317569.9, col6: 26724137 -> 29642289"
2026-07-13 11:30:59,DEN,CHANGED,"Full Season Contracts  -  col3: 201396723 -> 202754486, col4: 187484805.4 -> 189779175.4, col5: 119623206.9 -> 122317569.9, col6: 26724137 -> 29642289"
2026-07-13 11:30:59,Luxury Tax Calculator,CHANGED,Luxury Tax  -  col9: 15501723 -> 16859486
2026-07-13 11:30:59,Luxury Tax Calculator,CHANGED,3rd Incremental Tax Bracket  -  col9: 22724476.5 -> 30192173
2026-07-13 11:30:59,Luxury Tax Calculator,CHANGED,Tax Liability  -  col9: 58255726.5 -> 65723423
2026-07-13 11:43:57,LAL,CHANGED,"Reaves, Austin  -  col3: 20906361.0 -> 41240250.0, col9: 20906361 -> 41240250"
2026-07-13 11:43:57,LAL,CHANGED,"TEAM SALARY (Art, I §1 (nnn)):  -  col3: 167843891 -> 188177780, col9: 510822377.5 -> 531156266.5"
2026-07-13 11:43:57,LAL,CHANGED,Cap Holds  -  col3: 20906361 -> 41240250
2026-07-13 11:44:58,LAL,ADDED,"Reaves, Austin #2"
2026-07-13 11:44:58,LAL,CHANGED,"Reaves, Austin  -  TEAM SALARY CAP REPORT
       -  LOS ANGELES LAKERS: 4 - CAP HOLD -> 1 - FULL SEASON, col4: - -> 42954030.0, col5: - -> 46253250.0, col6: - -> 49552470.0, col9: 41240250 -> 180000000"
2026-07-13 11:44:58,LAL,CHANGED,"TEAM SALARY (Art, I §1 (nnn)):  -  col3: 188177780 -> 229418030, col4: 147964262.3 -> 233872322.3, col5: 124314316 -> 216820816, col6: 70699908.2 -> 169804848.2, col9: 531156266.5 -> 849916016.5"
2026-07-13 11:44:58,LAL,CHANGED,"Players Under Contract  -  col3: 146937530 -> 229418030, col4: 147964262.3 -> 233872322.3, col5: 124314316 -> 216820816, col6: 70699908.2 -> 169804848.2"
2026-07-13 11:44:58,LAL,CHANGED,"Full Season Contracts  -  col3: 146937530 -> 229418030, col4: 147964262.3 -> 233872322.3, col5: 124314316 -> 216820816, col6: 70699908.2 -> 169804848.2"
2026-07-13 11:44:58,LAL,CHANGED,Cap Holds  -  col3: 41240250 -> 0
2026-07-13 11:44:58,LAL,CHANGED,"Avg, Salary (Mean) (ALL Compensation Obligations)  -  col6: 12 -> 14"
2026-07-13 11:44:58,LAL,CHANGED,"Avg, Salary (Mean) (No 10-Day K's)  -  col6: 3 -> 1"
2026-07-13 11:44:58,LAL,CHANGED,"Avg, Salary (Mean) (No 10-Day K's & ROS)  -  col6: 1 -> 0"
2026-07-13 11:44:58,Luxury Tax Calculator,CHANGED,Luxury Tax  -  col15: 0 -> 41523030
2026-07-13 11:44:58,Luxury Tax Calculator,CHANGED,1st Incremental Tax Bracket  -  col15: 0 -> 17055000
2026-07-13 11:44:58,Luxury Tax Calculator,CHANGED,2nd Incremental Tax Bracket  -  col15: 0 -> 18476250
2026-07-13 11:44:58,Luxury Tax Calculator,CHANGED,3rd Incremental Tax Bracket  -  col15: 0 -> 31267500
2026-07-13 11:44:58,Luxury Tax Calculator,CHANGED,4th Incremental Tax Bracket  -  col15: 0 -> 38373750
2026-07-13 11:44:58,Luxury Tax Calculator,CHANGED,5th Incremental Tax Bracket  -  col15: 0 -> 41216250
2026-07-13 11:44:58,Luxury Tax Calculator,CHANGED,6th Incremental Tax Bracket  -  col15: 0 -> 44058750
2026-07-13 11:44:58,Luxury Tax Calculator,CHANGED,7th Incremental Tax Bracket  -  col15: 0 -> 46901250
2026-07-13 11:44:58,Luxury Tax Calculator,CHANGED,8th Incremental Tax Bracket  -  col15: 0 -> 15120262.5
2026-07-13 11:44:58,Luxury Tax Calculator,CHANGED,Tax Liability  -  col15: 0 -> 252469012.5
2026-07-13 11:45:59,LAL,REMOVED,"Reaves, Austin #2"
2026-07-13 11:45:59,LAL,CHANGED,"TEAM SALARY (Art, I §1 (nnn)):  -  col3: 229418030 -> 188177780, col4: 233872322.3 -> 190918292.3, col5: 216820816 -> 170567566, col6: 169804848.2 -> 120252378.2, col9: 849916016.5 -> 669916016.5"
2026-07-13 11:45:59,LAL,CHANGED,"Players Under Contract  -  col3: 229418030 -> 188177780, col4: 233872322.3 -> 190918292.3, col5: 216820816 -> 170567566, col6: 169804848.2 -> 120252378.2"
2026-07-13 11:45:59,LAL,CHANGED,"Full Season Contracts  -  col3: 229418030 -> 188177780, col4: 233872322.3 -> 190918292.3, col5: 216820816 -> 170567566, col6: 169804848.2 -> 120252378.2"
2026-07-13 11:45:59,LAL,CHANGED,"Avg, Salary (Mean) (ALL Compensation Obligations)  -  col6: 14 -> 13"
2026-07-13 11:45:59,LAL,CHANGED,"Avg, Salary (Mean) (No 10-Day K's)  -  col6: 1 -> 2"
2026-07-13 11:45:59,Luxury Tax Calculator,CHANGED,Luxury Tax  -  col15: 41523030 -> 282780
2026-07-13 11:45:59,Luxury Tax Calculator,CHANGED,1st Incremental Tax Bracket  -  col15: 17055000 -> 848340
2026-07-13 11:45:59,Luxury Tax Calculator,CHANGED,2nd Incremental Tax Bracket  -  col15: 18476250 -> 0
2026-07-13 11:45:59,Luxury Tax Calculator,CHANGED,3rd Incremental Tax Bracket  -  col15: 31267500 -> 0
2026-07-13 11:45:59,Luxury Tax Calculator,CHANGED,4th Incremental Tax Bracket  -  col15: 38373750 -> 0
2026-07-13 11:45:59,Luxury Tax Calculator,CHANGED,5th Incremental Tax Bracket  -  col15: 41216250 -> 0
2026-07-13 11:45:59,Luxury Tax Calculator,CHANGED,6th Incremental Tax Bracket  -  col15: 44058750 -> 0
2026-07-13 11:45:59,Luxury Tax Calculator,CHANGED,7th Incremental Tax Bracket  -  col15: 46901250 -> 0
2026-07-13 11:45:59,Luxury Tax Calculator,CHANGED,8th Incremental Tax Bracket  -  col15: 15120262.5 -> 0
2026-07-13 11:45:59,Luxury Tax Calculator,CHANGED,Tax Liability  -  col15: 252469012.5 -> 848340
2026-07-13 11:48:57,LAL,ADDED,"Sexton, Collin"
2026-07-13 11:48:57,LAL,CHANGED,"TEAM SALARY (Art, I §1 (nnn)):  -  col3: 188177780 -> 197543780, col9: 669916016.5 -> 679282016.5"
2026-07-13 11:48:57,LAL,CHANGED,Players Under Contract  -  col3: 188177780 -> 197543780
2026-07-13 11:48:57,LAL,CHANGED,Full Season Contracts  -  col3: 188177780 -> 197543780
2026-07-13 11:48:57,LAL,CHANGED,"Avg, Salary (Mean) (ALL Compensation Obligations)  -  col6: 13 -> 14"
2026-07-13 11:48:57,LAL,CHANGED,"Avg, Salary (Mean) (No 10-Day K's)  -  col6: 2 -> 1"
2026-07-13 11:48:57,Luxury Tax Calculator,CHANGED,Luxury Tax  -  col15: 282780 -> 9648780
2026-07-13 11:48:57,Luxury Tax Calculator,CHANGED,1st Incremental Tax Bracket  -  col15: 848340 -> 17055000
2026-07-13 11:48:57,Luxury Tax Calculator,CHANGED,2nd Incremental Tax Bracket  -  col15: 0 -> 12882285
2026-07-13 11:48:57,Luxury Tax Calculator,CHANGED,Tax Liability  -  col15: 848340 -> 29937285
2026-07-13 11:49:57,LAL,CHANGED,"Sexton, Collin  -  col4: - -> 9834300.0, col9: 9366000 -> 19200300"
2026-07-13 11:49:57,LAL,CHANGED,"TEAM SALARY (Art, I §1 (nnn)):  -  col4: 190918292.3 -> 200752592.3, col9: 679282016.5 -> 689116316.5"
2026-07-13 11:49:57,LAL,CHANGED,Players Under Contract  -  col4: 190918292.3 -> 200752592.3
2026-07-13 11:49:57,LAL,CHANGED,Full Season Contracts  -  col4: 190918292.3 -> 200752592.3
2026-07-13 11:52:58,LAC,CHANGED,"TEAM SALARY (Art, I §1 (nnn)):  -  col3: 209830233.7 -> 211535863.7, col4: 83703891 -> 85998261, col5: 18974669 -> 21669032, col6: 16502837.32 -> 19420989.32, col9: 329011631.1 -> 338624146.1"
2026-07-13 11:53:58,LAC,ADDED,"Miller, Baba"
2026-07-13 11:53:58,LAC,CHANGED,"Players Under Contract  -  col3: 156289130 -> 157994760, col4: 83703891 -> 85998261, col5: 18974669 -> 21669032, col6: 16502837.32 -> 19420989.32"
2026-07-13 11:53:58,LAC,CHANGED,"Full Season Contracts  -  col3: 156289130 -> 157994760, col4: 83703891 -> 85998261, col5: 18974669 -> 21669032, col6: 16502837.32 -> 19420989.32"
2026-07-13 11:53:58,LAC,CHANGED,"Avg, Salary (Mean) (ALL Compensation Obligations)  -  col6: 11 -> 12"
2026-07-13 11:53:58,LAC,CHANGED,"Avg, Salary (Mean) (No 10-Day K's)  -  col6: 4 -> 3"
2026-07-13 11:53:58,LAC,CHANGED,"Avg, Salary (Mean) (No 10-Day K's & ROS)  -  col6: 2 -> 1"
2026-07-13 11:59:57,LAC,CHANGED,"Miller, Jordan  -  TEAM SALARY CAP REPORT
       -  LOS ANGELES CLIPPERS: 5 - QUAL OFFER -> 1 - FULL SEASON, col3: 2738125.860831442 -> 5300000.0, col4: - -> 5000000.0, col5: - -> 5000000.0, col9: 2738125.861 -> 15300000"
2026-07-13 11:59:57,LAC,CHANGED,"TEAM SALARY (Art, I §1 (nnn)):  -  col3: 211535863.7 -> 214097737.9, col4: 85998261 -> 90998261, col5: 21669032 -> 26669032, col9: 338624146.1 -> 351186020.2"
2026-07-13 11:59:57,LAC,CHANGED,"Players Under Contract  -  col3: 157994760 -> 163294760, col4: 85998261 -> 90998261, col5: 21669032 -> 26669032"
2026-07-13 11:59:57,LAC,CHANGED,"Full Season Contracts  -  col3: 157994760 -> 163294760, col4: 85998261 -> 90998261, col5: 21669032 -> 26669032"
2026-07-13 11:59:57,LAC,CHANGED,Qualifying Offers  -  col3: 2738125.861 -> 0
2026-07-13 11:59:57,LAC,CHANGED,"Avg, Salary (Mean) (ALL Compensation Obligations)  -  col6: 12 -> 13"
2026-07-13 11:59:57,LAC,CHANGED,"Avg, Salary (Mean) (No 10-Day K's)  -  col6: 3 -> 2"
2026-07-13 11:59:57,LAC,CHANGED,"Avg, Salary (Mean) (No 10-Day K's & ROS)  -  col6: 1 -> 0"
2026-07-13 12:13:58,UTH,ADDED,"Bamba, Mo"
2026-07-13 12:13:58,UTH,CHANGED,"TEAM SALARY (Art, I §1 (nnn)):  -  col3: 186765840.4 -> 190272499.4, col4: 166382065.8 -> 170082385.8, col9: 557658071.1 -> 564865050.1"
2026-07-13 12:13:58,UTH,CHANGED,"Players Under Contract  -  col3: 174510608.4 -> 178017267.4, col4: 166382065.8 -> 170082385.8"
2026-07-13 12:13:58,UTH,CHANGED,"Full Season Contracts  -  col3: 174510608.4 -> 178017267.4, col4: 166382065.8 -> 170082385.8"
2026-07-13 12:13:58,UTH,CHANGED,"Avg, Salary (Mean) (ALL Compensation Obligations)  -  col6: 14 -> 15"
2026-07-13 12:13:58,UTH,CHANGED,"Avg, Salary (Mean) (No 10-Day K's)  -  col6: 1 -> 0"
2026-07-13 12:25:57,DAL,ADDED,"Biberovic, Tarik"
2026-07-13 12:25:57,DAL,CHANGED,"TEAM SALARY (Art, I §1 (nnn)):  -  col3: 207311827.8 -> 210311827.8, col4: 146031206.2 -> 149031206.2, col9: 465765669.2 -> 471765669.2"
2026-07-13 12:25:57,DAL,CHANGED,"Players Under Contract  -  col3: 177794638.8 -> 180794638.8, col4: 142819990 -> 145819990"
2026-07-13 12:25:57,DAL,CHANGED,"Full Season Contracts  -  col3: 177794638.8 -> 180794638.8, col4: 142819990 -> 145819990"
2026-07-13 12:25:57,DAL,CHANGED,"Avg, Salary (Mean) (ALL Compensation Obligations)  -  col6: 14 -> 15"
2026-07-13 12:25:57,DAL,CHANGED,"Avg, Salary (Mean) (No 10-Day K's)  -  col6: 1 -> 0"
2026-07-13 12:29:57,TOR,REMOVED,"Mamukelashvili, Sandro"
2026-07-13 12:29:57,TOR,CHANGED,"TEAM SALARY (Art, I §1 (nnn)):  -  col3: 212160319.1 -> 209710898.1, col9: 586882927.5 -> 584433506.5"
2026-07-13 12:29:57,TOR,CHANGED,Cap Holds  -  col3: 15497684 -> 13048263
2026-07-13 12:31:57,TOR,CHANGED,"TEAM SALARY (Art, I §1 (nnn)):  -  col3: 209710898.1 -> 215410898.1, col9: 584433506.5 -> 590133506.5"
2026-07-13 12:31:57,TOR,CHANGED,Players Under Contract  -  col3: 196662635.1 -> 202362635.1
2026-07-13 12:31:57,TOR,CHANGED,Full Season Contracts  -  col3: 196662635.1 -> 202362635.1
2026-07-13 12:31:57,TOR,CHANGED,"Avg, Salary (Mean) (ALL Compensation Obligations)  -  col6: 14 -> 15"
2026-07-13 12:31:57,TOR,CHANGED,"Avg, Salary (Mean) (No 10-Day K's)  -  col6: 1 -> 0"
2026-07-13 12:31:57,Luxury Tax Calculator,CHANGED,Luxury Tax  -  col29: 8767635.14 -> 14467635.14
2026-07-13 12:31:57,Luxury Tax Calculator,CHANGED,2nd Incremental Tax Bracket  -  col29: 3853293.925 -> 7106250
2026-07-13 12:31:57,Luxury Tax Calculator,CHANGED,3rd Incremental Tax Bracket  -  col29: 0 -> 10841722.99
2026-07-13 12:31:57,Luxury Tax Calculator,CHANGED,Tax Liability  -  col29: 9538293.925 -> 23632972.99
2026-07-13 12:32:59,TOR,ADDED,"Bittle, Nathan"
2026-07-13 12:32:59,TOR,CHANGED,"TEAM SALARY (Art, I §1 (nnn)):  -  col3: 215410898.1 -> 211068661.1, col9: 590133506.5 -> 585791269.5"
2026-07-13 12:32:59,TOR,CHANGED,Players Under Contract  -  col3: 202362635.1 -> 198020398.1
2026-07-13 12:32:59,TOR,CHANGED,Full Season Contracts  -  col3: 202362635.1 -> 198020398.1
2026-07-13 12:32:59,Luxury Tax Calculator,CHANGED,Luxury Tax  -  col29: 14467635.14 -> 10125398.14
2026-07-13 12:32:59,Luxury Tax Calculator,CHANGED,2nd Incremental Tax Bracket  -  col29: 7106250 -> 5550497.675
2026-07-13 12:32:59,Luxury Tax Calculator,CHANGED,3rd Incremental Tax Bracket  -  col29: 10841722.99 -> 0
2026-07-13 12:32:59,Luxury Tax Calculator,CHANGED,Tax Liability  -  col29: 23632972.99 -> 11235497.68
2026-07-13 12:35:58,PHL,ADDED,"Miles, De'Marquiese"
2026-07-13 12:35:58,PHL,CHANGED,"TEAM SALARY (Art, I §1 (nnn)):  -  col3: 217314473.3 -> 218672236.3, col9: 652734426.7 -> 654092189.7"
2026-07-13 12:35:58,PHL,CHANGED,Players Under Contract  -  col3: 205595978.3 -> 206953741.3
2026-07-13 12:35:58,PHL,CHANGED,Full Season Contracts  -  col3: 205595978.3 -> 206953741.3
2026-07-13 12:35:58,PHL,CHANGED,"Avg, Salary (Mean) (ALL Compensation Obligations)  -  col6: 14 -> 15"
2026-07-13 12:35:58,PHL,CHANGED,"Avg, Salary (Mean) (No 10-Day K's)  -  col6: 1 -> 0"
2026-07-13 12:35:58,Luxury Tax Calculator,CHANGED,Luxury Tax  -  Luxury Tax Calculator: 17700978.3 -> 19058741.3
2026-07-13 12:35:58,Luxury Tax Calculator,CHANGED,4th Incremental Tax Bracket  -  Luxury Tax Calculator: 3068396.925 -> 9517771.175
2026-07-13 12:35:58,Luxury Tax Calculator,CHANGED,Tax Liability  -  Luxury Tax Calculator: 35757146.93 -> 42206521.18
2026-07-13 12:50:58,POR,ADDED,"Potter, Micah"
2026-07-13 12:50:58,POR,CHANGED,"TEAM SALARY (Art, I §1 (nnn)):  -  col3: 230455741.3 -> 233257087.3, col9: 526003148.4 -> 528804494.4"
2026-07-13 12:50:58,POR,CHANGED,Players Under Contract  -  col3: 194339098.6 -> 197140444.6
2026-07-13 12:50:58,POR,CHANGED,Full Season Contracts  -  col3: 194339098.6 -> 197140444.6
2026-07-13 12:50:58,POR,CHANGED,"Avg, Salary (Mean) (ALL Compensation Obligations)  -  col6: 14 -> 15"
2026-07-13 12:50:58,POR,CHANGED,"Avg, Salary (Mean) (No 10-Day K's)  -  col6: 1 -> 0"
2026-07-13 12:50:58,Luxury Tax Calculator,CHANGED,Luxury Tax  -  col26: 6712130.274 -> 9513476.274
2026-07-13 12:50:58,Luxury Tax Calculator,CHANGED,2nd Incremental Tax Bracket  -  col26: 1283912.843 -> 4785595.343
2026-07-13 12:50:58,Luxury Tax Calculator,CHANGED,Tax Liability  -  col26: 6968912.843 -> 10470595.34
2026-07-13 17:43:58,WAS,CHANGED,"Mahinmi, Ian  -  col3: 23175076.5 -> -, col9: 23175076.5 -> 0"
2026-07-13 17:43:58,WAS,CHANGED,"Nunn, Kendrick  -  col3: 6825000 -> -, col9: 6825000 -> 0"
2026-07-13 17:43:58,WAS,CHANGED,"Gill, Anthony  -  col3: 2449421.0 -> -, col9: 2449421 -> 0"
2026-07-13 17:43:58,WAS,CHANGED,"Lawson, Ty  -  col3: 2449421.0 -> -, col9: 2449421 -> 0"
2026-07-13 17:43:58,WAS,CHANGED,"Napier, Shabazz  -  col3: 2449421.0 -> -, col9: 2449421 -> 0"
2026-07-13 17:43:58,WAS,CHANGED,"Satoransky, Tomas  -  col3: 2449421.0 -> -, col9: 2449421 -> 0"
2026-07-13 17:43:58,WAS,CHANGED,"Sessions, Ramon  -  col3: 2449421.0 -> -, col9: 2449421 -> 0"
2026-07-13 17:43:58,WAS,CHANGED,"Thor, JT  -  col3: 2185116.0 -> -, col9: 2185116 -> 0"
2026-07-13 17:43:58,WAS,CHANGED,"TEAM SALARY (Art, I §1 (nnn)):  -  col3: 236088817.4 -> 191656519.9, col9: 591255601.4 -> 546823303.9"
2026-07-13 17:43:58,WAS,CHANGED,Cap Holds  -  col3: 46617413.5 -> 2185116
2026-07-13 17:44:58,WAS,CHANGED,"Mahinmi, Ian  -  col3: - -> 23175076.5, col9: 0 -> 23175076.5"
2026-07-13 17:44:58,WAS,CHANGED,"Nunn, Kendrick  -  col3: - -> 6825000, col9: 0 -> 6825000"
2026-07-13 17:44:58,WAS,CHANGED,"Gill, Anthony  -  col3: - -> 2449421.0, col9: 0 -> 2449421"
2026-07-13 17:44:58,WAS,CHANGED,"Lawson, Ty  -  col3: - -> 2449421.0, col9: 0 -> 2449421"
2026-07-13 17:44:58,WAS,CHANGED,"Napier, Shabazz  -  col3: - -> 2449421.0, col9: 0 -> 2449421"
2026-07-13 17:44:58,WAS,CHANGED,"Satoransky, Tomas  -  col3: - -> 2449421.0, col9: 0 -> 2449421"
2026-07-13 17:44:58,WAS,CHANGED,"Sessions, Ramon  -  col3: - -> 2449421.0, col9: 0 -> 2449421"
2026-07-13 17:44:58,WAS,CHANGED,"Thor, JT  -  col3: - -> 2185116.0, col9: 0 -> 2185116"
2026-07-13 17:44:58,WAS,CHANGED,"TEAM SALARY (Art, I §1 (nnn)):  -  col3: 191656519.9 -> 236088817.4, col9: 546823303.9 -> 591255601.4"
2026-07-13 17:44:58,WAS,CHANGED,Cap Holds  -  col3: 2185116 -> 46617413.5
2026-07-13 17:45:59,MIN,CHANGED,"Turner, Evan  -  col3: 27909834.0 -> -, col9: 27909834 -> 0"
2026-07-13 17:45:59,MIN,CHANGED,"Brooks, Aaron  -  col3: 2449421.0 -> -, col9: 2449421 -> 0"
2026-07-13 17:45:59,MIN,CHANGED,"Ingles, Joe  -  col3: 2449421.0 -> -, col9: 2449421 -> 0"
2026-07-13 17:45:59,MIN,CHANGED,"Monroe, Greg  -  col3: 2449421.0 -> -, col9: 2449421 -> 0"
2026-07-13 17:45:59,MIN,CHANGED,"Phillips, Julian  -  col3: 2449421.0 -> -, col9: 2449421 -> 0"
2026-07-13 17:45:59,MIN,CHANGED,"Rivers, Austin  -  col3: 2449421.0 -> -, col9: 2449421 -> 0"
2026-07-13 17:45:59,MIN,CHANGED,"TEAM SALARY (Art, I §1 (nnn)):  -  col3: 243364384 -> 203207445, col9: 661416617.6 -> 621259678.6"
2026-07-13 17:45:59,MIN,CHANGED,Cap Holds  -  col3: 40156939 -> 0
2026-07-13 17:46:58,MIN,CHANGED,"Turner, Evan  -  col3: - -> 27909834.0, col9: 0 -> 27909834"
2026-07-13 17:46:58,MIN,CHANGED,"Brooks, Aaron  -  col3: - -> 2449421.0, col9: 0 -> 2449421"
2026-07-13 17:46:58,MIN,CHANGED,"Ingles, Joe  -  col3: - -> 2449421.0, col9: 0 -> 2449421"
2026-07-13 17:46:58,MIN,CHANGED,"Monroe, Greg  -  col3: - -> 2449421.0, col9: 0 -> 2449421"
2026-07-13 17:46:58,MIN,CHANGED,"Phillips, Julian  -  col3: - -> 2449421.0, col9: 0 -> 2449421"
2026-07-13 17:46:58,MIN,CHANGED,"Rivers, Austin  -  col3: - -> 2449421.0, col9: 0 -> 2449421"
2026-07-13 17:46:58,MIN,CHANGED,"TEAM SALARY (Art, I §1 (nnn)):  -  col3: 203207445 -> 243364384, col9: 621259678.6 -> 661416617.6"
2026-07-13 17:46:58,MIN,CHANGED,Cap Holds  -  col3: 0 -> 40156939
2026-07-14 09:58:59,Luxury Tax Calculator,CHANGED,"Luxury Tax  -  col2: 2339892 -> 0, col3: 10827406 -> 0, col9: 16859486 -> 4326486, col12: 10204620 -> 0, col13: 18404932.6 -> 5871932.6, col15: 9648780 -> 0, (+13 more)"
2026-07-14 09:58:59,Luxury Tax Calculator,CHANGED,"1st Incremental Tax Bracket  -  col2: 2339892 -> 0, col3: 17055000 -> 0, col9: 17055000 -> 12979458, col12: 5685000 -> 0, col15: 17055000 -> 0, col17: 5685000 -> 0, (+7 more)"
2026-07-14 09:58:59,Luxury Tax Calculator,CHANGED,"2nd Incremental Tax Bracket  -  col3: 16712819.5 -> 0, col9: 18476250 -> 0, col12: 5649525 -> 0, col13: 7106250 -> 233665.75, col15: 12882285 -> 0, col17: 5699793.75 -> 0, (+7 more)"
2026-07-14 09:58:59,Luxury Tax Calculator,CHANGED,"3rd Incremental Tax Bracket  -  col9: 30192173 -> 0, col13: 19897500 -> 0, col19: 13798557.5 -> 0, Luxury Tax Calculator: 19897500 -> 0, col25: 31267500 -> 0"
2026-07-14 09:58:59,Luxury Tax Calculator,CHANGED,"4th Incremental Tax Bracket  -  col13: 6412179.85 -> 0, col21: 27003750 -> 4413852, col23: 27003750 -> 1816020.19, Luxury Tax Calculator: 9517771.175 -> 0, col25: 38373750 -> 0"
2026-07-14 09:58:59,Luxury Tax Calculator,CHANGED,"5th Incremental Tax Bracket  -  col21: 29846250 -> 0, col23: 29846250 -> 0, col25: 690508.2976 -> 0"
2026-07-14 09:58:59,Luxury Tax Calculator,CHANGED,"6th Incremental Tax Bracket  -  col21: 12030334 -> 0, col22: 32688750 -> 18105105.5, col23: 8885590.23 -> 0"
2026-07-14 09:58:59,Luxury Tax Calculator,CHANGED,7th Incremental Tax Bracket  -  col22: 35531250 -> 0
2026-07-14 09:58:59,Luxury Tax Calculator,CHANGED,8th Incremental Tax Bracket  -  col22: 29104069.5 -> 0
2026-07-14 09:58:59,Luxury Tax Calculator,CHANGED,"Tax Liability  -  col2: 2339892 -> 0, col3: 33767819.5 -> 0, col9: 65723423 -> 12979458, col12: 11334525 -> 0, col13: 39100929.85 -> 5918665.75, col15: 29937285 -> 0, (+13 more)"
2026-07-15 09:10:58,SAN,CHANGED,"McLaughlin, Jordan  -  TEAM SALARY CAP REPORT
       -  SAN ANTONIO SPURS: 4 - CAP HOLD -> 1 - FULL SEASON"
2026-07-15 09:10:58,SAN,CHANGED,Players Under Contract  -  col3: 195830545.7 -> 198279966.7
2026-07-15 09:10:58,SAN,CHANGED,Full Season Contracts  -  col3: 195830545.7 -> 198279966.7
2026-07-15 09:10:58,SAN,CHANGED,Cap Holds  -  col3: 35343415.81 -> 32893994.81
2026-07-15 09:10:58,SAN,CHANGED,"Avg, Salary (Mean) (ALL Compensation Obligations)  -  col6: 13 -> 14"
2026-07-15 09:10:58,SAN,CHANGED,"Avg, Salary (Mean) (No 10-Day K's)  -  col6: 2 -> 1"
2026-07-15 09:15:00,DEN,CHANGED,"Jones, Tyus  -  TEAM SALARY CAP REPORT
       -  DENVER NUGGETS: 4 - CAP HOLD -> 1 - FULL SEASON"
2026-07-15 09:15:00,DEN,CHANGED,Players Under Contract  -  col3: 202754486 -> 205203907
2026-07-15 09:15:00,DEN,CHANGED,Full Season Contracts  -  col3: 202754486 -> 205203907
2026-07-15 09:15:00,DEN,CHANGED,Cap Holds  -  col3: 34849911.4 -> 32400490.4
2026-07-15 09:15:00,DEN,CHANGED,"Avg, Salary (Mean) (ALL Compensation Obligations)  -  col6: 9 -> 10"
2026-07-15 09:15:00,DEN,CHANGED,"Avg, Salary (Mean) (No 10-Day K's)  -  col6: 6 -> 5"
2026-07-15 09:15:00,DEN,CHANGED,"Avg, Salary (Mean) (No 10-Day K's & ROS)  -  col6: 4 -> 3"
2026-07-15 09:15:00,PHX,ADDED,"Kennard, Luke"
2026-07-15 09:15:00,PHX,CHANGED,"TEAM SALARY (Art, I §1 (nnn)):  -  col3: 234167232.5 -> 240231232.5, col4: 169805463.1 -> 176172663.1, col9: 668234058.4 -> 680665258.4"
2026-07-15 09:15:00,PHX,CHANGED,"Players Under Contract  -  col3: 187533192 -> 193597192, col4: 147315310.2 -> 153682510.2"
2026-07-15 09:15:00,PHX,CHANGED,"Full Season Contracts  -  col3: 187533192 -> 193597192, col4: 147315310.2 -> 153682510.2"
2026-07-15 09:15:00,PHX,CHANGED,"Avg, Salary (Mean) (ALL Compensation Obligations)  -  col6: 14 -> 15"
2026-07-15 09:15:00,PHX,CHANGED,"Avg, Salary (Mean) (No 10-Day K's)  -  col6: 1 -> 0"
2026-07-15 09:15:00,Luxury Tax Calculator,CHANGED,"Luxury Tax  -  col9: 4326486 -> 6775907, col25: 10302242.52 -> 16366242.52"
2026-07-15 09:15:00,Luxury Tax Calculator,CHANGED,1st Incremental Tax Bracket  -  col9: 12979458 -> 17055000
2026-07-15 09:15:00,Luxury Tax Calculator,CHANGED,"2nd Incremental Tax Bracket  -  col9: 0 -> 3545447.75, col25: 15006038.2 -> 18476250"
2026-07-15 09:15:00,Luxury Tax Calculator,CHANGED,3rd Incremental Tax Bracket  -  col25: 0 -> 27479333.88
2026-07-15 09:15:00,Luxury Tax Calculator,CHANGED,"Tax Liability  -  col9: 12979458 -> 20600447.75, col25: 32061038.2 -> 63010583.88"
2026-07-15 09:23:59,MEM,CHANGED,"Boozer, Cameron  -  TEAM SALARY CAP REPORT
       -  MEMPHIS GRIZZLIES: 6 - DRAFT PICK -> 1 - FULL SEASON"
2026-07-15 09:23:59,MEM,CHANGED,"Players Under Contract  -  col3: 143788782.9 -> 155638542.9, col4: 101754422.9 -> 114196262.9, col5: 26475740 -> 39510620, col6: 0 -> 16476088.32"
2026-07-15 09:23:59,MEM,CHANGED,"Full Season Contracts  -  col3: 143788782.9 -> 155638542.9, col4: 101754422.9 -> 114196262.9, col5: 26475740 -> 39510620, col6: 0 -> 16476088.32"
2026-07-15 09:23:59,MEM,CHANGED,"Draft Picks  -  col3: 15596520 -> 3746760, col4: 16376160 -> 3934320, col5: 17156640 -> 4121760, col6: 23042052 -> 6565963.68"
2026-07-15 09:23:59,MEM,CHANGED,"Avg, Salary (Mean) (ALL Compensation Obligations)  -  col6: 18 -> 19"
2026-07-15 10:42:59,DEN,ADDED,"Diallo, Alpha"
2026-07-15 10:42:59,DEN,CHANGED,"TEAM SALARY (Art, I §1 (nnn)):  -  col3: 242253818.4 -> 243611581.4, col9: 640889400.7 -> 642247163.7"
2026-07-15 10:42:59,DEN,CHANGED,Players Under Contract  -  col3: 205203907 -> 206561670
2026-07-15 10:42:59,DEN,CHANGED,Full Season Contracts  -  col3: 205203907 -> 206561670
2026-07-15 10:42:59,DEN,CHANGED,"Avg, Salary (Mean) (ALL Compensation Obligations)  -  col6: 10 -> 11"
2026-07-15 10:42:59,DEN,CHANGED,"Avg, Salary (Mean) (No 10-Day K's)  -  col6: 5 -> 4"
2026-07-15 10:42:59,DEN,CHANGED,"Avg, Salary (Mean) (No 10-Day K's & ROS)  -  col6: 3 -> 2"
2026-07-15 10:42:59,Luxury Tax Calculator,CHANGED,Luxury Tax  -  col9: 6775907 -> 8133670
2026-07-15 10:42:59,Luxury Tax Calculator,CHANGED,2nd Incremental Tax Bracket  -  col9: 3545447.75 -> 7958177.5
2026-07-15 10:42:59,Luxury Tax Calculator,CHANGED,Tax Liability  -  col9: 20600447.75 -> 25013177.5
2026-07-15 10:46:58,BOS,ADDED,"Uzan, Milos"
2026-07-15 10:46:58,BOS,CHANGED,"TEAM SALARY (Art, I §1 (nnn)):  -  col3: 207991480 -> 209349243, col9: 690576539.8 -> 691934302.8"
2026-07-15 10:46:58,BOS,CHANGED,Players Under Contract  -  col3: 198722406 -> 200080169
2026-07-15 10:46:58,BOS,CHANGED,Full Season Contracts  -  col3: 198722406 -> 200080169
2026-07-15 10:46:58,BOS,CHANGED,"Avg, Salary (Mean) (ALL Compensation Obligations)  -  col6: 14 -> 15"
2026-07-15 10:46:58,BOS,CHANGED,"Avg, Salary (Mean) (No 10-Day K's)  -  col6: 1 -> 0"
2026-07-15 10:53:58,BOS,ADDED,"DeVries, Tucker"
2026-07-15 10:53:58,BOS,CHANGED,"TEAM SALARY (Art, I §1 (nnn)):  -  col3: 209349243 -> 210707006, col9: 691934302.8 -> 693292065.8"
2026-07-15 10:53:58,BOS,CHANGED,Players Under Contract  -  col3: 200080169 -> 201437932
2026-07-15 10:53:58,BOS,CHANGED,Full Season Contracts  -  col3: 200080169 -> 201437932
2026-07-15 10:53:58,BOS,CHANGED,"Avg, Salary (Mean) (ALL Compensation Obligations)  -  col6: 15 -> 16"
2026-07-15 10:53:58,Luxury Tax Calculator,CHANGED,Luxury Tax  -  col3: 0 -> 1009932
2026-07-15 10:53:58,Luxury Tax Calculator,CHANGED,1st Incremental Tax Bracket  -  col3: 0 -> 3029796
2026-07-15 10:53:58,Luxury Tax Calculator,CHANGED,Tax Liability  -  col3: 0 -> 3029796
2026-07-16 08:57:44,CHA,CHANGED,"Finney-Smith, Dorian  -  col3: 13335000.0 -> 14196974.4, col9: 40005000 -> 40866974.4"
2026-07-16 08:57:44,CHA,CHANGED,"TEAM SALARY (Art, I §1 (nnn)):  -  col3: 189161966.6 -> 190023941, col9: 472754954 -> 473616928.4"
2026-07-16 08:57:44,CHA,CHANGED,Players Under Contract  -  col3: 186712545.6 -> 187574520
2026-07-16 08:57:44,CHA,CHANGED,Full Season Contracts  -  col3: 186712545.6 -> 187574520
2026-07-16 11:30:46,DEN,CHANGED,"TEAM SALARY (Art, I §1 (nnn)):  -  col3: 243611581.4 -> 246061002.4, col9: 642247163.7 -> 644696584.7"
2026-07-16 11:30:46,DEN,CHANGED,Cap Holds  -  col3: 32400490.4 -> 34849911.4
2026-07-16 11:31:07,DEN,ADDED,"Jones, Tyus #2"
2026-07-16 11:31:07,DEN,ADDED,"Bagley, Marvin"
2026-07-16 11:31:07,DEN,CHANGED,"TEAM SALARY (Art, I §1 (nnn)):  -  col3: 246061002.4 -> 248510423.4, col9: 644696584.7 -> 647146005.7"
2026-07-16 11:31:07,DEN,CHANGED,Players Under Contract  -  col3: 206561670 -> 211460512
2026-07-16 11:31:07,DEN,CHANGED,Full Season Contracts  -  col3: 206561670 -> 211460512
2026-07-16 11:31:07,DEN,CHANGED,Cap Holds  -  col3: 34849911.4 -> 32400490.4
2026-07-16 11:31:07,DEN,CHANGED,"Avg, Salary (Mean) (ALL Compensation Obligations)  -  col6: 11 -> 13"
2026-07-16 11:31:07,DEN,CHANGED,"Avg, Salary (Mean) (No 10-Day K's)  -  col6: 4 -> 2"
2026-07-16 11:31:07,DEN,CHANGED,"Avg, Salary (Mean) (No 10-Day K's & ROS)  -  col6: 2 -> 0"
2026-07-16 11:31:07,Luxury Tax Calculator,CHANGED,Luxury Tax  -  col9: 8133670 -> 13032512
2026-07-16 11:31:07,Luxury Tax Calculator,CHANGED,2nd Incremental Tax Bracket  -  col9: 7958177.5 -> 18476250
2026-07-16 11:31:07,Luxury Tax Calculator,CHANGED,3rd Incremental Tax Bracket  -  col9: 0 -> 9143816
2026-07-16 11:31:07,Luxury Tax Calculator,CHANGED,Tax Liability  -  col9: 25013177.5 -> 44675066
2026-07-16 11:31:45,DEN,REMOVED,"Jones, Tyus #2"
2026-07-16 11:31:45,DEN,CHANGED,"TEAM SALARY (Art, I §1 (nnn)):  -  col3: 248510423.4 -> 246061002.4, col9: 647146005.7 -> 644696584.7"
2026-07-16 11:31:45,DEN,CHANGED,Players Under Contract  -  col3: 211460512 -> 209011091
2026-07-16 11:31:45,DEN,CHANGED,Full Season Contracts  -  col3: 211460512 -> 209011091
2026-07-16 11:31:45,DEN,CHANGED,"Avg, Salary (Mean) (ALL Compensation Obligations)  -  col6: 13 -> 12"
2026-07-16 11:31:45,DEN,CHANGED,"Avg, Salary (Mean) (No 10-Day K's)  -  col6: 2 -> 3"
2026-07-16 11:31:45,DEN,CHANGED,"Avg, Salary (Mean) (No 10-Day K's & ROS)  -  col6: 0 -> 1"
2026-07-16 11:31:45,Luxury Tax Calculator,CHANGED,Luxury Tax  -  col9: 13032512 -> 10583091
2026-07-16 11:31:45,Luxury Tax Calculator,CHANGED,2nd Incremental Tax Bracket  -  col9: 18476250 -> 15918795.75
2026-07-16 11:31:45,Luxury Tax Calculator,CHANGED,3rd Incremental Tax Bracket  -  col9: 9143816 -> 0
2026-07-16 11:31:45,Luxury Tax Calculator,CHANGED,Tax Liability  -  col9: 44675066 -> 32973795.75
2026-07-16 11:32:45,MIL,CHANGED,"Trent Jr., Gary  -  col3: 2449421.0 -> 15200000.0, col9: 2449421 -> 15200000"
2026-07-16 11:32:45,MIL,CHANGED,"TEAM SALARY (Art, I §1 (nnn)):  -  col3: 183652128.2 -> 196402707.2, col9: 430594149.6 -> 443344728.6"
2026-07-16 11:32:45,MIL,CHANGED,Cap Holds  -  col3: 7348263 -> 20098842
2026-07-16 11:32:58,MIL,CHANGED,"Trent Jr., Gary  -  col4: - -> 16400000.0, col5: - -> 16400000.0, col6: - -> 16000000.0, col9: 15200000 -> 64000000"
2026-07-16 11:32:58,MIL,CHANGED,"TEAM SALARY (Art, I §1 (nnn)):  -  col4: 100358556.2 -> 116758556.2, col5: 91045148.2 -> 107445148.2, col6: 55538317 -> 71538317, col9: 443344728.6 -> 492144728.6"
2026-07-16 11:32:58,MIL,CHANGED,"Cap Holds  -  col4: 0 -> 16400000, col5: 0 -> 16400000, col6: 0 -> 16000000"
2026-07-16 11:33:57,MIL,CHANGED,"Trent Jr., Gary  -  TEAM SALARY CAP REPORT
       -  MILWAUKEE BUCKS: 4 - CAP HOLD -> 1 - FULL SEASON"
2026-07-16 11:33:57,MIL,CHANGED,"Players Under Contract  -  col3: 153120595.4 -> 168320595.4, col4: 77175286.36 -> 93575286.36, col5: 68528545 -> 84928545, col6: 33021713.8 -> 49021713.8"
2026-07-16 11:33:57,MIL,CHANGED,"Full Season Contracts  -  col3: 153120595.4 -> 168320595.4, col4: 77175286.36 -> 93575286.36, col5: 68528545 -> 84928545, col6: 33021713.8 -> 49021713.8"
2026-07-16 11:33:57,MIL,CHANGED,"Cap Holds  -  col3: 20098842 -> 4898842, col4: 16400000 -> 0, col5: 16400000 -> 0, col6: 16000000 -> 0"
2026-07-16 11:33:57,MIL,CHANGED,"Avg, Salary (Mean) (ALL Compensation Obligations)  -  col6: 16 -> 17"
2026-07-20 07:15:53,ATL,ADDED,"Nembhard, Ryan"
2026-07-20 07:15:53,ATL,ADDED,"Dort, Luguentz"
2026-07-20 07:15:53,ATL,ADDED,"Okongwu, Onyeka #2"
2026-07-20 07:15:53,ATL,ADDED,"Alexander-Walker, Nickeil #2"
2026-07-20 07:15:53,ATL,ADDED,"Okongwu, Onyeka #3"
2026-07-20 07:15:53,ATL,ADDED,"Landale, Jock #2"
2026-07-20 07:15:53,ATL,ADDED,"Kispert, Corey #2"
2026-07-20 07:15:53,ATL,CHANGED,"TEAM SALARY (Art, I §1 (nnn)):  -  col3: 251067692 -> 345659541, col4: 160360648.8 -> 222332448.8, col5: 125807332 -> 167827222, col9: 611882082.6 -> 810465621.6"
2026-07-20 07:15:53,ATL,CHANGED,"Players Under Contract  -  col3: 190234892 -> 284826741, col4: 160360648.8 -> 222332448.8, col5: 125807332 -> 167827222"
2026-07-20 07:15:53,ATL,CHANGED,"Full Season Contracts  -  col3: 190234892 -> 284826741, col4: 160360648.8 -> 222332448.8, col5: 125807332 -> 167827222"
2026-07-20 07:15:53,ATL,CHANGED,"Avg, Salary (Mean) (ALL Compensation Obligations)  -  col6: 16 -> 23"
2026-07-20 07:15:53,DAL,ADDED,"Risacher, Zaccharie"
2026-07-20 07:15:53,DAL,CHANGED,"TEAM SALARY (Art, I §1 (nnn)):  -  col3: 210311827.8 -> 224137867.8, col4: 149031206.2 -> 166465842.6, col9: 471765669.2 -> 503026345.7"
2026-07-20 07:15:53,DAL,CHANGED,"Players Under Contract  -  col3: 180794638.8 -> 194620678.8, col4: 145819990 -> 163254626.4"
2026-07-20 07:15:53,DAL,CHANGED,"Full Season Contracts  -  col3: 180794638.8 -> 194620678.8, col4: 145819990 -> 163254626.4"
2026-07-20 07:15:53,DAL,CHANGED,"Avg, Salary (Mean) (ALL Compensation Obligations)  -  col6: 15 -> 16"
2026-07-20 07:15:53,Luxury Tax Calculator,CHANGED,Luxury Tax  -  col2: 0 -> 84398741
2026-07-20 07:15:53,Luxury Tax Calculator,CHANGED,1st Incremental Tax Bracket  -  col2: 0 -> 5685000
2026-07-20 07:15:53,Luxury Tax Calculator,CHANGED,2nd Incremental Tax Bracket  -  col2: 0 -> 7106250
2026-07-20 07:15:53,Luxury Tax Calculator,CHANGED,3rd Incremental Tax Bracket  -  col2: 0 -> 19897500
2026-07-20 07:15:53,Luxury Tax Calculator,CHANGED,4th Incremental Tax Bracket  -  col2: 0 -> 27003750
2026-07-20 07:15:53,Luxury Tax Calculator,CHANGED,5th Incremental Tax Bracket  -  col2: 0 -> 29846250
2026-07-20 07:15:53,Luxury Tax Calculator,CHANGED,6th Incremental Tax Bracket  -  col2: 0 -> 32688750
2026-07-20 07:15:53,Luxury Tax Calculator,CHANGED,7th Incremental Tax Bracket  -  col2: 0 -> 35531250
2026-07-20 07:15:53,Luxury Tax Calculator,CHANGED,8th Incremental Tax Bracket  -  col2: 0 -> 38373750
2026-07-20 07:15:53,Luxury Tax Calculator,CHANGED,9th Incremental Tax Bracket  -  col2: 0 -> 41216250
2026-07-20 07:15:53,Luxury Tax Calculator,CHANGED,Tax Liability  -  col2: 0 -> 237348750
2026-07-20 07:16:58,ATL,REMOVED,"Risacher, Zaccharie"
2026-07-20 07:16:58,ATL,REMOVED,"Okongwu, Onyeka #2"
2026-07-20 07:16:58,ATL,REMOVED,"Alexander-Walker, Nickeil #2"
2026-07-20 07:16:58,ATL,REMOVED,"Okongwu, Onyeka #3"
2026-07-20 07:16:58,ATL,REMOVED,"Landale, Jock #2"
2026-07-20 07:16:58,ATL,REMOVED,"Kispert, Corey #2"
2026-07-20 07:16:58,ATL,CHANGED,"Landale, Jock  -  col5: 13050000.0 -> -, col9: 27150000 -> 14100000"
2026-07-20 07:16:58,ATL,CHANGED,"TEAM SALARY (Art, I §1 (nnn)):  -  col3: 345659541 -> 257114791, col4: 222332448.8 -> 142926012.3, col5: 167827222 -> 112757332, col9: 810465621.6 -> 587444545.2"
2026-07-20 07:16:58,ATL,CHANGED,"Players Under Contract  -  col3: 284826741 -> 196281991, col4: 222332448.8 -> 142926012.3, col5: 167827222 -> 112757332"
2026-07-20 07:16:58,ATL,CHANGED,"Full Season Contracts  -  col3: 284826741 -> 196281991, col4: 222332448.8 -> 142926012.3, col5: 167827222 -> 112757332"
2026-07-20 07:16:58,ATL,CHANGED,"Avg, Salary (Mean) (ALL Compensation Obligations)  -  col6: 23 -> 17"
2026-07-20 07:16:58,Luxury Tax Calculator,CHANGED,Luxury Tax  -  col2: 84398741 -> 0
2026-07-20 07:16:58,Luxury Tax Calculator,CHANGED,1st Incremental Tax Bracket  -  col2: 5685000 -> 0
2026-07-20 07:16:58,Luxury Tax Calculator,CHANGED,2nd Incremental Tax Bracket  -  col2: 7106250 -> 0
2026-07-20 07:16:58,Luxury Tax Calculator,CHANGED,3rd Incremental Tax Bracket  -  col2: 19897500 -> 0
2026-07-20 07:16:58,Luxury Tax Calculator,CHANGED,4th Incremental Tax Bracket  -  col2: 27003750 -> 0
2026-07-20 07:16:58,Luxury Tax Calculator,CHANGED,5th Incremental Tax Bracket  -  col2: 29846250 -> 0
2026-07-20 07:16:58,Luxury Tax Calculator,CHANGED,6th Incremental Tax Bracket  -  col2: 32688750 -> 0
2026-07-20 07:16:58,Luxury Tax Calculator,CHANGED,7th Incremental Tax Bracket  -  col2: 35531250 -> 0
2026-07-20 07:16:58,Luxury Tax Calculator,CHANGED,8th Incremental Tax Bracket  -  col2: 38373750 -> 0
2026-07-20 07:16:58,Luxury Tax Calculator,CHANGED,9th Incremental Tax Bracket  -  col2: 41216250 -> 0
2026-07-20 07:16:58,Luxury Tax Calculator,CHANGED,Tax Liability  -  col2: 237348750 -> 0
2026-07-20 07:17:57,DAL,REMOVED,"Nembhard, Ryan"
2026-07-20 07:17:57,DAL,CHANGED,"TEAM SALARY (Art, I §1 (nnn)):  -  col3: 224137867.8 -> 221986950.8, col9: 503026345.7 -> 500875428.7"
2026-07-20 07:17:57,DAL,CHANGED,Players Under Contract  -  col3: 194620678.8 -> 192469761.8
2026-07-20 07:17:57,DAL,CHANGED,Full Season Contracts  -  col3: 194620678.8 -> 192469761.8
2026-07-20 07:17:57,DAL,CHANGED,"Avg, Salary (Mean) (ALL Compensation Obligations)  -  col6: 16 -> 15"
2026-07-20 07:17:57,OKC,REMOVED,"Dort, Luguentz"
2026-07-20 07:17:57,OKC,CHANGED,"TEAM SALARY (Art, I §1 (nnn)):  -  col3: 234186830 -> 216464608, col9: 802586258.8 -> 784864036.8"
2026-07-20 07:17:57,OKC,CHANGED,Players Under Contract  -  col3: 232001714 -> 214279492
2026-07-20 07:17:57,OKC,CHANGED,Full Season Contracts  -  col3: 232001714 -> 214279492
2026-07-20 07:17:57,OKC,CHANGED,"Avg, Salary (Mean) (ALL Compensation Obligations)  -  col6: 15 -> 14"
2026-07-20 07:17:57,OKC,CHANGED,"Avg, Salary (Mean) (No 10-Day K's)  -  col6: 0 -> 1"
2026-07-20 07:17:57,Luxury Tax Calculator,CHANGED,Luxury Tax  -  col22: 31573714 -> 13851492
2026-07-20 07:17:57,Luxury Tax Calculator,CHANGED,3rd Incremental Tax Bracket  -  col22: 19897500 -> 8685222
2026-07-20 07:17:57,Luxury Tax Calculator,CHANGED,4th Incremental Tax Bracket  -  col22: 27003750 -> 0
2026-07-20 07:17:57,Luxury Tax Calculator,CHANGED,5th Incremental Tax Bracket  -  col22: 29846250 -> 0
2026-07-20 07:17:57,Luxury Tax Calculator,CHANGED,6th Incremental Tax Bracket  -  col22: 18105105.5 -> 0
2026-07-20 07:17:57,Luxury Tax Calculator,CHANGED,Tax Liability  -  col22: 107643855.5 -> 21476472
2026-07-20 07:18:57,LAL,ADDED,"Looney, Kevon #2"
2026-07-20 07:18:57,LAL,CHANGED,"TEAM SALARY (Art, I §1 (nnn)):  -  col3: 197543780 -> 199993201, col9: 689116316.5 -> 691565737.5"
2026-07-20 07:18:57,LAL,CHANGED,Players Under Contract  -  col3: 197543780 -> 199993201
2026-07-20 07:18:57,LAL,CHANGED,Full Season Contracts  -  col3: 197543780 -> 199993201
2026-07-20 07:18:57,LAL,CHANGED,"Avg, Salary (Mean) (ALL Compensation Obligations)  -  col6: 14 -> 15"
2026-07-20 07:18:57,LAL,CHANGED,"Avg, Salary (Mean) (No 10-Day K's)  -  col6: 1 -> 0"
2026-07-20 07:19:58,LAL,ADDED,"Williams, Ziaire"
2026-07-20 07:19:58,LAL,REMOVED,"Looney, Kevon #2"
2026-07-20 07:26:59,DAL,ADDED,"Cisse, Moussa"
2026-07-20 07:26:59,DAL,CHANGED,"TEAM SALARY (Art, I §1 (nnn)):  -  col3: 221986950.8 -> 224172066.8, col4: 166465842.6 -> 169037737.6, col9: 500875428.7 -> 505632439.7"
2026-07-20 07:26:59,DAL,CHANGED,"Players Under Contract  -  col3: 192469761.8 -> 194654877.8, col4: 163254626.4 -> 165826521.4"
2026-07-20 07:26:59,DAL,CHANGED,"Full Season Contracts  -  col3: 192469761.8 -> 194654877.8, col4: 163254626.4 -> 165826521.4"
2026-07-20 07:26:59,DAL,CHANGED,"Avg, Salary (Mean) (ALL Compensation Obligations)  -  col6: 15 -> 16"
2026-07-20 07:27:58,DAL,ADDED,"Cisse, Moussa #2"
2026-07-20 07:27:58,DAL,CHANGED,"TEAM SALARY (Art, I §1 (nnn)):  -  col3: 224172066.8 -> 226357182.8, col4: 169037737.6 -> 171609632.6, col9: 505632439.7 -> 510389450.7"
2026-07-20 07:27:58,DAL,CHANGED,"Players Under Contract  -  col3: 194654877.8 -> 196839993.8, col4: 165826521.4 -> 168398416.4"
2026-07-20 07:27:58,DAL,CHANGED,"Full Season Contracts  -  col3: 194654877.8 -> 196839993.8, col4: 165826521.4 -> 168398416.4"
2026-07-20 07:27:58,DAL,CHANGED,"Avg, Salary (Mean) (ALL Compensation Obligations)  -  col6: 16 -> 17"
2026-07-20 07:28:57,DAL,REMOVED,"Cisse, Moussa #2"
2026-07-20 07:28:57,DAL,CHANGED,"TEAM SALARY (Art, I §1 (nnn)):  -  col3: 226357182.8 -> 224172066.8, col4: 171609632.6 -> 169037737.6, col9: 510389450.7 -> 505632439.7"
2026-07-20 07:28:57,DAL,CHANGED,"Players Under Contract  -  col3: 196839993.8 -> 194654877.8, col4: 168398416.4 -> 165826521.4"
2026-07-20 07:28:57,DAL,CHANGED,"Full Season Contracts  -  col3: 196839993.8 -> 194654877.8, col4: 168398416.4 -> 165826521.4"
2026-07-20 07:28:57,DAL,CHANGED,"Avg, Salary (Mean) (ALL Compensation Obligations)  -  col6: 17 -> 16"
2026-07-21 16:59:58,BOS,CHANGED,"DeVries, Tucker  -  col3: 1357763.0 -> -, col9: 1357763 -> 0"
2026-07-21 16:59:58,BOS,CHANGED,"Uzan, Milos  -  col3: 1357763.0 -> -, col9: 1357763 -> 0"
2026-07-21 16:59:58,BOS,CHANGED,"Craig, Torrey  -  col3: 2449421.0 -> -, col9: 2449421 -> 0"
2026-07-21 16:59:58,BOS,CHANGED,"Griffin, Blake  -  col3: 2449421.0 -> -, col9: 2449421 -> 0"
2026-07-21 16:59:58,BOS,CHANGED,"Kabengele, Mfiondu  -  col3: 2185116.0 -> -, col9: 2185116 -> 0"
2026-07-21 16:59:58,BOS,CHANGED,"Shulga, Max  -  col3: 2185116.0 -> -, col9: 2185116 -> 0"
2026-07-21 16:59:58,BOS,CHANGED,"TEAM SALARY (Art, I §1 (nnn)):  -  col3: 210707006 -> 198722406, col9: 693292065.8 -> 681307465.8"
2026-07-21 16:59:58,BOS,CHANGED,Players Under Contract  -  col3: 201437932 -> 198722406
2026-07-21 16:59:58,BOS,CHANGED,Full Season Contracts  -  col3: 201437932 -> 198722406
2026-07-21 16:59:58,BOS,CHANGED,Cap Holds  -  col3: 9269074 -> 0
2026-07-21 16:59:58,Luxury Tax Calculator,CHANGED,Luxury Tax  -  col3: 1009932 -> 0
2026-07-21 16:59:58,Luxury Tax Calculator,CHANGED,1st Incremental Tax Bracket  -  col3: 3029796 -> 0
2026-07-21 16:59:58,Luxury Tax Calculator,CHANGED,Tax Liability  -  col3: 3029796 -> 0
2026-07-21 17:00:57,BOS,CHANGED,"DeVries, Tucker  -  col3: - -> 1357763.0, col9: 0 -> 1357763"
2026-07-21 17:00:57,BOS,CHANGED,"Uzan, Milos  -  col3: - -> 1357763.0, col9: 0 -> 1357763"
2026-07-21 17:00:57,BOS,CHANGED,"Craig, Torrey  -  col3: - -> 2449421.0, col9: 0 -> 2449421"
2026-07-21 17:00:57,BOS,CHANGED,"Griffin, Blake  -  col3: - -> 2449421.0, col9: 0 -> 2449421"
2026-07-21 17:00:57,BOS,CHANGED,"Kabengele, Mfiondu  -  col3: - -> 2185116.0, col9: 0 -> 2185116"
2026-07-21 17:00:57,BOS,CHANGED,"Shulga, Max  -  col3: - -> 2185116.0, col9: 0 -> 2185116"
2026-07-21 17:00:57,BOS,CHANGED,"TEAM SALARY (Art, I §1 (nnn)):  -  col3: 198722406 -> 210707006, col9: 681307465.8 -> 693292065.8"
2026-07-21 17:00:57,BOS,CHANGED,Players Under Contract  -  col3: 198722406 -> 201437932
2026-07-21 17:00:57,BOS,CHANGED,Full Season Contracts  -  col3: 198722406 -> 201437932
2026-07-21 17:00:57,BOS,CHANGED,Cap Holds  -  col3: 0 -> 9269074
2026-07-21 17:00:57,Luxury Tax Calculator,CHANGED,Luxury Tax  -  col3: 0 -> 1009932
2026-07-21 17:00:57,Luxury Tax Calculator,CHANGED,1st Incremental Tax Bracket  -  col3: 0 -> 3029796
2026-07-21 17:00:57,Luxury Tax Calculator,CHANGED,Tax Liability  -  col3: 0 -> 3029796
2026-07-24 07:49:46,BOS,CHANGED,"Walsh, Jordan  -  col4: - -> 5000000.0, col5: - -> 5250000.0, col6: - -> 5500000.0, col9: 2406205 -> 18156205"
2026-07-24 07:49:46,BOS,CHANGED,"TEAM SALARY (Art, I §1 (nnn)):  -  col4: 214682470.2 -> 219682470.2, col5: 156745847 -> 161995847, col6: 95656742.6 -> 101156742.6, col9: 693292065.8 -> 709042065.8"
2026-07-24 07:49:46,BOS,CHANGED,"Players Under Contract  -  col4: 214682470.2 -> 219682470.2, col5: 156745847 -> 161995847, col6: 95656742.6 -> 101156742.6"
2026-07-24 07:49:46,BOS,CHANGED,"Full Season Contracts  -  col4: 214682470.2 -> 219682470.2, col5: 156745847 -> 161995847, col6: 95656742.6 -> 101156742.6"
2026-07-24 07:49:46,HOU,ADDED,"Crawford, Isaiah"
2026-07-24 07:49:46,HOU,CHANGED,"Tate, Jae'Sean  -  TEAM SALARY CAP REPORT
       -  HOUSTON ROCKETS: 4 - CAP HOLD -> 1 - FULL SEASON"
2026-07-24 07:49:46,HOU,CHANGED,"TEAM SALARY (Art, I §1 (nnn)):  -  col3: 212531841 -> 214981262, col4: 162309335.3 -> 164973736.3, col5: 81676363 -> 84564556, col6: 84915892 -> 88188658, col9: 587410214.3 -> 598684995.3"
2026-07-24 07:49:46,HOU,CHANGED,"Players Under Contract  -  col3: 198099620 -> 202998462, col4: 162309335.3 -> 164973736.3, col5: 81676363 -> 84564556, col6: 84915892 -> 88188658"
2026-07-24 07:49:46,HOU,CHANGED,"Full Season Contracts  -  col3: 198099620 -> 202998462, col4: 162309335.3 -> 164973736.3, col5: 81676363 -> 84564556, col6: 84915892 -> 88188658"
2026-07-24 07:49:46,HOU,CHANGED,Cap Holds  -  col3: 14432221 -> 11982800
2026-07-24 07:49:46,HOU,CHANGED,"Avg, Salary (Mean) (ALL Compensation Obligations)  -  col6: 13 -> 15"
2026-07-24 07:49:46,HOU,CHANGED,"Avg, Salary (Mean) (No 10-Day K's)  -  col6: 2 -> 0"
2026-07-24 07:49:46,Luxury Tax Calculator,CHANGED,Luxury Tax  -  col12: 0 -> 2570462
2026-07-24 07:49:46,Luxury Tax Calculator,CHANGED,1st Incremental Tax Bracket  -  col12: 0 -> 2570462
2026-07-24 07:49:46,Luxury Tax Calculator,CHANGED,Tax Liability  -  col12: 0 -> 2570462
2026-07-26 16:16:57,PHL,REMOVED,"Terry, Dalen"
2026-07-26 16:16:57,PHL,CHANGED,"TEAM SALARY (Art, I §1 (nnn)):  -  col3: 218672236.3 -> 216087697.3, col9: 654092189.7 -> 651507650.7"
2026-07-26 16:16:57,PHL,CHANGED,Players Under Contract  -  col3: 206953741.3 -> 204369202.3
2026-07-26 16:16:57,PHL,CHANGED,Full Season Contracts  -  col3: 206953741.3 -> 204369202.3
2026-07-26 16:16:57,PHL,CHANGED,"Avg, Salary (Mean) (ALL Compensation Obligations)  -  col6: 15 -> 14"
2026-07-26 16:16:57,PHL,CHANGED,"Avg, Salary (Mean) (No 10-Day K's)  -  col6: 0 -> 1"
2026-07-26 16:16:57,Luxury Tax Calculator,CHANGED,Luxury Tax  -  Luxury Tax Calculator: 6525741.3 -> 3941202.3
2026-07-26 16:16:57,Luxury Tax Calculator,CHANGED,1st Incremental Tax Bracket  -  Luxury Tax Calculator: 5685000 -> 3941202.3
2026-07-26 16:16:57,Luxury Tax Calculator,CHANGED,2nd Incremental Tax Bracket  -  Luxury Tax Calculator: 1050926.625 -> 0
2026-07-26 16:16:57,Luxury Tax Calculator,CHANGED,Tax Liability  -  Luxury Tax Calculator: 6735926.625 -> 3941202.3
2026-07-27 07:09:00,MEM,CHANGED,"Caldwell-Pope, Kentavious  -  TEAM SALARY CAP REPORT
       -  MEMPHIS GRIZZLIES: 1 - FULL SEASON -> 7 - WAIVED, col3: 21621500.0 -> 17744971.0, col9: 21621500 -> 17744971"
2026-07-27 07:09:00,MEM,CHANGED,"TEAM SALARY (Art, I §1 (nnn)):  -  col3: 163549352.9 -> 159672823.9, col9: 352054367.8 -> 348177838.8"
2026-07-27 07:09:00,MEM,CHANGED,Players Under Contract  -  col3: 155638542.9 -> 134017042.9
2026-07-27 07:09:00,MEM,CHANGED,Full Season Contracts  -  col3: 155638542.9 -> 134017042.9
2026-07-27 07:09:00,MEM,CHANGED,Waived Contracts  -  col3: 4164050 -> 21909021
2026-07-27 07:09:00,MEM,CHANGED,"Avg, Salary (Mean) (ALL Compensation Obligations)  -  col6: 19 -> 18"
2026-07-27 07:18:58,PHL,ADDED,"James, LeBron"
2026-07-27 07:18:58,PHL,CHANGED,"TEAM SALARY (Art, I §1 (nnn)):  -  col3: 216087697.3 -> 219964226.3, col4: 207255956.5 -> 211326311.5, col9: 651507650.7 -> 659454534.7"
2026-07-27 07:18:58,PHL,CHANGED,"Players Under Contract  -  col3: 204369202.3 -> 208245731.3, col4: 207255956.5 -> 211326311.5"
2026-07-27 07:18:58,PHL,CHANGED,"Full Season Contracts  -  col3: 204369202.3 -> 208245731.3, col4: 207255956.5 -> 211326311.5"
2026-07-27 07:18:58,PHL,CHANGED,"Avg, Salary (Mean) (ALL Compensation Obligations)  -  col6: 14 -> 15"
2026-07-27 07:18:58,PHL,CHANGED,"Avg, Salary (Mean) (No 10-Day K's)  -  col6: 1 -> 0"
2026-07-27 07:18:58,Luxury Tax Calculator,CHANGED,Luxury Tax  -  Luxury Tax Calculator: 3941202.3 -> 7817731.3
2026-07-27 07:18:58,Luxury Tax Calculator,CHANGED,1st Incremental Tax Bracket  -  Luxury Tax Calculator: 3941202.3 -> 5685000
2026-07-27 07:18:58,Luxury Tax Calculator,CHANGED,2nd Incremental Tax Bracket  -  Luxury Tax Calculator: 0 -> 2665914.125
2026-07-27 07:18:58,Luxury Tax Calculator,CHANGED,Tax Liability  -  Luxury Tax Calculator: 3941202.3 -> 8350914.125
2026-07-27 07:29:57,NOL,ADDED,"Bufkin, Kobe"
2026-07-27 07:29:57,NOL,CHANGED,"TEAM SALARY (Art, I §1 (nnn)):  -  col3: 212938850.8 -> 215388271.8, col9: 466579805.5 -> 469029226.5"
2026-07-27 07:29:57,NOL,CHANGED,Players Under Contract  -  col3: 192207319.9 -> 194656740.9
2026-07-27 07:29:57,NOL,CHANGED,Full Season Contracts  -  col3: 192207319.9 -> 194656740.9
2026-07-27 07:29:57,NOL,CHANGED,"Avg, Salary (Mean) (ALL Compensation Obligations)  -  col6: 14 -> 15"
2026-07-27 07:29:57,NOL,CHANGED,"Avg, Salary (Mean) (No 10-Day K's)  -  col6: 1 -> 0"
2026-07-27 07:34:58,HOU,ADDED,"Phillips, Julian"
2026-07-27 07:34:58,HOU,CHANGED,"TEAM SALARY (Art, I §1 (nnn)):  -  col3: 214981262 -> 217430683, col9: 598684995.3 -> 601134416.3"
2026-07-27 07:34:58,HOU,CHANGED,Players Under Contract  -  col3: 202998462 -> 205447883
2026-07-27 07:34:58,HOU,CHANGED,Full Season Contracts  -  col3: 202998462 -> 205447883
2026-07-27 07:34:58,HOU,CHANGED,"Avg, Salary (Mean) (ALL Compensation Obligations)  -  col6: 15 -> 16"
2026-07-27 07:34:58,Luxury Tax Calculator,CHANGED,Luxury Tax  -  col12: 2570462 -> 5019883
2026-07-27 07:34:58,Luxury Tax Calculator,CHANGED,1st Incremental Tax Bracket  -  col12: 2570462 -> 5019883
2026-07-27 07:34:58,Luxury Tax Calculator,CHANGED,Tax Liability  -  col12: 2570462 -> 5019883
2026-07-27 07:36:01,UTH,ADDED,"Ingram, Harrison"
2026-07-27 07:36:01,UTH,CHANGED,"TEAM SALARY (Art, I §1 (nnn)):  -  col3: 190272499.4 -> 192721920.4, col9: 564865050.1 -> 567314471.1"
2026-07-27 07:36:01,UTH,CHANGED,Players Under Contract  -  col3: 178017267.4 -> 180466688.4
2026-07-27 07:36:01,UTH,CHANGED,Full Season Contracts  -  col3: 178017267.4 -> 180466688.4
2026-07-27 07:36:01,UTH,CHANGED,"Avg, Salary (Mean) (ALL Compensation Obligations)  -  col6: 15 -> 16"
2026-07-27 14:34:59,CHA,REMOVED,"Green, Josh"
2026-07-27 14:34:59,CHA,CHANGED,"TEAM SALARY (Art, I §1 (nnn)):  -  col3: 190023941 -> 175344929, col9: 473616928.4 -> 458937916.4"
2026-07-27 14:34:59,CHA,CHANGED,Players Under Contract  -  col3: 187574520 -> 172895508
2026-07-27 14:34:59,CHA,CHANGED,Full Season Contracts  -  col3: 187574520 -> 172895508
2026-07-27 14:34:59,CHA,CHANGED,"Avg, Salary (Mean) (ALL Compensation Obligations)  -  col6: 18 -> 17"
2026-07-27 14:34:59,MIN,ADDED,"Green, Josh"
2026-07-27 14:34:59,MIN,CHANGED,"TEAM SALARY (Art, I §1 (nnn)):  -  col3: 243364384 -> 275133498, col9: 661416617.6 -> 693185731.6"
2026-07-27 14:34:59,MIN,CHANGED,Players Under Contract  -  col3: 203207445 -> 217886457
2026-07-27 14:34:59,MIN,CHANGED,Full Season Contracts  -  col3: 203207445 -> 217886457
2026-07-27 14:34:59,MIN,CHANGED,"Avg, Salary (Mean) (ALL Compensation Obligations)  -  col6: 13 -> 14"
2026-07-27 14:34:59,MIN,CHANGED,"Avg, Salary (Mean) (No 10-Day K's)  -  col6: 2 -> 1"
2026-07-27 14:34:59,Luxury Tax Calculator,CHANGED,Luxury Tax  -  col19: 2779445 -> 17458457
2026-07-27 14:34:59,Luxury Tax Calculator,CHANGED,1st Incremental Tax Bracket  -  col19: 2779445 -> 5685000
2026-07-27 14:34:59,Luxury Tax Calculator,CHANGED,2nd Incremental Tax Bracket  -  col19: 0 -> 7106250
2026-07-27 14:34:59,Luxury Tax Calculator,CHANGED,3rd Incremental Tax Bracket  -  col19: 0 -> 19897500
2026-07-27 14:34:59,Luxury Tax Calculator,CHANGED,4th Incremental Tax Bracket  -  col19: 0 -> 1916420.75
2026-07-27 14:34:59,Luxury Tax Calculator,CHANGED,Tax Liability  -  col19: 2779445 -> 34605170.75
2026-07-27 14:35:57,MIN,CHANGED,"TEAM SALARY (Art, I §1 (nnn)):  -  col3: 275133498 -> 258043396, col9: 693185731.6 -> 676095629.6"
2026-07-27 14:37:58,MIN,REMOVED,"Phillips, Julian"
2026-07-27 14:37:58,MIN,CHANGED,"TEAM SALARY (Art, I §1 (nnn)):  -  col3: 258043396 -> 255593975, col9: 676095629.6 -> 673646208.6"
2026-07-27 14:37:58,MIN,CHANGED,Cap Holds  -  col3: 40156939 -> 37707518
2026-07-28 17:12:58,SAN,CHANGED,"Wembanyama, Victor  -  col4: - -> 25% of Salary Cap, col5: - -> 25% of Salary Cap, col6: - -> 25% of Salary Cap, col7: - -> 25% of Salary Cap, col8: - -> 25% of Salary Cap"
2026-07-29 05:51:58,LAC,ADDED,"Broome, Johni"
2026-07-29 05:51:58,LAC,CHANGED,"TEAM SALARY (Art, I §1 (nnn)):  -  col3: 214097737.9 -> 216248654.9, col4: 90998261 -> 93524162, col5: 26669032 -> 29404730, col9: 351186020.2 -> 358598536.2"
2026-07-29 05:51:58,LAC,CHANGED,"Players Under Contract  -  col3: 163294760 -> 165445677, col4: 90998261 -> 93524162, col5: 26669032 -> 29404730"
2026-07-29 05:51:58,LAC,CHANGED,"Full Season Contracts  -  col3: 163294760 -> 165445677, col4: 90998261 -> 93524162, col5: 26669032 -> 29404730"
2026-07-29 05:51:58,LAC,CHANGED,"Avg, Salary (Mean) (ALL Compensation Obligations)  -  col6: 13 -> 14"
2026-07-29 05:51:58,LAC,CHANGED,"Avg, Salary (Mean) (No 10-Day K's)  -  col6: 2 -> 1"
2026-07-29 05:51:58,PHL,REMOVED,"Broome, Johni"
2026-07-29 05:51:58,PHL,CHANGED,"TEAM SALARY (Art, I §1 (nnn)):  -  col3: 219964226.3 -> 217813309.3, col4: 211326311.5 -> 208800410.5, col5: 211305126.7 -> 208569428.7, col9: 659454534.7 -> 652042018.7"
2026-07-29 05:51:58,PHL,CHANGED,"Players Under Contract  -  col3: 208245731.3 -> 206094814.3, col4: 211326311.5 -> 208800410.5, col5: 211305126.7 -> 208569428.7"
2026-07-29 05:51:58,PHL,CHANGED,"Full Season Contracts  -  col3: 208245731.3 -> 206094814.3, col4: 211326311.5 -> 208800410.5, col5: 211305126.7 -> 208569428.7"
2026-07-29 05:51:58,PHL,CHANGED,"Avg, Salary (Mean) (ALL Compensation Obligations)  -  col6: 15 -> 14"
2026-07-29 05:51:58,PHL,CHANGED,"Avg, Salary (Mean) (No 10-Day K's)  -  col6: 0 -> 1"
2026-07-29 05:51:58,Luxury Tax Calculator,CHANGED,Luxury Tax  -  Luxury Tax Calculator: 7817731.3 -> 5666814.3
2026-07-29 05:51:58,Luxury Tax Calculator,CHANGED,1st Incremental Tax Bracket  -  Luxury Tax Calculator: 5685000 -> 5666814.3
2026-07-29 05:51:58,Luxury Tax Calculator,CHANGED,2nd Incremental Tax Bracket  -  Luxury Tax Calculator: 2665914.125 -> 0
2026-07-29 05:51:58,Luxury Tax Calculator,CHANGED,Tax Liability  -  Luxury Tax Calculator: 8350914.125 -> 5666814.3
2026-07-29 05:54:57,LAL,ADDED,"Thybulle, Matisse"
2026-07-29 05:54:57,LAL,CHANGED,"TEAM SALARY (Art, I §1 (nnn)):  -  col3: 199993201 -> 202442622, col9: 691565737.5 -> 694015158.5"
2026-07-29 05:54:57,LAL,CHANGED,Players Under Contract  -  col3: 199993201 -> 202442622
2026-07-29 05:54:57,LAL,CHANGED,Full Season Contracts  -  col3: 199993201 -> 202442622
2026-07-29 05:54:57,LAL,CHANGED,"Avg, Salary (Mean) (ALL Compensation Obligations)  -  col6: 15 -> 16"
2026-07-29 05:54:57,Luxury Tax Calculator,CHANGED,Luxury Tax  -  col15: 0 -> 2014622
2026-07-29 05:54:57,Luxury Tax Calculator,CHANGED,1st Incremental Tax Bracket  -  col15: 0 -> 6043866
2026-07-29 05:54:57,Luxury Tax Calculator,CHANGED,Tax Liability  -  col15: 0 -> 6043866
2026-07-29 05:58:58,DEN,CHANGED,"Jones, Spencer  -  TEAM SALARY CAP REPORT
       -  DENVER NUGGETS: 5 - QUAL OFFER -> 1 - FULL SEASON, col3: 2649421.0 -> 6000000.0, col4: - -> 5750000.0, col9: 2649421 -> 11750000"
2026-07-29 05:58:58,DEN,CHANGED,"TEAM SALARY (Art, I §1 (nnn)):  -  col3: 246061002.4 -> 249411581.4, col4: 189779175.4 -> 195529175.4, col9: 644696584.7 -> 653797163.7"
2026-07-29 05:58:58,DEN,CHANGED,"Players Under Contract  -  col3: 209011091 -> 215011091, col4: 189779175.4 -> 195529175.4"
2026-07-29 05:58:58,DEN,CHANGED,"Full Season Contracts  -  col3: 209011091 -> 215011091, col4: 189779175.4 -> 195529175.4"
2026-07-29 05:58:58,DEN,CHANGED,Qualifying Offers  -  col3: 2649421 -> 0
2026-07-29 05:58:58,DEN,CHANGED,"Avg, Salary (Mean) (ALL Compensation Obligations)  -  col6: 12 -> 13"
2026-07-29 05:58:58,DEN,CHANGED,"Avg, Salary (Mean) (No 10-Day K's)  -  col6: 3 -> 2"
2026-07-29 05:58:58,DEN,CHANGED,"Avg, Salary (Mean) (No 10-Day K's & ROS)  -  col6: 1 -> 0"
2026-07-29 05:58:58,Luxury Tax Calculator,CHANGED,Luxury Tax  -  col9: 10583091 -> 16583091
2026-07-29 05:58:58,Luxury Tax Calculator,CHANGED,2nd Incremental Tax Bracket  -  col9: 15918795.75 -> 18476250
2026-07-29 05:58:58,Luxury Tax Calculator,CHANGED,3rd Incremental Tax Bracket  -  col9: 0 -> 28672000.5
2026-07-29 05:58:58,Luxury Tax Calculator,CHANGED,Tax Liability  -  col9: 32973795.75 -> 64203250.5
2026-07-29 06:10:57,HOU,ADDED,"Tshiebwe, Oscar"
2026-07-29 06:10:57,HOU,CHANGED,"TEAM SALARY (Art, I §1 (nnn)):  -  col3: 217430683 -> 219880104, col9: 601134416.3 -> 603583837.3"
2026-07-29 06:10:57,HOU,CHANGED,Players Under Contract  -  col3: 205447883 -> 207897304
2026-07-29 06:10:57,HOU,CHANGED,Full Season Contracts  -  col3: 205447883 -> 207897304
2026-07-29 06:10:57,HOU,CHANGED,"Avg, Salary (Mean) (ALL Compensation Obligations)  -  col6: 16 -> 17"
2026-07-29 06:10:57,Luxury Tax Calculator,CHANGED,Luxury Tax  -  col12: 5019883 -> 7469304
2026-07-29 06:10:57,Luxury Tax Calculator,CHANGED,1st Incremental Tax Bracket  -  col12: 5019883 -> 5685000
2026-07-29 06:10:57,Luxury Tax Calculator,CHANGED,2nd Incremental Tax Bracket  -  col12: 0 -> 2230380
2026-07-29 06:10:57,Luxury Tax Calculator,CHANGED,Tax Liability  -  col12: 5019883 -> 7915380
2026-07-30 16:36:59,MIN,REMOVED,"Gueye, Mouhamadou"
2026-07-30 16:36:59,MIN,CHANGED,"TEAM SALARY (Art, I §1 (nnn)):  -  col3: 255593975 -> 253182885, col9: 673646208.6 -> 671235118.6"
2026-07-30 16:36:59,MIN,CHANGED,Players Under Contract  -  col3: 217886457 -> 215475367
2026-07-30 16:36:59,MIN,CHANGED,Full Season Contracts  -  col3: 217886457 -> 215475367
2026-07-30 16:36:59,MIN,CHANGED,"Avg, Salary (Mean) (ALL Compensation Obligations)  -  col6: 14 -> 13"
2026-07-30 16:36:59,MIN,CHANGED,"Avg, Salary (Mean) (No 10-Day K's)  -  col6: 1 -> 2"
2026-07-30 16:36:59,Luxury Tax Calculator,CHANGED,Luxury Tax  -  col19: 17458457 -> 15047367
2026-07-30 16:36:59,Luxury Tax Calculator,CHANGED,3rd Incremental Tax Bracket  -  col19: 19897500 -> 12870784.5
2026-07-30 16:36:59,Luxury Tax Calculator,CHANGED,4th Incremental Tax Bracket  -  col19: 1916420.75 -> 0
2026-07-30 16:36:59,Luxury Tax Calculator,CHANGED,Tax Liability  -  col19: 34605170.75 -> 25662034.5
2026-08-03 09:14:39,GOS,CHANGED,"Green, Draymond  -  TEAM SALARY CAP REPORT
       -  GOLDEN STATE WARRIORS: 4 - CAP HOLD -> 1 - FULL SEASON, col3: 38839285.5 -> 27678571.0, col9: 38839285.5 -> 27678571"
2026-08-03 09:14:39,GOS,CHANGED,"TEAM SALARY (Art, I §1 (nnn)):  -  col3: 254535282.8 -> 243374568.3, col9: 332762884.2 -> 321602169.7"
2026-08-03 09:14:39,GOS,CHANGED,Players Under Contract  -  col3: 179747597.3 -> 207426168.3
2026-08-03 09:14:39,GOS,CHANGED,Full Season Contracts  -  col3: 179747597.3 -> 207426168.3
2026-08-03 09:14:39,GOS,CHANGED,Cap Holds  -  col3: 74787685.5 -> 35948400
2026-08-03 09:14:39,GOS,CHANGED,"Avg, Salary (Mean) (ALL Compensation Obligations)  -  col6: 10 -> 11"
2026-08-03 09:14:39,GOS,CHANGED,"Avg, Salary (Mean) (No 10-Day K's)  -  col6: 5 -> 4"
2026-08-03 09:14:39,GOS,CHANGED,"Avg, Salary (Mean) (No 10-Day K's & ROS)  -  col6: 3 -> 2"
2026-08-03 09:14:39,MEM,CHANGED,"Lopez, Karim  -  TEAM SALARY CAP REPORT
       -  MEMPHIS GRIZZLIES: 6 - DRAFT PICK -> 1 - FULL SEASON"
2026-08-03 09:14:39,MEM,CHANGED,"Players Under Contract  -  col3: 134017042.9 -> 137763802.9, col4: 114196262.9 -> 118130582.9, col5: 39510620 -> 43632380, col6: 16476088.32 -> 23042052"
2026-08-03 09:14:39,MEM,CHANGED,"Full Season Contracts  -  col3: 134017042.9 -> 137763802.9, col4: 114196262.9 -> 118130582.9, col5: 39510620 -> 43632380, col6: 16476088.32 -> 23042052"
2026-08-03 09:14:39,MEM,CHANGED,"Draft Picks  -  col3: 3746760 -> 0, col4: 3934320 -> 0, col5: 4121760 -> 0, col6: 6565963.68 -> 0"
2026-08-03 09:14:39,MEM,CHANGED,"Avg, Salary (Mean) (ALL Compensation Obligations)  -  col6: 18 -> 19"
2026-08-03 09:14:39,NOL,ADDED,"Koloko,Christian"
2026-08-03 09:14:39,NOL,CHANGED,"TEAM SALARY (Art, I §1 (nnn)):  -  col3: 215388271.8 -> 217837692.8, col9: 469029226.5 -> 471478647.5"
2026-08-03 09:14:39,NOL,CHANGED,Players Under Contract  -  col3: 194656740.9 -> 197106161.9
2026-08-03 09:14:39,NOL,CHANGED,Full Season Contracts  -  col3: 194656740.9 -> 197106161.9
2026-08-03 09:14:39,NOL,CHANGED,"Avg, Salary (Mean) (ALL Compensation Obligations)  -  col6: 15 -> 16"
2026-08-03 09:14:39,Luxury Tax Calculator,CHANGED,Luxury Tax  -  col11: 0 -> 6998168.25
2026-08-03 09:14:39,Luxury Tax Calculator,CHANGED,1st Incremental Tax Bracket  -  col11: 0 -> 17055000
2026-08-03 09:14:39,Luxury Tax Calculator,CHANGED,2nd Incremental Tax Bracket  -  col11: 0 -> 4267796.813
2026-08-03 09:14:39,Luxury Tax Calculator,CHANGED,Tax Liability  -  col11: 0 -> 21322796.81
2026-08-03 09:59:58,NOL,ADDED,"Koloko, Christian"
2026-08-03 09:59:58,NOL,REMOVED,"Koloko,Christian"
2026-08-04 12:41:04,GOS,ADDED,"Payton II, Gary #2"
2026-08-04 12:41:04,GOS,CHANGED,"Payton II, Gary  -  TEAM SALARY CAP REPORT
       -  GOLDEN STATE WARRIORS: 4 - CAP HOLD -> 1 - FULL SEASON"
2026-08-04 12:41:04,GOS,CHANGED,"TEAM SALARY (Art, I §1 (nnn)):  -  col3: 243374568.3 -> 245823989.3, col9: 321602169.7 -> 324051590.7"
2026-08-04 12:41:04,GOS,CHANGED,Players Under Contract  -  col3: 207426168.3 -> 212325010.3
2026-08-04 12:41:04,GOS,CHANGED,Full Season Contracts  -  col3: 207426168.3 -> 212325010.3
2026-08-04 12:41:04,GOS,CHANGED,Cap Holds  -  col3: 35948400 -> 33498979
2026-08-04 12:41:04,GOS,CHANGED,"Avg, Salary (Mean) (ALL Compensation Obligations)  -  col6: 11 -> 13"
2026-08-04 12:41:04,GOS,CHANGED,"Avg, Salary (Mean) (No 10-Day K's)  -  col6: 4 -> 2"
2026-08-04 12:41:04,GOS,CHANGED,"Avg, Salary (Mean) (No 10-Day K's & ROS)  -  col6: 2 -> 0"
2026-08-04 12:41:04,Luxury Tax Calculator,CHANGED,Luxury Tax  -  col11: 6998168.25 -> 11897010.25
2026-08-04 12:41:04,Luxury Tax Calculator,CHANGED,2nd Incremental Tax Bracket  -  col11: 4267796.813 -> 18476250
2026-08-04 12:41:04,Luxury Tax Calculator,CHANGED,3rd Incremental Tax Bracket  -  col11: 0 -> 2898556.375
2026-08-04 12:41:04,Luxury Tax Calculator,CHANGED,Tax Liability  -  col11: 21322796.81 -> 38429806.38
2026-08-04 12:42:02,GOS,REMOVED,"Payton II, Gary #2"
2026-08-04 12:42:02,GOS,CHANGED,"TEAM SALARY (Art, I §1 (nnn)):  -  col3: 245823989.3 -> 243374568.3, col9: 324051590.7 -> 321602169.7"
2026-08-04 12:42:02,GOS,CHANGED,Players Under Contract  -  col3: 212325010.3 -> 209875589.3
2026-08-04 12:42:02,GOS,CHANGED,Full Season Contracts  -  col3: 212325010.3 -> 209875589.3
2026-08-04 12:42:02,GOS,CHANGED,"Avg, Salary (Mean) (ALL Compensation Obligations)  -  col6: 13 -> 12"
2026-08-04 12:42:02,GOS,CHANGED,"Avg, Salary (Mean) (No 10-Day K's)  -  col6: 2 -> 3"
2026-08-04 12:42:02,GOS,CHANGED,"Avg, Salary (Mean) (No 10-Day K's & ROS)  -  col6: 0 -> 1"
2026-08-04 12:42:02,Luxury Tax Calculator,CHANGED,Luxury Tax  -  col11: 11897010.25 -> 9447589.25
2026-08-04 12:42:02,Luxury Tax Calculator,CHANGED,2nd Incremental Tax Bracket  -  col11: 18476250 -> 12228415.06
2026-08-04 12:42:02,Luxury Tax Calculator,CHANGED,3rd Incremental Tax Bracket  -  col11: 2898556.375 -> 0
2026-08-04 12:42:02,Luxury Tax Calculator,CHANGED,Tax Liability  -  col11: 38429806.38 -> 29283415.06
2026-08-04 12:43:59,GOS,ADDED,"Melton, De'Anthony #2"
2026-08-04 12:43:59,GOS,CHANGED,"Melton, De'Anthony  -  TEAM SALARY CAP REPORT
       -  GOLDEN STATE WARRIORS: 4 - CAP HOLD -> 1 - FULL SEASON, col3: 2449421.0 -> 6064000.0, col4: - -> 6367200.0, col9: 2449421 -> 12431200"
2026-08-04 12:43:59,GOS,CHANGED,"TEAM SALARY (Art, I §1 (nnn)):  -  col3: 243374568.3 -> 253053147.3, col4: 54516206 -> 67250606, col9: 321602169.7 -> 344015148.7"
2026-08-04 12:43:59,GOS,CHANGED,"Players Under Contract  -  col3: 209875589.3 -> 222003589.3, col4: 54516206 -> 67250606"
2026-08-04 12:43:59,GOS,CHANGED,"Full Season Contracts  -  col3: 209875589.3 -> 222003589.3, col4: 54516206 -> 67250606"
2026-08-04 12:43:59,GOS,CHANGED,Cap Holds  -  col3: 33498979 -> 31049558
2026-08-04 12:43:59,GOS,CHANGED,"Avg, Salary (Mean) (ALL Compensation Obligations)  -  col6: 12 -> 14"
2026-08-04 12:43:59,GOS,CHANGED,"Avg, Salary (Mean) (No 10-Day K's)  -  col6: 3 -> 1"
2026-08-04 12:43:59,GOS,CHANGED,"Avg, Salary (Mean) (No 10-Day K's & ROS)  -  col6: 1 -> 0"
2026-08-04 12:43:59,Luxury Tax Calculator,CHANGED,Luxury Tax  -  col11: 9447589.25 -> 21575589.25
2026-08-04 12:43:59,Luxury Tax Calculator,CHANGED,2nd Incremental Tax Bracket  -  col11: 12228415.06 -> 18476250
2026-08-04 12:43:59,Luxury Tax Calculator,CHANGED,3rd Incremental Tax Bracket  -  col11: 0 -> 31267500
2026-08-04 12:43:59,Luxury Tax Calculator,CHANGED,4th Incremental Tax Bracket  -  col11: 0 -> 30513977.44
2026-08-04 12:43:59,Luxury Tax Calculator,CHANGED,Tax Liability  -  col11: 29283415.06 -> 97312727.44
2026-08-04 12:45:02,GOS,REMOVED,"Melton, De'Anthony #2"
2026-08-04 12:45:02,GOS,CHANGED,"TEAM SALARY (Art, I §1 (nnn)):  -  col3: 253053147.3 -> 246989147.3, col4: 67250606 -> 60883406, col9: 344015148.7 -> 331583948.7"
2026-08-04 12:45:02,GOS,CHANGED,"Players Under Contract  -  col3: 222003589.3 -> 215939589.3, col4: 67250606 -> 60883406"
2026-08-04 12:45:02,GOS,CHANGED,"Full Season Contracts  -  col3: 222003589.3 -> 215939589.3, col4: 67250606 -> 60883406"
2026-08-04 12:45:02,GOS,CHANGED,"Avg, Salary (Mean) (ALL Compensation Obligations)  -  col6: 14 -> 13"
2026-08-04 12:45:02,GOS,CHANGED,"Avg, Salary (Mean) (No 10-Day K's)  -  col6: 1 -> 2"
2026-08-04 12:45:02,Luxury Tax Calculator,CHANGED,Luxury Tax  -  col11: 21575589.25 -> 15511589.25
2026-08-04 12:45:02,Luxury Tax Calculator,CHANGED,3rd Incremental Tax Bracket  -  col11: 31267500 -> 22778740.88
2026-08-04 12:45:02,Luxury Tax Calculator,CHANGED,4th Incremental Tax Bracket  -  col11: 30513977.44 -> 0
2026-08-04 12:45:02,Luxury Tax Calculator,CHANGED,Tax Liability  -  col11: 97312727.44 -> 58309990.88
2026-08-04 12:47:59,DAL,CHANGED,"Marshall, Naji  -  col4: - -> 18195600.0, col5: - -> 17323584.0, col6: - -> 16680816.0, col9: 9428571 -> 61628571"
2026-08-04 12:47:59,DAL,CHANGED,"TEAM SALARY (Art, I §1 (nnn)):  -  col4: 169037737.6 -> 187233337.6, col5: 72082739 -> 89406323, col6: 40339896.24 -> 57020712.24, col9: 505632439.7 -> 557832439.7"
2026-08-04 12:47:59,DAL,CHANGED,"Players Under Contract  -  col4: 165826521.4 -> 184022121.4, col5: 72082739 -> 89406323, col6: 40339896.24 -> 57020712.24"
2026-08-04 12:47:59,DAL,CHANGED,"Full Season Contracts  -  col4: 165826521.4 -> 184022121.4, col5: 72082739 -> 89406323, col6: 40339896.24 -> 57020712.24"
2026-08-04 12:54:59,BKN,ADDED,"Wagner, Moritz"
2026-08-04 12:54:59,BKN,CHANGED,"TEAM SALARY (Art, I §1 (nnn)):  -  col3: 153505778.5 -> 162505778.5, col4: 109382828 -> 118832828, col9: 327453740.9 -> 345903740.9"
2026-08-04 12:54:59,BKN,CHANGED,"Players Under Contract  -  col3: 151056357.5 -> 160056357.5, col4: 109382828 -> 118832828"
2026-08-04 12:54:59,BKN,CHANGED,"Full Season Contracts  -  col3: 151056357.5 -> 160056357.5, col4: 109382828 -> 118832828"
2026-08-04 12:54:59,BKN,CHANGED,"Avg, Salary (Mean) (ALL Compensation Obligations)  -  col6: 14 -> 15"
2026-08-04 12:54:59,BKN,CHANGED,"Avg, Salary (Mean) (No 10-Day K's)  -  col6: 1 -> 0"
2026-08-04 12:59:58,NYK,REMOVED,"Sochan, Jeremy"
2026-08-04 12:59:58,NYK,CHANGED,"TEAM SALARY (Art, I §1 (nnn)):  -  col3: 223311074 -> 220861653, col9: 645828109 -> 643378688"
2026-08-04 12:59:58,NYK,CHANGED,Cap Holds  -  col3: 4898842 -> 2449421
2026-08-04 12:59:58,POR,ADDED,"Sochan, Jeremy"
2026-08-04 12:59:58,POR,CHANGED,"TEAM SALARY (Art, I §1 (nnn)):  -  col3: 233257087.3 -> 235706508.3, col9: 528804494.4 -> 531253915.4"
2026-08-04 12:59:58,POR,CHANGED,Players Under Contract  -  col3: 197140444.6 -> 199589865.6
2026-08-04 12:59:58,POR,CHANGED,Full Season Contracts  -  col3: 197140444.6 -> 199589865.6
2026-08-04 12:59:58,POR,CHANGED,"Avg, Salary (Mean) (ALL Compensation Obligations)  -  col6: 15 -> 16"
2026-08-04 13:03:59,CLE,ADDED,"Hezonja, Mario"
2026-08-04 13:03:59,CLE,CHANGED,"Avg, Salary (Mean) (ALL Compensation Obligations)  -  col6: 12 -> 13"
2026-08-04 13:03:59,CLE,CHANGED,"Avg, Salary (Mean) (No 10-Day K's)  -  col6: 3 -> 2"
2026-08-04 13:03:59,CLE,CHANGED,"Avg, Salary (Mean) (No 10-Day K's & ROS)  -  col6: 1 -> 0"
2026-08-05 08:09:34,CLE,CHANGED,"Hezonja, Mario  -  col3: - -> 2449421.0, col9: 0 -> 2449421"
2026-08-05 08:09:34,CLE,CHANGED,"TEAM SALARY (Art, I §1 (nnn)):  -  col3: 245416392.3 -> 247865813.3, col9: 589221124.8 -> 591670545.8"
2026-08-05 08:09:34,CLE,CHANGED,Players Under Contract  -  col3: 183275963 -> 185725384
2026-08-05 08:09:34,CLE,CHANGED,Full Season Contracts  -  col3: 183275963 -> 185725384
2026-08-05 08:09:34,NOL,ADDED,"Houstan, Caleb"
2026-08-05 08:09:34,NOL,CHANGED,"TEAM SALARY (Art, I §1 (nnn)):  -  col3: 217837692.8 -> 220287113.8, col9: 471478647.5 -> 473928068.5"
2026-08-05 08:09:34,NOL,CHANGED,Players Under Contract  -  col3: 197106161.9 -> 199555582.9
2026-08-05 08:09:34,NOL,CHANGED,Full Season Contracts  -  col3: 197106161.9 -> 199555582.9
2026-08-05 08:09:34,NOL,CHANGED,"Avg, Salary (Mean) (ALL Compensation Obligations)  -  col6: 16 -> 17"
2026-08-05 11:45:58,GOS,CHANGED,"Barnes, Matt  -  col3: 2449421.0 -> -, col9: 2449421 -> 0"
2026-08-05 11:45:58,GOS,CHANGED,"Bjelica, Nemanja  -  col3: 2449421.0 -> -, col9: 2449421 -> 0"
2026-08-05 11:45:58,GOS,CHANGED,"Bogut, Andrew  -  col3: 2449421.0 -> -, col9: 2449421 -> 0"
2026-08-05 11:45:58,GOS,CHANGED,"Curry, Seth  -  col3: 2449421.0 -> -, col9: 2449421 -> 0"
2026-08-05 11:45:58,GOS,CHANGED,"Garuba, Usman  -  col3: 2449421.0 -> -, col9: 2449421 -> 0"
2026-08-05 11:45:58,GOS,CHANGED,"Green, JaMychal  -  col3: 2449421.0 -> -, col9: 2449421 -> 0"
2026-08-05 11:45:58,GOS,CHANGED,"Iguodala, Andre  -  col3: 2449421.0 -> -, col9: 2449421 -> 0"
2026-08-05 11:45:58,GOS,CHANGED,"Jerebko, Jonas  -  col3: 2449421.0 -> -, col9: 2449421 -> 0"
2026-08-05 11:45:58,GOS,CHANGED,"Lamb, Anthony  -  col3: 2449421.0 -> -, col9: 2449421 -> 0"
2026-08-05 11:45:58,GOS,CHANGED,"West, David  -  col3: 2449421.0 -> -, col9: 2449421 -> 0"
2026-08-05 11:45:58,GOS,CHANGED,"Armstrong, Taran  -  col3: 2185116.0 -> -, col9: 2185116 -> 0"
2026-08-05 11:45:58,GOS,CHANGED,"Mannion, Nico  -  col3: 2185116.0 -> -, col9: 2185116 -> 0"
2026-08-05 11:45:58,GOS,CHANGED,"Robinson, Jerome  -  col3: 2185116.0 -> -, col9: 2185116 -> 0"
2026-08-05 11:45:58,GOS,CHANGED,"TEAM SALARY (Art, I §1 (nnn)):  -  col3: 246989147.3 -> 215939589.3, col9: 331583948.7 -> 300534390.7"
2026-08-05 11:45:58,GOS,CHANGED,Cap Holds  -  col3: 31049558 -> 0
2026-08-05 11:46:59,GOS,CHANGED,"Barnes, Matt  -  col3: - -> 2449421.0, col9: 0 -> 2449421"
2026-08-05 11:46:59,GOS,CHANGED,"Bjelica, Nemanja  -  col3: - -> 2449421.0, col9: 0 -> 2449421"
2026-08-05 11:46:59,GOS,CHANGED,"Bogut, Andrew  -  col3: - -> 2449421.0, col9: 0 -> 2449421"
2026-08-05 11:46:59,GOS,CHANGED,"Curry, Seth  -  col3: - -> 2449421.0, col9: 0 -> 2449421"
2026-08-05 11:46:59,GOS,CHANGED,"Garuba, Usman  -  col3: - -> 2449421.0, col9: 0 -> 2449421"
2026-08-05 11:46:59,GOS,CHANGED,"Green, JaMychal  -  col3: - -> 2449421.0, col9: 0 -> 2449421"
2026-08-05 11:46:59,GOS,CHANGED,"Iguodala, Andre  -  col3: - -> 2449421.0, col9: 0 -> 2449421"
2026-08-05 11:46:59,GOS,CHANGED,"Jerebko, Jonas  -  col3: - -> 2449421.0, col9: 0 -> 2449421"
2026-08-05 11:46:59,GOS,CHANGED,"Lamb, Anthony  -  col3: - -> 2449421.0, col9: 0 -> 2449421"
2026-08-05 11:46:59,GOS,CHANGED,"West, David  -  col3: - -> 2449421.0, col9: 0 -> 2449421"
2026-08-05 11:46:59,GOS,CHANGED,"Armstrong, Taran  -  col3: - -> 2185116.0, col9: 0 -> 2185116"
2026-08-05 11:46:59,GOS,CHANGED,"Mannion, Nico  -  col3: - -> 2185116.0, col9: 0 -> 2185116"
2026-08-05 11:46:59,GOS,CHANGED,"Robinson, Jerome  -  col3: - -> 2185116.0, col9: 0 -> 2185116"
2026-08-05 11:46:59,GOS,CHANGED,"TEAM SALARY (Art, I §1 (nnn)):  -  col3: 215939589.3 -> 246989147.3, col9: 300534390.7 -> 331583948.7"
2026-08-05 11:46:59,GOS,CHANGED,Cap Holds  -  col3: 0 -> 31049558
2026-08-05 14:02:59,HOU,REMOVED,"Davison, JD"
2026-08-05 14:02:59,HOU,CHANGED,"TEAM SALARY (Art, I §1 (nnn)):  -  col3: 219880104 -> 217295565, col9: 603583837.3 -> 600999298.3"
2026-08-05 14:02:59,HOU,CHANGED,Players Under Contract  -  col3: 207897304 -> 205312765
2026-08-05 14:02:59,HOU,CHANGED,Full Season Contracts  -  col3: 207897304 -> 205312765
2026-08-05 14:02:59,HOU,CHANGED,"Avg, Salary (Mean) (ALL Compensation Obligations)  -  col6: 17 -> 16"
2026-08-05 14:02:59,Luxury Tax Calculator,CHANGED,Luxury Tax  -  col12: 7469304 -> 4884765
2026-08-05 14:02:59,Luxury Tax Calculator,CHANGED,1st Incremental Tax Bracket  -  col12: 5685000 -> 4884765
2026-08-05 14:02:59,Luxury Tax Calculator,CHANGED,2nd Incremental Tax Bracket  -  col12: 2230380 -> 0
2026-08-05 14:02:59,Luxury Tax Calculator,CHANGED,Tax Liability  -  col12: 7915380 -> 4884765
2026-08-06 08:45:57,ORL,REMOVED,"Wagner, Moritz"
2026-08-06 08:45:57,ORL,REMOVED,"Howard, Jett"
2026-08-06 08:45:57,ORL,CHANGED,"TEAM SALARY (Art, I §1 (nnn)):  -  col3: 239337795 -> 222499857, col9: 812407571.6 -> 795569633.6"
2026-08-06 08:45:57,ORL,CHANGED,Cap Holds  -  col3: 21472475 -> 4634537
2026-08-06 12:29:58,PHL,ADDED,"Caldwell-Pope, Kentavious"
2026-08-06 12:29:58,PHL,CHANGED,"TEAM SALARY (Art, I §1 (nnn)):  -  col3: 217813309.3 -> 220262730.3, col9: 652042018.7 -> 654491439.7"
2026-08-06 12:29:58,PHL,CHANGED,Players Under Contract  -  col3: 206094814.3 -> 208544235.3
2026-08-06 12:29:58,PHL,CHANGED,Full Season Contracts  -  col3: 206094814.3 -> 208544235.3
2026-08-06 12:29:58,PHL,CHANGED,"Avg, Salary (Mean) (ALL Compensation Obligations)  -  col6: 14 -> 15"
2026-08-06 12:29:58,PHL,CHANGED,"Avg, Salary (Mean) (No 10-Day K's)  -  col6: 1 -> 0"
2026-08-06 12:29:58,Luxury Tax Calculator,CHANGED,Luxury Tax  -  Luxury Tax Calculator: 5666814.3 -> 8116235.3
2026-08-06 12:29:58,Luxury Tax Calculator,CHANGED,1st Incremental Tax Bracket  -  Luxury Tax Calculator: 5666814.3 -> 5685000
2026-08-06 12:29:58,Luxury Tax Calculator,CHANGED,2nd Incremental Tax Bracket  -  Luxury Tax Calculator: 0 -> 3039044.125
2026-08-06 12:29:58,Luxury Tax Calculator,CHANGED,Tax Liability  -  Luxury Tax Calculator: 5666814.3 -> 8724044.125
