detected_at,doc,type,text
2026-07-05 12:15:56,2026-27 Two-Way Signings,REMOVED,"Update 1.1 (7/1/26): C. Castleton, A. Flager, J. Mogbo, I. Nelson, E. Udeh, J. Watkins, A. Williams"
2026-07-05 12:15:56,2026-27 Two-Way Signings,ADDED,"Update 1.1 (7/1/26): J. Bradley, C. Castleton, A. Flager, J. Mogbo, I. Nelson, E. Udeh, J. Watkins, A. Williams"
2026-07-05 12:16:55,2026-27 Two-Way Signings,ADDED,Jaden Bradley (2026 NBA DRAFT) Toronto Raptors
2026-07-05 12:16:55,2026-27 Two-Way Signings,ADDED,"1 Year. Skill; Injury or Illness; Death. Compensation protection for 2026-27 Season is for $91,000 but will increase to 50% if team has not requested waivers on player on or before the first day of the 2026-27 Regular Season. Love of the Game. Alt. 7(b)."
2026-07-05 12:16:55,2026-27 Two-Way Signings,ADDED,Execution Date: 7/4/26
2026-07-05 12:18:55,2026-27 Two-Way Signings,REMOVED,"Update 1.1 (7/1/26): J. Bradley, C. Castleton, A. Flager, J. Mogbo, I. Nelson, E. Udeh, J. Watkins, A. Williams"
2026-07-05 12:18:55,2026-27 Two-Way Signings,ADDED,"Update 1.1 (7/1/26): J. Bradley, C. Castleton, A. Flager, J. Mogbo, I. Nelson, P. Spencer, E. Udeh, J. Watkins, A. Williams"
2026-07-05 12:18:55,2026-27 Two-Way Signings,ADDED,Pat Spencer Phoenix Suns
2026-07-05 12:18:55,2026-27 Two-Way Signings,ADDED,"1 Year. Skill; Injury or Illness. Compensation protection for 2026-27 Season is for $91,000 but will increase to 50% if team has not requested waivers on player on or before the first day of the 2026-27 Regular Season. Love of the Game. Physical Exam. Alt. 7(b)."
2026-07-05 12:18:55,2026-27 Two-Way Signings,ADDED,Execution Date: 7/3/26
2026-07-05 12:22:55,2026-27 Two-Way Signings,REMOVED,"Update 1.1 (7/1/26): J. Bradley, C. Castleton, A. Flager, J. Mogbo, I. Nelson, P. Spencer, E. Udeh, J. Watkins, A. Williams"
2026-07-05 12:22:55,2026-27 Two-Way Signings,ADDED,"Update 1.1 (7/1/26): J. Bradley, C. Castleton, A. Flager, J. Mogbo, I. Nelson, P. Spencer, P. Suder, E. Udeh, J. Watkins, A. Williams"
2026-07-05 12:22:55,2026-27 Two-Way Signings,ADDED,Peter Suder Los Angeles Lakers
2026-07-05 12:22:55,2026-27 Two-Way Signings,ADDED,"1 Year. Skill; Injury or Illness; Mental; Death. Compensation protection for 2026-27 Season is for $91,000 but will increase to 50% if team has not requested waivers on player on or before the first day of the 2026-27 Regular Season. Love of the Game. Physical Exam. Alt. 7(b)."
2026-07-05 12:22:55,2026-27 Two-Way Signings,ADDED,Execution Date: 7/3/26
2026-07-05 12:23:55,2026-27 Two-Way Signings,REMOVED,"Update 1.1 (7/1/26): J. Bradley, C. Castleton, A. Flager, J. Mogbo, I. Nelson, P. Spencer, P. Suder, E. Udeh, J. Watkins, A. Williams"
2026-07-05 12:23:55,2026-27 Two-Way Signings,ADDED,"Update 1.1 (7/1/26): J. Bradley, C. Castleton, A. Flager, C. Manon, J. Mogbo, I. Nelson, P. Spencer, P. Suder, E. Udeh, J. Watkins, A. Williams"
2026-07-05 12:25:56,2026-27 Two-Way Signings,ADDED,Chris Manon Los Angeles Lakers
2026-07-05 12:25:56,2026-27 Two-Way Signings,ADDED,"1 Year. Skill; Injury or Illness; Mental; Death. Compensation protection for 2026-27 Season is for $91,000 but will increase to 50% if team has not requested waivers on player on or before the first day of the 2026-27 Regular Season. Love of the Game. Physical Exam. Alt. 7(b)."
2026-07-05 12:25:56,2026-27 Two-Way Signings,ADDED,Execution Date: 7/3/26
2026-07-05 12:26:55,2026-27 Two-Way Signings,REMOVED,"Update 1.1 (7/1/26): J. Bradley, C. Castleton, A. Flager, C. Manon, J. Mogbo, I. Nelson, P. Spencer, P. Suder, E. Udeh, J. Watkins, A. Williams"
2026-07-05 12:26:55,2026-27 Two-Way Signings,ADDED,"Update 1.1 (7/1/26): J. Bradley, C. Castleton, A. Flager, C. Manon, J. Mogbo, I. Nelson, A. P. Spencer, P. Suder, E. Udeh, J. Watkins, A. Williams"
2026-07-05 12:27:55,2026-27 Two-Way Signings,REMOVED,"Update 1.1 (7/1/26): J. Bradley, C. Castleton, A. Flager, C. Manon, J. Mogbo, I. Nelson, A. P. Spencer, P. Suder, E. Udeh, J. Watkins, A. Williams"
2026-07-05 12:27:55,2026-27 Two-Way Signings,ADDED,"Update 1.1 (7/1/26): J. Bradley, C. Castleton, A. Flager, C. Manon, J. Mogbo, I. Nelson, A. Okereke, P. Spencer, P. Suder, E. Udeh, J. Watkins, A. Williams"
2026-07-05 12:28:56,2026-27 Two-Way Signings,ADDED,AK Okereke Los Angeles Lakers
2026-07-05 12:28:56,2026-27 Two-Way Signings,ADDED,"1 Year. Skill; Injury or Illness; Mental; Death. Compensation protection for 2026-27 Season is for $91,000. Love of the Game. Physical Exam. Alt. 7(b)."
2026-07-05 12:28:56,2026-27 Two-Way Signings,ADDED,Execution Date: 7/3/26
2026-07-05 12:31:56,2026-27 Two-Way Signings,REMOVED,"Update 1.1 (7/1/26): J. Bradley, C. Castleton, A. Flager, C. Manon, J. Mogbo, I. Nelson, A. Okereke, P. Spencer, P. Suder, E. Udeh, J. Watkins, A. Williams"
2026-07-05 12:31:56,2026-27 Two-Way Signings,ADDED,"Update 1.1 (7/1/26): J. Bradley, C. Castleton, A. Flager, C. Manon, J. Mogbo, I. Nelson, A. Okereke, J. Sellers, P. Spencer, P. Suder, E. Udeh, J. Watkins, A. Williams"
2026-07-05 12:31:56,2026-27 Two-Way Signings,ADDED,Jaylin Seller Chicago Bulls
2026-07-05 12:31:56,2026-27 Two-Way Signings,ADDED,"1 Year. Skill; Injury or Illness; Mental; Death. Compensation protection for 2026-27 Season is for $91,000 but will increase to 50% if team has not requested waivers on player on or before the first day of the 2026-27 Regular Season. Love of the Game. Physical Exam. Alt. 7(b)."
2026-07-05 12:31:56,2026-27 Two-Way Signings,ADDED,Execution Date: 7/3/26
2026-07-05 12:32:55,2026-27 Two-Way Signings,REMOVED,"1 Year. Skill; Injury or Illness; Mental; Death. Compensation protection for 2026-27 Season is for $91,000 but will increase to 50% if team has not requested waivers on player on or before the first day of the 2026-27 Regular Season. Love of the Game. Physical Exam. Alt. 7(b)."
2026-07-05 12:32:55,2026-27 Two-Way Signings,ADDED,"1 Year. Advance Payment ($20,000). Skill; Injury or Illness; Death. Compensation protection for 2026-27 Season is for $91,000. Love of the Game. Physical Exam."
2026-07-05 12:34:55,2026-27 Two-Way Signings,REMOVED,"Update 1.1 (7/1/26): J. Bradley, C. Castleton, A. Flager, C. Manon, J. Mogbo, I. Nelson, A. Okereke, J. Sellers, P. Spencer, P. Suder, E. Udeh, J. Watkins, A. Williams"
2026-07-05 12:34:55,2026-27 Two-Way Signings,ADDED,"Update 1.1 (7/1/26): J. Bradley, C. Castleton, T. Donaldson, A. Flager, C. Manon, J. Mogbo, I. Nelson, A. Okereke, J. Sellers, P. Spencer, P. Suder, E. Udeh, J. Watkins, A. Williams"
2026-07-05 12:35:56,2026-27 Two-Way Signings,ADDED,Tre Donaldson Miami HEat
2026-07-05 12:35:56,2026-27 Two-Way Signings,ADDED,"1 Year. Skill; Injury or Illness; Mental; Death. Compensation protection for 2026-27 Season is for $91,000. Love of the Game. Physical Exam."
2026-07-05 12:35:56,2026-27 Two-Way Signings,ADDED,Execution Date: 7/3/26
2026-07-05 12:36:55,2026-27 Two-Way Signings,REMOVED,Tre Donaldson Miami HEat
2026-07-05 12:36:55,2026-27 Two-Way Signings,ADDED,Tre Donaldson Miami Heat
2026-07-05 12:39:55,2026-27 Two-Way Signings,REMOVED,"Update 1.1 (7/1/26): J. Bradley, C. Castleton, T. Donaldson, A. Flager, C. Manon, J. Mogbo, I. Nelson, A. Okereke, J. Sellers, P. Spencer, P. Suder, E. Udeh, J. Watkins, A. Williams"
2026-07-05 12:39:55,2026-27 Two-Way Signings,ADDED,"Update 1.1 (7/1/26): T. Bates, J. Bradley, C. Castleton, T. Donaldson, A. Flager, C. Manon, J. Mogbo, I. Nelson, A. Okereke, J. Sellers, P. Spencer, P. Suder, E. Udeh, J. Watkins, A. Williams"
2026-07-05 12:39:55,2026-27 Two-Way Signings,ADDED,Tamar Bates Utah Jazz
2026-07-05 12:39:55,2026-27 Two-Way Signings,ADDED,"2 Years. Skill; Injury or Illness; Mental; Death. Compensation protection for 2026-27 Season is for $91,000 but will increase to 50% if team has not requested waivers on player on or before the first day of the 2026-27 Regular Season. Compensation protection for 2027-28 Season is for the Maximum Two-Way Protection Amount but will increase to 50% if team has not requested waivers on player on or before the first day of the 2027-28 Regular Season. Love of the Game. Physical Exam. Alt. 7(b)."
2026-07-05 12:39:55,2026-27 Two-Way Signings,ADDED,Execution Date: 7/1/26
2026-07-05 12:40:55,2026-27 Two-Way Signings,REMOVED,"2 Years. Skill; Injury or Illness; Mental; Death. Compensation protection for 2026-27 Season is for $91,000 but will increase to 50% if team has not requested waivers on player on or before the first day of the 2026-27 Regular Season. Compensation protection for 2027-28 Season is for the Maximum Two-Way Protection Amount but will increase to 50% if team has not requested waivers on player on or before the first day of the 2027-28 Regular Season. Love of the Game. Physical Exam. Alt. 7(b)."
2026-07-05 12:40:55,2026-27 Two-Way Signings,REMOVED,Execution Date: 7/1/26
2026-07-05 12:40:55,2026-27 Two-Way Signings,ADDED,"2 Years. Skill; Injury or Illness. Compensation protection for 2026-27 Season is for $91,000. Compensation protection for 2027-28 Season is none. Love of the Game. Physical Exam. Alt. 7(b)."
2026-07-05 12:40:55,2026-27 Two-Way Signings,ADDED,Execution Date: 7/3/26
2026-07-05 13:07:55,2026-27 Two-Way Signings,REMOVED,"Update 1.1 (7/1/26): T. Bates, J. Bradley, C. Castleton, T. Donaldson, A. Flager, C. Manon, J. Mogbo, I. Nelson, A. Okereke, J. Sellers, P. Spencer, P. Suder, E. Udeh, J. Watkins, A. Williams"
2026-07-05 13:07:55,2026-27 Two-Way Signings,ADDED,"Update 1.1 (7/1/26): T. Bates, J. Bradley, C. Castleton, T. Donaldson, A. Flager, E. Freeman, C. Manon, J. Mogbo, I. Nelson, A. Okereke, J. Sellers, P. Spencer, P. Suder, E. Udeh, J. Watkins, A. Williams"
2026-07-05 13:20:55,2026-27 Two-Way Signings,ADDED,Execution Date: 7/1/26
2026-07-05 13:20:55,2026-27 Two-Way Signings,ADDED,Enrique Freeman Orlando Magic
2026-07-05 13:20:55,2026-27 Two-Way Signings,ADDED,"1 Year. Skill; Injury or Illness. Compensation protection for 2026-27 Season is for $91,000 but will increase to 50% if team has not requested waivers on player on or before the first day of the 2026-27 Regular Season. Love of the Game. Physical Exam. Alt. 7(b)."
2026-07-05 13:21:56,2026-27 Two-Way Signings,REMOVED,Enrique Freeman Orlando Magic
2026-07-05 13:21:56,2026-27 Two-Way Signings,ADDED,Enrique Freeman Minnesota Timberwolves
2026-07-05 13:21:56,2026-27 Two-Way Signings,REMOVED,Execution Date: 7/1/26
2026-07-05 13:21:56,2026-27 Two-Way Signings,ADDED,Execution Date: 7/2/26
2026-07-05 16:18:55,2026-27 Two-Way Signings,REMOVED,"Update 1.1 (7/1/26): T. Bates, J. Bradley, C. Castleton, T. Donaldson, A. Flager, E. Freeman, C. Manon, J. Mogbo, I. Nelson, A. Okereke, J. Sellers, P. Spencer, P. Suder, E. Udeh, J. Watkins, A. Williams"
2026-07-05 16:18:55,2026-27 Two-Way Signings,ADDED,"Update 1.1 (7/1/26): T. Bates, J. Bradley, C. Castleton, T. Donaldson, A. Flager, E. Freeman, T. Lawal, C. Manon, J. Mogbo, I. Nelson, A. Okereke, J. Sellers, P. Spencer, P. Suder, E. Udeh, J. Watkins, A. Williams"
2026-07-05 16:18:55,2026-27 Two-Way Signings,ADDED,Toibu Lawal (2026 NBA DRAFT) Dallas Mavericks
2026-07-05 16:18:55,2026-27 Two-Way Signings,ADDED,"1 Year. Skill; Injury or Illness; Death. Compensation protection for 2026-27 Season is for $91,000 but will increase to 50% if team has not requested waivers on player on or before the first day of the 2026-27 Regular Season. Love of the Game. Alt. 7(b)."
2026-07-05 16:18:55,2026-27 Two-Way Signings,ADDED,Execution Date: 7/4/26
2026-07-05 16:19:55,2026-27 Two-Way Signings,REMOVED,"1 Year. Skill; Injury or Illness; Death. Compensation protection for 2026-27 Season is for $91,000 but will increase to 50% if team has not requested waivers on player on or before the first day of the 2026-27 Regular Season. Love of the Game. Alt. 7(b)."
2026-07-05 16:19:55,2026-27 Two-Way Signings,REMOVED,Execution Date: 7/4/26
2026-07-05 16:19:55,2026-27 Two-Way Signings,ADDED,"1 Year. Skill; Injury or Illness; Mental; Death. Compensation protection for 2026-27 Season is for $91,000. Love of the Game. Physical Exam."
2026-07-05 16:19:55,2026-27 Two-Way Signings,ADDED,Execution Date: 7/3/26
2026-07-05 16:22:55,2026-27 Two-Way Signings,REMOVED,"Update 1.1 (7/1/26): T. Bates, J. Bradley, C. Castleton, T. Donaldson, A. Flager, E. Freeman, T. Lawal, C. Manon, J. Mogbo, I. Nelson, A. Okereke, J. Sellers, P. Spencer, P. Suder, E. Udeh, J. Watkins, A. Williams"
2026-07-05 16:22:55,2026-27 Two-Way Signings,ADDED,"Update 1.1 (7/1/26): T. Awaka, T. Bates, J. Bradley, C. Castleton, T. Donaldson, A. Flager, E. Freeman, T. Lawal, C. Manon, J. Mogbo, I. Nelson, A. Okereke, J. Sellers, P. Spencer, P. Suder, E. Udeh, J. Watkins, A. Williams"
2026-07-05 16:23:55,2026-27 Two-Way Signings,ADDED,Tobe Awaka Chicago Bulls
2026-07-05 16:23:55,2026-27 Two-Way Signings,ADDED,"1 Year. Skill; Injury or Illness; Death. Compensation protection for 2026-27 Season is for $91,000. Love of the Game. Physical Exam. Alt. 7(b)."
2026-07-05 16:23:55,2026-27 Two-Way Signings,ADDED,Execution Date: 7/3/26
2026-07-05 16:25:55,2026-27 Two-Way Signings,REMOVED,"Update 1.1 (7/1/26): T. Awaka, T. Bates, J. Bradley, C. Castleton, T. Donaldson, A. Flager, E. Freeman, T. Lawal, C. Manon, J. Mogbo, I. Nelson, A. Okereke, J. Sellers, P. Spencer, P. Suder, E. Udeh, J. Watkins, A. Williams"
2026-07-05 16:25:55,2026-27 Two-Way Signings,ADDED,"Update 1.1 (7/1/26): T. Awaka, T. Bates, T. Bilodeau, J. Bradley, C. Castleton, T. Donaldson, A. Flager, E. Freeman, T. Lawal, C. Manon, J. Mogbo, I. Nelson, A. Okereke, J. Sellers, P. Spencer, P. Suder, E. Udeh, J. Watkins, A. Williams"
2026-07-05 16:25:55,2026-27 Two-Way Signings,ADDED,Tyler Bilodeau (2026 NBA DRAFT) Brooklyn Nets
2026-07-05 16:25:55,2026-27 Two-Way Signings,ADDED,"1 Year. Skill; Injury or Illness. Compensation protection for 2026-27 Season is for $91,000 but will increase to 50% if team has not requested waivers on player on or before the first day of the 2026-27 Regular Season. Love of the Game. Alt. 7(b)."
2026-07-05 16:25:55,2026-27 Two-Way Signings,ADDED,Execution Date: 7/4/26
2026-07-05 16:26:55,2026-27 Two-Way Signings,REMOVED,"1 Year. Skill; Injury or Illness. Compensation protection for 2026-27 Season is for $91,000 but will increase to 50% if team has not requested waivers on player on or before the first day of the 2026-27 Regular Season. Love of the Game. Alt. 7(b)."
2026-07-05 16:26:55,2026-27 Two-Way Signings,REMOVED,Execution Date: 7/4/26
2026-07-05 16:26:55,2026-27 Two-Way Signings,ADDED,"1 Year. Skill; Injury or Illness. Compensation protection for 2026-27 Season is for $91,000 but will increase to 50% if team has not requested waivers on player on or before the first day of the 2026-27 Regular Season. Love of the Game. Physical Exam. Alt. 7(b)."
2026-07-05 16:26:55,2026-27 Two-Way Signings,ADDED,Execution Date: 7/2/26
2026-07-05 16:44:55,2026-27 Two-Way Signings,REMOVED,"Update 1.1 (7/1/26): T. Awaka, T. Bates, T. Bilodeau, J. Bradley, C. Castleton, T. Donaldson, A. Flager, E. Freeman, T. Lawal, C. Manon, J. Mogbo, I. Nelson, A. Okereke, J. Sellers, P. Spencer, P. Suder, E. Udeh, J. Watkins, A. Williams"
2026-07-05 16:44:55,2026-27 Two-Way Signings,ADDED,"Update 1.1 (7/1/26): T. Awaka, T. Bates, T. Bilodeau, J. Bradley, C. Castleton, T. Donaldson, A. Flager, E. Freeman, T. Lawal, C. Manon, J. Mogbo, I. Nelson, A. Okereke, U. Onyenso, J. Sellers, P. Spencer, P. Suder, E. Udeh, J. Watkins, A. Williams"
2026-07-05 16:44:55,2026-27 Two-Way Signings,ADDED,Izaiyah Nelson (2026 NBA DRAFT) Orlando Magic
2026-07-05 16:44:55,2026-27 Two-Way Signings,ADDED,"2 Years. Skill; Injury or Illness. Compensation protection for 2026-27 Season is for $91,000 but will increase to 50% if team has not requested waivers on player on or before the first day of the 2026-27 Regular Season. Compensation protection for 2027-28 Season is none but will increase to the Maximum Two-Way Protection Amount if team has not requested waivers on player on or before 8/1/2027. Love of the Game. Physical Exam. Alt. 7(b)."
2026-07-05 16:44:55,2026-27 Two-Way Signings,ADDED,Execution Date: 7/1/26
2026-07-05 16:45:55,2026-27 Two-Way Signings,REMOVED,Izaiyah Nelson (2026 NBA DRAFT) Orlando Magic
2026-07-05 16:45:55,2026-27 Two-Way Signings,REMOVED,"2 Years. Skill; Injury or Illness. Compensation protection for 2026-27 Season is for $91,000 but will increase to 50% if team has not requested waivers on player on or before the first day of the 2026-27 Regular Season. Compensation protection for 2027-28 Season is none but will increase to the Maximum Two-Way Protection Amount if team has not requested waivers on player on or before 8/1/2027. Love of the Game. Physical Exam. Alt. 7(b)."
2026-07-05 16:45:55,2026-27 Two-Way Signings,REMOVED,Execution Date: 7/1/26
2026-07-05 16:45:55,2026-27 Two-Way Signings,ADDED,Ugonna Onyenso (2026 NBA DRAFT) Houston Rockets
2026-07-05 16:45:55,2026-27 Two-Way Signings,ADDED,"2 Years. Skill; Injury or Illness. Compensation protection for 2026-27 Season is for $91,000 but will increase to 50% if team has not requested waivers on player on or before the first day of the 2026-27 Regular Season. Compensation protection for 2027-28 Season is for the Maximum Two-Way Protection Amount but will increase to 50% if team has not requested waivers on player on or before the first day of the 2027-28 Regular Season. Love of the Game. Physical Exam."
2026-07-05 16:45:55,2026-27 Two-Way Signings,ADDED,Execution Date: 7/2/26
2026-07-05 16:46:55,2026-27 Two-Way Signings,REMOVED,Ugonna Onyenso (2026 NBA DRAFT) Houston Rockets
2026-07-05 16:46:55,2026-27 Two-Way Signings,ADDED,Ugonna Onyenso (2026 NBA DRAFT) Detroit Pistons
2026-07-05 16:52:55,2026-27 Veteran Signings,ADDED,Nah’Shon Hyland Minnesota Timberwolves
2026-07-05 16:52:55,2026-27 Veteran Signings,ADDED,"26-27 $2,845,883"
2026-07-05 16:52:55,2026-27 Veteran Signings,ADDED,Minimum Salary Exception. Player Trade Consent. Skill; Injury or Illness; Mental; Death. Love of the Game. Physical Exam. Alt. 7(b).
2026-07-05 16:52:55,2026-27 Veteran Signings,ADDED,Execution Date: 7/3/26
2026-07-05 16:54:56,2026-27 Rookie Signings,REMOVED,"Update 1.1 (7/1/26): A. Dybantsa, D. Peterson, D. Acuff Jr., K. Flemings, Y. Lendeborg, A. Graves, Z. Eijfor, A. Karaban, K. Peat, M. Thomas, R. Conwell, E. Sharp, B. Markovic, H. Veesaar"
2026-07-05 16:54:56,2026-27 Rookie Signings,ADDED,"Update 1.1 (7/1/26): A. Dybantsa, D. Peterson, C. Wilson, D. Acuff Jr., K. Flemings, Y. Lendeborg, A. Graves, Z. Eijfor, A. Karaban, K. Peat, M. Thomas, R. Conwell, E. Sharp, B. Markovic, H. Veesaar"
2026-07-05 16:54:56,2026-27 Rookie Signings,ADDED,"26-27 $13,195,320"
2026-07-05 16:54:56,2026-27 Rookie Signings,ADDED,"27-28 $13,855,320"
2026-07-05 16:54:56,2026-27 Rookie Signings,ADDED,"28-29 $14,515,320 (Team Option)"
2026-07-05 16:54:56,2026-27 Rookie Signings,ADDED,"29-30 $18,318,334 (Team Option)"
2026-07-05 16:54:56,2026-27 Rookie Signings,ADDED,"120%. Rookie Scale Exception. Advance Payment ($1,319,532). Insurance Premium Reimbursement. Skill; Injury or Illness; Mental. Love of the Game. Physical Exam. Alt. 7(b)."
2026-07-05 16:54:56,2026-27 Rookie Signings,ADDED,Execution Date: 7/1/26
2026-07-05 16:54:56,2026-27 Rookie Signings,ADDED,#3 Caleb Wil Utah Jazz
2026-07-05 16:55:56,2026-27 Rookie Signings,REMOVED,#3 Caleb Wil Utah Jazz
2026-07-05 16:55:56,2026-27 Rookie Signings,REMOVED,"26-27 $13,195,320"
2026-07-05 16:55:56,2026-27 Rookie Signings,REMOVED,"27-28 $13,855,320"
2026-07-05 16:55:56,2026-27 Rookie Signings,REMOVED,"28-29 $14,515,320 (Team Option)"
2026-07-05 16:55:56,2026-27 Rookie Signings,REMOVED,"29-30 $18,318,334 (Team Option)"
2026-07-05 16:55:56,2026-27 Rookie Signings,REMOVED,"120%. Rookie Scale Exception. Advance Payment ($1,319,532). Insurance Premium Reimbursement. Skill; Injury or Illness; Mental. Love of the Game. Physical Exam. Alt. 7(b)."
2026-07-05 16:55:56,2026-27 Rookie Signings,REMOVED,Execution Date: 7/1/26
2026-07-05 16:55:56,2026-27 Rookie Signings,ADDED,#3 Caleb Wilson Chicago Bulls
2026-07-05 16:55:56,2026-27 Rookie Signings,ADDED,"26-27 $10,683,720"
2026-07-05 16:55:56,2026-27 Rookie Signings,ADDED,"27-28 $11,217,960"
2026-07-05 16:55:56,2026-27 Rookie Signings,ADDED,"28-29 $11,752,320 (Team Option)"
2026-07-05 16:55:56,2026-27 Rookie Signings,ADDED,"29-30 $14,866,685 (Team Option)"
2026-07-05 16:55:56,2026-27 Rookie Signings,ADDED,120%. Rookie Scale Exception. Advance Payment ($). Skill; Injury or Illness; Death. Love of the Game. Physical Exam. Alt. 7(b).
2026-07-05 16:55:56,2026-27 Rookie Signings,ADDED,Execution Date: 7/3/26
2026-07-05 16:56:55,2026-27 Rookie Signings,REMOVED,120%. Rookie Scale Exception. Advance Payment ($). Skill; Injury or Illness; Death. Love of the Game. Physical Exam. Alt. 7(b).
2026-07-05 16:56:55,2026-27 Rookie Signings,ADDED,"120%. Rookie Scale Exception. Advance Payment ($3,285,252). Skill; Injury or Illness; Death. Love of the Game. Physical Exam. Alt. 7(b)."
2026-07-05 16:57:56,2026-27 Rookie Signings,REMOVED,"Update 1.1 (7/1/26): A. Dybantsa, D. Peterson, C. Wilson, D. Acuff Jr., K. Flemings, Y. Lendeborg, A. Graves, Z. Eijfor, A. Karaban, K. Peat, M. Thomas, R. Conwell, E. Sharp, B. Markovic, H. Veesaar"
2026-07-05 16:57:56,2026-27 Rookie Signings,ADDED,"Update 1.1 (7/1/26): A. Dybantsa, D. Peterson, C. Wilson, M. Brown, D. Acuff Jr., K. Flemings, Y. Lendeborg, A. Graves, Z. Eijfor, A. Karaban, K. Peat, M. Thomas, R. Conwell, E. Sharp, B. Markovic, H. Veesaar"
2026-07-05 16:57:56,2026-27 Rookie Signings,ADDED,#6 Mikel Brown Jr. Brooklyn Nets
2026-07-05 16:57:56,2026-27 Rookie Signings,ADDED,"26-27 $7,921,640 ($8,021,640)"
2026-07-05 16:57:56,2026-27 Rookie Signings,ADDED,"27-28 $8,322,920 ($8,422,920)"
2026-07-05 16:57:56,2026-27 Rookie Signings,ADDED,"28-29 $8,823,600 (Team Option)"
2026-07-05 16:57:56,2026-27 Rookie Signings,ADDED,"29-30 $11,205,972 (Team Option)"
2026-07-05 16:57:56,2026-27 Rookie Signings,ADDED,"120% (with likely to be earned bonuses - Summer League and Summer Conditioning). Rookie Scale Exception. Advance Payment ($792,164). Skill; Injury or Illness; Mental; Death. Love of the Game. Physical Exam. Alt. 7(b)."
2026-07-05 16:57:56,2026-27 Rookie Signings,ADDED,Execution Date: 7/1/26
2026-07-05 16:58:55,2026-27 Rookie Signings,REMOVED,"26-27 $7,921,640 ($8,021,640)"
2026-07-05 16:58:55,2026-27 Rookie Signings,REMOVED,"27-28 $8,322,920 ($8,422,920)"
2026-07-05 16:58:55,2026-27 Rookie Signings,REMOVED,"28-29 $8,823,600 (Team Option)"
2026-07-05 16:58:55,2026-27 Rookie Signings,REMOVED,"29-30 $11,205,972 (Team Option)"
2026-07-05 16:58:55,2026-27 Rookie Signings,REMOVED,"120% (with likely to be earned bonuses - Summer League and Summer Conditioning). Rookie Scale Exception. Advance Payment ($792,164). Skill; Injury or Illness; Mental; Death. Love of the Game. Physical Exam. Alt. 7(b)."
2026-07-05 16:58:55,2026-27 Rookie Signings,ADDED,"26-27 $8,687,000 ($8,87,000)"
2026-07-05 16:58:55,2026-27 Rookie Signings,ADDED,"27-28 $9,126,440"
2026-07-05 16:58:55,2026-27 Rookie Signings,ADDED,"28-29 $9,666,000 (Team Option)"
2026-07-05 16:58:55,2026-27 Rookie Signings,ADDED,"29-30 $12,256,488 (Team Option)"
2026-07-05 16:58:55,2026-27 Rookie Signings,ADDED,"120% (with likely to be earned bonuses - Summer League and Summer Conditioning). Rookie Scale Exception. Advance Payment ($200,000). Insurance Premium Reimbursement. Skill; Injury or Illness; Mental. Love of the Game. Physical Exam. Alt. 7(b)."
2026-07-05 16:59:55,2026-27 Rookie Signings,REMOVED,"26-27 $8,687,000 ($8,87,000)"
2026-07-05 16:59:55,2026-27 Rookie Signings,REMOVED,"27-28 $9,126,440"
2026-07-05 16:59:55,2026-27 Rookie Signings,ADDED,"26-27 $8,687,000 ($8,787,000)"
2026-07-05 16:59:55,2026-27 Rookie Signings,ADDED,"27-28 $9,126,440 ($9,226,440)"
2026-07-05 16:59:55,2026-27 Rookie Signings,REMOVED,Execution Date: 7/1/26
2026-07-05 16:59:55,2026-27 Rookie Signings,ADDED,Execution Date: 7/2/26
2026-07-05 17:01:56,2026-27 Rookie Signings,REMOVED,"Update 1.1 (7/1/26): A. Dybantsa, D. Peterson, C. Wilson, M. Brown, D. Acuff Jr., K. Flemings, Y. Lendeborg, A. Graves, Z. Eijfor, A. Karaban, K. Peat, M. Thomas, R. Conwell, E. Sharp, B. Markovic, H. Veesaar"
2026-07-05 17:01:56,2026-27 Rookie Signings,ADDED,"Update 1.1 (7/1/26): A. Dybantsa, D. Peterson, C. Wilson, K. Wagler, M. Brown, D. Acuff Jr., K. Flemings, Y. Lendeborg, A. Graves, Z. Eijfor, A. Karaban, K. Peat, M. Thomas, R. Conwell, E. Sharp, B. Markovic, H. Veesaar"
2026-07-05 17:02:56,2026-27 Rookie Signings,REMOVED,#3 Caleb Wilson Chicago Bulls
2026-07-05 17:02:56,2026-27 Rookie Signings,ADDED,#4 Caleb Wilson Chicago Bulls
2026-07-05 17:02:56,2026-27 Rookie Signings,ADDED,#5 Keaton Wagler Los Angeles Clippers
2026-07-05 17:02:56,2026-27 Rookie Signings,ADDED,"26-27 $9,624,760"
2026-07-05 17:02:56,2026-27 Rookie Signings,ADDED,"27-28 $10,108,240"
2026-07-05 17:02:56,2026-27 Rookie Signings,ADDED,"28-29 $10,641,960 (Team Option)"
2026-07-05 17:02:56,2026-27 Rookie Signings,ADDED,"29-30 $13,483,363 (Team Option)"
2026-07-05 17:02:56,2026-27 Rookie Signings,ADDED,"120% (with likely to be earned bonuses - Summer League and Summer Conditioning). Rookie Scale Exception. Advance Payment ($200,000). Insurance Premium Reimbursement. Skill; Injury or Illness; Mental. Love of the Game. Physical Exam. Alt. 7(b)."
2026-07-05 17:02:56,2026-27 Rookie Signings,ADDED,Execution Date: 7/2/26
2026-07-05 17:03:55,2026-27 Rookie Signings,REMOVED,"26-27 $9,624,760"
2026-07-05 17:03:55,2026-27 Rookie Signings,REMOVED,"27-28 $10,108,240"
2026-07-05 17:03:55,2026-27 Rookie Signings,ADDED,"26-27 $9,624,760 ($9,674,760)"
2026-07-05 17:03:55,2026-27 Rookie Signings,ADDED,"27-28 $10,108,240 ($10,158,240)"
2026-07-05 17:03:55,2026-27 Rookie Signings,REMOVED,"120% (with likely to be earned bonuses - Summer League and Summer Conditioning). Rookie Scale Exception. Advance Payment ($200,000). Insurance Premium Reimbursement. Skill; Injury or Illness; Mental. Love of the Game. Physical Exam. Alt. 7(b)."
2026-07-05 17:03:55,2026-27 Rookie Signings,REMOVED,Execution Date: 7/2/26
2026-07-05 17:03:55,2026-27 Rookie Signings,ADDED,120% (with likely to be earned bonuses - Summer League and Summer Conditioning). Rookie Scale Exception. Advance Payment ($). Insurance Premium Reimbursement. Skill; Injury or Illness; Mental. Love of the Game. Physical Exam. Alt. 7(b).
2026-07-05 17:03:55,2026-27 Rookie Signings,ADDED,Execution Date: 7/3/26
2026-07-05 17:04:57,2026-27 Rookie Signings,REMOVED,120% (with likely to be earned bonuses - Summer League and Summer Conditioning). Rookie Scale Exception. Advance Payment ($). Insurance Premium Reimbursement. Skill; Injury or Illness; Mental. Love of the Game. Physical Exam. Alt. 7(b).
2026-07-05 17:04:57,2026-27 Rookie Signings,ADDED,"120% (with likely to be earned bonuses - Summer League and Summer Conditioning). Rookie Scale Exception. Advance Payment ($1,443,714). Insurance Premium Reimbursement. Skill; Injury or Illness; Mental. Love of the Game. Physical Exam. Alt. 7(b)."
2026-07-05 17:07:57,2026-27 Rookie Signings,REMOVED,"Update 1.1 (7/1/26): A. Dybantsa, D. Peterson, C. Wilson, K. Wagler, M. Brown, D. Acuff Jr., K. Flemings, Y. Lendeborg, A. Graves, Z. Eijfor, A. Karaban, K. Peat, M. Thomas, R. Conwell, E. Sharp, B. Markovic, H. Veesaar"
2026-07-05 17:07:57,2026-27 Rookie Signings,ADDED,"Update 1.1 (7/1/26): A. Dybantsa, D. Peterson, C. Wilson, K. Wagler, M. Brown, D. Acuff Jr., K. Flemings, M. Johnson, Y. Lendeborg, A. Graves, Z. Eijfor, A. Karaban, K. Peat, M. Thomas, R. Conwell, E. Sharp, B. Markovic, H. Veesaar"
2026-07-05 17:07:57,2026-27 Rookie Signings,ADDED,#9 Morez Johnson Jr. Dallas Mavericks
2026-07-05 17:07:57,2026-27 Rookie Signings,ADDED,"26-27 $6,754,800"
2026-07-05 17:07:57,2026-27 Rookie Signings,ADDED,"27-28 $7,093,080"
2026-07-05 17:07:57,2026-27 Rookie Signings,ADDED,"28-29 $7,430,640 (Team Option)"
2026-07-05 17:07:57,2026-27 Rookie Signings,ADDED,"29-30 $14,866,685 (Team Option)"
2026-07-05 17:07:57,2026-27 Rookie Signings,ADDED,"120%. Rookie Scale Exception. Advance Payment ($3,285,252). Skill; Injury or Illness; Death. Love of the Game. Physical Exam. Alt. 7(b)."
2026-07-05 17:07:57,2026-27 Rookie Signings,ADDED,Execution Date: 7/3/26
2026-07-05 17:08:56,2026-27 Rookie Signings,REMOVED,"29-30 $14,866,685 (Team Option)"
2026-07-05 17:08:56,2026-27 Rookie Signings,REMOVED,"120%. Rookie Scale Exception. Advance Payment ($3,285,252). Skill; Injury or Illness; Death. Love of the Game. Physical Exam. Alt. 7(b)."
2026-07-05 17:08:56,2026-27 Rookie Signings,REMOVED,Execution Date: 7/3/26
2026-07-05 17:08:56,2026-27 Rookie Signings,ADDED,"29-30 $9,466,635 (Team Option)"
2026-07-05 17:08:56,2026-27 Rookie Signings,ADDED,"120%. Rookie Scale Exception. Advance Payment ($1,013,220). Skill; Injury or Illness; Mental; Death. Love of the Game. Physical Exam. Alt. 7(b)."
2026-07-05 17:08:56,2026-27 Rookie Signings,ADDED,Execution Date: 7/2/26
2026-07-05 17:10:56,2026-27 Rookie Signings,REMOVED,"Update 1.1 (7/1/26): A. Dybantsa, D. Peterson, C. Wilson, K. Wagler, M. Brown, D. Acuff Jr., K. Flemings, M. Johnson, Y. Lendeborg, A. Graves, Z. Eijfor, A. Karaban, K. Peat, M. Thomas, R. Conwell, E. Sharp, B. Markovic, H. Veesaar"
2026-07-05 17:10:56,2026-27 Rookie Signings,ADDED,"Update 1.1 (7/1/26): A. Dybantsa, D. Peterson, C. Wilson, K. Wagler, M. Brown, D. Acuff Jr., K. Flemings, M. Johnson, Y. Lendeborg, A. Graves, Z. Eijfor, S. De Larrea, A. Karaban, K. Peat, M. Thomas, R. Conwell, E. Sharp, B. Markovic, H. Veesaar"
2026-07-05 17:10:56,2026-27 Rookie Signings,ADDED,#25 Sergio De Larrea Dallas Mavericks
2026-07-05 17:10:56,2026-27 Rookie Signings,ADDED,"26-27 $3,182,280"
2026-07-05 17:10:56,2026-27 Rookie Signings,ADDED,"27-28 $3,341,280"
2026-07-05 17:10:56,2026-27 Rookie Signings,ADDED,"28-29 $3,500,880 (Team Option)"
2026-07-05 17:10:56,2026-27 Rookie Signings,ADDED,"29-30 $6,305,085 (Team Option)"
2026-07-05 17:10:56,2026-27 Rookie Signings,ADDED,"120%. Rookie Scale Exception. Advance Payment ($1,013,220). Skill; Injury or Illness; Mental; Death. Love of the Game. Physical Exam. Alt. 7(b)."
2026-07-05 17:10:56,2026-27 Rookie Signings,ADDED,Execution Date: 7/2/26
2026-07-05 17:11:55,2026-27 Rookie Signings,REMOVED,"120%. Rookie Scale Exception. Advance Payment ($1,013,220). Skill; Injury or Illness; Mental; Death. Love of the Game. Physical Exam. Alt. 7(b)."
2026-07-05 17:11:55,2026-27 Rookie Signings,REMOVED,Execution Date: 7/2/26
2026-07-05 17:11:55,2026-27 Rookie Signings,ADDED,"120%. Rookie Scale Exception. Advance Payment ($477,342). Skill; Injury or Illness; Mental; Death. Love of the Game. Physical Exam. Alt. 7(b)."
2026-07-05 17:11:55,2026-27 Rookie Signings,ADDED,Execution Date: 7/3/26
2026-07-05 17:15:56,2026-27 Rookie Signings,REMOVED,"Update 1.1 (7/1/26): A. Dybantsa, D. Peterson, C. Wilson, K. Wagler, M. Brown, D. Acuff Jr., K. Flemings, M. Johnson, Y. Lendeborg, A. Graves, Z. Eijfor, S. De Larrea, A. Karaban, K. Peat, M. Thomas, R. Conwell, E. Sharp, B. Markovic, H. Veesaar"
2026-07-05 17:15:56,2026-27 Rookie Signings,ADDED,"Update 1.1 (7/1/26): A. Dybantsa, D. Peterson, C. Wilson, K. Wagler, M. Brown, D. Acuff Jr., K. Flemings, M. Johnson, A. Mara, Y. Lendeborg, A. Graves, Z. Eijfor, S. De Larrea, A. Karaban, K. Peat, M. Thomas, R. Conwell, E. Sharp, B. Markovic, H. Veesaar"
2026-07-05 17:16:55,2026-27 Rookie Signings,ADDED,#12 Aday Mara Oklahoma City Thunder
2026-07-05 17:16:55,2026-27 Rookie Signings,ADDED,"26-27 $5,791,680"
2026-07-05 17:16:55,2026-27 Rookie Signings,ADDED,"27-28 $5,067,900"
2026-07-05 17:16:55,2026-27 Rookie Signings,ADDED,"28-29 $6,371,160 (Team Option)"
2026-07-05 17:16:55,2026-27 Rookie Signings,ADDED,"29-30 $8,779,458 (Team Option)"
2026-07-05 17:16:55,2026-27 Rookie Signings,ADDED,120% (with likely to be earned bonuses - Summer League and Summer Conditioning). Rookie Scale Exception. Advance Payment ($Skill; Injury or Illness; Death. Love of the Game. Physical Exam. Alt. 7(b).
2026-07-05 17:16:55,2026-27 Rookie Signings,ADDED,Execution Date: 7/2/26
2026-07-05 17:17:55,2026-27 Rookie Signings,REMOVED,120% (with likely to be earned bonuses - Summer League and Summer Conditioning). Rookie Scale Exception. Advance Payment ($Skill; Injury or Illness; Death. Love of the Game. Physical Exam. Alt. 7(b).
2026-07-05 17:17:55,2026-27 Rookie Signings,ADDED,"120% (with likely to be earned bonuses - Summer League and Summer Conditioning). Rookie Scale Exception. Advance Payment ($434,376). Insurance Premium Reimbursement. Skill; Injury or Illness; Mental. Love of the Game. Physical Exam. Alt. 7(b)."
2026-07-05 17:18:55,2026-27 Rookie Signings,REMOVED,"27-28 $5,067,900"
2026-07-05 17:18:55,2026-27 Rookie Signings,ADDED,"27-28 $5,067,900 ($6,081,480)"
2026-07-05 17:18:55,2026-27 Rookie Signings,REMOVED,Execution Date: 7/2/26
2026-07-05 17:18:55,2026-27 Rookie Signings,ADDED,Execution Date: 7/3/26
2026-07-05 17:20:55,2026-27 Rookie Signings,ADDED,#16 Bennett Stirtz Oklahoma City Thunder
2026-07-05 17:20:55,2026-27 Rookie Signings,ADDED,"26-27 $4,717,320"
2026-07-05 17:20:55,2026-27 Rookie Signings,ADDED,"27-28 $4,127,700 ($6,081,480)"
2026-07-05 17:20:55,2026-27 Rookie Signings,ADDED,"28-29 $6,371,160 (Team Option)"
2026-07-05 17:20:55,2026-27 Rookie Signings,ADDED,"29-30 $8,779,458 (Team Option)"
2026-07-05 17:20:55,2026-27 Rookie Signings,ADDED,"120% (with likely to be earned bonuses - Summer League and Summer Conditioning). Rookie Scale Exception. Advance Payment ($434,376). Insurance Premium Reimbursement. Skill; Injury or Illness; Mental. Love of the Game. Physical Exam. Alt. 7(b)."
2026-07-05 17:20:55,2026-27 Rookie Signings,ADDED,Execution Date: 7/3/26
2026-07-05 17:21:55,2026-27 Rookie Signings,REMOVED,"27-28 $4,127,700 ($6,081,480)"
2026-07-05 17:21:55,2026-27 Rookie Signings,REMOVED,"28-29 $6,371,160 (Team Option)"
2026-07-05 17:21:55,2026-27 Rookie Signings,REMOVED,"29-30 $8,779,458 (Team Option)"
2026-07-05 17:21:55,2026-27 Rookie Signings,REMOVED,"120% (with likely to be earned bonuses - Summer League and Summer Conditioning). Rookie Scale Exception. Advance Payment ($434,376). Insurance Premium Reimbursement. Skill; Injury or Illness; Mental. Love of the Game. Physical Exam. Alt. 7(b)."
2026-07-05 17:21:55,2026-27 Rookie Signings,ADDED,"27-28 $4,127,700 ($)"
2026-07-05 17:21:55,2026-27 Rookie Signings,ADDED,"28-29 $5,189,400 (Team Option)"
2026-07-05 17:21:55,2026-27 Rookie Signings,ADDED,"29-30 $7,960,540 (Team Option)"
2026-07-05 17:21:55,2026-27 Rookie Signings,ADDED,120% (with likely to be earned bonuses - Summer League and Summer Conditioning). Rookie Scale Exception. Insurance Premium Reimbursement. Skill; Injury or Illness; Mental. Love of the Game. Physical Exam. Alt. 7(b).
2026-07-05 17:22:55,2026-27 Rookie Signings,REMOVED,"27-28 $4,127,700 ($)"
2026-07-05 17:22:55,2026-27 Rookie Signings,ADDED,"27-28 $4,127,700 ($4,953,240)"
2026-07-05 17:23:56,2026-27 Two-Way Signings,REMOVED,"Update 1.1 (7/1/26): T. Awaka, T. Bates, T. Bilodeau, J. Bradley, C. Castleton, T. Donaldson, A. Flager, E. Freeman, T. Lawal, C. Manon, J. Mogbo, I. Nelson, A. Okereke, U. Onyenso, J. Sellers, P. Spencer, P. Suder, E. Udeh, J. Watkins, A. Williams"
2026-07-05 17:23:56,2026-27 Two-Way Signings,ADDED,"Update 1.1 (7/1/26): T. Awaka, T. Bates, T. Bilodeau, J. Bradley, C. Castleton, J. Dix, T. Donaldson, A. Flager, E. Freeman, T. Lawal, C. Manon, J. Mogbo, I. Nelson, A. Okereke, U. Onyenso, J. Sellers, P. Spencer, P. Suder, E. Udeh, J. Watkins, A. Williams"
2026-07-05 17:24:55,2026-27 Two-Way Signings,ADDED,Joshua Dix Oklahoma City Thunder
2026-07-05 17:24:55,2026-27 Two-Way Signings,ADDED,"1 Year. Skill; Injury or Illness. Compensation protection for 2026-27 Season is for $91,000 but will increase to 50% if team has not requested waivers on player on or before the first day of the 2026-27 Regular Season. Love of the Game. Physical Exam. Alt. 7(b)."
2026-07-05 17:24:55,2026-27 Two-Way Signings,ADDED,Execution Date: 7/3/26
2026-07-05 17:25:56,2026-27 Two-Way Signings,REMOVED,"Update 1.1 (7/1/26): T. Awaka, T. Bates, T. Bilodeau, J. Bradley, C. Castleton, J. Dix, T. Donaldson, A. Flager, E. Freeman, T. Lawal, C. Manon, J. Mogbo, I. Nelson, A. Okereke, U. Onyenso, J. Sellers, P. Spencer, P. Suder, E. Udeh, J. Watkins, A. Williams"
2026-07-05 17:25:56,2026-27 Two-Way Signings,ADDED,"Update 1.1 (7/1/26): T. Awaka, T. Bates, T. Bilodeau, J. Bradley, C. Castleton, J. Dix, T. Donaldson, A. Flager, E. Freeman, T. Lawal, C. Manon, J. Mogbo, I. Nelson, A. Okereke, U. Onyenso, O. Oweh, J. Sellers, P. Spencer, P. Suder, E. Udeh, J. Watkins, A. Williams"
2026-07-05 17:25:56,2026-27 Two-Way Signings,ADDED,Execution Date: 7/3/26
2026-07-05 17:25:56,2026-27 Two-Way Signings,ADDED,Brooks Barnhizer Oklahoma City Thunder
2026-07-05 17:25:56,2026-27 Two-Way Signings,ADDED,"1 Year. Skill; Injury or Illness. Compensation protection for 2026-27 Season is for $91,000 but will increase to 50% if team has not requested waivers on player on or before the first day of the 2026-27 Regular Season. Love of the Game. Physical Exam. Alt. 7(b)."
2026-07-05 17:26:55,2026-27 Two-Way Signings,ADDED,Otega Oweh (2026 NBA DRAFT) Oklahoma City Thunder
2026-07-05 17:26:55,2026-27 Two-Way Signings,ADDED,"1 Year. Skill; Injury or Illness. Compensation protection for 2026-27 Season is for $91,000 but will increase to 50% if team has not requested waivers on player on or before the first day of the 2026-27 Regular Season. Love of the Game. Physical Exam. Alt. 7(b)."
2026-07-05 17:26:55,2026-27 Two-Way Signings,ADDED,Execution Date: 7/3/26
2026-07-05 17:29:55,2026-27 Rookie Signings,REMOVED,"Update 1.1 (7/1/26): A. Dybantsa, D. Peterson, C. Wilson, K. Wagler, M. Brown, D. Acuff Jr., K. Flemings, M. Johnson, A. Mara, Y. Lendeborg, A. Graves, Z. Eijfor, S. De Larrea, A. Karaban, K. Peat, M. Thomas, R. Conwell, E. Sharp, B. Markovic, H. Veesaar"
2026-07-05 17:29:55,2026-27 Rookie Signings,ADDED,"Update 1.1 (7/1/26): A. Dybantsa, D. Peterson, C. Wilson, K. Wagler, M. Brown, D. Acuff Jr., K. Flemings, M. Johnson, A. Mara, Y. Lendeborg, A. Graves, L. Philon Jr., Z. Eijfor, S. De Larrea, A. Karaban, K. Peat, M. Thomas, R. Conwell, E. Sharp, B. Markovic, H. Veesaar"
2026-07-05 17:29:55,2026-27 Rookie Signings,ADDED,#23 Zuby Ejiofor Atlanta Hawks
2026-07-05 17:29:55,2026-27 Rookie Signings,ADDED,"26-27 $3,303,360 ($3,453,360)"
2026-07-05 17:29:55,2026-27 Rookie Signings,ADDED,"27-28 $3,476,160 ($3,626,160)"
2026-07-05 17:29:55,2026-27 Rookie Signings,ADDED,"28-29 $3,798,360 (Team Option)"
2026-07-05 17:29:55,2026-27 Rookie Signings,ADDED,"29-30 $6,445,817 (Team Option)"
2026-07-05 17:29:55,2026-27 Rookie Signings,ADDED,"120% (with likely to be earned bonuses - Summer League and Summer Conditioning). Rookie Scale Exception. Advance Payment ($495,504). Insurance Premium Reimbursement. Skill; Injury or Illness. Love of the Game. Physical Exam. Alt. 7(b)."
2026-07-05 17:29:55,2026-27 Rookie Signings,ADDED,Execution Date: 7/1/26
2026-07-05 17:30:55,2026-27 Rookie Signings,REMOVED,"Update 1.1 (7/1/26): A. Dybantsa, D. Peterson, C. Wilson, K. Wagler, M. Brown, D. Acuff Jr., K. Flemings, M. Johnson, A. Mara, Y. Lendeborg, A. Graves, L. Philon Jr., Z. Eijfor, S. De Larrea, A. Karaban, K. Peat, M. Thomas, R. Conwell, E. Sharp, B. Markovic, H. Veesaar"
2026-07-05 17:30:55,2026-27 Rookie Signings,ADDED,"Update 1.1 (7/1/26): A. Dybantsa, D. Peterson, C. Wilson, K. Wagler, M. Brown, D. Acuff Jr., K. Flemings, M. Johnson, A. Mara, Y. Lendeborg, A. Graves, L. Philon, Z. Eijfor, S. De Larrea, A. Karaban, K. Peat, M. Thomas, R. Conwell, E. Sharp, B. Markovic, H. Veesaar"
2026-07-05 17:30:55,2026-27 Rookie Signings,REMOVED,#23 Zuby Ejiofor Atlanta Hawks
2026-07-05 17:30:55,2026-27 Rookie Signings,REMOVED,"26-27 $3,303,360 ($3,453,360)"
2026-07-05 17:30:55,2026-27 Rookie Signings,REMOVED,"27-28 $3,476,160 ($3,626,160)"
2026-07-05 17:30:55,2026-27 Rookie Signings,REMOVED,"28-29 $3,798,360 (Team Option)"
2026-07-05 17:30:55,2026-27 Rookie Signings,ADDED,#22 Labaron Philon Philadelphia 76ers
2026-07-05 17:30:55,2026-27 Rookie Signings,ADDED,"26-27 $3,497,120"
2026-07-05 17:30:55,2026-27 Rookie Signings,ADDED,"27-28 $3,676,760"
2026-07-05 17:30:55,2026-27 Rookie Signings,ADDED,"28-29 $3,956,760 (Team Option)"
2026-07-05 17:31:55,2026-27 Rookie Signings,REMOVED,"29-30 $6,445,817 (Team Option)"
2026-07-05 17:31:55,2026-27 Rookie Signings,REMOVED,"120% (with likely to be earned bonuses - Summer League and Summer Conditioning). Rookie Scale Exception. Advance Payment ($495,504). Insurance Premium Reimbursement. Skill; Injury or Illness. Love of the Game. Physical Exam. Alt. 7(b)."
2026-07-05 17:31:55,2026-27 Rookie Signings,REMOVED,Execution Date: 7/1/26
2026-07-05 17:31:55,2026-27 Rookie Signings,ADDED,"29-30 $6,508,870 (Team Option)"
2026-07-05 17:31:55,2026-27 Rookie Signings,ADDED,"120% (with likely to be earned bonuses - Summer League and Summer Conditioning). Rookie Scale Exception. Advance Payment ($360,000). Insurance Premium Reimbursement. Skill; Injury or Illness; Mental. Love of the Game. Physical Exam. Alt. 7(b)."
2026-07-05 17:31:55,2026-27 Rookie Signings,ADDED,Execution Date: 7/3/26
2026-07-05 17:33:56,2026-27 Rookie Signings,REMOVED,"26-27 $3,497,120"
2026-07-05 17:33:56,2026-27 Rookie Signings,REMOVED,"27-28 $3,676,760"
2026-07-05 17:33:56,2026-27 Rookie Signings,ADDED,"26-27 $3,497,120 ($3,597,120)"
2026-07-05 17:33:56,2026-27 Rookie Signings,ADDED,"27-28 $3,676,760 ($3,776,760)"
2026-07-05 17:35:56,2026-27 Rookie Signings,REMOVED,"Update 1.1 (7/1/26): A. Dybantsa, D. Peterson, C. Wilson, K. Wagler, M. Brown, D. Acuff Jr., K. Flemings, M. Johnson, A. Mara, Y. Lendeborg, A. Graves, L. Philon, Z. Eijfor, S. De Larrea, A. Karaban, K. Peat, M. Thomas, R. Conwell, E. Sharp, B. Markovic, H. Veesaar"
2026-07-05 17:35:56,2026-27 Rookie Signings,ADDED,"Update 1.1 (7/1/26): A. Dybantsa, D. Peterson, C. Wilson, K. Wagler, M. Brown, D. Acuff Jr., K. Flemings, M. Johnson, A. Mara, Y. Lendeborg, D. Swain, A. Graves, L. Philon, Z. Eijfor, S. De Larrea, A. Karaban, K. Peat, M. Thomas, R. Conwell, E. Sharp, B. Markovic, H. Veesaar"
2026-07-05 17:35:56,2026-27 Rookie Signings,ADDED,#15 Dailyn Swain Chicago Bulls
2026-07-05 17:35:56,2026-27 Rookie Signings,ADDED,"26-27 $4,965,480"
2026-07-05 17:35:56,2026-27 Rookie Signings,ADDED,"27-28 $5,213,760"
2026-07-05 17:35:56,2026-27 Rookie Signings,ADDED,"28-29 $6,706,200 (Team Option)"
2026-07-05 17:35:56,2026-27 Rookie Signings,ADDED,"29-30 $8,899,127 (Team Option)"
2026-07-05 17:35:56,2026-27 Rookie Signings,ADDED,"120%. Rookie Scale Exception. Advance Payment ($609,624). Insurance Premium Reimbursement. Skill; Injury or Illness. Love of the Game. Physical Exam. Alt. 7(b)."
2026-07-05 17:35:56,2026-27 Rookie Signings,ADDED,Execution Date: 7/1/26
2026-07-05 17:36:55,2026-27 Rookie Signings,REMOVED,"28-29 $6,706,200 (Team Option)"
2026-07-05 17:36:55,2026-27 Rookie Signings,REMOVED,"29-30 $8,899,127 (Team Option)"
2026-07-05 17:36:55,2026-27 Rookie Signings,REMOVED,"120%. Rookie Scale Exception. Advance Payment ($609,624). Insurance Premium Reimbursement. Skill; Injury or Illness. Love of the Game. Physical Exam. Alt. 7(b)."
2026-07-05 17:36:55,2026-27 Rookie Signings,REMOVED,Execution Date: 7/1/26
2026-07-05 17:36:55,2026-27 Rookie Signings,ADDED,"28-29 $5,461,920 (Team Option)"
2026-07-05 17:36:55,2026-27 Rookie Signings,ADDED,"29-30 $8,373,123 (Team Option)"
2026-07-05 17:36:55,2026-27 Rookie Signings,ADDED,"120%. Rookie Scale Exception. Advance Payment ($496,548). Skill; Injury or Illness; Death. Love of the Game. Physical Exam. Alt. 7(b)."
2026-07-05 17:36:55,2026-27 Rookie Signings,ADDED,Execution Date: 7/3/26
2026-07-05 17:40:55,2026-27 Rookie Signings,REMOVED,"Update 1.1 (7/1/26): A. Dybantsa, D. Peterson, C. Wilson, K. Wagler, M. Brown, D. Acuff Jr., K. Flemings, M. Johnson, A. Mara, Y. Lendeborg, D. Swain, A. Graves, L. Philon, Z. Eijfor, S. De Larrea, A. Karaban, K. Peat, M. Thomas, R. Conwell, E. Sharp, B. Markovic, H. Veesaar"
2026-07-05 17:40:55,2026-27 Rookie Signings,ADDED,"Update 1.1 (7/1/26): A. Dybantsa, D. Peterson, C. Wilson, K. Wagler, M. Brown, D. Acuff Jr., K. Flemings, M. Johnson, A. Mara, Y. Lendeborg, D. Swain, A. Graves, L. Philon, Z. Eijfor, C. Carr, S. De Larrea, A. Karaban, K. Peat, M. Thomas, R. Conwell, E. Sharp, B. Markovic, H. Veesaar"
2026-07-05 17:41:56,2026-27 Rookie Signings,ADDED,#24 Cameron Atlanta Hawks
2026-07-05 17:41:56,2026-27 Rookie Signings,ADDED,"26-27 $3,303,360 ($3,453,360)"
2026-07-05 17:41:56,2026-27 Rookie Signings,ADDED,"27-28 $3,476,160 ($3,626,160)"
2026-07-05 17:41:56,2026-27 Rookie Signings,ADDED,"28-29 $3,798,360 (Team Option)"
2026-07-05 17:41:56,2026-27 Rookie Signings,ADDED,"29-30 $6,445,817 (Team Option)"
2026-07-05 17:41:56,2026-27 Rookie Signings,ADDED,"120% (with likely to be earned bonuses - Summer League and Summer Conditioning). Rookie Scale Exception. Advance Payment ($495,504). Insurance Premium Reimbursement. Skill; Injury or Illness. Love of the Game. Physical Exam. Alt. 7(b)."
2026-07-05 17:41:56,2026-27 Rookie Signings,ADDED,Execution Date: 7/1/26
2026-07-05 17:42:55,2026-27 Rookie Signings,REMOVED,#24 Cameron Atlanta Hawks
2026-07-05 17:42:55,2026-27 Rookie Signings,REMOVED,"26-27 $3,303,360 ($3,453,360)"
2026-07-05 17:42:55,2026-27 Rookie Signings,REMOVED,"27-28 $3,476,160 ($3,626,160)"
2026-07-05 17:42:55,2026-27 Rookie Signings,REMOVED,"28-29 $3,798,360 (Team Option)"
2026-07-05 17:42:55,2026-27 Rookie Signings,REMOVED,"29-30 $6,445,817 (Team Option)"
2026-07-05 17:42:55,2026-27 Rookie Signings,ADDED,#24 Cameron Carr Los Angeles Lakers
2026-07-05 17:42:55,2026-27 Rookie Signings,ADDED,"26-27 $3,215,360 ($3,315,360)"
2026-07-05 17:42:55,2026-27 Rookie Signings,ADDED,"27-28 $3,381,080 ($3,481,080)"
2026-07-05 17:42:55,2026-27 Rookie Signings,ADDED,"28-29 $3,646,800 (Team Option)"
2026-07-05 17:42:55,2026-27 Rookie Signings,ADDED,"29-30 $6,378,253 (Team Option)"
2026-07-05 17:43:55,2026-27 Rookie Signings,REMOVED,"120% (with likely to be earned bonuses - Summer League and Summer Conditioning). Rookie Scale Exception. Advance Payment ($495,504). Insurance Premium Reimbursement. Skill; Injury or Illness. Love of the Game. Physical Exam. Alt. 7(b)."
2026-07-05 17:43:55,2026-27 Rookie Signings,REMOVED,Execution Date: 7/1/26
2026-07-05 17:43:55,2026-27 Rookie Signings,ADDED,"120% (with likely to be earned bonuses - Summer League and Summer Conditioning). Rookie Scale Exception. Advance Payment ($500,000). Skill; Injury or Illness; Mental; Death. Love of the Game. Physical Exam. Alt. 7(b)."
2026-07-05 17:43:55,2026-27 Rookie Signings,ADDED,Execution Date: 7/2/26
2026-07-05 17:45:56,2026-27 Rookie Signings,ADDED,#27 Chris Cenac Jr. Boston Celtics
2026-07-05 17:45:56,2026-27 Rookie Signings,ADDED,"26-27 $2,988,1"
2026-07-05 17:45:56,2026-27 Rookie Signings,ADDED,"27-28 $3,341,280"
2026-07-05 17:45:56,2026-27 Rookie Signings,ADDED,"28-29 $3,500,880 (Team Option)"
2026-07-05 17:45:56,2026-27 Rookie Signings,ADDED,"29-30 $6,305,085 (Team Option)"
2026-07-05 17:45:56,2026-27 Rookie Signings,ADDED,"120%. Rookie Scale Exception. Advance Payment ($477,342). Skill; Injury or Illness; Mental; Death. Love of the Game. Physical Exam. Alt. 7(b)."
2026-07-05 17:45:56,2026-27 Rookie Signings,ADDED,Execution Date: 7/3/26
2026-07-05 17:46:56,2026-27 Rookie Signings,REMOVED,"26-27 $2,988,1"
2026-07-05 17:46:56,2026-27 Rookie Signings,REMOVED,"27-28 $3,341,280"
2026-07-05 17:46:56,2026-27 Rookie Signings,REMOVED,"28-29 $3,500,880 (Team Option)"
2026-07-05 17:46:56,2026-27 Rookie Signings,REMOVED,"29-30 $6,305,085 (Team Option)"
2026-07-05 17:46:56,2026-27 Rookie Signings,REMOVED,"120%. Rookie Scale Exception. Advance Payment ($477,342). Skill; Injury or Illness; Mental; Death. Love of the Game. Physical Exam. Alt. 7(b)."
2026-07-05 17:46:56,2026-27 Rookie Signings,REMOVED,Execution Date: 7/3/26
2026-07-05 17:46:56,2026-27 Rookie Signings,ADDED,"26-27 $2,988,120"
2026-07-05 17:46:56,2026-27 Rookie Signings,ADDED,"27-28 $3,137,640"
2026-07-05 17:46:56,2026-27 Rookie Signings,ADDED,"28-29 $3,287,400 (Team Option)"
2026-07-05 17:46:56,2026-27 Rookie Signings,ADDED,"29-30 $5,930,470 (Team Option)"
2026-07-05 17:46:56,2026-27 Rookie Signings,ADDED,"120%. Rookie Scale Exception. Advance Payment ($250,000). Insurance Premium Reimbursement. Skill; Injury or Illness; Mental. Love of the Game. Physical Exam. Alt. 7(b)."
2026-07-05 17:46:56,2026-27 Rookie Signings,ADDED,Execution Date: 7/5/26
2026-07-05 17:58:59,2026-27 Rookie Signings,REMOVED,"Update 1.1 (7/1/26): A. Dybantsa, D. Peterson, C. Wilson, K. Wagler, M. Brown, D. Acuff Jr., K. Flemings, M. Johnson, A. Mara, Y. Lendeborg, D. Swain, A. Graves, L. Philon, Z. Eijfor, C. Carr, S. De Larrea, A. Karaban, K. Peat, M. Thomas, R. Conwell, E. Sharp, B. Markovic, H. Veesaar"
2026-07-05 17:58:59,2026-27 Rookie Signings,ADDED,"Update 1.1 (7/1/26): A. Dybantsa, D. Peterson, C. Wilson, K. Wagler, M. Brown, D. Acuff Jr., K. Flemings, M. Johnson, A. Mara, Y. Lendeborg, D. Swain, A. Graves, L. Philon, Z. Eijfor, C. Carr, S. De Larrea, C. Cenac, A. Karaban, K. Peat, M. Thomas, R. Conwell, E. Sharp, B. Markovic, H. Veesaar"
2026-07-05 18:02:53,2026-27 Rookie Signings,REMOVED,"Update 1.1 (7/1/26): A. Dybantsa, D. Peterson, C. Wilson, K. Wagler, M. Brown, D. Acuff Jr., K. Flemings, M. Johnson, A. Mara, Y. Lendeborg, D. Swain, A. Graves, L. Philon, Z. Eijfor, C. Carr, S. De Larrea, C. Cenac, A. Karaban, K. Peat, M. Thomas, R. Conwell, E. Sharp, B. Markovic, H. Veesaar"
2026-07-05 18:02:53,2026-27 Rookie Signings,ADDED,"Update 1.1 (7/1/26): A. Dybantsa, D. Peterson, C. Wilson, K. Wagler, M. Brown, D. Acuff Jr., K. Flemings, M. Johnson, A. Mara, Y. Lendeborg, D. Swain, A. Graves, J. Quaintance, L. Philon, Z. Eijfor, C. Carr, S. De Larrea, T. Reed Jr., C. Cenac, A. Karaban, K. Peat, M. Thomas, R. Conwell, E. Sharp, B. Markovic, H. Veesaar"
2026-07-05 18:02:53,2026-27 Rookie Signings,ADDED,#20 Jayden Quaintance San Antonio Spurs
2026-07-05 18:02:53,2026-27 Rookie Signings,ADDED,"26-27 $3,902,"
2026-07-05 18:02:53,2026-27 Rookie Signings,ADDED,"27-28 $4,127,700 ($4,953,240)"
2026-07-05 18:02:53,2026-27 Rookie Signings,ADDED,"28-29 $5,189,400 (Team Option)"
2026-07-05 18:02:53,2026-27 Rookie Signings,ADDED,"29-30 $7,960,540 (Team Option)"
2026-07-05 18:02:53,2026-27 Rookie Signings,ADDED,120% (with likely to be earned bonuses - Summer League and Summer Conditioning). Rookie Scale Exception. Insurance Premium Reimbursement. Skill; Injury or Illness; Mental. Love of the Game. Physical Exam. Alt. 7(b).
2026-07-05 18:02:53,2026-27 Rookie Signings,ADDED,Execution Date: 7/3/26
2026-07-05 18:04:12,2026-27 Rookie Signings,REMOVED,"26-27 $3,902,"
2026-07-05 18:04:12,2026-27 Rookie Signings,REMOVED,"27-28 $4,127,700 ($4,953,240)"
2026-07-05 18:04:12,2026-27 Rookie Signings,REMOVED,"28-29 $5,189,400 (Team Option)"
2026-07-05 18:04:12,2026-27 Rookie Signings,REMOVED,"29-30 $7,960,540 (Team Option)"
2026-07-05 18:04:12,2026-27 Rookie Signings,REMOVED,120% (with likely to be earned bonuses - Summer League and Summer Conditioning). Rookie Scale Exception. Insurance Premium Reimbursement. Skill; Injury or Illness; Mental. Love of the Game. Physical Exam. Alt. 7(b).
2026-07-05 18:04:12,2026-27 Rookie Signings,ADDED,"26-27 $3,902,760"
2026-07-05 18:04:12,2026-27 Rookie Signings,ADDED,"27-28 $3,414,900 ($)"
2026-07-05 18:04:12,2026-27 Rookie Signings,ADDED,"28-29 $4,292,880 (Team Option)"
2026-07-05 18:04:12,2026-27 Rookie Signings,ADDED,"29-30 $6,619,621 (Team Option)"
2026-07-05 18:04:12,2026-27 Rookie Signings,ADDED,"120% (with likely to be earned bonuses - Summer League and Summer Conditioning). Rookie Scale Exception. Advance Payment ($390,276). Skill; Injury or Illness. Love of the Game. Physical Exam. Alt. 7(b)."
2026-07-05 18:04:58,2026-27 Rookie Signings,REMOVED,"27-28 $3,414,900 ($)"
2026-07-05 18:04:58,2026-27 Rookie Signings,ADDED,"27-28 $3,414,900 ($4,097,880)"
2026-07-05 18:06:10,2026-27 Rookie Signings,ADDED,#26 Tarris Reed Jr. San Antonio Spurs
2026-07-05 18:06:10,2026-27 Rookie Signings,ADDED,"26-27 $3,076,920"
2026-07-05 18:06:10,2026-27 Rookie Signings,ADDED,"27-28 $2,692,100 ($)"
2026-07-05 18:06:10,2026-27 Rookie Signings,ADDED,"28-29 $3,384,480 (Team Option)"
2026-07-05 18:06:10,2026-27 Rookie Signings,ADDED,"29-30 $6,102,217 (Team Option)"
2026-07-05 18:06:10,2026-27 Rookie Signings,ADDED,"120% (with likely to be earned bonuses - Summer League and Summer Conditioning). Rookie Scale Exception. Advance Payment ($307,692). Skill; Injury or Illness. Love of the Game. Physical Exam. Alt. 7(b)."
2026-07-05 18:06:10,2026-27 Rookie Signings,ADDED,Execution Date: 7/3/26
2026-07-05 18:07:03,2026-27 Rookie Signings,REMOVED,"27-28 $2,692,100 ($)"
2026-07-05 18:07:03,2026-27 Rookie Signings,ADDED,"27-28 $2,692,100 ($3,230,520)"
2026-07-05 18:07:59,2026-27 Two-Way Signings,REMOVED,"Update 1.1 (7/1/26): T. Awaka, T. Bates, T. Bilodeau, J. Bradley, C. Castleton, J. Dix, T. Donaldson, A. Flager, E. Freeman, T. Lawal, C. Manon, J. Mogbo, I. Nelson, A. Okereke, U. Onyenso, O. Oweh, J. Sellers, P. Spencer, P. Suder, E. Udeh, J. Watkins, A. Williams"
2026-07-05 18:07:59,2026-27 Two-Way Signings,ADDED,"Update 1.1 (7/1/26): T. Awaka, T. Bates, T. Bilodeau, J. Bradley, M. Brown, C. Castleton, J. Dix, T. Donaldson, A. Flager, E. Freeman, J. Gillespie, T. Lawal, C. Manon, J. Mogbo, I. Nelson, A. Okereke, U. Onyenso, O. Oweh, J. Sellers, P. Spencer, P. Suder, E. Udeh, J. Watkins, A. Williams"
2026-07-05 18:09:05,2026-27 Two-Way Signings,ADDED,Maliq Brown (2026 NBA DRAFT) San Antonio Spurs
2026-07-05 18:09:05,2026-27 Two-Way Signings,ADDED,"1 Year. Skill; Injury or Illness. Compensation protection for 2026-27 Season is for $91,000 but will increase to 50% if team has not requested waivers on player on or before the first day of the 2026-27 Regular Season. Love of the Game. Physical Exam. Alt. 7(b)."
2026-07-05 18:09:05,2026-27 Two-Way Signings,ADDED,Execution Date: 7/3/26
2026-07-05 18:09:05,2026-27 Two-Way Signings,ADDED,JaKobi Gillespie (2026 NBA DRAFT) San Antonio Spurs
2026-07-05 18:09:05,2026-27 Two-Way Signings,ADDED,"1 Year. Skill; Injury or Illness. Compensation protection for 2026-27 Season is for $91,000 but will increase to 50% if team has not requested waivers on player on or before the first day of the 2026-27 Regular Season. Love of the Game. Physical Exam. Alt. 7(b)."
2026-07-05 18:09:05,2026-27 Two-Way Signings,ADDED,Execution Date: 7/3/26
2026-07-05 18:12:21,2026-27 Veteran Signings,REMOVED,"Update 1.1 (7/1/26): B. Carlson, J. Carter, J. Isaac, S. Fontecchio, N. Vukevic"
2026-07-05 18:12:21,2026-27 Veteran Signings,ADDED,"Update 1.1 (7/1/26): B. Carlson, J. Carter, N. Hyland, J. Isaac, N. Vukevic"
2026-07-05 18:12:58,2026-27 Veteran Signings,REMOVED,"Update 1.1 (7/1/26): B. Carlson, J. Carter, N. Hyland, J. Isaac, N. Vukevic"
2026-07-05 18:12:58,2026-27 Veteran Signings,ADDED,"Update 1.1 (7/1/26): B. Carlson, J. Carter, S. Fontecchio, N. Hyland, J. Isaac, A. Martin, N. Vukevic"
2026-07-05 18:12:58,2026-27 Veteran Signings,ADDED,Alijah Martin Toronto Raptors
2026-07-05 18:12:58,2026-27 Veteran Signings,ADDED,"26-27 $2,185,116"
2026-07-05 18:12:58,2026-27 Veteran Signings,ADDED,"27-28 $2,57"
2026-07-05 18:12:58,2026-27 Veteran Signings,ADDED,Minimum Salary Exception. Skill; Injury or Illness; Mental; Death. Love of the Game. Physical Exam. Alt. 7(b).
2026-07-05 18:12:58,2026-27 Veteran Signings,ADDED,Execution Date: 7/1/26
2026-07-05 18:14:00,2026-27 Veteran Signings,REMOVED,"27-28 $2,57"
2026-07-05 18:14:00,2026-27 Veteran Signings,REMOVED,Minimum Salary Exception. Skill; Injury or Illness; Mental; Death. Love of the Game. Physical Exam. Alt. 7(b).
2026-07-05 18:14:00,2026-27 Veteran Signings,ADDED,"27-28 $2,571,895"
2026-07-05 18:14:00,2026-27 Veteran Signings,ADDED,"2 Years for $4,757,011. Minimum Salary Exception. Advance Payment ($50,000). Skill; Injury or Illness; Death. Compensation protection for 2027-28 Season is for $500,000 but will increase to full if team has not requested waivers on player on or before"
2026-07-05 18:14:00,2026-27 Veteran Signings,ADDED,Love of the Game. Physical Exam. Alt. 7(b).
2026-07-05 18:15:00,2026-27 Veteran Signings,REMOVED,"2 Years for $4,757,011. Minimum Salary Exception. Advance Payment ($50,000). Skill; Injury or Illness; Death. Compensation protection for 2027-28 Season is for $500,000 but will increase to full if team has not requested waivers on player on or before"
2026-07-05 18:15:00,2026-27 Veteran Signings,REMOVED,Love of the Game. Physical Exam. Alt. 7(b).
2026-07-05 18:15:00,2026-27 Veteran Signings,REMOVED,Execution Date: 7/1/26
2026-07-05 18:15:00,2026-27 Veteran Signings,ADDED,"2 Years for $4,757,011. Minimum Salary Exception. Advance Payment ($50,000). Skill; Injury or Illness; Death. Compensation protection for 2027-28 Season is for $500,000 but will increase to full if team has not requested waivers on player on or before 7/1/2027. Love of the Game. Alt. 7(b)."
2026-07-05 18:15:00,2026-27 Veteran Signings,ADDED,Execution Date: 7/3/26
2026-07-06 11:21:55,2026-27 Two-Way Signings,REMOVED,"Update 1.1 (7/1/26): T. Awaka, T. Bates, T. Bilodeau, J. Bradley, M. Brown, C. Castleton, J. Dix, T. Donaldson, A. Flager, E. Freeman, J. Gillespie, T. Lawal, C. Manon, J. Mogbo, I. Nelson, A. Okereke, U. Onyenso, O. Oweh, J. Sellers, P. Spencer, P. Suder, E. Udeh, J. Watkins, A. Williams"
2026-07-06 11:21:55,2026-27 Two-Way Signings,ADDED,"Update 1.1 (7/1/26): T. Awaka, T. Bates, T. Bilodeau, J. Bradley, M. Brown, C. Castleton, J. Dix, T. Donaldson, A. Flager, E. Freeman, J. Gillespie, T. Lawal, C. Love, C. Manon, J. Mogbo, I. Nelson, A. Okereke, U. Onyenso, O. Oweh, J. Sellers, P. Spencer, P. Suder, E. Udeh, J. Watkins, A. Williams"
2026-07-06 11:21:55,2026-27 Two-Way Signings,ADDED,Caleb Love Philadelphia 76ers
2026-07-06 11:21:55,2026-27 Two-Way Signings,ADDED,"1 Year. Skill; Injury or Illness. Compensation protection for 2026-27 Season is for $91,000 but will increase to 50% if team has not requested waivers on player on or before the first day of the 2026-27 Regular Season. Love of the Game. Physical Exam. Alt. 7(b)."
2026-07-06 11:21:55,2026-27 Two-Way Signings,ADDED,Execution Date: 7/5/26
2026-07-06 12:06:55,2026-27 Two-Way Signings,REMOVED,"Update 1.1 (7/1/26): T. Awaka, T. Bates, T. Bilodeau, J. Bradley, M. Brown, C. Castleton, J. Dix, T. Donaldson, A. Flager, E. Freeman, J. Gillespie, T. Lawal, C. Love, C. Manon, J. Mogbo, I. Nelson, A. Okereke, U. Onyenso, O. Oweh, J. Sellers, P. Spencer, P. Suder, E. Udeh, J. Watkins, A. Williams"
2026-07-06 12:06:55,2026-27 Two-Way Signings,ADDED,"Update 1.1 (7/1/26): T. Awaka, T. Bates, T. Bilodeau, J. Bradley, M. Brown, C. Castleton, J. Dix, T. Donaldson, A. Flager, E. Freeman, J. Gillespie, T. Lawal, C. Love, N. Martinelli, C. Manon, J. Mogbo, I. Nelson, A. Okereke, U. Onyenso, O. Oweh, J. Sellers, P. Spencer, P. Suder, E. Udeh, J. Watkins, A. Williams"
2026-07-06 12:06:55,2026-27 Two-Way Signings,ADDED,Nicholas Martinelli (2026 NBA DRAFT) Los Angeles Cli
2026-07-06 12:06:55,2026-27 Two-Way Signings,ADDED,"2 Years. Skill; Injury or Illness. Compensation protection for 2026-27 Season is for $91,000 but will increase to 50% if team has not requested waivers on player on or before the first day of the 2026-27 Regular Season. Compensation protection for 2027-28 Season is none but will increase to the Maximum Two-Way Protection Amount if team has not requested waivers on player on or before 8/1/2027. Love of the Game. Physical Exam. Alt. 7(b)."
2026-07-06 12:06:55,2026-27 Two-Way Signings,ADDED,Execution Date: 7/1/26
2026-07-06 12:07:56,2026-27 Two-Way Signings,REMOVED,Nicholas Martinelli (2026 NBA DRAFT) Los Angeles Cli
2026-07-06 12:07:56,2026-27 Two-Way Signings,REMOVED,"2 Years. Skill; Injury or Illness. Compensation protection for 2026-27 Season is for $91,000 but will increase to 50% if team has not requested waivers on player on or before the first day of the 2026-27 Regular Season. Compensation protection for 2027-28 Season is none but will increase to the Maximum Two-Way Protection Amount if team has not requested waivers on player on or before 8/1/2027. Love of the Game. Physical Exam. Alt. 7(b)."
2026-07-06 12:07:56,2026-27 Two-Way Signings,REMOVED,Execution Date: 7/1/26
2026-07-06 12:07:56,2026-27 Two-Way Signings,ADDED,Nicholas Martinelli (2026 NBA DRAFT) Los Angeles Clippers
2026-07-06 12:07:56,2026-27 Two-Way Signings,ADDED,"2 Years. Advance Payment ($45,000). Skill; Injury or Illness; Mental. Compensation protection for 2026-27 Season is for $91,000 but will increase to 50% if team has not requested waivers on player on or before the first day of the 2026-27 Regular Season. Compensation protection for 2027-28 Season is none but will increase to the Maximum Two-Way Protection Amount if team has not requested waivers on player on or before 6/29/2027 and increase to 5."
2026-07-06 12:07:56,2026-27 Two-Way Signings,ADDED,Love of the Game. Physical Exam. Alt. 7(b).
2026-07-06 12:07:56,2026-27 Two-Way Signings,ADDED,Execution Date: 7/5/26
2026-07-06 12:08:55,2026-27 Two-Way Signings,REMOVED,"2 Years. Advance Payment ($45,000). Skill; Injury or Illness; Mental. Compensation protection for 2026-27 Season is for $91,000 but will increase to 50% if team has not requested waivers on player on or before the first day of the 2026-27 Regular Season. Compensation protection for 2027-28 Season is none but will increase to the Maximum Two-Way Protection Amount if team has not requested waivers on player on or before 6/29/2027 and increase to 5."
2026-07-06 12:08:55,2026-27 Two-Way Signings,REMOVED,Love of the Game. Physical Exam. Alt. 7(b).
2026-07-06 12:08:55,2026-27 Two-Way Signings,ADDED,"2 Years. Advance Payment ($45,000). Skill; Injury or Illness; Mental. Compensation protection for 2026-27 Season is for $91,000 but will increase to 50% if team has not requested waivers on player on or before the first day of the 2026-27 Regular Season. Compensation protection for 2027-28 Season is none but will increase to the Maximum Two-Way Protection Amount if team has not requested waivers on player on or before 6/29/2027 and increase to 50% if team has not requested waivers on player on or before the first day of the 2027-28 Regular Season. Love of the Game. Physical Exam. Alt. 7(b)."
2026-07-06 12:09:55,2026-27 Two-Way Signings,REMOVED,"2 Years. Advance Payment ($45,000). Skill; Injury or Illness; Mental. Compensation protection for 2026-27 Season is for $91,000 but will increase to 50% if team has not requested waivers on player on or before the first day of the 2026-27 Regular Season. Compensation protection for 2027-28 Season is none but will increase to the Maximum Two-Way Protection Amount if team has not requested waivers on player on or before 6/29/2027 and increase to 50% if team has not requested waivers on player on or before the first day of the 2027-28 Regular Season. Love of the Game. Physical Exam. Alt. 7(b)."
2026-07-06 12:09:55,2026-27 Two-Way Signings,ADDED,"2 Years. Advance Payment ($45,500). Skill; Injury or Illness; Mental. Compensation protection for 2026-27 Season is for $91,000 but will increase to 50% if team has not requested waivers on player on or before the first day of the 2026-27 Regular Season. Compensation protection for 2027-28 Season is none but will increase to the Maximum Two-Way Protection Amount if team has not requested waivers on player on or before 6/29/2027 and increase to 50% if team has not requested waivers on player on or before the first day of the 2027-28 Regular Season. Love of the Game. Physical Exam. Alt. 7(b)."
2026-07-06 12:10:55,2026-27 Two-Way Signings,REMOVED,"Update 1.1 (7/1/26): T. Awaka, T. Bates, T. Bilodeau, J. Bradley, M. Brown, C. Castleton, J. Dix, T. Donaldson, A. Flager, E. Freeman, J. Gillespie, T. Lawal, C. Love, N. Martinelli, C. Manon, J. Mogbo, I. Nelson, A. Okereke, U. Onyenso, O. Oweh, J. Sellers, P. Spencer, P. Suder, E. Udeh, J. Watkins, A. Williams"
2026-07-06 12:10:55,2026-27 Two-Way Signings,ADDED,"Update 1.1 (7/1/26): T. Awaka, T. Bates, T. Bilodeau, J. Bradley, M. Brown, C. Castleton, J. Dix, T. Donaldson, A. Flager, E. Freeman, J. Gillespie, T. Lawal, C. Love, C. Manon, N. Martinelli, J. Mogbo, I. Nelson, A. Okereke, U. Onyenso, O. Oweh, J. Sellers, P. Spencer, P. Suder, E. Udeh, J. Watkins, A. Williams"
2026-07-06 12:17:56,2026-27 Two-Way Signings,REMOVED,"Update 1.1 (7/1/26): T. Awaka, T. Bates, T. Bilodeau, J. Bradley, M. Brown, C. Castleton, J. Dix, T. Donaldson, A. Flager, E. Freeman, J. Gillespie, T. Lawal, C. Love, C. Manon, N. Martinelli, J. Mogbo, I. Nelson, A. Okereke, U. Onyenso, O. Oweh, J. Sellers, P. Spencer, P. Suder, E. Udeh, J. Watkins, A. Williams"
2026-07-06 12:17:56,2026-27 Two-Way Signings,ADDED,"Update 1.1 (7/1/26): T. Awaka, T. Bates, T. Bilodeau, J. Bradley, M. Brown, C. Castleton, J. Dix, T. Donaldson, A. Flager, E. Freeman, J. Gillespie, K. Jones, T. Lawal, C. Love, C. Manon, N. Martinelli, J. Mogbo, I. Nelson, A. Okereke, U. Onyenso, O. Oweh, J. Sellers, P. Spencer, P. Suder, E. Udeh, J. Watkins, A. Williams"
2026-07-06 12:17:56,2026-27 Two-Way Signings,ADDED,Kam Jones MI
2026-07-06 12:17:56,2026-27 Two-Way Signings,ADDED,"1 Year. Skill; Injury or Illness. Compensation protection for 2026-27 Season is for $91,000 but will increase to 50% if team has not requested waivers on player on or before the first day of the 2026-27 Regular Season. Love of the Game. Physical Exam. Alt. 7(b)."
2026-07-06 12:17:56,2026-27 Two-Way Signings,ADDED,Execution Date: 7/5/26
2026-07-06 12:18:58,2026-27 Two-Way Signings,REMOVED,Kam Jones MI
2026-07-06 12:18:58,2026-27 Two-Way Signings,REMOVED,"1 Year. Skill; Injury or Illness. Compensation protection for 2026-27 Season is for $91,000 but will increase to 50% if team has not requested waivers on player on or before the first day of the 2026-27 Regular Season. Love of the Game. Physical Exam. Alt. 7(b)."
2026-07-06 12:18:58,2026-27 Two-Way Signings,ADDED,Kam Jones Milwaukee Bucks
2026-07-06 12:18:58,2026-27 Two-Way Signings,ADDED,1 Year. Prior Injury Exclusion. Love of the Game. Physical Exam.
2026-07-06 12:27:55,2026-27 Rookie Signings,ADDED,Execution Date: 7/2/26
2026-07-06 12:27:55,2026-27 Rookie Signings,ADDED,#10 Brayden Burries Milwaukee Bucks
2026-07-06 12:27:55,2026-27 Rookie Signings,ADDED,"26-27 $5,775,624 ($6,417,360)"
2026-07-06 12:27:55,2026-27 Rookie Signings,ADDED,"27-28 $6,738,000"
2026-07-06 12:27:55,2026-27 Rookie Signings,ADDED,"28-29 $7, (Team Option)"
2026-07-06 12:27:55,2026-27 Rookie Signings,ADDED,"29-30 $6,887,866 (Team Option)"
2026-07-06 12:27:55,2026-27 Rookie Signings,ADDED,120% (with likely to be earned bonuses - Summer League and Summer Conditioning). Rookie Scale Exception. Skill; Injury or Illness; Death. Love of the Game. Physical Exam. Alt. 7(b).
2026-07-06 12:28:55,2026-27 Rookie Signings,REMOVED,"28-29 $7, (Team Option)"
2026-07-06 12:28:55,2026-27 Rookie Signings,REMOVED,"29-30 $6,887,866 (Team Option)"
2026-07-06 12:28:55,2026-27 Rookie Signings,REMOVED,120% (with likely to be earned bonuses - Summer League and Summer Conditioning). Rookie Scale Exception. Skill; Injury or Illness; Death. Love of the Game. Physical Exam. Alt. 7(b).
2026-07-06 12:28:55,2026-27 Rookie Signings,ADDED,"28-29 $7,058,520 (Team Option)"
2026-07-06 12:28:55,2026-27 Rookie Signings,ADDED,"29-30 $8,999,613 (Team Option)"
2026-07-06 12:28:55,2026-27 Rookie Signings,ADDED,"120% (with likely to be earned bonuses - Summer League and Summer Conditioning). Rookie Scale Exception. Advance Payment ($1,315,536). Skill; Injury or Illness. Love of the Game. Physical Exam. Alt. 7(b)."
2026-07-06 12:29:56,2026-27 Rookie Signings,REMOVED,Execution Date: 7/2/26
2026-07-06 12:29:56,2026-27 Rookie Signings,ADDED,Execution Date: 7/5/26
2026-07-06 12:32:55,2026-27 Rookie Signings,ADDED,Execution Date: 7/3/26
2026-07-06 12:32:55,2026-27 Rookie Signings,ADDED,#14 Hannes Steinbach Charlotte Hornets
2026-07-06 12:32:55,2026-27 Rookie Signings,ADDED,"26-27 $5,227,200"
2026-07-06 12:32:55,2026-27 Rookie Signings,ADDED,"27-28 $5,488,560"
2026-07-06 12:32:55,2026-27 Rookie Signings,ADDED,"28-29 $5,750,160 (Team Option)"
2026-07-06 12:32:55,2026-27 Rookie Signings,ADDED,"29-30 $8,515,987 (Team Option)"
2026-07-06 12:32:55,2026-27 Rookie Signings,ADDED,"120%. Rookie Scale Exception. Advance Payment ($523,000). Insurance Premium Reimbursement. Skill; Injury or Illness; Death. Love of the Game. Physical Exam. Alt. 7(b)."
2026-07-06 12:33:55,2026-27 Rookie Signings,REMOVED,"Update 1.1 (7/1/26): A. Dybantsa, D. Peterson, C. Wilson, K. Wagler, M. Brown, D. Acuff Jr., K. Flemings, M. Johnson, A. Mara, Y. Lendeborg, D. Swain, A. Graves, J. Quaintance, L. Philon, Z. Eijfor, C. Carr, S. De Larrea, T. Reed Jr., C. Cenac, A. Karaban, K. Peat, M. Thomas, R. Conwell, E. Sharp, B. Markovic, H. Veesaar"
2026-07-06 12:33:55,2026-27 Rookie Signings,ADDED,"Update 1.1 (7/1/26): A. Dybantsa, D. Peterson, C. Wilson, K. Wagler, M. Brown, D. Acuff Jr., K. Flemings, M. Johnson, A. Mara, H. Steinbach, Y. Lendeborg, D. Swain, A. Graves, J. Quaintance, L. Philon, Z. Eijfor, C. Carr, S. De Larrea, T. Reed Jr., C. Cenac, A. Karaban, K. Peat, M. Thomas, R. Conwell, E. Sharp, B. Markovic, H. Veesaar"
2026-07-06 12:33:55,2026-27 Rookie Signings,REMOVED,"120%. Rookie Scale Exception. Advance Payment ($523,000). Insurance Premium Reimbursement. Skill; Injury or Illness; Death. Love of the Game. Physical Exam. Alt. 7(b)."
2026-07-06 12:33:55,2026-27 Rookie Signings,REMOVED,Execution Date: 7/3/26
2026-07-06 12:33:55,2026-27 Rookie Signings,ADDED,"120%. Rookie Scale Exception. Advance Payment ($523,000). Insurance Premium Reimbursement. Skill; Injury or Illness; Mental. Love of the Game. Physical Exam. Alt. 7(b)."
2026-07-06 12:33:55,2026-27 Rookie Signings,ADDED,Execution Date: 7/6/26
2026-07-06 12:33:55,2026-27 Rookie Signings,ADDED,#18 Christian Anderson Jr. Charlotte Hornets
2026-07-06 12:33:55,2026-27 Rookie Signings,ADDED,"26-27 $5,227,200"
2026-07-06 12:33:55,2026-27 Rookie Signings,ADDED,"27-28 $5,488,560"
2026-07-06 12:33:55,2026-27 Rookie Signings,ADDED,"28-29 $5,750,160 (Team Option)"
2026-07-06 12:33:55,2026-27 Rookie Signings,ADDED,"29-30 $8,515,987 (Team Option)"
2026-07-06 12:33:55,2026-27 Rookie Signings,ADDED,"120%. Rookie Scale Exception. Advance Payment ($523,000). Insurance Premium Reimbursement. Skill; Injury or Illness; Mental. Love of the Game. Physical Exam. Alt. 7(b)."
2026-07-06 12:33:55,2026-27 Rookie Signings,ADDED,Execution Date: 7/6/26
2026-07-06 12:34:55,2026-27 Rookie Signings,REMOVED,"Update 1.1 (7/1/26): A. Dybantsa, D. Peterson, C. Wilson, K. Wagler, M. Brown, D. Acuff Jr., K. Flemings, M. Johnson, A. Mara, H. Steinbach, Y. Lendeborg, D. Swain, A. Graves, J. Quaintance, L. Philon, Z. Eijfor, C. Carr, S. De Larrea, T. Reed Jr., C. Cenac, A. Karaban, K. Peat, M. Thomas, R. Conwell, E. Sharp, B. Markovic, H. Veesaar"
2026-07-06 12:34:55,2026-27 Rookie Signings,ADDED,"Update 1.1 (7/1/26): A. Dybantsa, D. Peterson, C. Wilson, K. Wagler, M. Brown, D. Acuff Jr., K. Flemings, M. Johnson, A. Mara, H. Steinbach, Y. Lendeborg, D. Swain, B. Stritz, C. Anderson, A. Graves, J. Quaintance, L. Philon, Z. Eijfor, C. Carr, S. De Larrea, T. Reed Jr., C. Cenac, A. Karaban, K. Peat, M. Thomas, R. Conwell, E. Sharp, B. Markovic, H. Veesaar"
2026-07-06 12:35:55,2026-27 Rookie Signings,REMOVED,"26-27 $5,227,200"
2026-07-06 12:35:55,2026-27 Rookie Signings,REMOVED,"27-28 $5,488,560"
2026-07-06 12:35:55,2026-27 Rookie Signings,REMOVED,"28-29 $5,750,160 (Team Option)"
2026-07-06 12:35:55,2026-27 Rookie Signings,REMOVED,"29-30 $8,515,987 (Team Option)"
2026-07-06 12:35:55,2026-27 Rookie Signings,REMOVED,"120%. Rookie Scale Exception. Advance Payment ($523,000). Insurance Premium Reimbursement. Skill; Injury or Illness; Mental. Love of the Game. Physical Exam. Alt. 7(b)."
2026-07-06 12:35:55,2026-27 Rookie Signings,ADDED,"26-27 $4,257,480"
2026-07-06 12:35:55,2026-27 Rookie Signings,ADDED,"27-28 $4,470,000"
2026-07-06 12:35:55,2026-27 Rookie Signings,ADDED,"28-29 $4,683,120 (Team Option)"
2026-07-06 12:35:55,2026-27 Rookie Signings,ADDED,"29-30 $7,202,639 (Team Option)"
2026-07-06 12:35:55,2026-27 Rookie Signings,ADDED,"120%. Rookie Scale Exception. Advance Payment ($426,000). Insurance Premium Reimbursement. Skill; Injury or Illness; Mental. Love of the Game. Physical Exam. Alt. 7(b)."
2026-07-06 12:37:56,2026-27 Rookie Signings,ADDED,"26-27 $4,717,320"
2026-07-06 12:37:56,2026-27 Rookie Signings,ADDED,"27-28 $4,127,700 ($4,953,240)"
2026-07-06 12:37:56,2026-27 Rookie Signings,ADDED,"28-29 $5,189,400 (Team Option)"
2026-07-06 12:37:56,2026-27 Rookie Signings,ADDED,"29-30 $7,960,540 (Team Option)"
2026-07-06 12:37:56,2026-27 Rookie Signings,ADDED,120% (with likely to be earned bonuses - Summer League and Summer Conditioning). Rookie Scale Exception. Insurance Premium Reimbursement. Skill; Injury or Illness; Mental. Love of the Game. Physical Exam. Alt. 7(b).
2026-07-06 12:37:56,2026-27 Rookie Signings,ADDED,Execution Date: 7/3/26
2026-07-06 12:37:56,2026-27 Rookie Signings,ADDED,#17 Ebuka Okorie Detroit Pistons
2026-07-06 12:38:55,2026-27 Rookie Signings,REMOVED,"26-27 $4,717,320"
2026-07-06 12:38:55,2026-27 Rookie Signings,REMOVED,"27-28 $4,127,700 ($4,953,240)"
2026-07-06 12:38:55,2026-27 Rookie Signings,REMOVED,"28-29 $5,189,400 (Team Option)"
2026-07-06 12:38:55,2026-27 Rookie Signings,REMOVED,"29-30 $7,960,540 (Team Option)"
2026-07-06 12:38:55,2026-27 Rookie Signings,REMOVED,120% (with likely to be earned bonuses - Summer League and Summer Conditioning). Rookie Scale Exception. Insurance Premium Reimbursement. Skill; Injury or Illness; Mental. Love of the Game. Physical Exam. Alt. 7(b).
2026-07-06 12:38:55,2026-27 Rookie Signings,ADDED,"26-27 $4,381,280 ($4,481,280)"
2026-07-06 12:38:55,2026-27 Rookie Signings,ADDED,"27-28 $4,605,440 ($4,705,440)"
2026-07-06 12:38:55,2026-27 Rookie Signings,ADDED,"28-29 $4,929,360 (Team Option)"
2026-07-06 12:38:55,2026-27 Rookie Signings,ADDED,"29-30 $7,571,497 (Team Option)"
2026-07-06 12:38:55,2026-27 Rookie Signings,ADDED,"120% (with likely to be earned bonuses - Summer League and Summer Conditioning). Rookie Scale Exception. Advance Payment ($600,000). Insurance Premium Reimbursement. Skill; Injury or Illness. Love of the Game. Physical Exam. Alt. 7(b)."
2026-07-06 12:39:56,2026-27 Rookie Signings,REMOVED,Execution Date: 7/3/26
2026-07-06 12:39:56,2026-27 Rookie Signings,ADDED,Execution Date: 7/6/26
2026-07-06 12:57:55,2026-27 Veteran Signings,REMOVED,"Update 1.1 (7/1/26): B. Carlson, J. Carter, S. Fontecchio, N. Hyland, J. Isaac, A. Martin, N. Vukevic"
2026-07-06 12:57:55,2026-27 Veteran Signings,ADDED,"Update 1.1 (7/1/26): B. Carlson, J. Carter, S. Fontecchio, N. Hyland, J. Isaac, A. Martin, A. Simons, N. Vukevic"
2026-07-06 12:58:55,2026-27 Veteran Signings,ADDED,Simone Fontecchio Miami Heat
2026-07-06 12:58:55,2026-27 Veteran Signings,ADDED,"26-27 $2,625,627"
2026-07-06 12:58:55,2026-27 Veteran Signings,ADDED,Minimum Salary Exception. Skill; Injury or Illness; Mental; Death. Love of the Game. Physical Exam.
2026-07-06 12:58:55,2026-27 Veteran Signings,ADDED,Execution Date: 7/2/26
2026-07-06 12:58:55,2026-27 Veteran Signings,REMOVED,Simone Fontecchio Miami Heat
2026-07-06 12:58:55,2026-27 Veteran Signings,REMOVED,"26-27 $2,625,627"
2026-07-06 12:58:55,2026-27 Veteran Signings,REMOVED,Minimum Salary Exception. Skill; Injury or Illness; Mental; Death. Love of the Game. Physical Exam.
2026-07-06 12:58:55,2026-27 Veteran Signings,REMOVED,Execution Date: 7/2/26
2026-07-06 12:58:55,2026-27 Veteran Signings,ADDED,Anfernee Orlando Magic
2026-07-06 12:58:55,2026-27 Veteran Signings,ADDED,"26-27 $3,876,529"
2026-07-06 12:58:55,2026-27 Veteran Signings,ADDED,Minimum Salary Exception. Insurance Premium Reimbursement. Skill; Injury or Illness. Love of the Game. Physical Exam. Alt. 7(b).
2026-07-06 12:58:55,2026-27 Veteran Signings,ADDED,Execution Date: 7/1/26
2026-07-06 12:59:55,2026-27 Veteran Signings,REMOVED,Anfernee Orlando Magic
2026-07-06 12:59:55,2026-27 Veteran Signings,REMOVED,"26-27 $3,876,529"
2026-07-06 12:59:55,2026-27 Veteran Signings,REMOVED,Minimum Salary Exception. Insurance Premium Reimbursement. Skill; Injury or Illness. Love of the Game. Physical Exam. Alt. 7(b).
2026-07-06 12:59:55,2026-27 Veteran Signings,ADDED,Anfernee Simons Philadelphia 76ers
2026-07-06 12:59:55,2026-27 Veteran Signings,ADDED,"26-27 $6,000,000"
2026-07-06 12:59:55,2026-27 Veteran Signings,ADDED,"27-28 $6,300,000 (Player Option)"
2026-07-06 12:59:55,2026-27 Veteran Signings,ADDED,"2 Years for $12,300,000. Non-Taxpayer Mid-Level Exception (Partial). Player option to extend the contract to include the 2027-28 Season. Insurance Premium Reimbursement. Skill; Injury or Illness; Mental. Love of the Game. Physical Exam. Alt. 7(b)."
2026-07-06 13:00:56,2026-27 Veteran Signings,REMOVED,Execution Date: 7/1/26
2026-07-06 13:00:56,2026-27 Veteran Signings,ADDED,Execution Date: 7/6/26
2026-07-06 13:03:55,2026-27 Veteran Signings,REMOVED,"Update 1.1 (7/1/26): B. Carlson, J. Carter, S. Fontecchio, N. Hyland, J. Isaac, A. Martin, A. Simons, N. Vukevic"
2026-07-06 13:03:55,2026-27 Veteran Signings,ADDED,"Update 1.1 (7/1/26): B. Carlson, J. Carter, S. Fontecchio, N. Hyland, J. Isaac, A. Martin, A. Simons, N. Vukevic, D. Wade"
2026-07-06 13:03:55,2026-27 Veteran Signings,ADDED,Dean Wade Philadelphia 76ers
2026-07-06 13:03:55,2026-27 Veteran Signings,ADDED,"26-27 $6,000,000"
2026-07-06 13:03:55,2026-27 Veteran Signings,ADDED,"27-28 $6,300,000 (Player Option)"
2026-07-06 13:03:55,2026-27 Veteran Signings,ADDED,"2 Years for $12,300,000. Non-Taxpayer Mid-Level Exception (Partial). Player option to extend the contract to include the 2027-28 Season. Insurance Premium Reimbursement. Skill; Injury or Illness; Mental. Love of the Game. Physical Exam. Alt. 7(b)."
2026-07-06 13:03:55,2026-27 Veteran Signings,ADDED,Execution Date: 7/6/26
2026-07-06 13:11:57,2026-27 Veteran Signings,REMOVED,"26-27 $6,000,000"
2026-07-06 13:11:57,2026-27 Veteran Signings,REMOVED,"27-28 $6,300,000 (Player Option)"
2026-07-06 13:11:57,2026-27 Veteran Signings,ADDED,"26-27 $9,000,000"
2026-07-06 13:11:57,2026-27 Veteran Signings,ADDED,"27-28 $9,450,"
2026-07-06 13:11:57,2026-27 Veteran Signings,ADDED,28-29
2026-07-06 13:11:57,2026-27 Veteran Signings,ADDED,29-30
2026-07-06 13:12:55,2026-27 Veteran Signings,REMOVED,"27-28 $9,450,"
2026-07-06 13:12:55,2026-27 Veteran Signings,REMOVED,28-29
2026-07-06 13:12:55,2026-27 Veteran Signings,REMOVED,29-30
2026-07-06 13:12:55,2026-27 Veteran Signings,REMOVED,"2 Years for $12,300,000. Non-Taxpayer Mid-Level Exception (Partial). Player option to extend the contract to include the 2027-28 Season. Insurance Premium Reimbursement. Skill; Injury or Illness; Mental. Love of the Game. Physical Exam. Alt. 7(b)."
2026-07-06 13:12:55,2026-27 Veteran Signings,ADDED,"27-28 $9,450,000"
2026-07-06 13:12:55,2026-27 Veteran Signings,ADDED,"28-29 $9,900,000"
2026-07-06 13:12:55,2026-27 Veteran Signings,ADDED,"29-30 $10,350,000"
2026-07-06 13:12:55,2026-27 Veteran Signings,ADDED,"4 Years for $38,700,000. Non-Taxpayer Mid-Level Exception (Partial). Insurance Premium Reimbursement. Skill; Injury or Illness; Mental. Compensation protection for 2029-30 Season is for $1,650,000 but will increase to full if tea"
2026-07-06 13:12:55,2026-27 Veteran Signings,ADDED,Love of the Game. Physical Exam. Alt. 7(b).
2026-07-06 13:13:55,2026-27 Veteran Signings,REMOVED,"4 Years for $38,700,000. Non-Taxpayer Mid-Level Exception (Partial). Insurance Premium Reimbursement. Skill; Injury or Illness; Mental. Compensation protection for 2029-30 Season is for $1,650,000 but will increase to full if tea"
2026-07-06 13:13:55,2026-27 Veteran Signings,REMOVED,Love of the Game. Physical Exam. Alt. 7(b).
2026-07-06 13:13:55,2026-27 Veteran Signings,ADDED,"4 Years for $38,700,000. Non-Taxpayer Mid-Level Exception (Partial). Insurance Premium Reimbursement. Skill; Injury or Illness; Mental. Compensation protection for 2029-30 Season is for $1,650,000 but will increase to full if team has not requested waivers on player on or before 6/28/2029. Love of the Game. Physical Exam. Alt. 7(b)."
2026-07-06 13:19:55,2026-27 Veteran Signings,REMOVED,"Update 1.1 (7/1/26): B. Carlson, J. Carter, S. Fontecchio, N. Hyland, J. Isaac, A. Martin, A. Simons, N. Vukevic, D. Wade"
2026-07-06 13:19:55,2026-27 Veteran Signings,ADDED,"Update 1.1 (7/1/26): B. Carlson, J. Carter, S. Fontecchio, N. Hyland, J. Isaac, A. Martin, J. Minott, A. Simons, N. Vukevic, D. Wade"
2026-07-06 13:19:55,2026-27 Veteran Signings,ADDED,Josh Minott Brooklyn Nets
2026-07-06 13:19:55,2026-27 Veteran Signings,ADDED,"26-27 $4,500,000"
2026-07-06 13:19:55,2026-27 Veteran Signings,ADDED,"27-28 $4,500,000 (Team Option)"
2026-07-06 13:19:55,2026-27 Veteran Signings,ADDED,"2 Years for $9,000,000. Non-Taxpayer Mid-Level Exception (Partial). Player option to extend the contract to include the 2027-28 Season. Insurance Premium Reimbursement. Skill; Injury or Illness; Mental. Love of the Game. Physical Exam. Alt. 7(b)."
2026-07-06 13:19:55,2026-27 Veteran Signings,ADDED,Execution Date: 7/6/26
2026-07-06 13:20:55,2026-27 Veteran Signings,REMOVED,"2 Years for $9,000,000. Non-Taxpayer Mid-Level Exception (Partial). Player option to extend the contract to include the 2027-28 Season. Insurance Premium Reimbursement. Skill; Injury or Illness; Mental. Love of the Game. Physical Exam. Alt. 7(b)."
2026-07-06 13:20:55,2026-27 Veteran Signings,ADDED,"2 Years for $9,000,000. Room. Team option to extend the contract to include the 2027-28 Season. Player Trade Consent. Insurance Premium Reimbursement. Skill; Injury or Illness; Mental. Love of the Game. Physical Exam. Alt. 7(b)."
2026-07-06 13:21:56,2026-27 Veteran Signings,REMOVED,"Update 1.1 (7/1/26): B. Carlson, J. Carter, S. Fontecchio, N. Hyland, J. Isaac, A. Martin, J. Minott, A. Simons, N. Vukevic, D. Wade"
2026-07-06 13:21:56,2026-27 Veteran Signings,ADDED,"Update 1.1 (7/1/26): B. Carlson, J. Carter, S. Fontecchio, N. Hyland, J. Isaac, A. Martin, J. Minott, D. Sharpe, A. Simons, N. Vukevic, D. Wade"
2026-07-06 13:23:56,2026-27 Veteran Signings,ADDED,Day’Ron Sharpe Brooklyn Nets
2026-07-06 13:23:56,2026-27 Veteran Signings,ADDED,"26-27 $10,000,000"
2026-07-06 13:23:56,2026-27 Veteran Signings,ADDED,"27-28 $10,000,000 (Team Option)"
2026-07-06 13:23:56,2026-27 Veteran Signings,ADDED,"2 Years for $20,000,000. Room. Team option to extend the contract to include the 2027-28 Season. Player Trade Consent. Insurance Premium Reimbursement. Skill; Injury or Illness; Mental. Love of the Game. Physical Exam. Alt. 7(b)."
2026-07-06 13:23:56,2026-27 Veteran Signings,ADDED,Execution Date: 7/6/26
2026-07-06 15:16:55,2026-27 Two-Way Signings,REMOVED,"Update 1.1 (7/1/26): T. Awaka, T. Bates, T. Bilodeau, J. Bradley, M. Brown, C. Castleton, J. Dix, T. Donaldson, A. Flager, E. Freeman, J. Gillespie, K. Jones, T. Lawal, C. Love, C. Manon, N. Martinelli, J. Mogbo, I. Nelson, A. Okereke, U. Onyenso, O. Oweh, J. Sellers, P. Spencer, P. Suder, E. Udeh, J. Watkins, A. Williams"
2026-07-06 15:16:55,2026-27 Two-Way Signings,ADDED,"Update 1.1 (7/1/26): T. Awaka, B. Barnhizer T. Bates, T. Bilodeau, J. Bradley, M. Brown, C. Castleton, J. Dix, T. Donaldson, A. Flager, E. Freeman, J. Gillespie, K. Jones, T. Lawal, C. Love, C. Manon, N. Martinelli, J. Mogbo, I. Nelson, A. Okereke, U. Onyenso, O. Oweh, J. Sellers, P. Spencer, P. Suder, E. Udeh, J. Watkins, A. Williams"
2026-07-06 15:17:56,2026-27 Two-Way Signings,REMOVED,"Update 1.1 (7/1/26): T. Awaka, B. Barnhizer T. Bates, T. Bilodeau, J. Bradley, M. Brown, C. Castleton, J. Dix, T. Donaldson, A. Flager, E. Freeman, J. Gillespie, K. Jones, T. Lawal, C. Love, C. Manon, N. Martinelli, J. Mogbo, I. Nelson, A. Okereke, U. Onyenso, O. Oweh, J. Sellers, P. Spencer, P. Suder, E. Udeh, J. Watkins, A. Williams"
2026-07-06 15:17:56,2026-27 Two-Way Signings,ADDED,"Update 1.1 (7/1/26): T. Awaka, B. Barnhizer, T. Bates, T. Bilodeau, J. Bradley, M. Brown, C. Castleton, J. Dix, T. Donaldson, A. Flager, E. Freeman, J. Gillespie, K. Jones, T. Lawal, C. Love, C. Manon, N. Martinelli, J. Mogbo, I. Nelson, A. Okereke, U. Onyenso, O. Oweh, J. Sellers, P. Spencer, P. Suder, E. Udeh, J. Watkins, A. Williams"
2026-07-06 20:34:55,2026-27 Veteran Signings,REMOVED,"Update 1.1 (7/1/26): B. Carlson, J. Carter, S. Fontecchio, N. Hyland, J. Isaac, A. Martin, J. Minott, D. Sharpe, A. Simons, N. Vukevic, D. Wade"
2026-07-06 20:34:55,2026-27 Veteran Signings,ADDED,"Update 1.1 (7/1/26): B. Carlson, J. Carter, S. Fontecchio, A. Horford, N. Hyland, J. Isaac, A. Martin, J. Minott, D. Sharpe, A. Simons, N. Vukevic, D. Wade"
2026-07-06 20:35:55,2026-27 Veteran Signings,ADDED,Al Horford Golden State Warriors
2026-07-06 20:35:55,2026-27 Veteran Signings,ADDED,"26-27 $6,822,000"
2026-07-06 20:35:55,2026-27 Veteran Signings,ADDED,"27-28 $7,163,100 (Player Option)"
2026-07-06 20:35:55,2026-27 Veteran Signings,ADDED,"2 Years for $13,985,100. Non-Qualifying Veteran Free Agent Except. Team option to extend the contract to include the 2027-28 Season. Player Trade Consent. Insurance Premium Reimbursement. Skill; Injury or Illness; Mental. Love of the Game. Physical Exam. Alt. 7(b)."
2026-07-06 20:35:55,2026-27 Veteran Signings,ADDED,Execution Date: 7/6/26
2026-07-06 20:36:55,2026-27 Veteran Signings,REMOVED,"2 Years for $13,985,100. Non-Qualifying Veteran Free Agent Except. Team option to extend the contract to include the 2027-28 Season. Player Trade Consent. Insurance Premium Reimbursement. Skill; Injury or Illness; Mental. Love of the Game. Physical Exam. Alt. 7(b)."
2026-07-06 20:36:55,2026-27 Veteran Signings,ADDED,"2 Years for $13,985,100. Non-Qualifying Veteran Free Agent Exception. Advance Payment ($1,040,040). Player option to extend the contract to include the 2027-28 Season. Insurance Premium Reimbursement. Skill; Injury or Illness; Mental. Trade Kicker (15%). Love of the Game. Physical Exam. Alt. 7(b)."
2026-07-06 20:42:57,2026-27 Veteran Signings,REMOVED,"Update 1.1 (7/1/26): B. Carlson, J. Carter, S. Fontecchio, A. Horford, N. Hyland, J. Isaac, A. Martin, J. Minott, D. Sharpe, A. Simons, N. Vukevic, D. Wade"
2026-07-06 20:42:57,2026-27 Veteran Signings,ADDED,"Update 1.1 (7/1/26): B. Carlson, J. Carter, S. Fontecchio, A. Horford, N. Hyland, J. Isaac, A. Martin, J. Minott, N. Quetta, D. Sharpe, A. Simons, N. Vukevic, D. Wade"
2026-07-06 20:43:56,2026-27 Veteran Signings,REMOVED,"Update 1.1 (7/1/26): B. Carlson, J. Carter, S. Fontecchio, A. Horford, N. Hyland, J. Isaac, A. Martin, J. Minott, N. Quetta, D. Sharpe, A. Simons, N. Vukevic, D. Wade"
2026-07-06 20:43:56,2026-27 Veteran Signings,ADDED,"Update 1.1 (7/1/26): B. Carlson, J. Carter, S. Fontecchio, A. Horford, N. Hyland, J. Isaac, A. Martin, J. Minott, N. Queta, D. Sharpe, A. Simons, N. Vukevic, D. Wade"
2026-07-06 20:43:56,2026-27 Veteran Signings,ADDED,Neemias Queta Boston Celtics
2026-07-06 20:43:56,2026-27 Veteran Signings,ADDED,"27-28 $36,160,714"
2026-07-06 20:43:56,2026-27 Veteran Signings,ADDED,"28-29 $38,839,285"
2026-07-06 20:43:56,2026-27 Veteran Signings,ADDED,"29-30 $41,517,856"
2026-07-06 20:43:56,2026-27 Veteran Signings,ADDED,30-31
2026-07-06 20:43:56,2026-27 Veteran Signings,ADDED,"4 Years for $56,000,000. Veteran Extension. Insurance Premium Reimbursement. Skill; Injury or Illness; Mental. Trade Kicker (5.69%). Love of the Game."
2026-07-06 20:43:56,2026-27 Veteran Signings,ADDED,Execution Date: 8/1/25
2026-07-06 20:44:55,2026-27 Veteran Signings,REMOVED,"27-28 $36,160,714"
2026-07-06 20:44:55,2026-27 Veteran Signings,REMOVED,"28-29 $38,839,285"
2026-07-06 20:44:55,2026-27 Veteran Signings,REMOVED,"29-30 $41,517,856"
2026-07-06 20:44:55,2026-27 Veteran Signings,REMOVED,30-31
2026-07-06 20:44:55,2026-27 Veteran Signings,REMOVED,"4 Years for $56,000,000. Veteran Extension. Insurance Premium Reimbursement. Skill; Injury or Illness; Mental. Trade Kicker (5.69%). Love of the Game."
2026-07-06 20:44:55,2026-27 Veteran Signings,REMOVED,Execution Date: 8/1/25
2026-07-06 20:44:55,2026-27 Veteran Signings,ADDED,"27-28 $12,500,000"
2026-07-06 20:44:55,2026-27 Veteran Signings,ADDED,"28-29 $13,500,000"
2026-07-06 20:44:55,2026-27 Veteran Signings,ADDED,"29-30 $14,500,000"
2026-07-06 20:44:55,2026-27 Veteran Signings,ADDED,"30-31 $15,500,000"
2026-07-06 20:44:55,2026-27 Veteran Signings,ADDED,"4 Years for $56,000,000. Veteran Extension. Insurance Premium Reimbursement. Skill; Injury or Illness; Mental."
2026-07-06 20:44:55,2026-27 Veteran Signings,ADDED,Execution Date: 7/6/26
2026-07-06 20:45:55,2026-27 Veteran Signings,REMOVED,"Update 1.1 (7/1/26): B. Carlson, J. Carter, S. Fontecchio, A. Horford, N. Hyland, J. Isaac, A. Martin, J. Minott, N. Queta, D. Sharpe, A. Simons, N. Vukevic, D. Wade"
2026-07-06 20:45:55,2026-27 Veteran Signings,ADDED,"Update 1.1 (7/1/26): B. Carlson, J. Carter, S. Fontecchio, A. Horford, N. Hyland, J. Isaac, A. Martin, J. Minott, N. Queta, D. Sharpe, A. Simons, N. Vukevic, D. Wade, A. Wiggins"
2026-07-06 20:46:55,2026-27 Veteran Signings,ADDED,Andrew Wiggins Miami Heat
2026-07-06 20:46:55,2026-27 Veteran Signings,ADDED,"27-28 $12,500,000"
2026-07-06 20:46:55,2026-27 Veteran Signings,ADDED,"28-29 $13,500,000 (Player Option)"
2026-07-06 20:46:55,2026-27 Veteran Signings,ADDED,"2 Years for $33,830,356. Veteran Extension. Player option to extend the contract to include the 2028-29 Season. Insurance Premium Reimbursement. Skill; Injury or Illness; Mental. Love of the Game."
2026-07-06 20:46:55,2026-27 Veteran Signings,ADDED,Execution Date: 7/6/26
2026-07-06 20:47:55,2026-27 Veteran Signings,REMOVED,"27-28 $12,500,000"
2026-07-06 20:47:55,2026-27 Veteran Signings,REMOVED,"28-29 $13,500,000 (Player Option)"
2026-07-06 20:47:55,2026-27 Veteran Signings,ADDED,"27-28 $16,510,000"
2026-07-06 20:47:55,2026-27 Veteran Signings,ADDED,"28-29 $17,320,356 (Player Option)"
2026-07-06 20:51:55,2026-27 Veteran Signings,REMOVED,"Update 1.1 (7/1/26): B. Carlson, J. Carter, S. Fontecchio, A. Horford, N. Hyland, J. Isaac, A. Martin, J. Minott, N. Queta, D. Sharpe, A. Simons, N. Vukevic, D. Wade, A. Wiggins"
2026-07-06 20:51:55,2026-27 Veteran Signings,ADDED,"Update 1.1 (7/1/26): B. Carlson, J. Carter, S. Fontecchio, R. Harper Jr., A. Horford, N. Hyland, J. Isaac, A. Martin, J. Minott, N. Queta, D. Sharpe, A. Simons, N. Vukevic, D. Wade, A. Wiggins"
2026-07-06 20:51:55,2026-27 Veteran Signings,ADDED,Ron Harper Jr. Boston Celtics
2026-07-06 20:51:55,2026-27 Veteran Signings,ADDED,"26-27 $3,150,752"
2026-07-06 20:51:55,2026-27 Veteran Signings,ADDED,"27-28 $3,308,290"
2026-07-06 20:51:55,2026-27 Veteran Signings,ADDED,"28-29 $3,465,828"
2026-07-06 20:51:55,2026-27 Veteran Signings,ADDED,"29-30 $3,779,359 (Team Option)"
2026-07-06 20:51:55,2026-27 Veteran Signings,ADDED,"4 Years for $13,985,100. Non-Qualifying Veteran Free Agent Exception. Advance Payment ($1,040,040). Player option to extend the contract to include the 2027-28 Season. Insurance Premium Reimbursement. Skill; Injury or Illness; Mental. Trade Kicker (15%). Love of the Game. Physical Exam. Alt. 7(b)."
2026-07-06 20:51:55,2026-27 Veteran Signings,ADDED,Execution Date: 7/6/26
2026-07-06 20:52:56,2026-27 Veteran Signings,REMOVED,"4 Years for $13,985,100. Non-Qualifying Veteran Free Agent Exception. Advance Payment ($1,040,040). Player option to extend the contract to include the 2027-28 Season. Insurance Premium Reimbursement. Skill; Injury or Illness; Mental. Trade Kicker (15%). Love of the Game. Physical Exam. Alt. 7(b)."
2026-07-06 20:52:56,2026-27 Veteran Signings,ADDED,"4 Years for $13704,229. Non-Qualifying Veteran Free Agent Exception. Team option to extend the contract to include the 2029-30 Season. Skill; Injury or Illness; Mental. Compensation protection for 2028-29 Season is none, but will increase to full if team has not requested waivers on playero n or before 7/7/2028. Love of the Game. Physical Exam. Alt. 7(b)."
2026-07-06 20:53:56,2026-27 Veteran Signings,REMOVED,"4 Years for $13704,229. Non-Qualifying Veteran Free Agent Exception. Team option to extend the contract to include the 2029-30 Season. Skill; Injury or Illness; Mental. Compensation protection for 2028-29 Season is none, but will increase to full if team has not requested waivers on playero n or before 7/7/2028. Love of the Game. Physical Exam. Alt. 7(b)."
2026-07-06 20:53:56,2026-27 Veteran Signings,ADDED,"4 Years for $13704,229. Non-Qualifying Veteran Free Agent Exception. Team option to extend the contract to include the 2029-30 Season. Skill; Injury or Illness; Mental. Compensation protection for 2028-29 Season is none, but will increase to full if team has not requested waivers on player on or before 7/7/2028. Compensation protection for 2029-30 Season is none, but will increase to full if team has not requested waivers on player on or before 7/7/2029. Love of the Game. Physical Exam. Alt. 7(b)."
2026-07-06 20:59:56,2026-27 Rookie Signings,REMOVED,"Update 1.1 (7/1/26): A. Dybantsa, D. Peterson, C. Wilson, K. Wagler, M. Brown, D. Acuff Jr., K. Flemings, M. Johnson, A. Mara, H. Steinbach, Y. Lendeborg, D. Swain, B. Stritz, C. Anderson, A. Graves, J. Quaintance, L. Philon, Z. Eijfor, C. Carr, S. De Larrea, T. Reed Jr., C. Cenac, A. Karaban, K. Peat, M. Thomas, R. Conwell, E. Sharp, B. Markovic, H. Veesaar"
2026-07-06 20:59:56,2026-27 Rookie Signings,ADDED,"Update 1.1 (7/1/26 - 7/6/26): A. Dybantsa, D. Peterson, C. Wilson, K. Wagler, M. Brown, D. Acuff Jr., K. Flemings, M. Johnson, B. Burries, Y. Lendeborg, A. Mara, H. Steinbach, D. Swain, B. Stritz, E. Okorie, C. Anderson, A. Graves, J. Quaintance, L. Philon, Z. Eijfor, C. Carr, S. De Larrea, T. Reed Jr., C. Cenac, A. Karaban, K. Peat, M. Thomas, R. Conwell, E. Sharp, B. Markovic, H. Veesaar"
2026-07-06 21:00:55,2026-27 Two-Way Signings,REMOVED,Jaylin Seller Chicago Bulls
2026-07-06 21:00:55,2026-27 Two-Way Signings,ADDED,Jaylin Sellers Chicago Bulls
2026-07-06 21:07:55,2026-27 Veteran Signings,REMOVED,"Update 1.1 (7/1/26): B. Carlson, J. Carter, S. Fontecchio, R. Harper Jr., A. Horford, N. Hyland, J. Isaac, A. Martin, J. Minott, N. Queta, D. Sharpe, A. Simons, N. Vukevic, D. Wade, A. Wiggins"
2026-07-06 21:07:55,2026-27 Veteran Signings,ADDED,"Update 1.1 (7/1/26): B. Carlson, J. Carter, S. Fontecchio, R. Harper Jr., A. Horford, N. Hyland, J. Isaac, A. Martin, J. Minott, N. Queta, D. Sharpe, A. Simons, N. Vucevic, D. Wade, A. Wiggins"
2026-07-07 10:02:00,2026-27 Veteran Signings,REMOVED,"Update 1.1 (7/1/26): B. Carlson, J. Carter, S. Fontecchio, R. Harper Jr., A. Horford, N. Hyland, J. Isaac, A. Martin, J. Minott, N. Queta, D. Sharpe, A. Simons, N. Vucevic, D. Wade, A. Wiggins"
2026-07-07 10:02:00,2026-27 Veteran Signings,ADDED,"Update 1.1 (7/1/26 - 7/6/26): B. Carlson, J. Carter, S. Fontecchio, R. Harper Jr., A. Horford, N. Hyland, J. Isaac, A. Martin, J. Minott, N. Queta, D. Sharpe, A. Simons, N. Vucevic, D. Wade, A. Wiggins"
2026-07-07 10:02:00,2026-27 Veteran Signings,ADDED,Update 1.1 (7/1/26 -
2026-07-07 10:02:00,2026-27 Two-Way Signings,REMOVED,"Update 1.1 (7/1/26): T. Awaka, B. Barnhizer, T. Bates, T. Bilodeau, J. Bradley, M. Brown, C. Castleton, J. Dix, T. Donaldson, A. Flager, E. Freeman, J. Gillespie, K. Jones, T. Lawal, C. Love, C. Manon, N. Martinelli, J. Mogbo, I. Nelson, A. Okereke, U. Onyenso, O. Oweh, J. Sellers, P. Spencer, P. Suder, E. Udeh, J. Watkins, A. Williams"
2026-07-07 10:02:00,2026-27 Two-Way Signings,ADDED,"Update 1.1 (7/1/26 - 7/6/26): T. Awaka, B. Barnhizer, T. Bates, T. Bilodeau, J. Bradley, M. Brown, C. Castleton, J. Dix, T. Donaldson, A. Flager, E. Freeman, J. Gillespie, K. Jones, T. Lawal, C. Love, C. Manon, N. Martinelli, J. Mogbo, I. Nelson, A. Okereke, U. Onyenso, O. Oweh, J. Sellers, P. Spencer, P. Suder, E. Udeh, J. Watkins, A. Williams"
2026-07-07 10:02:57,2026-27 Veteran Signings,REMOVED,Update 1.1 (7/1/26 -
2026-07-07 10:02:57,2026-27 Veteran Signings,ADDED,Update 1.2 (7/7/26):
2026-07-07 10:04:55,2026-27 Veteran Signings,REMOVED,Update 1.2 (7/7/26):
2026-07-07 10:04:55,2026-27 Veteran Signings,ADDED,Update 1.2 (7/7/26): K. Anderson
2026-07-07 10:04:55,2026-27 Veteran Signings,ADDED,Kyle Anderson Toronto Raptors
2026-07-07 10:04:55,2026-27 Veteran Signings,ADDED,"26-27 $3,876,529"
2026-07-07 10:04:55,2026-27 Veteran Signings,ADDED,Minimum Salary Exception. Insurance Premium Reimbursement. Skill; Injury or Illness. Love of the Game. Physical Exam. Alt. 7(b).
2026-07-07 10:04:55,2026-27 Veteran Signings,ADDED,Execution Date: 7/1/26
2026-07-07 10:05:56,2026-27 Two-Way Signings,ADDED,Update 1.2 (7/7/26):
2026-07-07 10:05:56,2026-27 Rookie Signings,ADDED,Update 1.2 (7/7/26):
2026-07-07 10:41:56,2026-27 Veteran Signings,REMOVED,Execution Date: 7/1/26
2026-07-07 10:41:56,2026-27 Veteran Signings,ADDED,Execution Date: 7/6/26
2026-07-07 10:42:55,2026-27 Veteran Signings,REMOVED,Minimum Salary Exception. Insurance Premium Reimbursement. Skill; Injury or Illness. Love of the Game. Physical Exam. Alt. 7(b).
2026-07-07 10:42:55,2026-27 Veteran Signings,ADDED,Minimum Salary Exception. Skill; Injury or Illness; Death. Love of the Game. Physical Exam. Alt. 7(b).
2026-07-07 13:28:56,2026-27 Two-Way Signings,REMOVED,Update 1.2 (7/7/26):
2026-07-07 13:28:56,2026-27 Two-Way Signings,ADDED,Update 1.2 (7/7/26): K. Brea
2026-07-07 13:28:56,2026-27 Two-Way Signings,ADDED,Brooks Barnhizer Oklahoma City Thunder
2026-07-07 13:28:56,2026-27 Two-Way Signings,ADDED,"1 Year. Skill; Injury or Illness. Compensation protection for 2026-27 Season is for $91,000 but will increase to 50% if team has not requested waivers on player on or before the first day of the 2026-27 Regular Season. Love of the Game. Physical Exam. Alt. 7(b)."
2026-07-07 13:28:56,2026-27 Two-Way Signings,ADDED,Execution Date: 7/3/26
2026-07-07 13:29:56,2026-27 Two-Way Signings,REMOVED,Brooks Barnhizer Oklahoma City Thunder
2026-07-07 13:29:56,2026-27 Two-Way Signings,REMOVED,"1 Year. Skill; Injury or Illness. Compensation protection for 2026-27 Season is for $91,000 but will increase to 50% if team has not requested waivers on player on or before the first day of the 2026-27 Regular Season. Love of the Game. Physical Exam. Alt. 7(b)."
2026-07-07 13:29:56,2026-27 Two-Way Signings,REMOVED,Execution Date: 7/3/26
2026-07-07 13:29:56,2026-27 Two-Way Signings,ADDED,Koby Brea Phoenix Suns
2026-07-07 13:29:56,2026-27 Two-Way Signings,ADDED,"1 Year. Advance Payment ($45,500). Skill; Injury or Illness; Mental. Compensation protection for 2026-27 Season is for $91,000 but will increase to 50% if team has not requested waivers on player on or before the first day of the 2026-27 Regular Season. Love of the Game. Physical Exam. Alt. 7(b)."
2026-07-07 13:29:56,2026-27 Two-Way Signings,ADDED,Execution Date: 7/6/26
2026-07-07 13:30:56,2026-27 Two-Way Signings,REMOVED,Update 1.2 (7/7/26): K. Brea
2026-07-07 13:30:56,2026-27 Two-Way Signings,ADDED,"Update 1.2 (7/7/26): M. Ajayi, K. Brea"
2026-07-07 13:30:56,2026-27 Two-Way Signings,ADDED,Michael Ajayi Charlotte Hornets
2026-07-07 13:30:56,2026-27 Two-Way Signings,ADDED,"2 Years. Skill; Injury or Illness; Mental. Compensation protection for 2026-27 Season is for $91,000 but will increase to 50% if team has not requested waivers on player on or before the first day of the 2026-27 Regular Season. Compensation protection for 2027-28 Season is none. Love of the Game. Physical Exam. Alt. 7(b)."
2026-07-07 13:30:56,2026-27 Two-Way Signings,ADDED,Execution Date: 7/6/26
2026-07-07 13:31:56,2026-27 Two-Way Signings,REMOVED,"Update 1.2 (7/7/26): M. Ajayi, K. Brea"
2026-07-07 13:31:56,2026-27 Two-Way Signings,ADDED,"Update 1.2 (7/7/26): M. Ajayi, K. Boswell, K. Brea"
2026-07-07 13:32:55,2026-27 Two-Way Signings,ADDED,Kylan Boswell Charlotte Hornets
2026-07-07 13:32:55,2026-27 Two-Way Signings,ADDED,"2 Years. Skill; Injury or Illness; Mental. Compensation protection for 2026-27 Season is for $91,000 but will increase to 50% if team has not requested waivers on player on or before the first day of the 2026-27 Regular Season. Compensation protection for 2027-28 Season is none. Love of the Game. Physical Exam. Alt. 7(b)."
2026-07-07 13:32:55,2026-27 Two-Way Signings,ADDED,Execution Date: 7/6/26
2026-07-07 13:33:56,2026-27 Veteran Signings,REMOVED,Update 1.2 (7/7/26): K. Anderson
2026-07-07 13:33:56,2026-27 Veteran Signings,ADDED,"Update 1.2 (7/7/26): K. Anderson, C. White"
2026-07-07 13:33:56,2026-27 Veteran Signings,ADDED,Andrew Wiggins Miami Heat
2026-07-07 13:33:56,2026-27 Veteran Signings,ADDED,"27-28 $16,510,000"
2026-07-07 13:33:56,2026-27 Veteran Signings,ADDED,"28-29 $17,320,356 (Player Option)"
2026-07-07 13:33:56,2026-27 Veteran Signings,ADDED,"2 Years for $33,830,356. Veteran Extension. Player option to extend the contract to include the 2028-29 Season. Insurance Premium Reimbursement. Skill; Injury or Illness; Mental. Love of the Game."
2026-07-07 13:33:56,2026-27 Veteran Signings,ADDED,Execution Date: 7/6/26
2026-07-07 13:34:56,2026-27 Veteran Signings,REMOVED,Andrew Wiggins Miami Heat
2026-07-07 13:34:56,2026-27 Veteran Signings,REMOVED,"27-28 $16,510,000"
2026-07-07 13:34:56,2026-27 Veteran Signings,REMOVED,"28-29 $17,320,356 (Player Option)"
2026-07-07 13:34:56,2026-27 Veteran Signings,REMOVED,"2 Years for $33,830,356. Veteran Extension. Player option to extend the contract to include the 2028-29 Season. Insurance Premium Reimbursement. Skill; Injury or Illness; Mental. Love of the Game."
2026-07-07 13:34:56,2026-27 Veteran Signings,ADDED,Coby White Charlotte Hornets
2026-07-07 13:34:56,2026-27 Veteran Signings,ADDED,"26-27 $26,811,593"
2026-07-07 13:34:56,2026-27 Veteran Signings,ADDED,"27-28 $24,666,667"
2026-07-07 13:34:56,2026-27 Veteran Signings,ADDED,"28-29 $22,521,740"
2026-07-07 13:34:56,2026-27 Veteran Signings,ADDED,"3 Years for $74,000,000. Bird Exception. Advance Payment ($2,681,. Insurance Premium Reimbursement. Skill; Injury or Illness; Mental. Love of the Game."
2026-07-07 13:35:59,2026-27 Veteran Signings,REMOVED,"3 Years for $74,000,000. Bird Exception. Advance Payment ($2,681,. Insurance Premium Reimbursement. Skill; Injury or Illness; Mental. Love of the Game."
2026-07-07 13:35:59,2026-27 Veteran Signings,ADDED,"3 Years for $74,000,000. Bird Exception. Advance Payment ($7,400,000). Insurance Premium Reimbursement. Skill; Injury or Illness; Mental. Love of the Game. Physical Exam. Alt. 7(b)."
2026-07-07 13:38:57,2026-27 Veteran Signings,REMOVED,"Update 1.2 (7/7/26): K. Anderson, C. White"
2026-07-07 13:38:57,2026-27 Veteran Signings,ADDED,"Update 1.2 (7/7/26): K. Anderson, T. Bryant, C. White"
2026-07-07 13:39:56,2026-27 Veteran Signings,ADDED,Thomas Byrant Cleveland Cavaliers
2026-07-07 13:39:56,2026-27 Veteran Signings,ADDED,"26-27 $3,524,115"
2026-07-07 13:39:56,2026-27 Veteran Signings,ADDED,Minimum Salary Exception. Skill; Injury or Illness; Mental; Death. Love of the Game. Physical Exam. Alt. 7(b).
2026-07-07 13:39:56,2026-27 Veteran Signings,ADDED,Execution Date: 7/7/26
2026-07-07 13:40:55,2026-27 Veteran Signings,REMOVED,"Update 1.2 (7/7/26): K. Anderson, T. Bryant, C. White"
2026-07-07 13:40:55,2026-27 Veteran Signings,ADDED,"Update 1.2 (7/7/26): K. Anderson, T. Bryant, A. Drummond, C. White"
2026-07-07 13:40:55,2026-27 Veteran Signings,ADDED,Andre Drummond New York Knicks
2026-07-07 13:40:55,2026-27 Veteran Signings,ADDED,"26-27 $3,876,529"
2026-07-07 13:40:55,2026-27 Veteran Signings,ADDED,Minimum Salary Exception. Skill; Injury or Illness; Death. Love of the Game. Physical Exam. Alt. 7(b).
2026-07-07 13:40:55,2026-27 Veteran Signings,ADDED,Execution Date: 7/6/26
2026-07-07 15:57:56,2026-27 Veteran Signings,REMOVED,"Update 1.2 (7/7/26): K. Anderson, T. Bryant, A. Drummond, C. White"
2026-07-07 15:57:56,2026-27 Veteran Signings,ADDED,"Update 1.2 (7/7/26): K. Anderson, T. Bryant, M. Conley, A. Drummond, C. White"
2026-07-07 15:57:56,2026-27 Veteran Signings,ADDED,Mike Conley Boston Celtics
2026-07-07 15:57:56,2026-27 Veteran Signings,ADDED,"26-27 $3,876,529"
2026-07-07 15:57:56,2026-27 Veteran Signings,ADDED,Minimum Salary Exception. Insurance Premium Reimbursement. Skill; Injury or Illness; Mental. Love of the Game. Physical Exam. Alt. 7(b).
2026-07-07 15:57:56,2026-27 Veteran Signings,ADDED,Execution Date: 7/6/26
2026-07-07 15:58:56,2026-27 Veteran Signings,REMOVED,Mike Conley Boston Celtics
2026-07-07 15:58:56,2026-27 Veteran Signings,ADDED,Mike Conley Jr. Boston Celtics
2026-07-07 15:59:55,2026-27 Veteran Signings,REMOVED,"Update 1.2 (7/7/26): K. Anderson, T. Bryant, M. Conley, A. Drummond, C. White"
2026-07-07 15:59:55,2026-27 Veteran Signings,ADDED,"Update 1.2 (7/7/26): K. Anderson, T. Bryant, M. Conley, A. Drummond, C. White, K. Williams"
2026-07-07 15:59:55,2026-27 Veteran Signings,ADDED,Kenrich Williams Oklahoma City
2026-07-07 15:59:55,2026-27 Veteran Signings,ADDED,"26-27 $26,811,593"
2026-07-07 15:59:55,2026-27 Veteran Signings,ADDED,"27-28 $24,666,667"
2026-07-07 15:59:55,2026-27 Veteran Signings,ADDED,"28-29 $22,521,740"
2026-07-07 15:59:55,2026-27 Veteran Signings,ADDED,"3 Years for $74,000,000. Bird Exception. Advance Payment ($7,400,000). Insurance Premium Reimbursement. Skill; Injury or Illness; Mental. Love of the Game. Physical Exam. Alt. 7(b)."
2026-07-07 15:59:55,2026-27 Veteran Signings,ADDED,Execution Date: 7/6/26
2026-07-07 16:00:55,2026-27 Veteran Signings,REMOVED,Kenrich Williams Oklahoma City
2026-07-07 16:00:55,2026-27 Veteran Signings,REMOVED,"26-27 $26,811,593"
2026-07-07 16:00:55,2026-27 Veteran Signings,REMOVED,"27-28 $24,666,667"
2026-07-07 16:00:55,2026-27 Veteran Signings,REMOVED,"28-29 $22,521,740"
2026-07-07 16:00:55,2026-27 Veteran Signings,REMOVED,"3 Years for $74,000,000. Bird Exception. Advance Payment ($7,400,000). Insurance Premium Reimbursement. Skill; Injury or Illness; Mental. Love of the Game. Physical Exam. Alt. 7(b)."
2026-07-07 16:00:55,2026-27 Veteran Signings,ADDED,Kenrich Williams Oklahoma City Thunder
2026-07-07 16:00:55,2026-27 Veteran Signings,ADDED,"26-27 $5,000,000 ($5,500,000)"
2026-07-07 16:00:55,2026-27 Veteran Signings,ADDED,Bird Exception. Insurance Premium Reimbursement. Skill; Injury or Illness; Mental. Love of the Game. Physical Exam. Alt. 7(b).
2026-07-07 16:03:56,2026-27 Veteran Signings,REMOVED,Bird Exception. Insurance Premium Reimbursement. Skill; Injury or Illness; Mental. Love of the Game. Physical Exam. Alt. 7(b).
2026-07-07 16:03:56,2026-27 Veteran Signings,ADDED,"($5,500,000 w/unlikely to be earned bonuses). Bird Exception. Insurance Premium Reimbursement. Skill; Injury or Illness; Mental. Love of the Game. Physical Exam. Alt. 7(b)."
2026-07-07 16:09:58,2026-27 Veteran Signings,REMOVED,"Update 1.2 (7/7/26): K. Anderson, T. Bryant, M. Conley, A. Drummond, C. White, K. Williams"
2026-07-07 16:09:58,2026-27 Veteran Signings,ADDED,"Update 1.2 (7/7/26): K. Anderson, T. Bryant, M. Conley, A. Drummond, T. Hardaway Jr., C. White, K. Williams"
2026-07-07 16:09:58,2026-27 Veteran Signings,ADDED,Tim Hardaway Jr. Miami
2026-07-07 16:09:58,2026-27 Veteran Signings,ADDED,"26-27 $6,000,000"
2026-07-07 16:09:58,2026-27 Veteran Signings,ADDED,"27-28 $6,300,000 (Player Option)"
2026-07-07 16:09:58,2026-27 Veteran Signings,ADDED,"2 Years for $12,300,000. Non-Taxpayer Mid-Level Exception (Partial). Player option to extend the contract to include the 2027-28 Season. Insurance Premium Reimbursement. Skill; Injury or Illness; Mental. Love of the Game. Physical Exam. Alt. 7(b)."
2026-07-07 16:09:58,2026-27 Veteran Signings,ADDED,Execution Date: 7/6/26
2026-07-07 16:10:55,2026-27 Veteran Signings,REMOVED,Tim Hardaway Jr. Miami
2026-07-07 16:10:55,2026-27 Veteran Signings,REMOVED,"26-27 $6,000,000"
2026-07-07 16:10:55,2026-27 Veteran Signings,REMOVED,"27-28 $6,300,000 (Player Option)"
2026-07-07 16:10:55,2026-27 Veteran Signings,REMOVED,"2 Years for $12,300,000. Non-Taxpayer Mid-Level Exception (Partial). Player option to extend the contract to include the 2027-28 Season. Insurance Premium Reimbursement. Skill; Injury or Illness; Mental. Love of the Game. Physical Exam. Alt. 7(b)."
2026-07-07 16:10:55,2026-27 Veteran Signings,ADDED,Tim Hardaway Jr. Miami Heat
2026-07-07 16:10:55,2026-27 Veteran Signings,ADDED,"26-27 $6,065,000"
2026-07-07 16:10:55,2026-27 Veteran Signings,ADDED,Non-Taxpayer Mid-Level Exception (Partial). Skill; Injury or Illness; Mental; Death. Love of the Game. Physical Exam.
2026-07-07 16:13:57,2026-27 Veteran Signings,REMOVED,"Update 1.2 (7/7/26): K. Anderson, T. Bryant, M. Conley, A. Drummond, T. Hardaway Jr., C. White, K. Williams"
2026-07-07 16:13:57,2026-27 Veteran Signings,ADDED,"Update 1.2 (7/7/26): K. Anderson, T. Bryant, M. Conley, A. Drummond, T. Hardaway Jr., A. Hukporti, C. White, K. Williams"
2026-07-07 16:14:56,2026-27 Veteran Signings,ADDED,Execution Date: 7/6/26
2026-07-07 16:14:56,2026-27 Veteran Signings,ADDED,Ariel Hukporti Philadelphia 76ers
2026-07-07 16:14:56,2026-27 Veteran Signings,ADDED,"26-27 $3,400,000"
2026-07-07 16:14:56,2026-27 Veteran Signings,ADDED,Bi-Annual Exception (Partial). Insurance Premium Reimbursement. Skill; Injury or Illness; Mental. Love of the Game. Physical Exam. Alt. 7(b).
2026-07-07 16:18:55,2026-27 Veteran Signings,REMOVED,"Update 1.2 (7/7/26): K. Anderson, T. Bryant, M. Conley, A. Drummond, T. Hardaway Jr., A. Hukporti, C. White, K. Williams"
2026-07-07 16:18:55,2026-27 Veteran Signings,ADDED,"Update 1.2 (7/7/26): K. Anderson, T. Bryant, M. Conley, A. Drummond, T. Hardaway Jr., I. Hartenstein, A. Hukporti, C. White, K. Williams"
2026-07-07 16:18:55,2026-27 Veteran Signings,ADDED,Execution Date: 7/6/26
2026-07-07 16:18:55,2026-27 Veteran Signings,ADDED,Isaiah Hartenstein Charlotte Hornets
2026-07-07 16:18:55,2026-27 Veteran Signings,ADDED,"26-27 $26,811,593"
2026-07-07 16:18:55,2026-27 Veteran Signings,ADDED,"27-28 $24,666,667"
2026-07-07 16:18:55,2026-27 Veteran Signings,ADDED,"28-29 $22,521,740"
2026-07-07 16:18:55,2026-27 Veteran Signings,ADDED,"3 Years for $74,000,000. Bird Exception. Advance Payment ($7,400,000). Insurance Premium Reimbursement. Skill; Injury or Illness; Mental. Love of the Game. Physical Exam. Alt. 7(b)."
2026-07-07 16:19:56,2026-27 Veteran Signings,REMOVED,Isaiah Hartenstein Charlotte Hornets
2026-07-07 16:19:56,2026-27 Veteran Signings,REMOVED,"26-27 $26,811,593"
2026-07-07 16:19:56,2026-27 Veteran Signings,REMOVED,"27-28 $24,666,667"
2026-07-07 16:19:56,2026-27 Veteran Signings,REMOVED,"28-29 $22,521,740"
2026-07-07 16:19:56,2026-27 Veteran Signings,REMOVED,"3 Years for $74,000,000. Bird Exception. Advance Payment ($7,400,000). Insurance Premium Reimbursement. Skill; Injury or Illness; Mental. Love of the Game. Physical Exam. Alt. 7(b)."
2026-07-07 16:19:56,2026-27 Veteran Signings,ADDED,Isaiah Hartenstein Oklahoma City Thunder
2026-07-07 16:19:56,2026-27 Veteran Signings,ADDED,"26-27 $23,148,148"
2026-07-07 16:19:56,2026-27 Veteran Signings,ADDED,"27-28 $25,000,000"
2026-07-07 16:19:56,2026-27 Veteran Signings,ADDED,"28-29 $26,851,852 (Player/Team Option)"
2026-07-07 16:19:56,2026-27 Veteran Signings,ADDED,"3 Years for $75,000,000. Bird Exception. Advance Payment ($1,500,000)."
2026-07-07 16:19:56,2026-27 Veteran Signings,ADDED,Insurance Premium Reimbursement. Skill; Injury or Illness; Mental. Love of the Game. Physical Exam. Alt. 7(b).
2026-07-07 16:20:55,2026-27 Veteran Signings,REMOVED,"3 Years for $75,000,000. Bird Exception. Advance Payment ($1,500,000)."
2026-07-07 16:20:55,2026-27 Veteran Signings,REMOVED,Insurance Premium Reimbursement. Skill; Injury or Illness; Mental. Love of the Game. Physical Exam. Alt. 7(b).
2026-07-07 16:20:55,2026-27 Veteran Signings,ADDED,"3 Years for $75,000,000. Bird Exception. Advance Payment ($1,500,000). Player or Team option to extend the contract to include the 2028-29 Season."
2026-07-07 16:20:55,2026-27 Veteran Signings,ADDED,Insurance Premium Reimbursement. Skill; Injury or Illness; Mental. Trade Kicker (15%). Love of the Game. Physical Exam. Alt. 7(b).
2026-07-07 16:21:56,2026-27 Veteran Signings,REMOVED,"3 Years for $75,000,000. Bird Exception. Advance Payment ($1,500,000). Player or Team option to extend the contract to include the 2028-29 Season."
2026-07-07 16:21:56,2026-27 Veteran Signings,REMOVED,Insurance Premium Reimbursement. Skill; Injury or Illness; Mental. Trade Kicker (15%). Love of the Game. Physical Exam. Alt. 7(b).
2026-07-07 16:21:56,2026-27 Veteran Signings,ADDED,"3 Years for $75,000,000. Bird Exception. Advance Payment ($1,500,000). Player or Team option to extend the contract to include the 2028-29 Season. Insurance Premium Reimbursement. Skill; Injury or Illness; Mental. Trade Kicker (15%). Love of the Game. Physical Exam. Alt. 7(b)."
2026-07-07 16:22:57,2026-27 Two-Way Signings,REMOVED,"Update 1.2 (7/7/26): M. Ajayi, K. Boswell, K. Brea"
2026-07-07 16:22:57,2026-27 Two-Way Signings,ADDED,"Update 1.2 (7/7/26): M. Ajayi, K. Boswell, K. Brea, F. Okpara"
2026-07-07 16:23:55,2026-27 Two-Way Signings,ADDED,Felix Okpara (2026 NBA DRAFT) Washington Wizards
2026-07-07 16:23:55,2026-27 Two-Way Signings,ADDED,"1 Year. Skill; Injury or Illness; Mental. Compensation protection for 2026-27 Season is for $91,000 but will increase to 50% if team has not requested waivers on player on or before the first day of the 2026-27 Regular Season. Love of the Game. Physical Exam. Alt. 7(b)."
2026-07-07 16:23:55,2026-27 Two-Way Signings,ADDED,Execution Date: 7/7/26
2026-07-07 16:26:55,2026-27 Veteran Signings,REMOVED,"Update 1.2 (7/7/26): K. Anderson, T. Bryant, M. Conley, A. Drummond, T. Hardaway Jr., I. Hartenstein, A. Hukporti, C. White, K. Williams"
2026-07-07 16:26:55,2026-27 Veteran Signings,ADDED,"Update 1.2 (7/7/26): K. Anderson, T. Bryant, M. Conley, A. Drummond, K. Ellis, T. Hardaway Jr., I. Hartenstein, A. Hukporti, C. White, K. Williams"
2026-07-07 16:26:55,2026-27 Veteran Signings,ADDED,Execution Date: 7/6/26
2026-07-07 16:26:55,2026-27 Veteran Signings,ADDED,Keon Ellis Oklahoma City Thunder
2026-07-07 16:26:55,2026-27 Veteran Signings,ADDED,"26-27 $9,000,000"
2026-07-07 16:26:55,2026-27 Veteran Signings,ADDED,"27-28 $25,000,000 (Player/Team Option)"
2026-07-07 16:26:55,2026-27 Veteran Signings,ADDED,"3 Years for $75,000,000. Bird Exception. Advance Payment ($1,500,000). Player or Team option to extend the contract to include the 2028-29 Season. Insurance Premium Reimbursement. Skill; Injury or Illness; Mental. Trade Kicker (15%). Love of the Game. Physical Exam. Alt. 7(b)."
2026-07-07 16:27:56,2026-27 Veteran Signings,REMOVED,"27-28 $25,000,000 (Player/Team Option)"
2026-07-07 16:27:56,2026-27 Veteran Signings,REMOVED,"3 Years for $75,000,000. Bird Exception. Advance Payment ($1,500,000). Player or Team option to extend the contract to include the 2028-29 Season. Insurance Premium Reimbursement. Skill; Injury or Illness; Mental. Trade Kicker (15%). Love of the Game. Physical Exam. Alt. 7(b)."
2026-07-07 16:27:56,2026-27 Veteran Signings,ADDED,"27-28 $9,000,000 (Player/Team Option)"
2026-07-07 16:27:56,2026-27 Veteran Signings,ADDED,"2 Years for $18,000,000. Room. Player or Team option to extend the contract to include the 2027-28 Season. Insurance Premium Reimbursement. Skill; Injury or Illness; Mental. Love of the Game. Physical Exam. Alt. 7(b)."
2026-07-07 16:28:56,2026-27 Veteran Signings,REMOVED,Keon Ellis Oklahoma City Thunder
2026-07-07 16:28:56,2026-27 Veteran Signings,ADDED,Keon Ellis Brooklyn Nets
2026-07-07 16:30:55,2026-27 Veteran Signings,REMOVED,"Update 1.2 (7/7/26): K. Anderson, T. Bryant, M. Conley, A. Drummond, K. Ellis, T. Hardaway Jr., I. Hartenstein, A. Hukporti, C. White, K. Williams"
2026-07-07 16:30:55,2026-27 Veteran Signings,ADDED,"Update 1.2 (7/7/26): K. Anderson, T. Bryant, M. Conley, A. Drummond, K. Ellis, R. Hachimura, T. Hardaway Jr., I. Hartenstein, A. Hukporti, C. White, K. Williams"
2026-07-07 16:31:57,2026-27 Veteran Signings,ADDED,Rui Hachimura Los Angeles Clippers
2026-07-07 16:31:57,2026-27 Veteran Signings,ADDED,"26-27 $14,000,000"
2026-07-07 16:31:57,2026-27 Veteran Signings,ADDED,"27-28 $14,000,000 (Team Option)"
2026-07-07 16:31:57,2026-27 Veteran Signings,ADDED,"2 Years for $28,000,000. Non-Taxpayer Mid-Level Exception (Partial). Team option to extend the contract to include the 2027-28 Skill; Injury or Illness; Mental; Death. Love of the Game. Physical Exam."
2026-07-07 16:31:57,2026-27 Veteran Signings,ADDED,Execution Date: 7/6/26
2026-07-07 16:32:56,2026-27 Veteran Signings,REMOVED,"2 Years for $28,000,000. Non-Taxpayer Mid-Level Exception (Partial). Team option to extend the contract to include the 2027-28 Skill; Injury or Illness; Mental; Death. Love of the Game. Physical Exam."
2026-07-07 16:32:56,2026-27 Veteran Signings,ADDED,"2 Years for $28,000,000. Non-Taxpayer Mid-Level Exception (Partial). Team option to extend the contract to include the 2027-28 Season. Insurance Premium Reimbursement. Skill; Injury or Illness; Mental. Love of the Game. Physical Exam. Alt. 7(b)."
2026-07-07 16:49:56,2026-27 Veteran Signings,REMOVED,"Update 1.2 (7/7/26): K. Anderson, T. Bryant, M. Conley, A. Drummond, K. Ellis, R. Hachimura, T. Hardaway Jr., I. Hartenstein, A. Hukporti, C. White, K. Williams"
2026-07-07 16:49:56,2026-27 Veteran Signings,ADDED,"Update 1.2 (7/7/26): K. Anderson, T. Bryant, M. Conley, A. Drummond, K. Ellis, R. Hachimura, T. Hardaway Jr., T. Harris, I. Hartenstein, A. Hukporti, C. White, K. Williams"
2026-07-07 16:49:56,2026-27 Veteran Signings,ADDED,Execution Date: 7/6/26
2026-07-07 16:49:56,2026-27 Veteran Signings,ADDED,Tobias Los Angeles Clippers
2026-07-07 16:49:56,2026-27 Veteran Signings,ADDED,"26-27 $14,000,000"
2026-07-07 16:49:56,2026-27 Veteran Signings,ADDED,"27-28 $14,000,000 (Team Option)"
2026-07-07 16:49:56,2026-27 Veteran Signings,ADDED,"2 Years for $28,000,000. Non-Taxpayer Mid-Level Exception (Partial). Team option to extend the contract to include the 2027-28 Season. Insurance Premium Reimbursement. Skill; Injury or Illness; Mental. Love of the Game. Physical Exam. Alt. 7(b)."
2026-07-07 16:50:56,2026-27 Veteran Signings,REMOVED,Tobias Los Angeles Clippers
2026-07-07 16:50:56,2026-27 Veteran Signings,REMOVED,"26-27 $14,000,000"
2026-07-07 16:50:56,2026-27 Veteran Signings,REMOVED,"27-28 $14,000,000 (Team Option)"
2026-07-07 16:50:56,2026-27 Veteran Signings,REMOVED,"2 Years for $28,000,000. Non-Taxpayer Mid-Level Exception (Partial). Team option to extend the contract to include the 2027-28 Season. Insurance Premium Reimbursement. Skill; Injury or Illness; Mental. Love of the Game. Physical Exam. Alt. 7(b)."
2026-07-07 16:50:56,2026-27 Veteran Signings,REMOVED,Execution Date: 7/6/26
2026-07-07 16:50:56,2026-27 Veteran Signings,ADDED,Tobias Harris San Antonio Spurs
2026-07-07 16:50:56,2026-27 Veteran Signings,ADDED,"26-27 $15,044,000"
2026-07-07 16:50:56,2026-27 Veteran Signings,ADDED,"27-28 $15,796,200"
2026-07-07 16:50:56,2026-27 Veteran Signings,ADDED,"2 Years for $30,840,200. Non-Taxpayer Mid-Level Exception. Insurance Premium Reimbursement. Skill; Injury or Illness. Love of the Game. Physical Exam. Alt. 7(b)."
2026-07-07 16:50:56,2026-27 Veteran Signings,ADDED,Execution Date: 7/9/26
2026-07-07 16:51:55,2026-27 Veteran Signings,REMOVED,Execution Date: 7/9/26
2026-07-07 16:51:55,2026-27 Veteran Signings,ADDED,Execution Date: 7/6/26
2026-07-07 16:58:55,2026-27 Veteran Signings,REMOVED,"Update 1.2 (7/7/26): K. Anderson, T. Bryant, M. Conley, A. Drummond, K. Ellis, R. Hachimura, T. Hardaway Jr., T. Harris, I. Hartenstein, A. Hukporti, C. White, K. Williams"
2026-07-07 16:58:55,2026-27 Veteran Signings,ADDED,"Update 1.2 (7/7/26): K. Anderson, T. Bryant, M. Conley, A. Drummond, K. Ellis, R. Hachimura, T. Hardaway Jr., T. Harris, I. Hartenstein, A. Hukporti, M. Robinson, C. White, K. Williams"
2026-07-07 16:58:55,2026-27 Veteran Signings,ADDED,Mitchell Robinson Boston Celtics
2026-07-07 16:58:55,2026-27 Veteran Signings,ADDED,"26-27 $15,044,000"
2026-07-07 16:58:55,2026-27 Veteran Signings,ADDED,"27-28 $15,796,200"
2026-07-07 16:58:55,2026-27 Veteran Signings,ADDED,"28-29 $16,548,400 (Player Option)"
2026-07-07 16:58:55,2026-27 Veteran Signings,ADDED,"3 Years for $47,388,600. Non-Taxpayer Mid-Level Exception. Player option to extend the contract toInsurance Premium Reimbursement. Skill; Injury or Illness. Love of the Game. Physical Exam. Alt. 7(b)."
2026-07-07 16:58:55,2026-27 Veteran Signings,ADDED,Execution Date: 7/6/26
2026-07-07 16:59:55,2026-27 Veteran Signings,REMOVED,"3 Years for $47,388,600. Non-Taxpayer Mid-Level Exception. Player option to extend the contract toInsurance Premium Reimbursement. Skill; Injury or Illness. Love of the Game. Physical Exam. Alt. 7(b)."
2026-07-07 16:59:55,2026-27 Veteran Signings,ADDED,"3 Years for $47,388,600. Non-Taxpayer Mid-Level Exception. Player option to extend the contract to include the 2028-29 Season. Insurance Premium Reimbursement. Skill; Injury or Illness; Mental. Love of the Game. Physical Exam. Alt. 7(b)."
2026-07-07 17:07:56,2026-27 Veteran Signings,REMOVED,"Update 1.2 (7/7/26): K. Anderson, T. Bryant, M. Conley, A. Drummond, K. Ellis, R. Hachimura, T. Hardaway Jr., T. Harris, I. Hartenstein, A. Hukporti, M. Robinson, C. White, K. Williams"
2026-07-07 17:07:56,2026-27 Veteran Signings,ADDED,"Update 1.2 (7/7/26): K. Anderson, T. Bryant, M. Conley, A. Drummond, K. Ellis, R. Hachimura, T. Hardaway Jr., T. Harris, I. Hartenstein, A. Hukporti, M. Robinson, C. White, K. Williams, T. Young"
2026-07-07 17:07:56,2026-27 Veteran Signings,ADDED,Trae Young Washington Wizards
2026-07-07 17:07:56,2026-27 Veteran Signings,ADDED,"26-27 $26,811,593"
2026-07-07 17:07:56,2026-27 Veteran Signings,ADDED,"27-28 $24,666,667"
2026-07-07 17:07:56,2026-27 Veteran Signings,ADDED,"28-29 $22,521,740"
2026-07-07 17:07:56,2026-27 Veteran Signings,ADDED,"3 Years for $74,000,000. Bird Exception. Advance Payment ($7,400,000). Insurance Premium Reimbursement. Skill; Injury or Illness; Mental. Love of the Game. Physical Exam. Alt. 7(b)."
2026-07-07 17:07:56,2026-27 Veteran Signings,ADDED,Execution Date: 7/6/26
2026-07-07 17:08:56,2026-27 Veteran Signings,REMOVED,"26-27 $26,811,593"
2026-07-07 17:08:56,2026-27 Veteran Signings,REMOVED,"27-28 $24,666,667"
2026-07-07 17:08:56,2026-27 Veteran Signings,REMOVED,"28-29 $22,521,740"
2026-07-07 17:08:56,2026-27 Veteran Signings,ADDED,"26-27 $49,488,300"
2026-07-07 17:08:56,2026-27 Veteran Signings,ADDED,"27-28 $50,478,066"
2026-07-07 17:08:56,2026-27 Veteran Signings,ADDED,"28-29 $54,437,130"
2026-07-07 17:08:56,2026-27 Veteran Signings,ADDED,"29-30 $58,396,194 (Pla"
2026-07-07 17:09:55,2026-27 Veteran Signings,REMOVED,"29-30 $58,396,194 (Pla"
2026-07-07 17:09:55,2026-27 Veteran Signings,REMOVED,"3 Years for $74,000,000. Bird Exception. Advance Payment ($7,400,000). Insurance Premium Reimbursement. Skill; Injury or Illness; Mental. Love of the Game. Physical Exam. Alt. 7(b)."
2026-07-07 17:09:55,2026-27 Veteran Signings,ADDED,"29-30 $58,396,194 (Player Option)"
2026-07-07 17:09:55,2026-27 Veteran Signings,ADDED,"4 Years for $212,799,690. Bird Exception. Max Contract. Player option to extend the contract to include the 2029-30 Season. Insurance Premium Reimbursement. Skill; Injury or Illness; Mental. Trade Kicker (7.5%). Love of the Game. Physical Exam. Alt. 7(b)."
2026-07-07 17:11:56,2026-27 Veteran Signings,REMOVED,"Update 1.2 (7/7/26): K. Anderson, T. Bryant, M. Conley, A. Drummond, K. Ellis, R. Hachimura, T. Hardaway Jr., T. Harris, I. Hartenstein, A. Hukporti, M. Robinson, C. White, K. Williams, T. Young"
2026-07-07 17:11:56,2026-27 Veteran Signings,ADDED,"Update 1.2 (7/7/26): P. Achiuwa, K. Anderson, T. Bryant, M. Conley, A. Drummond, K. Ellis, R. Hachimura, T. Hardaway Jr., T. Harris, I. Hartenstein, A. Hukporti, M. Robinson, C. White, K. Williams, T. Young"
2026-07-07 17:11:56,2026-27 Veteran Signings,ADDED,Previous Achiuwa Sacramento Kings
2026-07-07 17:11:56,2026-27 Veteran Signings,ADDED,"26-27 $3,400,000"
2026-07-07 17:11:56,2026-27 Veteran Signings,ADDED,Bi-Annual Exception. Insurance Premium Reimbursement. Skill; Injury or Illness; Mental. Love of the Game. Physical Exam. Alt. 7(b).
2026-07-07 17:11:56,2026-27 Veteran Signings,ADDED,Execution Date: 7/7/26
2026-07-07 17:12:55,2026-27 Veteran Signings,REMOVED,"26-27 $3,400,000"
2026-07-07 17:12:55,2026-27 Veteran Signings,REMOVED,Bi-Annual Exception. Insurance Premium Reimbursement. Skill; Injury or Illness; Mental. Love of the Game. Physical Exam. Alt. 7(b).
2026-07-07 17:12:55,2026-27 Veteran Signings,ADDED,"26-27 $5,477,000"
2026-07-07 17:12:55,2026-27 Veteran Signings,ADDED,"27-28 $5,750,850"
2026-07-07 17:12:55,2026-27 Veteran Signings,ADDED,"2 Years for $11,227,850."
2026-07-07 17:12:55,2026-27 Veteran Signings,ADDED,Bi-Annual Exception. Skill; Injury or Illness; Mental; Death. Love of the Game. Physical Exam. Alt. 7(b).
2026-07-07 17:13:55,2026-27 Veteran Signings,REMOVED,"2 Years for $11,227,850."
2026-07-07 17:13:55,2026-27 Veteran Signings,REMOVED,Bi-Annual Exception. Skill; Injury or Illness; Mental; Death. Love of the Game. Physical Exam. Alt. 7(b).
2026-07-07 17:13:55,2026-27 Veteran Signings,ADDED,"2 Years for $11,227,850. Bi-Annual Exception. Skill; Injury or Illness; Mental; Death. Love of the Game. Physical Exam. Alt. 7(b)."
2026-07-07 17:19:56,2026-27 Veteran Signings,REMOVED,Previous Achiuwa Sacramento Kings
2026-07-07 17:19:56,2026-27 Veteran Signings,ADDED,Precious Achiuwa Sacramento Kings
2026-07-07 18:08:56,2026-27 Veteran Signings,REMOVED,"Update 1.2 (7/7/26): P. Achiuwa, K. Anderson, T. Bryant, M. Conley, A. Drummond, K. Ellis, R. Hachimura, T. Hardaway Jr., T. Harris, I. Hartenstein, A. Hukporti, M. Robinson, C. White, K. Williams, T. Young"
2026-07-07 18:08:56,2026-27 Veteran Signings,ADDED,"Update 1.2 (7/7/26): P. Achiuwa, K. Anderson, T. Bryant, M. Conley, A. Drummond, K. Ellis, J. Goodwin, R. Hachimura, T. Hardaway Jr., T. Harris, I. Hartenstein, A. Hukporti, M. Robinson, C. White, K. Williams, T. Young"
2026-07-07 18:10:55,2026-27 Veteran Signings,ADDED,Jordan Goodwin Phoenix Suns
2026-07-07 18:10:55,2026-27 Veteran Signings,ADDED,"26-27 $5,864,198"
2026-07-07 18:10:55,2026-27 Veteran Signings,ADDED,"27-28 $6,333,333"
2026-07-07 18:10:55,2026-27 Veteran Signings,ADDED,"28-29 $6,802,469 (Player Option)"
2026-07-07 18:10:55,2026-27 Veteran Signings,ADDED,"3 Years for $19,000,000. Early Bird Exception. Player option to extend the contract to include the 2028-29 Season. Insurance Premium Reimbursement. Skill; Injury or Illness; Mental. Love of the Game. Physical Exam. Alt. 7(b)."
2026-07-07 18:10:55,2026-27 Veteran Signings,ADDED,Execution Date: 7/6/26
2026-07-07 18:12:55,2026-27 Veteran Signings,REMOVED,"3 Years for $19,000,000. Early Bird Exception. Player option to extend the contract to include the 2028-29 Season. Insurance Premium Reimbursement. Skill; Injury or Illness; Mental. Love of the Game. Physical Exam. Alt. 7(b)."
2026-07-07 18:12:55,2026-27 Veteran Signings,REMOVED,Execution Date: 7/6/26
2026-07-07 18:12:55,2026-27 Veteran Signings,ADDED,"3 Years for $19,000,000. Early Bird Exception. Advance Payment ($1,466,050). Player option to extend the contract to include the 2028-29 Season. Insurance Premium Reimbursement. Skill; Injury or Illness; Mental. Love of the Game. Physical Exam. Alt. 7(b)."
2026-07-07 18:12:55,2026-27 Veteran Signings,ADDED,Execution Date: 7/7/26
2026-07-07 18:16:56,2026-27 Rookie Signings,REMOVED,Update 1.2 (7/7/26):
2026-07-07 18:16:56,2026-27 Rookie Signings,ADDED,Update 1.2 (7/7/26): B. Thornton
2026-07-07 18:16:56,2026-27 Rookie Signings,ADDED,#31 Bruce Thornton Cleveland Cavaliers
2026-07-07 18:16:56,2026-27 Rookie Signings,ADDED,"26-27 $1,357,763"
2026-07-07 18:16:56,2026-27 Rookie Signings,ADDED,"27-28 $2,294,370"
2026-07-07 18:16:56,2026-27 Rookie Signings,ADDED,"28-29 $2,694,363"
2026-07-07 18:16:56,2026-27 Rookie Signings,ADDED,"29-30 $2,918,152 (Team Option)"
2026-07-07 18:16:56,2026-27 Rookie Signings,ADDED,"4 Years for $9,264,648. Second Round Pick Exception. Advance Payment ($273,909). Team option to extend the contract to include the 2029-30 Season. Skill; Injury or Illness; Mental; Death. Compensation protection for 2029-30 Season is none. Love of the Game. Physical Exam. Alt. 7(b)."
2026-07-07 18:16:56,2026-27 Rookie Signings,ADDED,Execution Date: 7/1/26
2026-07-07 18:17:56,2026-27 Rookie Signings,REMOVED,#31 Bruce Thornton Cleveland Cavaliers
2026-07-07 18:17:56,2026-27 Rookie Signings,ADDED,#31 Bruce Thornton Houston Rockets
2026-07-07 18:17:56,2026-27 Rookie Signings,REMOVED,"4 Years for $9,264,648. Second Round Pick Exception. Advance Payment ($273,909). Team option to extend the contract to include the 2029-30 Season. Skill; Injury or Illness; Mental; Death. Compensation protection for 2029-30 Season is none. Love of the Game. Physical Exam. Alt. 7(b)."
2026-07-07 18:17:56,2026-27 Rookie Signings,ADDED,"4 Years for $9,264,648. Second Round Pick Exception."
2026-07-07 18:17:56,2026-27 Rookie Signings,ADDED,Team option to extend the contract to include the 2029-30 Season. Skill; Injury or Illness; Mental; Death. Compensation protection for 2029-30 Season is none. Love of the Game. Physical Exam. Alt. 7(b).
2026-07-07 18:18:55,2026-27 Veteran Signings,REMOVED,"Update 1.2 (7/7/26): P. Achiuwa, K. Anderson, T. Bryant, M. Conley, A. Drummond, K. Ellis, J. Goodwin, R. Hachimura, T. Hardaway Jr., T. Harris, I. Hartenstein, A. Hukporti, M. Robinson, C. White, K. Williams, T. Young"
2026-07-07 18:18:55,2026-27 Veteran Signings,ADDED,"Update 1.2 (7/7/26): P. Achiuwa, K. Anderson, T. Bryant, M. Conley, A. Drummond, K. Ellis, J. Goodwin, R. Hachimura, T. Hardaway Jr., T. Harris, I. Hartenstein, A. Hukporti, M. Robinson, C. White, K. Williams, M. Williams, T. Young"
2026-07-07 18:21:55,2026-27 Veteran Signings,ADDED,Mark Williams Phoenix Suns
2026-07-07 18:21:55,2026-27 Veteran Signings,ADDED,"26-27 $11,728,395"
2026-07-07 18:21:55,2026-27 Veteran Signings,ADDED,"27-28 $24,666,667"
2026-07-07 18:21:55,2026-27 Veteran Signings,ADDED,"28-29 $22,521,740"
2026-07-07 18:21:55,2026-27 Veteran Signings,ADDED,"3 Years for $74,000,000. Bird Exception. Advance Payment ($7,400,000). Insurance Premium Reimbursement. Skill; Injury or Illness; Mental. Love of the Game. Physical Exam. Alt. 7(b)."
2026-07-07 18:21:55,2026-27 Veteran Signings,ADDED,Execution Date: 7/6/26
2026-07-07 18:22:57,2026-27 Veteran Signings,REMOVED,"27-28 $24,666,667"
2026-07-07 18:22:57,2026-27 Veteran Signings,REMOVED,"28-29 $22,521,740"
2026-07-07 18:22:57,2026-27 Veteran Signings,REMOVED,"3 Years for $74,000,000. Bird Exception. Advance Payment ($7,400,000). Insurance Premium Reimbursement. Skill; Injury or Illness; Mental. Love of the Game. Physical Exam. Alt. 7(b)."
2026-07-07 18:22:57,2026-27 Veteran Signings,REMOVED,Execution Date: 7/6/26
2026-07-07 18:22:57,2026-27 Veteran Signings,ADDED,"27-28 $12,666,667"
2026-07-07 18:22:57,2026-27 Veteran Signings,ADDED,"28-29 $13,604,938"
2026-07-07 18:22:57,2026-27 Veteran Signings,ADDED,"3 Years for $38,000,000. Bird Exception. Insurance Premium Reimbursement. Skill; Injury or Illness; Mental. Love of the Game. Physical Exam. Alt. 7(b)."
2026-07-07 18:22:57,2026-27 Veteran Signings,ADDED,Execution Date: 7/626
2026-07-07 18:23:58,2026-27 Veteran Signings,REMOVED,Execution Date: 7/626
2026-07-07 18:23:58,2026-27 Veteran Signings,ADDED,Execution Date: 7/7/26
2026-07-07 18:26:57,2026-27 Veteran Signings,REMOVED,"Update 1.2 (7/7/26): P. Achiuwa, K. Anderson, T. Bryant, M. Conley, A. Drummond, K. Ellis, J. Goodwin, R. Hachimura, T. Hardaway Jr., T. Harris, I. Hartenstein, A. Hukporti, M. Robinson, C. White, K. Williams, M. Williams, T. Young"
2026-07-07 18:26:57,2026-27 Veteran Signings,ADDED,"Update 1.2 (7/7/26): P. Achiuwa, K. Anderson, T. Bryant, M. Conley, A. Drummond, K. Ellis, C. Gillespie, J. Goodwin, R. Hachimura, T. Hardaway Jr., T. Harris, I. Hartenstein, A. Hukporti, M. Robinson, C. White, K. Williams, M. Williams, T. Young"
2026-07-07 18:27:58,2026-27 Veteran Signings,ADDED,Collin Gillespie Phoenix Suns
2026-07-07 18:27:58,2026-27 Veteran Signings,ADDED,"26-27 $10,714,286"
2026-07-07 18:27:58,2026-27 Veteran Signings,ADDED,"27-28 $11,571,429"
2026-07-07 18:27:58,2026-27 Veteran Signings,ADDED,"28-29 $12,"
2026-07-07 18:27:58,2026-27 Veteran Signings,ADDED,"3 Years for $19,000,000. Early Bird Exception. Advance Payment ($1,466,050). Player option to extend the contract to include the 2028-29 Season. Insurance Premium Reimbursement. Skill; Injury or Illness; Mental. Love of the Game. Physical Exam. Alt. 7(b)."
2026-07-07 18:27:58,2026-27 Veteran Signings,ADDED,Execution Date: 7/7/26
2026-07-07 18:28:56,2026-27 Veteran Signings,REMOVED,"28-29 $12,"
2026-07-07 18:28:56,2026-27 Veteran Signings,REMOVED,"3 Years for $19,000,000. Early Bird Exception. Advance Payment ($1,466,050). Player option to extend the contract to include the 2028-29 Season. Insurance Premium Reimbursement. Skill; Injury or Illness; Mental. Love of the Game. Physical Exam. Alt. 7(b)."
2026-07-07 18:28:56,2026-27 Veteran Signings,ADDED,"28-29 $12,428,571"
2026-07-07 18:28:56,2026-27 Veteran Signings,ADDED,"29-30 $13,285,714"
2026-07-07 18:28:56,2026-27 Veteran Signings,ADDED,"4 Years for $48,000,000. Early Bird Exception. Advance Payment ($1,000,000). Insurance Premium Reimbursement. Skill; Injury or Illness; Mental. Love of the Game. Physical Exam. Alt. 7(b)."
2026-07-07 18:30:01,2026-27 Rookie Signings,REMOVED,"4 Years for $9,264,648. Second Round Pick Exception."
2026-07-07 18:30:01,2026-27 Rookie Signings,REMOVED,Team option to extend the contract to include the 2029-30 Season. Skill; Injury or Illness; Mental; Death. Compensation protection for 2029-30 Season is none. Love of the Game. Physical Exam. Alt. 7(b).
2026-07-07 18:30:01,2026-27 Rookie Signings,ADDED,"4 Years for $9,264,648. Second Round Pick Exception. Team option to extend the contract to include the 2029-30 Season. Skill; Injury or Illness; Mental; Death. Compensation protection for 2027-28 Season is none but will increase to full if team has not requested waivers on player on or before 6/30/2027. Compensation protection for 2027-28 Season is none but will increase to full if team has not requested waivers on player on or before 6/30/2027."
2026-07-07 18:30:01,2026-27 Rookie Signings,ADDED,. Love of the Game. Physical Exam. Alt. 7(b).
2026-07-07 18:30:56,2026-27 Rookie Signings,REMOVED,"4 Years for $9,264,648. Second Round Pick Exception. Team option to extend the contract to include the 2029-30 Season. Skill; Injury or Illness; Mental; Death. Compensation protection for 2027-28 Season is none but will increase to full if team has not requested waivers on player on or before 6/30/2027. Compensation protection for 2027-28 Season is none but will increase to full if team has not requested waivers on player on or before 6/30/2027."
2026-07-07 18:30:56,2026-27 Rookie Signings,REMOVED,. Love of the Game. Physical Exam. Alt. 7(b).
2026-07-07 18:30:56,2026-27 Rookie Signings,REMOVED,Execution Date: 7/1/26
2026-07-07 18:30:56,2026-27 Rookie Signings,ADDED,"4 Years for $9,264,648. Second Round Pick Exception. Team option to extend the contract to include the 2029-30 Season. Skill; Injury or Illness; Mental; Death. Compensation protection for 2027-28 Season is none but will increase to full if team has not requested waivers on player on or before 6/30/2027. Compensation protection for 2028-29 Season is none but will increase to full if team has not requested waivers on player on or before 6/30/2028. Compensation protection for 2029-30 Season is none but will increase to full if team has not requested waivers on player on or before 6/30/2029. Love of the Game. Physical Exam. Alt. 7(b)."
2026-07-07 18:30:56,2026-27 Rookie Signings,ADDED,Execution Date: 7/7/26
2026-07-08 07:33:00,2026-27 Veteran Signings,REMOVED,"Update 1.2 (7/7/26): P. Achiuwa, K. Anderson, T. Bryant, M. Conley, A. Drummond, K. Ellis, C. Gillespie, J. Goodwin, R. Hachimura, T. Hardaway Jr., T. Harris, I. Hartenstein, A. Hukporti, M. Robinson, C. White, K. Williams, M. Williams, T. Young"
2026-07-08 07:33:00,2026-27 Veteran Signings,ADDED,"Update 1.2 (7/7/26): P. Achiuwa, J. Alvarado, K. Anderson, T. Bryant, M. Conley, A. Drummond, K. Ellis, C. Gillespie, J. Goodwin, R. Hachimura, T. Hardaway Jr., T. Harris, I. Hartenstein, A. Hukporti, M. Robinson, L. Shamet, C. White, K. Williams, M. Williams, T. Young"
2026-07-08 07:33:00,2026-27 Veteran Signings,ADDED,Jose Alvarado New York Knicks
2026-07-08 07:33:00,2026-27 Veteran Signings,ADDED,"26-27 $4,439,656"
2026-07-08 07:33:00,2026-27 Veteran Signings,ADDED,"27-28 $4,794,828"
2026-07-08 07:33:00,2026-27 Veteran Signings,ADDED,"28-29 $5,150,000"
2026-07-08 07:33:00,2026-27 Veteran Signings,ADDED,"3 Years for $14,384,484. Bird Exception. Advance Payment ($4,829,654). Insurance Premium Reimbursement. Skill; Injury or Illness; Death. Compensation protection for 2028-29 Season is for $2,765,516 but will increase to full if team has not requested waivers on player on or before 6/30/2028. Love of the Game. Physical Exam. Alt. 7(b)."
2026-07-08 07:33:00,2026-27 Veteran Signings,ADDED,Execution Date: 7/6/26
2026-07-08 07:33:00,2026-27 Veteran Signings,ADDED,Landry Shamet New York Knicks
2026-07-08 07:33:00,2026-27 Veteran Signings,ADDED,"26-27 $4,439,656"
2026-07-08 07:33:00,2026-27 Veteran Signings,ADDED,"27-28 $4,794,828"
2026-07-08 07:33:00,2026-27 Veteran Signings,ADDED,"28-29 $5,150,000"
2026-07-08 07:33:00,2026-27 Veteran Signings,ADDED,"3 Years for $14,384,484. Bird Exception. Advance Payment ($4,829,654). Insurance Premium Reimbursement. Skill; Injury or Illness; Death. Compensation protection for 2028-29 Season is for $2,765,516 but will increase to full if team has not requested waivers on player on or before 6/30/2028. Love of the Game. Physical Exam. Alt. 7(b)."
2026-07-08 07:33:00,2026-27 Veteran Signings,ADDED,Execution Date: 7/6/26
2026-07-08 07:37:56,2026-27 Veteran Signings,REMOVED,"26-27 $4,439,656"
2026-07-08 07:37:56,2026-27 Veteran Signings,REMOVED,"27-28 $4,794,828"
2026-07-08 07:37:56,2026-27 Veteran Signings,REMOVED,"28-29 $5,150,000"
2026-07-08 07:37:56,2026-27 Veteran Signings,ADDED,"26-27 $5,490,967"
2026-07-08 07:37:56,2026-27 Veteran Signings,ADDED,"27-28 $5,737,500"
2026-07-08 07:37:56,2026-27 Veteran Signings,ADDED,"28-29 $6,162,500"
2026-07-08 07:37:56,2026-27 Veteran Signings,ADDED,"29-30 $6,587,500 (PLay"
2026-07-08 07:38:55,2026-27 Veteran Signings,REMOVED,"29-30 $6,587,500 (PLay"
2026-07-08 07:38:55,2026-27 Veteran Signings,REMOVED,"3 Years for $14,384,484. Bird Exception. Advance Payment ($4,829,654). Insurance Premium Reimbursement. Skill; Injury or Illness; Death. Compensation protection for 2028-29 Season is for $2,765,516 but will increase to full if team has not requested waivers on player on or before 6/30/2028. Love of the Game. Physical Exam. Alt. 7(b)."
2026-07-08 07:38:55,2026-27 Veteran Signings,ADDED,"29-30 $6,587,500 (Player Option)"
2026-07-08 07:38:55,2026-27 Veteran Signings,ADDED,"4 Years for $23,978,467. Bird Exception. Advance Payment ($4,829,654). Insurance Premium Reimbursement. Skill; Injury or Illness; Death. Compensation protection for 2028-29 Season is for $2,765,516 but will increase to full if team has not requested waivers on player on or before 6/30/2028. Love of the Game. Physical Exam. Alt. 7(b)."
2026-07-08 07:40:56,2026-27 Veteran Signings,REMOVED,"4 Years for $23,978,467. Bird Exception. Advance Payment ($4,829,654). Insurance Premium Reimbursement. Skill; Injury or Illness; Death. Compensation protection for 2028-29 Season is for $2,765,516 but will increase to full if team has not requested waivers on player on or before 6/30/2028. Love of the Game. Physical Exam. Alt. 7(b)."
2026-07-08 07:40:56,2026-27 Veteran Signings,ADDED,"4 Years for $23,978,467. Bird Exception. Advance Payment ($8,231,461). Player option to extend the contract to include the 2029-30 Season. Skill; Injury or Illness; Death. Compensation protection for 2028-29 Season is for $1,581,241 but will increase to full if team has not requested waivers on player on or before 6/30/2028. Compensation protection for 2028-29 Season is for $1,581,241 but will increase to full if team has not requested waivers on player on or before 6/30/2028.Love of the Game. Physical Exam. Alt. 7(b)."
2026-07-08 07:41:55,2026-27 Veteran Signings,REMOVED,"4 Years for $23,978,467. Bird Exception. Advance Payment ($8,231,461). Player option to extend the contract to include the 2029-30 Season. Skill; Injury or Illness; Death. Compensation protection for 2028-29 Season is for $1,581,241 but will increase to full if team has not requested waivers on player on or before 6/30/2028. Compensation protection for 2028-29 Season is for $1,581,241 but will increase to full if team has not requested waivers on player on or before 6/30/2028.Love of the Game. Physical Exam. Alt. 7(b)."
2026-07-08 07:41:55,2026-27 Veteran Signings,ADDED,"4 Years for $23,978,467. Bird Exception. Advance Payment ($8,231,461). Player option to extend the contract to include the 2029-30 Season. Skill; Injury or Illness; Death. Compensation protection for 2028-29 Season is for $1,581,241 but will increase to full if team has not requested waivers on player on or before 6/30/2028. Compensation protection for 2028-29 Season is for $1,690,292 but will increase to full if team has not requested waivers on player on or before 6/30/2029. Love of the Game. Physical Exam. Alt. 7(b)."
2026-07-08 07:52:56,2026-27 Veteran Signings,REMOVED,"Update 1.2 (7/7/26): P. Achiuwa, J. Alvarado, K. Anderson, T. Bryant, M. Conley, A. Drummond, K. Ellis, C. Gillespie, J. Goodwin, R. Hachimura, T. Hardaway Jr., T. Harris, I. Hartenstein, A. Hukporti, M. Robinson, L. Shamet, C. White, K. Williams, M. Williams, T. Young"
2026-07-08 07:52:56,2026-27 Veteran Signings,ADDED,"Update 1.2 (7/7/26): P. Achiuwa, J. Alvarado, K. Anderson, T. Bryant, M. Conley, M. Diawara, A. Drummond, K. Ellis, C. Gillespie, J. Goodwin, R. Hachimura, T. Hardaway Jr., T. Harris, I. Hartenstein, A. Hukporti, M. Robinson, L. Shamet, C. White, K. Williams, M. Williams, T. Young"
2026-07-08 07:52:56,2026-27 Veteran Signings,ADDED,Execution Date: 7/6/26
2026-07-08 07:52:56,2026-27 Veteran Signings,ADDED,Mohamed Diawara New York Knicks
2026-07-08 07:52:56,2026-27 Veteran Signings,ADDED,"26-27 $2,622,139"
2026-07-08 07:52:56,2026-27 Veteran Signings,ADDED,"27-28 $2,753,246"
2026-07-08 07:52:56,2026-27 Veteran Signings,ADDED,"28-29 $2,884,353"
2026-07-08 07:52:56,2026-27 Veteran Signings,ADDED,"29-30 $3,019,000 (Player Option)"
2026-07-08 07:52:56,2026-27 Veteran Signings,ADDED,"4 Years for $23,978,467. Bird Exception. Advance Payment ($8,231,461). Player option to extend the contract to include the 2029-30 Season. Skill; Injury or Illness; Death. Compensation protection for 2028-29 Season is for $1,581,241 but will increase to full if team has not requested waivers on player on or before 6/30/2028. Compensation protection for 2028-29 Season is for $1,690,292 but will increase to full if team has not requested waivers on player on or before 6/30/2029. Love of the Game. Physical Exam. Alt. 7(b)."
2026-07-08 07:53:55,2026-27 Veteran Signings,REMOVED,"29-30 $3,019,000 (Player Option)"
2026-07-08 07:53:55,2026-27 Veteran Signings,REMOVED,"4 Years for $23,978,467. Bird Exception. Advance Payment ($8,231,461). Player option to extend the contract to include the 2029-30 Season. Skill; Injury or Illness; Death. Compensation protection for 2028-29 Season is for $1,581,241 but will increase to full if team has not requested waivers on player on or before 6/30/2028. Compensation protection for 2028-29 Season is for $1,690,292 but will increase to full if team has not requested waivers on player on or before 6/30/2029. Love of the Game. Physical Exam. Alt. 7(b)."
2026-07-08 07:53:55,2026-27 Veteran Signings,ADDED,"29-30 $3,019,000 (Team Option)"
2026-07-08 07:53:55,2026-27 Veteran Signings,ADDED,"4 Years for $11,279,212. Non-Qualifying Veteran Free Agent Exception. Team option to extend the contract to include the 2029-30 Season. Skill; Injury or Illness; Death. Compensation protection for 2028-29 Season is none. Compensation protection for 2028-29 Season is none. Love of the Game. Physical Exam. Alt. 7(b)."
2026-07-08 07:54:55,2026-27 Veteran Signings,REMOVED,"4 Years for $11,279,212. Non-Qualifying Veteran Free Agent Exception. Team option to extend the contract to include the 2029-30 Season. Skill; Injury or Illness; Death. Compensation protection for 2028-29 Season is none. Compensation protection for 2028-29 Season is none. Love of the Game. Physical Exam. Alt. 7(b)."
2026-07-08 07:54:55,2026-27 Veteran Signings,ADDED,"4 Years for $11,279,212. Non-Qualifying Veteran Free Agent Exception. Team option to extend the contract to include the 2029-30 Season. Skill; Injury or Illness; Death. Compensation protection for 2028-29 Season is none. Compensation protection for 2028-29 Season is none. Physical Exam."
2026-07-08 08:11:55,2026-27 Two-Way Signings,REMOVED,"Update 1.2 (7/7/26): M. Ajayi, K. Boswell, K. Brea, F. Okpara"
2026-07-08 08:11:55,2026-27 Two-Way Signings,ADDED,"Update 1.2 (7/7/26): M. Ajayi, T. Alexander, K. Boswell, K. Brea, F. Okpara"
2026-07-08 08:11:55,2026-27 Two-Way Signings,ADDED,Trey Alexander Utah Jazz
2026-07-08 08:11:55,2026-27 Two-Way Signings,ADDED,"1 Year. Skill; Injury or Illness. Compensation protection for 2026-27 Season is for $91,000. Love of the Game. Physical Exam. Alt. 7(b)."
2026-07-08 08:11:55,2026-27 Two-Way Signings,ADDED,Execution Date: 7/3/26
2026-07-08 08:12:55,2026-27 Two-Way Signings,REMOVED,"Update 1.2 (7/7/26): M. Ajayi, T. Alexander, K. Boswell, K. Brea, F. Okpara"
2026-07-08 08:12:55,2026-27 Two-Way Signings,ADDED,"Update 1.2 (7/7/26): M. Ajayi, T. Alexander, K. Boswell, K. Brea, Q. Copeland, F. Okpara"
2026-07-08 08:12:55,2026-27 Two-Way Signings,REMOVED,Execution Date: 7/3/26
2026-07-08 08:12:55,2026-27 Two-Way Signings,ADDED,Execution Date: 7/7/26
2026-07-08 08:13:55,2026-27 Two-Way Signings,ADDED,Quadir Copeland Houston Rockets
2026-07-08 08:13:55,2026-27 Two-Way Signings,ADDED,1 Year. Physical Exam.
2026-07-08 08:13:55,2026-27 Two-Way Signings,ADDED,Execution Date: 7/7/26
2026-07-08 08:19:56,2026-27 Veteran Signings,REMOVED,"Update 1.2 (7/7/26): P. Achiuwa, J. Alvarado, K. Anderson, T. Bryant, M. Conley, M. Diawara, A. Drummond, K. Ellis, C. Gillespie, J. Goodwin, R. Hachimura, T. Hardaway Jr., T. Harris, I. Hartenstein, A. Hukporti, M. Robinson, L. Shamet, C. White, K. Williams, M. Williams, T. Young"
2026-07-08 08:19:56,2026-27 Veteran Signings,ADDED,"Update 1.2 (7/7/26): P. Achiuwa, J. Alvarado, K. Anderson, T. Bryant, M. Conley, M. Diawara, A. Drummond, K. Ellis, C. Gillespie, J. Goodwin, R. Hachimura, T. Hardaway Jr., T. Harris, I. Hartenstein, A. Hukporti, M. Robinson, K. Sanders, L. Shamet, C. White, K. Williams, M. Williams, T. Young"
2026-07-08 08:20:55,2026-27 Veteran Signings,ADDED,Kobe Sanders Los Angeles Clippers
2026-07-08 08:20:55,2026-27 Veteran Signings,ADDED,"26-27 $2,622,139"
2026-07-08 08:20:55,2026-27 Veteran Signings,ADDED,"27-28 $2,753,246"
2026-07-08 08:20:55,2026-27 Veteran Signings,ADDED,"28-29 $2,884,353"
2026-07-08 08:20:55,2026-27 Veteran Signings,ADDED,"29-30 $3,019,000 (Team Option)"
2026-07-08 08:20:55,2026-27 Veteran Signings,ADDED,"4 Years for $11,279,212. Non-Qualifying Veteran Free Agent Exception. Team option to extend the contract to include the 2029-30 Season. Insurance Premium Reimbursement. Skill; Injury or Illness; Mental. Compensation protection for 2028-29 Season is none but Compensation protection for 2028-29 Season is none. Physical Exam."
2026-07-08 08:20:55,2026-27 Veteran Signings,ADDED,Execution Date: 7/6/26
2026-07-08 08:21:56,2026-27 Veteran Signings,REMOVED,"4 Years for $11,279,212. Non-Qualifying Veteran Free Agent Exception. Team option to extend the contract to include the 2029-30 Season. Insurance Premium Reimbursement. Skill; Injury or Illness; Mental. Compensation protection for 2028-29 Season is none but Compensation protection for 2028-29 Season is none. Physical Exam."
2026-07-08 08:21:56,2026-27 Veteran Signings,REMOVED,Execution Date: 7/6/26
2026-07-08 08:21:56,2026-27 Veteran Signings,ADDED,"4 Years for $11,279,212. Non-Qualifying Veteran Free Agent Exception. Team option to extend the contract to include the 2029-30 Season. Insurance Premium Reimbursement. Skill; Injury or Illness; Mental. Compensation protection for 2028-29 Season is none but will increase to full if team has not requested waivers on player on or before 6/28/2028. Compensation protection for 2029-30 Season is none but will increase to full if team has not requested waivers on player on or before 6/28/2029. Love of the Game. Physical Exam. Alt. 7(b)."
2026-07-08 08:21:56,2026-27 Veteran Signings,ADDED,Execution Date: 7/7/26
2026-07-08 08:39:56,2026-27 Veteran Signings,REMOVED,"Update 1.2 (7/7/26): P. Achiuwa, J. Alvarado, K. Anderson, T. Bryant, M. Conley, M. Diawara, A. Drummond, K. Ellis, C. Gillespie, J. Goodwin, R. Hachimura, T. Hardaway Jr., T. Harris, I. Hartenstein, A. Hukporti, M. Robinson, K. Sanders, L. Shamet, C. White, K. Williams, M. Williams, T. Young"
2026-07-08 08:39:56,2026-27 Veteran Signings,ADDED,"Update 1.2 (7/7/26): P. Achiuwa, J. Alvarado, K. Anderson, T. Bryant, J. Collins, M. Conley, M. Diawara, A. Drummond, K. Ellis, C. Gillespie, J. Goodwin, R. Hachimura, T. Hardaway Jr., T. Harris, I. Hartenstein, A. Hukporti, M. Robinson, K. Sanders, L. Shamet, C. White, K. Williams, M. Williams, T. Young"
2026-07-08 08:40:56,2026-27 Veteran Signings,ADDED,John Collins Detroit Pistons
2026-07-08 08:40:56,2026-27 Veteran Signings,ADDED,"26-27 $17,000,000"
2026-07-08 08:40:56,2026-27 Veteran Signings,ADDED,"27-28 $17,000,000"
2026-07-08 08:40:56,2026-27 Veteran Signings,ADDED,"28-29 $17,000,000"
2026-07-08 08:40:56,2026-27 Veteran Signings,ADDED,"3 Years for $51,000,000. Bird Exception - Sign and Trade w/Los Angeles Clippers. Insurance Premium Reimbursement. Skill; Injury or Illness; Death. Compensation protection for 2028-29 Season is for $2,765,516 but will increase to full if team has not requested waivers on player on or before 6/30/2028. Love of the Game. Physical Exam. Alt. 7(b)."
2026-07-08 08:40:56,2026-27 Veteran Signings,ADDED,Execution Date: 7/6/26
2026-07-08 08:41:56,2026-27 Veteran Signings,REMOVED,"3 Years for $51,000,000. Bird Exception - Sign and Trade w/Los Angeles Clippers. Insurance Premium Reimbursement. Skill; Injury or Illness; Death. Compensation protection for 2028-29 Season is for $2,765,516 but will increase to full if team has not requested waivers on player on or before 6/30/2028. Love of the Game. Physical Exam. Alt. 7(b)."
2026-07-08 08:41:56,2026-27 Veteran Signings,REMOVED,Execution Date: 7/6/26
2026-07-08 08:41:56,2026-27 Veteran Signings,ADDED,"3 Years for $51,000,000. Bird Exception - Sign and Trade w/Los Angeles Clippers. Insurance Premium Reimbursement. Skill; Injury or Illness. Compensation protection for 2027-28 Season is for none but will increase to full if team has not requested waivers on player on or before 6/28/2027. Compensation protection for 2028-29 Season is for none but will increase to full if team has not requested waivers on player on or before 6/28/2028. Love of the Game. Alt. 7(b)."
2026-07-08 08:41:56,2026-27 Veteran Signings,ADDED,Execution Date: 7/7/26
2026-07-08 08:44:55,2026-27 Veteran Signings,REMOVED,"Update 1.2 (7/7/26): P. Achiuwa, J. Alvarado, K. Anderson, T. Bryant, J. Collins, M. Conley, M. Diawara, A. Drummond, K. Ellis, C. Gillespie, J. Goodwin, R. Hachimura, T. Hardaway Jr., T. Harris, I. Hartenstein, A. Hukporti, M. Robinson, K. Sanders, L. Shamet, C. White, K. Williams, M. Williams, T. Young"
2026-07-08 08:44:55,2026-27 Veteran Signings,ADDED,"Update 1.2 (7/7/26): P. Achiuwa, J. Alvarado, K. Anderson, T. Bryant, J. Collins, M. Conley, M. Diawara, A. Drummond, K. Ellis, C. Gillespie, J. Goodwin, R. Hachimura, T. Hardaway Jr., T. Harris, I. Hartenstein, A. Hukporti, K. Middleton, M. Robinson, K. Sanders, L. Shamet, C. White, K. Williams, M. Williams, T. Young"
2026-07-08 08:44:55,2026-27 Veteran Signings,ADDED,Khris Middleton Washington Wizards
2026-07-08 08:44:55,2026-27 Veteran Signings,ADDED,"26-27 $5,591,122"
2026-07-08 08:44:55,2026-27 Veteran Signings,ADDED,"27-28 $5,870,678"
2026-07-08 08:44:55,2026-27 Veteran Signings,ADDED,"28-29 $17,000,000"
2026-07-08 08:44:55,2026-27 Veteran Signings,ADDED,"3 Years for $51,000,000. Bird Exception - Sign and Trade w/Los Angeles Clippers. Insurance Premium Reimbursement. Skill; Injury or Illness. Compensation protection for 2027-28 Season is for none but will increase to full if team has not requested waivers on player on or before 6/28/2027. Compensation protection for 2028-29 Season is for none but will increase to full if team has not requested waivers on player on or before 6/28/2028. Love of the Game. Alt. 7(b)."
2026-07-08 08:44:55,2026-27 Veteran Signings,ADDED,Execution Date: 7/7/26
2026-07-08 08:45:55,2026-27 Veteran Signings,REMOVED,"28-29 $17,000,000"
2026-07-08 08:45:55,2026-27 Veteran Signings,REMOVED,"3 Years for $51,000,000. Bird Exception - Sign and Trade w/Los Angeles Clippers. Insurance Premium Reimbursement. Skill; Injury or Illness. Compensation protection for 2027-28 Season is for none but will increase to full if team has not requested waivers on player on or before 6/28/2027. Compensation protection for 2028-29 Season is for none but will increase to full if team has not requested waivers on player on or before 6/28/2028. Love of the Game. Alt. 7(b)."
2026-07-08 08:45:55,2026-27 Veteran Signings,ADDED,"28-29 $6,150,234"
2026-07-08 08:45:55,2026-27 Veteran Signings,ADDED,"3 Years for $17,612,024. Bird Exception - Sign and Trade w/Dallas Mavericks. Insurance Premium Reimbursement. Skill; Injury or Illness; Mental. Compensation protection for 2027-28 Season is for $908,878 but will increase to full if team has not requested waivers on player on or before 6/28/2027. Compensation protection for 2028-29 Season is for none but will increase to full if team has not requested waivers on player on or before 6/28/2028. Love of the Game. Alt. 7(b)."
2026-07-08 08:46:56,2026-27 Veteran Signings,REMOVED,"3 Years for $17,612,024. Bird Exception - Sign and Trade w/Dallas Mavericks. Insurance Premium Reimbursement. Skill; Injury or Illness; Mental. Compensation protection for 2027-28 Season is for $908,878 but will increase to full if team has not requested waivers on player on or before 6/28/2027. Compensation protection for 2028-29 Season is for none but will increase to full if team has not requested waivers on player on or before 6/28/2028. Love of the Game. Alt. 7(b)."
2026-07-08 08:46:56,2026-27 Veteran Signings,ADDED,"3 Years for $17,612,024. Bird Exception - Sign and Trade w/Dallas Mavericks. Insurance Premium Reimbursement. Skill; Injury or Illness; Mental. Compensation protection for 2027-28 Season is for $908,878 but will increase to full if team has not requested waivers on player on or before 6/28/2027. Compensation protection for 2028-29 Season is none but will increase to full if team has not requested waivers on player on or before 6/28/2028. Love of the Game. Alt. 7(b)."
2026-07-08 08:48:56,2026-27 Veteran Signings,REMOVED,"3 Years for $51,000,000. Bird Exception - Sign and Trade w/Los Angeles Clippers. Insurance Premium Reimbursement. Skill; Injury or Illness. Compensation protection for 2027-28 Season is for none but will increase to full if team has not requested waivers on player on or before 6/28/2027. Compensation protection for 2028-29 Season is for none but will increase to full if team has not requested waivers on player on or before 6/28/2028. Love of the Game. Alt. 7(b)."
2026-07-08 08:48:56,2026-27 Veteran Signings,ADDED,"3 Years for $51,000,000. Bird Exception - Sign and Trade w/Los Angeles Clippers. Insurance Premium Reimbursement. Skill; Injury or Illness. Compensation protection for 2027-28 Season is none but will increase to full if team has not requested waivers on player on or before 6/28/2027. Compensation protection for 2028-29 Season is none but will increase to full if team has not requested waivers on player on or before 6/28/2028. Love of the Game. Alt. 7(b)."
2026-07-08 09:20:57,2026-27 Veteran Signings,REMOVED,"Update 1.2 (7/7/26): P. Achiuwa, J. Alvarado, K. Anderson, T. Bryant, J. Collins, M. Conley, M. Diawara, A. Drummond, K. Ellis, C. Gillespie, J. Goodwin, R. Hachimura, T. Hardaway Jr., T. Harris, I. Hartenstein, A. Hukporti, K. Middleton, M. Robinson, K. Sanders, L. Shamet, C. White, K. Williams, M. Williams, T. Young"
2026-07-08 09:20:57,2026-27 Veteran Signings,ADDED,"Update 1.2 (7/7/26): P. Achiuwa, J. Alvarado, K. Anderson, T. Bryant, J. Collins, M. Conley, M. Diawara, A. Drummond, K. Ellis, C. Gillespie, J. Goodwin, R. Hachimura, T. Hardaway Jr., T. Harris, I. Hartenstein, A. Hukporti, K. Middleton, K. Oubre, M. Robinson, K. Sanders, L. Shamet, C. White, K. Williams, M. Williams, T. Young"
2026-07-08 09:20:57,2026-27 Veteran Signings,ADDED,Kelly Oubre Indiana Pacers
2026-07-08 09:20:57,2026-27 Veteran Signings,ADDED,"26-27 $8,050,000"
2026-07-08 09:20:57,2026-27 Veteran Signings,ADDED,"27-28 $8,450,000"
2026-07-08 09:20:57,2026-27 Veteran Signings,ADDED,"2 Years for $17,500,000. Non-Taxpayer Mid-Level Exception (Partial). Team option to extend the contract to include the 2027-28 Season. Insurance Premium Reimbursement. Skill; Injury or Illness; Mental. Love of the Game. Physical Exam. Alt. 7(b)."
2026-07-08 09:20:57,2026-27 Veteran Signings,ADDED,Execution Date: 7/6/26
2026-07-08 09:21:56,2026-27 Veteran Signings,REMOVED,"2 Years for $17,500,000. Non-Taxpayer Mid-Level Exception (Partial). Team option to extend the contract to include the 2027-28 Season. Insurance Premium Reimbursement. Skill; Injury or Illness; Mental. Love of the Game. Physical Exam. Alt. 7(b)."
2026-07-08 09:21:56,2026-27 Veteran Signings,REMOVED,Execution Date: 7/6/26
2026-07-08 09:21:56,2026-27 Veteran Signings,ADDED,"2 Years for $16,500,000. Non-Taxpayer Mid-Level Exception (Partial). Insurance Premium Reimbursement. Skill; Injury or Illness. Love of the Game. Physical Exam. Alt. 7(b)."
2026-07-08 09:21:56,2026-27 Veteran Signings,ADDED,Execution Date: 7/7/26
2026-07-08 09:24:55,2026-27 Veteran Signings,REMOVED,"Update 1.2 (7/7/26): P. Achiuwa, J. Alvarado, K. Anderson, T. Bryant, J. Collins, M. Conley, M. Diawara, A. Drummond, K. Ellis, C. Gillespie, J. Goodwin, R. Hachimura, T. Hardaway Jr., T. Harris, I. Hartenstein, A. Hukporti, K. Middleton, K. Oubre, M. Robinson, K. Sanders, L. Shamet, C. White, K. Williams, M. Williams, T. Young"
2026-07-08 09:24:55,2026-27 Veteran Signings,ADDED,"Update 1.2 (7/7/26): P. Achiuwa, J. Alvarado, K. Anderson, T. Bryant, J. Collins, M. Conley, M. Diawara, A. Drummond, K. Ellis, C. Gillespie, Q. Grimes, J. Goodwin, R. Hachimura, T. Hardaway Jr., T. Harris, I. Hartenstein, A. Hukporti, K. Middleton, K. Oubre, M. Robinson, K. Sanders, L. Shamet, C. White, K. Williams, M. Williams, T. Young"
2026-07-08 09:24:55,2026-27 Veteran Signings,ADDED,Quentin Grimes Los Angeles Lakers
2026-07-08 09:24:55,2026-27 Veteran Signings,ADDED,"26-27 $9,000,000"
2026-07-08 09:24:55,2026-27 Veteran Signings,ADDED,"27-28 $9,000,000 (Player/Team Option)"
2026-07-08 09:24:55,2026-27 Veteran Signings,ADDED,"2 Years for $18,000,000. Room. Player or Team option to extend the contract to include the 2027-28 Season. Insurance Premium Reimbursement. Skill; Injury or Illness; Mental. Love of the Game. Physical Exam. Alt. 7(b)."
2026-07-08 09:24:55,2026-27 Veteran Signings,ADDED,Execution Date: 7/6/26
2026-07-08 09:26:28,2026-27 Veteran Signings,REMOVED,"26-27 $9,000,000"
2026-07-08 09:26:28,2026-27 Veteran Signings,REMOVED,"27-28 $9,000,000 (Player/Team Option)"
2026-07-08 09:26:28,2026-27 Veteran Signings,REMOVED,"2 Years for $18,000,000. Room. Player or Team option to extend the contract to include the 2027-28 Season. Insurance Premium Reimbursement. Skill; Injury or Illness; Mental. Love of the Game. Physical Exam. Alt. 7(b)."
2026-07-08 09:26:28,2026-27 Veteran Signings,ADDED,"26-27 $13,953,489"
2026-07-08 09:26:28,2026-27 Veteran Signings,ADDED,"27-28 $14,651,163"
2026-07-08 09:26:28,2026-27 Veteran Signings,ADDED,"28-29 $15,348,837"
2026-07-08 09:26:28,2026-27 Veteran Signings,ADDED,"29-30 $16,046,511 (Player Option)"
2026-07-08 09:26:28,2026-27 Veteran Signings,ADDED,"4 Years for $60,000,000. Room. Advance Payment ($8,000,000)."
2026-07-08 09:26:28,2026-27 Veteran Signings,ADDED,Player option to extend the contract to include the 2029-30 Season. Insurance Premium Reimbursement. Skill; Injury or Illness; Mental. Love of the Game. Physical Exam. Alt. 7(b).
2026-07-08 09:26:56,2026-27 Veteran Signings,REMOVED,"4 Years for $60,000,000. Room. Advance Payment ($8,000,000)."
2026-07-08 09:26:56,2026-27 Veteran Signings,REMOVED,Player option to extend the contract to include the 2029-30 Season. Insurance Premium Reimbursement. Skill; Injury or Illness; Mental. Love of the Game. Physical Exam. Alt. 7(b).
2026-07-08 09:26:56,2026-27 Veteran Signings,ADDED,"4 Years for $60,000,000. Room. Advance Payment ($8,000,000). Player option to extend the contract to include the 2029-30 Season. Insurance Premium Reimbursement. Skill; Injury or Illness; Mental; Death. Love of the Game. Physical Exam. Alt. 7(b)."
2026-07-08 09:31:56,2026-27 Veteran Signings,REMOVED,"Update 1.2 (7/7/26): P. Achiuwa, J. Alvarado, K. Anderson, T. Bryant, J. Collins, M. Conley, M. Diawara, A. Drummond, K. Ellis, C. Gillespie, Q. Grimes, J. Goodwin, R. Hachimura, T. Hardaway Jr., T. Harris, I. Hartenstein, A. Hukporti, K. Middleton, K. Oubre, M. Robinson, K. Sanders, L. Shamet, C. White, K. Williams, M. Williams, T. Young"
2026-07-08 09:31:56,2026-27 Veteran Signings,ADDED,"Update 1.2 (7/7/26): P. Achiuwa, J. Alvarado, K. Anderson, T. Bryant, J. Collins, M. Conley, M. Diawara, A. Drummond, K. Ellis, C. Gillespie, Q. Grimes, J. Goodwin, R. Hachimura, T. Hardaway Jr., T. Harris, I. Hartenstein, A. Hukporti, S. MamK. Middleton, K. Oubre, M. Robinson, K. Sanders, L. Shamet, C. White, K. Williams, M. Williams, T. Young"
2026-07-08 09:33:01,2026-27 Veteran Signings,REMOVED,"Update 1.2 (7/7/26): P. Achiuwa, J. Alvarado, K. Anderson, T. Bryant, J. Collins, M. Conley, M. Diawara, A. Drummond, K. Ellis, C. Gillespie, Q. Grimes, J. Goodwin, R. Hachimura, T. Hardaway Jr., T. Harris, I. Hartenstein, A. Hukporti, S. MamK. Middleton, K. Oubre, M. Robinson, K. Sanders, L. Shamet, C. White, K. Williams, M. Williams, T. Young"
2026-07-08 09:33:01,2026-27 Veteran Signings,ADDED,"Update 1.2 (7/7/26): P. Achiuwa, J. Alvarado, K. Anderson, T. Bryant, J. Collins, M. Conley, M. Diawara, A. Drummond, K. Ellis, C. Gillespie, Q. Grimes, J. Goodwin, R. Hachimura, T. Hardaway Jr., T. Harris, I. Hartenstein, A. Hukporti, S. Mamukelashvili, K. Middleton, K. Oubre, M. Robinson, K. Sanders, L. Shamet, C. White, K. Williams, M. Williams, T. Young"
2026-07-08 09:33:01,2026-27 Veteran Signings,ADDED,Sandro Mamukelashvili Los Angeles Lakers
2026-07-08 09:33:01,2026-27 Veteran Signings,ADDED,"26-27 $13,000,000"
2026-07-08 09:33:01,2026-27 Veteran Signings,ADDED,"27-28 $12,350,000"
2026-07-08 09:33:01,2026-27 Veteran Signings,ADDED,"28-29 $13,000,000"
2026-07-08 09:33:01,2026-27 Veteran Signings,ADDED,"29-30 $13,650,000 (Player Option)"
2026-07-08 09:33:01,2026-27 Veteran Signings,ADDED,"4 Years for $52,000,000. Room. Player option to extend the contract to include the 2029-30 Season. Insurance Premium Reimbursement. Skill; Injury or Illness; Mental; Death. Love of the Game. Physical Exam. Alt. 7(b)."
2026-07-08 09:33:01,2026-27 Veteran Signings,ADDED,Execution Date: 7/6/26
2026-07-09 09:17:10,2026-27 Veteran Signings,REMOVED,"Update 1.2 (7/7/26): P. Achiuwa, J. Alvarado, K. Anderson, T. Bryant, J. Collins, M. Conley, M. Diawara, A. Drummond, K. Ellis, C. Gillespie, Q. Grimes, J. Goodwin, R. Hachimura, T. Hardaway Jr., T. Harris, I. Hartenstein, A. Hukporti, S. Mamukelashvili, K. Middleton, K. Oubre, M. Robinson, K. Sanders, L. Shamet, C. White, K. Williams, M. Williams, T. Young"
2026-07-09 09:17:10,2026-27 Veteran Signings,ADDED,"Update 1.2 (7/7/26): P. Achiuwa, J. Alvarado, K. Anderson, H. Barnes, B. Bogdanovic, T. Bryant, J. Collins, M. Conley, M. Diawara, A. Drummond, K. Ellis, C. Gillespie, Q. Grimes, J. Goodwin, R. Hachimura, T. Hardaway Jr., T. Harris, I. Hartenstein, A. Hukporti, W. Kessler, S. Mamukelashvili, K. Middleton, K. Oubre, M. Robinson, K. Sanders, L. Shamet, C. White, K. Williams, M. Williams, T. Young"
2026-07-09 09:17:10,2026-27 Veteran Signings,REMOVED,Thomas Byrant Cleveland Cavaliers
2026-07-09 09:17:10,2026-27 Veteran Signings,ADDED,Harrison Barnes San Antonio Spurs
2026-07-09 09:17:10,2026-27 Veteran Signings,ADDED,"26-27 $8,000,000"
2026-07-09 09:17:10,2026-27 Veteran Signings,ADDED,Bird Exception. Player Trade Consent. Insurance Premium Reimbursement. Skill; Injury or Illness. Love of the Game. Physical Exam. Alt. 7(b).
2026-07-09 09:17:10,2026-27 Veteran Signings,ADDED,Execution Date: 7/8/26
2026-07-09 09:17:10,2026-27 Veteran Signings,ADDED,Bogdan Bogdanovic Houston Rockets
2026-07-09 09:17:10,2026-27 Veteran Signings,ADDED,"26-27 $3,524,115"
2026-07-09 09:17:10,2026-27 Veteran Signings,ADDED,Minimum Salary Exception. Skill; Injury or Illness; Mental; Death. Love of the Game. Physical Exam. Alt. 7(b).
2026-07-09 09:17:10,2026-27 Veteran Signings,ADDED,Execution Date: 7/8/26
2026-07-09 09:17:10,2026-27 Veteran Signings,ADDED,Thomas Bryant Cleveland Cavaliers
2026-07-09 09:17:10,2026-27 Veteran Signings,ADDED,Walker Kessler Los Angeles Lakers
2026-07-09 09:17:10,2026-27 Veteran Signings,ADDED,"26-27 $30,108,821"
2026-07-09 09:17:10,2026-27 Veteran Signings,ADDED,"27-28 $31,614,262"
2026-07-09 09:17:10,2026-27 Veteran Signings,ADDED,"28-29 $33,119,703"
2026-07-09 09:17:10,2026-27 Veteran Signings,ADDED,"29-30 $34,625,144 (Player Option)"
2026-07-09 09:17:10,2026-27 Veteran Signings,ADDED,"4 Years for $129,467,930. Bird Exception - Sign and Trade w/Utah Jazz. Advance Payment ($32,366,983). Player option to extend the contact to include the 2029-30 Season. Insurance Premium Reimbursement. Skill; Injury or Illness; Mental; Death. Trade Kicker (15%). Love of the Game. Alt. 7(b)."
2026-07-09 09:17:10,2026-27 Veteran Signings,ADDED,Execution Date: 7/7/26
2026-07-09 09:17:10,2026-27 Two-Way Signings,REMOVED,"Update 1.2 (7/7/26): M. Ajayi, T. Alexander, K. Boswell, K. Brea, Q. Copeland, F. Okpara"
2026-07-09 09:17:10,2026-27 Two-Way Signings,ADDED,"Update 1.2 (7/7/26): M. Ajayi, T. Alexander, K. Boswell, K. Brea, Q. Copeland, F. Okpara, R. Rupert"
2026-07-09 09:17:10,2026-27 Two-Way Signings,ADDED,Rayan Rupert Philadelphia 76ers
2026-07-09 09:17:10,2026-27 Two-Way Signings,ADDED,"1 Year. Skill; Injury or Illness. Compensation protection for 2026-27 Season is for $91,000 but will increase to 50% if team has not requested waivers on player on or before the first day of the 2026-27 Regular Season. Love of the Game. Physical Exam. Alt. 7(b)."
2026-07-09 09:17:10,2026-27 Two-Way Signings,ADDED,Execution Date: 7/8/26
2026-07-09 09:18:03,2026-27 Veteran Signings,REMOVED,"Update 1.2 (7/7/26): P. Achiuwa, J. Alvarado, K. Anderson, H. Barnes, B. Bogdanovic, T. Bryant, J. Collins, M. Conley, M. Diawara, A. Drummond, K. Ellis, C. Gillespie, Q. Grimes, J. Goodwin, R. Hachimura, T. Hardaway Jr., T. Harris, I. Hartenstein, A. Hukporti, W. Kessler, S. Mamukelashvili, K. Middleton, K. Oubre, M. Robinson, K. Sanders, L. Shamet, C. White, K. Williams, M. Williams, T. Young"
2026-07-09 09:18:03,2026-27 Veteran Signings,ADDED,"Update 1.2 (7/7/26): P. Achiuwa, J. Alvarado, K. Anderson, H. Barnes, B. Bogdanovic, T. Bryant, J. Collins, M. Conley, M. Diawara, A. Drummond, K. Ellis, C. Gillespie, J. Green, Q. Grimes, J. Goodwin, R. Hachimura, T. Hardaway Jr., T. Harris, I. Hartenstein, A. Hukporti, W. Kessler, S. Mamukelashvili, K. Middleton, K. Oubre, M. Robinson, K. Sanders, L. Shamet, C. White, K. Williams, M. Williams, T. Young"
2026-07-09 09:18:03,2026-27 Veteran Signings,ADDED,Javonte Green Detroit Pistons
2026-07-09 09:18:03,2026-27 Veteran Signings,ADDED,"26-27 $2,622,139"
2026-07-09 09:18:03,2026-27 Veteran Signings,ADDED,"27-28 $2,753,246"
2026-07-09 09:18:03,2026-27 Veteran Signings,ADDED,"28-29 $2,884,353"
2026-07-09 09:18:03,2026-27 Veteran Signings,ADDED,"29-30 $3,019,000 (Team Option)"
2026-07-09 09:18:03,2026-27 Veteran Signings,ADDED,"4 Years for $11,279,212. Non-Qualifying Veteran Free Agent Exception. Team option to extend the contract to include the 2029-30 Season. Skill; Injury or Illness; Death. Compensation protection for 2028-29 Season is none. Compensation protection for 2028-29 Season is none. Physical Exam."
2026-07-09 09:18:03,2026-27 Veteran Signings,ADDED,Execution Date: 7/6/26
2026-07-09 09:18:56,2026-27 Veteran Signings,REMOVED,"26-27 $2,622,139"
2026-07-09 09:18:56,2026-27 Veteran Signings,REMOVED,"27-28 $2,753,246"
2026-07-09 09:18:56,2026-27 Veteran Signings,REMOVED,"28-29 $2,884,353"
2026-07-09 09:18:56,2026-27 Veteran Signings,REMOVED,"29-30 $3,019,000 (Team Option)"
2026-07-09 09:18:56,2026-27 Veteran Signings,REMOVED,"4 Years for $11,279,212. Non-Qualifying Veteran Free Agent Exception. Team option to extend the contract to include the 2029-30 Season. Skill; Injury or Illness; Death. Compensation protection for 2028-29 Season is none. Compensation protection for 2028-29 Season is none. Physical Exam."
2026-07-09 09:18:56,2026-27 Veteran Signings,REMOVED,Execution Date: 7/6/26
2026-07-09 09:18:56,2026-27 Veteran Signings,ADDED,"26-27 $3,943,679"
2026-07-09 09:18:56,2026-27 Veteran Signings,ADDED,Non-Qualifying Veteran Free Agent Exception. Insurance Premium Reimbursement. Skill; Injury or Illness. Love of the Game. Physical Exam. Alt. 7(b).
2026-07-09 09:18:56,2026-27 Veteran Signings,ADDED,Execution Date: 7/8/26
2026-07-09 09:20:56,2026-27 Rookie Signings,REMOVED,Update 1.2 (7/7/26): B. Thornton
2026-07-09 09:20:56,2026-27 Rookie Signings,ADDED,"Update 1.2 (7/7/26): N. Ament, B. Thornton"
2026-07-09 09:21:55,2026-27 Rookie Signings,ADDED,"120% (with likely to be earned bonuses - Summer League and Summer Conditioning). Rookie Scale Exception. Advance Payment ($434,376). Insurance Premium Reimbursement. Skill; Injury or Illness; Mental. Love of the Game. Physical Exam. Alt. 7(b)."
2026-07-09 09:21:55,2026-27 Rookie Signings,ADDED,Execution Date: 7/3/26
2026-07-09 09:21:55,2026-27 Rookie Signings,ADDED,#13 Nate Ament Milwaukee Bucks
2026-07-09 09:21:55,2026-27 Rookie Signings,ADDED,"26-27 $4,951,800 ($5,502,000)"
2026-07-09 09:21:55,2026-27 Rookie Signings,ADDED,"27-28 $5,488,416 ($5,777,280)"
2026-07-09 09:21:55,2026-27 Rookie Signings,ADDED,"28-29 $6,052,200 (Team Option)"
2026-07-09 09:21:55,2026-27 Rookie Signings,ADDED,"29-30 $8,648,594 (Team Option)"
2026-07-09 09:22:55,2026-27 Rookie Signings,REMOVED,"120% (with likely to be earned bonuses - Summer League and Summer Conditioning). Rookie Scale Exception. Advance Payment ($434,376). Insurance Premium Reimbursement. Skill; Injury or Illness; Mental. Love of the Game. Physical Exam. Alt. 7(b)."
2026-07-09 09:22:55,2026-27 Rookie Signings,ADDED,"120% (with likely to be earned bonuses - Summer League and Summer Conditioning). Rookie Scale Exception. Advance Payment ($839,064). Skill; Injury or Illness; Mental. Love of the Game. Physical Exam. Alt. 7(b)."
2026-07-09 09:23:55,2026-27 Rookie Signings,REMOVED,"120% (with likely to be earned bonuses - Summer League and Summer Conditioning). Rookie Scale Exception. Advance Payment ($839,064). Skill; Injury or Illness; Mental. Love of the Game. Physical Exam. Alt. 7(b)."
2026-07-09 09:23:55,2026-27 Rookie Signings,REMOVED,Execution Date: 7/3/26
2026-07-09 09:23:55,2026-27 Rookie Signings,ADDED,"120% (with likely to be earned bonuses - Summer League and Summer Conditioning). Rookie Scale Exception. Advance Payment ($839,064). Skill; Injury or Illness. Love of the Game. Physical Exam. Alt. 7(b)."
2026-07-09 09:23:55,2026-27 Rookie Signings,ADDED,Execution Date: 7/8/26
2026-07-09 09:24:57,2026-27 Two-Way Signings,REMOVED,"Update 1.2 (7/7/26): M. Ajayi, T. Alexander, K. Boswell, K. Brea, Q. Copeland, F. Okpara, R. Rupert"
2026-07-09 09:24:57,2026-27 Two-Way Signings,ADDED,"Update 1.2 (7/7/26): M. Ajayi, T. Alexander, K. Boswell, K. Brea, Q. Copeland, E. Harkless, F. Okpara, R. Rupert"
2026-07-09 09:24:57,2026-27 Two-Way Signings,ADDED,Elijah Harkless Detroit Pistons
2026-07-09 09:24:57,2026-27 Two-Way Signings,ADDED,"1 Year. Skill; Injury or Illness. Compensation protection for 2026-27 Season is for $91,000 but will increase to 50% if team has not requested waivers on player on or before the first day of the 2026-27 Regular Season. Love of the Game. Physical Exam. Alt. 7(b)."
2026-07-09 09:24:57,2026-27 Two-Way Signings,ADDED,Execution Date: 7/8/26
2026-07-09 10:05:56,2026-27 Veteran Signings,REMOVED,"Update 1.2 (7/7/26): P. Achiuwa, J. Alvarado, K. Anderson, H. Barnes, B. Bogdanovic, T. Bryant, J. Collins, M. Conley, M. Diawara, A. Drummond, K. Ellis, C. Gillespie, J. Green, Q. Grimes, J. Goodwin, R. Hachimura, T. Hardaway Jr., T. Harris, I. Hartenstein, A. Hukporti, W. Kessler, S. Mamukelashvili, K. Middleton, K. Oubre, M. Robinson, K. Sanders, L. Shamet, C. White, K. Williams, M. Williams, T. Young"
2026-07-09 10:05:56,2026-27 Veteran Signings,ADDED,"Update 1.2 (7/7/26): P. Achiuwa, J. Alvarado, K. Anderson, H. Barnes, B. Bogdanovic, T. Bryant, J. Collins, M. Conley, M. Diawara, A. Drummond, K. Ellis, C. Gillespie, J. Green, Q. Grimes, J. Goodwin, R. Hachimura, T. Hardaway Jr., T. Harris, I. Hartenstein, A. Hukporti, W. Kessler, S. Mamukelashvili, K. Middleton, K. Oubre, Q. Post, M. Robinson, K. Sanders, L. Shamet, C. White, K. Williams, M. Williams, T. Young"
2026-07-09 10:11:56,2026-27 Veteran Signings,ADDED,Quinten Post Los Angeles Clippers
2026-07-09 10:11:56,2026-27 Veteran Signings,ADDED,"26-27 $9,000,000"
2026-07-09 10:11:56,2026-27 Veteran Signings,ADDED,"27-28 $8,550,000"
2026-07-09 10:11:56,2026-27 Veteran Signings,ADDED,"28-29 $8,550,000 (Team Option)"
2026-07-09 10:11:56,2026-27 Veteran Signings,ADDED,3 Years for $. Non-Taxpayer Mid-Level Exception (Partial). Team option to extend the contract to include the 2027-28 Season. Insurance Premium Reimbursement. Skill; Injury or Illness; Mental. Love of the Game. Physical Exam. Alt. 7(b).
2026-07-09 10:11:56,2026-27 Veteran Signings,ADDED,Execution Date: 7/6/26
2026-07-09 10:12:56,2026-27 Veteran Signings,REMOVED,"26-27 $9,000,000"
2026-07-09 10:12:56,2026-27 Veteran Signings,ADDED,"26-27 $9,000,000 ($10,350,000)"
2026-07-09 10:13:56,2026-27 Veteran Signings,REMOVED,"27-28 $8,550,000"
2026-07-09 10:13:56,2026-27 Veteran Signings,REMOVED,"28-29 $8,550,000 (Team Option)"
2026-07-09 10:13:56,2026-27 Veteran Signings,REMOVED,3 Years for $. Non-Taxpayer Mid-Level Exception (Partial). Team option to extend the contract to include the 2027-28 Season. Insurance Premium Reimbursement. Skill; Injury or Illness; Mental. Love of the Game. Physical Exam. Alt. 7(b).
2026-07-09 10:13:56,2026-27 Veteran Signings,ADDED,"27-28 $8,550,000 ($9,832,500)"
2026-07-09 10:13:56,2026-27 Veteran Signings,ADDED,"28-29 $8,550,000 ($9,832,500) (Team Option)"
2026-07-09 10:13:56,2026-27 Veteran Signings,ADDED,"3 Years for $26,100,000 ($30,015,000 w/unlikely to be earned bonuses). Non-Taxpayer Mid-Level Exception (Partial). Team option to extend the contract to include the 2028-29 Season. Insurance Premium Reimbursement. Skill; Injury or Illness; Mental. Love of the Game. Physical Exam. Alt. 7(b)."
2026-07-09 10:14:56,2026-27 Veteran Signings,REMOVED,"3 Years for $26,100,000 ($30,015,000 w/unlikely to be earned bonuses). Non-Taxpayer Mid-Level Exception (Partial). Team option to extend the contract to include the 2028-29 Season. Insurance Premium Reimbursement. Skill; Injury or Illness; Mental. Love of the Game. Physical Exam. Alt. 7(b)."
2026-07-09 10:14:56,2026-27 Veteran Signings,REMOVED,Execution Date: 7/6/26
2026-07-09 10:14:56,2026-27 Veteran Signings,ADDED,"3 Years for $26,100,000 ($30,015,000 w/unlikely to be earned bonuses). Non-Taxpayer Mid-Level Exception (Partial). Team option to extend the contract to include the 2028-29 Season. Insurance Premium Reimbursement. Skill; Injury or Illness; Mental. Compensation protection for 2027-28 Season is none but will increase to full if team has not r"
2026-07-09 10:14:56,2026-27 Veteran Signings,ADDED,Love of the Game. Physical Exam. Alt. 7(b).
2026-07-09 10:14:56,2026-27 Veteran Signings,ADDED,Execution Date: 7/8/26
2026-07-09 10:15:55,2026-27 Veteran Signings,REMOVED,"3 Years for $26,100,000 ($30,015,000 w/unlikely to be earned bonuses). Non-Taxpayer Mid-Level Exception (Partial). Team option to extend the contract to include the 2028-29 Season. Insurance Premium Reimbursement. Skill; Injury or Illness; Mental. Compensation protection for 2027-28 Season is none but will increase to full if team has not r"
2026-07-09 10:15:55,2026-27 Veteran Signings,ADDED,"3 Years for $26,100,000 ($30,015,000 w/unlikely to be earned bonuses). Non-Taxpayer Mid-Level Exception (Partial). Team option to extend the contract to include the 2028-29 Season. Insurance Premium Reimbursement. Skill; Injury or Illness; Mental. Compensation protection for 2027-28 Season is none but will increase to full if team has not requested waivers on player on or before the date that is two days after the 2027 NBA Draft. Compensation protection for 2028-29 Season is none but will increase to full if team has not requested waivers on player on or before the date that is two days after the 2028 NBA Draft."
2026-07-09 10:16:56,2026-27 Veteran Signings,REMOVED,"3 Years for $26,100,000 ($30,015,000 w/unlikely to be earned bonuses). Non-Taxpayer Mid-Level Exception (Partial). Team option to extend the contract to include the 2028-29 Season. Insurance Premium Reimbursement. Skill; Injury or Illness; Mental. Compensation protection for 2027-28 Season is none but will increase to full if team has not requested waivers on player on or before the date that is two days after the 2027 NBA Draft. Compensation protection for 2028-29 Season is none but will increase to full if team has not requested waivers on player on or before the date that is two days after the 2028 NBA Draft."
2026-07-09 10:16:56,2026-27 Veteran Signings,REMOVED,Love of the Game. Physical Exam. Alt. 7(b).
2026-07-09 10:16:56,2026-27 Veteran Signings,ADDED,"3 Years for $26,100,000 ($30,015,000 w/unlikely to be earned bonuses). Non-Taxpayer Mid-Level Exception (Partial). Team option to extend the contract to include the 2028-29 Season. Insurance Premium Reimbursement. Skill; Injury or Illness; Mental. Compensation protection for 2027-28 Season is none but will increase to full if team has not requested waivers on player on or before the date that is two days after the 2027 NBA Draft. Compensation protection for 2028-29 Season is none but will increase to full if team has not requested waivers on player on or before the date that is two days after the 2028 NBA Draft. Love of the Game. Physical Exam. Alt. 7(b)."
2026-07-09 10:19:56,2026-27 Veteran Signings,REMOVED,"Update 1.2 (7/7/26): P. Achiuwa, J. Alvarado, K. Anderson, H. Barnes, B. Bogdanovic, T. Bryant, J. Collins, M. Conley, M. Diawara, A. Drummond, K. Ellis, C. Gillespie, J. Green, Q. Grimes, J. Goodwin, R. Hachimura, T. Hardaway Jr., T. Harris, I. Hartenstein, A. Hukporti, W. Kessler, S. Mamukelashvili, K. Middleton, K. Oubre, Q. Post, M. Robinson, K. Sanders, L. Shamet, C. White, K. Williams, M. Williams, T. Young"
2026-07-09 10:19:56,2026-27 Veteran Signings,ADDED,"Update 1.2 (7/7/26): P. Achiuwa, J. Alvarado, K. Anderson, H. Barnes, B. Bogdanovic, T. Bryant, J. Collins, M. Conley, M. Diawara, A. Drummond, K. Ellis, C. Gillespie, J. Green, Q. Grimes, J. Goodwin, R. Hachimura, T. Hardaway Jr., T. Harris, I. Hartenstein, A. Hukporti, W. Kessler, S. Mamukelashvili, K. Middleton, P. Nance, K. Oubre, Q. Post, M. Robinson, K. Sanders, L. Shamet, C. White, K. Williams, M. Williams, T. Young"
2026-07-09 10:19:56,2026-27 Veteran Signings,ADDED,Pete Nance Toronto Raptors
2026-07-09 10:19:56,2026-27 Veteran Signings,ADDED,"26-27 $2,185,116"
2026-07-09 10:19:56,2026-27 Veteran Signings,ADDED,"27-28 $2,571,895"
2026-07-09 10:19:56,2026-27 Veteran Signings,ADDED,"2 Years for $4,757,011. Minimum Salary Exception. Advance Payment ($50,000). Skill; Injury or Illness; Death. Compensation protection for 2027-28 Season is for $500,000 but will increase to full if team has not requested waivers on player on or before 7/1/2027. Love of the Game. Alt. 7(b)."
2026-07-09 10:19:56,2026-27 Veteran Signings,ADDED,Execution Date: 7/3/26
2026-07-09 10:20:56,2026-27 Veteran Signings,REMOVED,Pete Nance Toronto Raptors
2026-07-09 10:20:56,2026-27 Veteran Signings,REMOVED,"26-27 $2,185,116"
2026-07-09 10:20:56,2026-27 Veteran Signings,REMOVED,"27-28 $2,571,895"
2026-07-09 10:20:56,2026-27 Veteran Signings,REMOVED,"2 Years for $4,757,011. Minimum Salary Exception. Advance Payment ($50,000). Skill; Injury or Illness; Death. Compensation protection for 2027-28 Season is for $500,000 but will increase to full if team has not requested waivers on player on or before 7/1/2027. Love of the Game. Alt. 7(b)."
2026-07-09 10:20:56,2026-27 Veteran Signings,ADDED,Pete Nance Milwaukee Bucks
2026-07-09 10:20:56,2026-27 Veteran Signings,ADDED,"26-27 $2,537,526"
2026-07-09 10:20:56,2026-27 Veteran Signings,ADDED,"27-28 $2,756,912 (Team Option)"
2026-07-09 10:20:56,2026-27 Veteran Signings,ADDED,"2 Years for $5,294,438. Minimum Salary Exception. Team option to extend the contract to include the 2027-28 Season. Player Trade Consent. Skill; Injury or Illness. Compensation protection for 2027-28 Season is for $500,000 but will increase to full if team has not requested waivers on player on or before 7/1/2027. Love of the Game. Alt. 7(b)."
2026-07-09 10:21:55,2026-27 Veteran Signings,REMOVED,"2 Years for $5,294,438. Minimum Salary Exception. Team option to extend the contract to include the 2027-28 Season. Player Trade Consent. Skill; Injury or Illness. Compensation protection for 2027-28 Season is for $500,000 but will increase to full if team has not requested waivers on player on or before 7/1/2027. Love of the Game. Alt. 7(b)."
2026-07-09 10:21:55,2026-27 Veteran Signings,ADDED,"2 Years for $5,294,438. Minimum Salary Exception. Team option to extend the contract to include the 2027-28 Season. Player Trade Consent. Skill; Injury or Illness. Compensation protection for 2026-27 Season is none but will increase to full if team has not requested waivers on player on or before 1 day prior to the first day of the 2026-27 Season. Compensation protection for 2027-28 Season is none but will increase to full if team has not requested waivers on player on or before 1 day prior to the first day of the 2027-27 Season."
2026-07-09 10:21:55,2026-27 Veteran Signings,ADDED,Love of the Game. Alt. 7(b).
2026-07-09 10:22:56,2026-27 Veteran Signings,REMOVED,"2 Years for $5,294,438. Minimum Salary Exception. Team option to extend the contract to include the 2027-28 Season. Player Trade Consent. Skill; Injury or Illness. Compensation protection for 2026-27 Season is none but will increase to full if team has not requested waivers on player on or before 1 day prior to the first day of the 2026-27 Season. Compensation protection for 2027-28 Season is none but will increase to full if team has not requested waivers on player on or before 1 day prior to the first day of the 2027-27 Season."
2026-07-09 10:22:56,2026-27 Veteran Signings,REMOVED,Love of the Game. Alt. 7(b).
2026-07-09 10:22:56,2026-27 Veteran Signings,REMOVED,Execution Date: 7/3/26
2026-07-09 10:22:56,2026-27 Veteran Signings,ADDED,"2 Years for $5,294,438. Minimum Salary Exception. Team option to extend the contract to include the 2027-28 Season. Player Trade Consent. Skill; Injury or Illness. Compensation protection for 2026-27 Season is none but will increase to full if team has not requested waivers on player on or before 1 day prior to the first day of the 2026-27 Season. Compensation protection for 2027-28 Season is none but will increase to full if team has not requested waivers on player on or before 1 day prior to the first day of the 2027-28 Season. Love of the Game. Physical Exam. Alt. 7(b)."
2026-07-09 10:22:56,2026-27 Veteran Signings,ADDED,Execution Date: 7/8/26
2026-07-10 08:17:08,2026-27 Veteran Signings,REMOVED,"3 Years for $26,100,000 ($30,015,000 w/unlikely to be earned bonuses). Non-Taxpayer Mid-Level Exception (Partial). Team option to extend the contract to include the 2028-29 Season. Insurance Premium Reimbursement. Skill; Injury or Illness; Mental. Compensation protection for 2027-28 Season is none but will increase to full if team has not requested waivers on player on or before the date that is two days after the 2027 NBA Draft. Compensation protection for 2028-29 Season is none but will increase to full if team has not requested waivers on player on or before the date that is two days after the 2028 NBA Draft. Love of the Game. Physical Exam. Alt. 7(b)."
2026-07-10 08:17:08,2026-27 Veteran Signings,ADDED,"3 Years for $26,100,000 ($30,015,000 w/unlikely to be earned bonuses). Non-Taxpayer Mid-Level Exception (Partial). Offer Sheet (Not Matched). Team option to extend the contract to include the 2028-29 Season. Insurance Premium Reimbursement. Skill; Injury or Illness; Mental. Compensation protection for 2027-28 Season is none but will increase to full if team has not requested waivers on player on or before the date that is two days after the 2027 NBA Draft. Compensation protection for 2028-29 Season is none but will increase to full if team has not requested waivers on player on or before the date that is two days after the 2028 NBA Draft. Love of the Game. Physical Exam. Alt. 7(b)."
2026-07-13 08:26:57,2026-27 Rookie Signings,REMOVED,"Update 1.2 (7/7/26): N. Ament, B. Thornton"
2026-07-13 08:26:57,2026-27 Rookie Signings,ADDED,"Update 1.2 (7/7/26): N. Ament, J. Jefferson, B. Thornton"
2026-07-13 08:27:55,2026-27 Rookie Signings,ADDED,#28 Joshua Jefferson Sacramento Kings
2026-07-13 08:27:55,2026-27 Rookie Signings,ADDED,"26-27 $2,869,520 ($)"
2026-07-13 08:27:55,2026-27 Rookie Signings,ADDED,"27-28 $3,018,560 ($)"
2026-07-13 08:27:55,2026-27 Rookie Signings,ADDED,"28-29 $3,266,880 (Team Option)"
2026-07-13 08:27:55,2026-27 Rookie Signings,ADDED,"29-30 $5,896,718 (Team Option)"
2026-07-13 08:27:55,2026-27 Rookie Signings,ADDED,120% (with likely to be earned bonuses - Summer League and Summer Conditioning). Rookie Scale Exception. Skill; Injury or Illness; Mental; Death. Love of the Game. Physical Exam. Alt. 7(b).
2026-07-13 08:27:55,2026-27 Rookie Signings,ADDED,Execution Date: 7/1/26
2026-07-13 08:28:56,2026-27 Rookie Signings,REMOVED,"26-27 $2,869,520 ($)"
2026-07-13 08:28:56,2026-27 Rookie Signings,REMOVED,"27-28 $3,018,560 ($)"
2026-07-13 08:28:56,2026-27 Rookie Signings,ADDED,"26-27 $2,869,520 ($2,969,520)"
2026-07-13 08:28:56,2026-27 Rookie Signings,ADDED,"27-28 $3,018,560 ($3,118,560)"
2026-07-13 08:28:56,2026-27 Rookie Signings,REMOVED,120% (with likely to be earned bonuses - Summer League and Summer Conditioning). Rookie Scale Exception. Skill; Injury or Illness; Mental; Death. Love of the Game. Physical Exam. Alt. 7(b).
2026-07-13 08:28:56,2026-27 Rookie Signings,ADDED,"120% (with likely to be earned bonuses - Summer League and Summer Conditioning). Rookie Scale Exception. Advance Payment ($200,000). Insurance"
2026-07-13 08:28:56,2026-27 Rookie Signings,ADDED,Skill; Injury or Illness; Mental; Death. Love of the Game. Physical Exam. Alt. 7(b).
2026-07-13 08:29:55,2026-27 Rookie Signings,REMOVED,#28 Joshua Jefferson Sacramento Kings
2026-07-13 08:29:55,2026-27 Rookie Signings,ADDED,#28 Joshua Jefferson Brooklyn Nets
2026-07-13 08:29:55,2026-27 Rookie Signings,REMOVED,"120% (with likely to be earned bonuses - Summer League and Summer Conditioning). Rookie Scale Exception. Advance Payment ($200,000). Insurance"
2026-07-13 08:29:55,2026-27 Rookie Signings,REMOVED,Skill; Injury or Illness; Mental; Death. Love of the Game. Physical Exam. Alt. 7(b).
2026-07-13 08:29:55,2026-27 Rookie Signings,REMOVED,Execution Date: 7/1/26
2026-07-13 08:29:55,2026-27 Rookie Signings,ADDED,"120% (with likely to be earned bonuses - Summer League and Summer Conditioning). Rookie Scale Exception. Advance Payment ($200,000). Insurance Premium Reimbursement. Skill; Injury or Illness; Mental. Love of the Game. Physical Exam. Alt. 7(b)."
2026-07-13 08:29:55,2026-27 Rookie Signings,ADDED,Execution Date: 7/10/26
2026-07-13 08:35:56,2026-27 Veteran Signings,REMOVED,"Update 1.2 (7/7/26): P. Achiuwa, J. Alvarado, K. Anderson, H. Barnes, B. Bogdanovic, T. Bryant, J. Collins, M. Conley, M. Diawara, A. Drummond, K. Ellis, C. Gillespie, J. Green, Q. Grimes, J. Goodwin, R. Hachimura, T. Hardaway Jr., T. Harris, I. Hartenstein, A. Hukporti, W. Kessler, S. Mamukelashvili, K. Middleton, P. Nance, K. Oubre, Q. Post, M. Robinson, K. Sanders, L. Shamet, C. White, K. Williams, M. Williams, T. Young"
2026-07-13 08:35:56,2026-27 Veteran Signings,ADDED,"Update 1.2 (7/7/26): P. Achiuwa, J. Alvarado, K. Anderson, H. Barnes, B. Bogdanovic, T. Bryant, J. Collins, M. Conley, M. Diawara, A. Drummond, K. Ellis, C. Gillespie, J. Green, Q. Grimes, J. Goodwin, R. Hachimura, T. Hardaway Jr., T. Harris, I. Hartenstein, A. Hukporti, W. Kessler, J. Landale, S. Mamukelashvili, K. Middleton, P. Nance, K. Oubre, Q. Post, M. Robinson, K. Sanders, L. Shamet, C. White, K. Williams, M. Williams, T. Young"
2026-07-13 08:35:56,2026-27 Veteran Signings,ADDED,Jock Landale Los Angeles Clippers
2026-07-13 08:35:56,2026-27 Veteran Signings,ADDED,"26-27 $14,100,000"
2026-07-13 08:35:56,2026-27 Veteran Signings,ADDED,Non-Taxpayer Mid-Level Exception (Partial). Team option to extend the contract to include the 2027-28 Season. Insurance Premium Reimbursement. Skill; Injury or Illness; Mental. Love of the Game. Physical Exam. Alt. 7(b).
2026-07-13 08:35:56,2026-27 Veteran Signings,ADDED,Execution Date: 7/6/26
2026-07-13 08:36:56,2026-27 Veteran Signings,REMOVED,Jock Landale Los Angeles Clippers
2026-07-13 08:36:56,2026-27 Veteran Signings,ADDED,Jock Landale Atlanta Hawks
2026-07-13 08:36:56,2026-27 Veteran Signings,REMOVED,Non-Taxpayer Mid-Level Exception (Partial). Team option to extend the contract to include the 2027-28 Season. Insurance Premium Reimbursement. Skill; Injury or Illness; Mental. Love of the Game. Physical Exam. Alt. 7(b).
2026-07-13 08:36:56,2026-27 Veteran Signings,REMOVED,Execution Date: 7/6/26
2026-07-13 08:36:56,2026-27 Veteran Signings,ADDED,Non-Taxpayer Mid-Level Exception (Partial). Player Trade Consent. Skill; Injury or Illness. Love of the Game. Physical Exam. Alt. 7(b).
2026-07-13 08:36:56,2026-27 Veteran Signings,ADDED,Execution Date: 7/10/26
2026-07-13 08:38:56,2026-27 Veteran Signings,REMOVED,"Update 1.2 (7/7/26): P. Achiuwa, J. Alvarado, K. Anderson, H. Barnes, B. Bogdanovic, T. Bryant, J. Collins, M. Conley, M. Diawara, A. Drummond, K. Ellis, C. Gillespie, J. Green, Q. Grimes, J. Goodwin, R. Hachimura, T. Hardaway Jr., T. Harris, I. Hartenstein, A. Hukporti, W. Kessler, J. Landale, S. Mamukelashvili, K. Middleton, P. Nance, K. Oubre, Q. Post, M. Robinson, K. Sanders, L. Shamet, C. White, K. Williams, M. Williams, T. Young"
2026-07-13 08:38:56,2026-27 Veteran Signings,ADDED,"Update 1.2 (7/7/26): P. Achiuwa, J. Alvarado, K. Anderson, H. Barnes, B. Bogdanovic, T. Bryant, J. Collins, M. Conley, M. Diawara, A. Drummond, K. Ellis, C. Gillespie, J. Green, Q. Grimes, J. Goodwin, R. Hachimura, T. Hardaway Jr., T. Harris, I. Hartenstein, A. Hukporti, W. Kessler, J. Landale, S. Mamukelashvili, K. Middleton, P. Nance, N. Powell, K. Oubre, Q. Post, M. Robinson, K. Sanders, L. Shamet, C. White, K. Williams, M. Williams, T. Young"
2026-07-13 08:38:56,2026-27 Veteran Signings,ADDED,Norman Powell Chicago Bulls
2026-07-13 08:38:56,2026-27 Veteran Signings,ADDED,"26-27 $21,500,000"
2026-07-13 08:38:56,2026-27 Veteran Signings,ADDED,"27-28 $22,575,000 (Team Option)"
2026-07-13 08:38:56,2026-27 Veteran Signings,ADDED,2 Years for $44. Room. Player option to extend the contract to include the 2029-30 Season. Insurance Premium Reimbursement. Skill; Injury or Illness; Mental; Death. Love of the Game. Physical Exam. Alt. 7(b).
2026-07-13 08:38:56,2026-27 Veteran Signings,ADDED,Execution Date: 7/6/26
2026-07-13 08:39:56,2026-27 Veteran Signings,REMOVED,2 Years for $44. Room. Player option to extend the contract to include the 2029-30 Season. Insurance Premium Reimbursement. Skill; Injury or Illness; Mental; Death. Love of the Game. Physical Exam. Alt. 7(b).
2026-07-13 08:39:56,2026-27 Veteran Signings,REMOVED,Execution Date: 7/6/26
2026-07-13 08:39:56,2026-27 Veteran Signings,ADDED,"2 Years for $44,075,000. Room. Advance Payment ($24,024). Team option to extend the contract to include the 2027-28 Season. Skill; Injury or Illness; Death. Love of the Game. Physical Exam. Alt. 7(b)."
2026-07-13 08:39:56,2026-27 Veteran Signings,ADDED,Execution Date: 7/10/26
2026-07-13 08:42:56,2026-27 Veteran Signings,REMOVED,"Update 1.2 (7/7/26): P. Achiuwa, J. Alvarado, K. Anderson, H. Barnes, B. Bogdanovic, T. Bryant, J. Collins, M. Conley, M. Diawara, A. Drummond, K. Ellis, C. Gillespie, J. Green, Q. Grimes, J. Goodwin, R. Hachimura, T. Hardaway Jr., T. Harris, I. Hartenstein, A. Hukporti, W. Kessler, J. Landale, S. Mamukelashvili, K. Middleton, P. Nance, N. Powell, K. Oubre, Q. Post, M. Robinson, K. Sanders, L. Shamet, C. White, K. Williams, M. Williams, T. Young"
2026-07-13 08:42:56,2026-27 Veteran Signings,ADDED,"Update 1.2 (7/7/26): P. Achiuwa, J. Alvarado, K. Anderson, H. Barnes, B. Bogdanovic, T. Bryant, J. Collins, M. Conley, M. Diawara, A. Drummond, K. Ellis, C. Gillespie, J. Green, Q. Grimes, J. Goodwin, R. Hachimura, T. Hardaway Jr., T. Harris, I. Hartenstein, A. Hukporti, W. Kessler, J. Landale, K. Looney, S. Mamukelashvili, K. Middleton, P. Nance, N. Powell, K. Oubre, Q. Post, M. Robinson, K. Sanders, L. Shamet, C. White, K. Williams, M. Williams, T. Young"
2026-07-13 08:42:56,2026-27 Veteran Signings,ADDED,Kevon Looney Los Angeles Lakers
2026-07-13 08:42:56,2026-27 Veteran Signings,ADDED,"26-27 $3,876,529"
2026-07-13 08:42:56,2026-27 Veteran Signings,ADDED,Minimum Salary Exception. Skill; Injury or Illness; Mental; Death. Love of the Game. Physical Exam. Alt. 7(b).
2026-07-13 08:42:56,2026-27 Veteran Signings,ADDED,Execution Date: 7/12/26
2026-07-13 08:44:55,2026-27 Veteran Signings,REMOVED,"Update 1.2 (7/7/26): P. Achiuwa, J. Alvarado, K. Anderson, H. Barnes, B. Bogdanovic, T. Bryant, J. Collins, M. Conley, M. Diawara, A. Drummond, K. Ellis, C. Gillespie, J. Green, Q. Grimes, J. Goodwin, R. Hachimura, T. Hardaway Jr., T. Harris, I. Hartenstein, A. Hukporti, W. Kessler, J. Landale, K. Looney, S. Mamukelashvili, K. Middleton, P. Nance, N. Powell, K. Oubre, Q. Post, M. Robinson, K. Sanders, L. Shamet, C. White, K. Williams, M. Williams, T. Young"
2026-07-13 08:44:55,2026-27 Veteran Signings,ADDED,"Update 1.2 (7/7/26): P. Achiuwa, J. Alvarado, K. Anderson, H. Barnes, B. Bogdanovic, T. Bryant, J. Collins, M. Conley, M. Diawara, A. Drummond, K. Ellis, C. Gillespie, J. Green, Q. Grimes, J. Goodwin, R. Hachimura, T. Hardaway Jr., T. Harris, I. Hartenstein, A. Hukporti, W. Kessler, J. Landale, K. Looney, S. Mamukelashvili, K. Middleton, P. Nance, J. Nurkic, N. Powell, K. Oubre, Q. Post, M. Robinson, K. Sanders, L. Shamet, C. White, K. Williams, M. Williams, T. Young"
2026-07-13 08:44:55,2026-27 Veteran Signings,ADDED,Jusuf Nurkic Utah Jazz
2026-07-13 08:44:55,2026-27 Veteran Signings,ADDED,"26-27 $11,458,333"
2026-07-13 08:44:55,2026-27 Veteran Signings,ADDED,"27-28 $10,541,667"
2026-07-13 08:44:55,2026-27 Veteran Signings,ADDED,"2 Years for $22,000,000. Bird Exception. Skill; Injury or Illness; Mental; Death. Love of the Game. Physical Exam. Alt. 7(b)."
2026-07-13 08:44:55,2026-27 Veteran Signings,ADDED,Execution Date: 7/6/26
2026-07-13 08:45:55,2026-27 Veteran Signings,REMOVED,Execution Date: 7/6/26
2026-07-13 08:45:55,2026-27 Veteran Signings,ADDED,Execution Date: 7/9/26
2026-07-13 09:06:56,2026-27 Veteran Signings,REMOVED,"Update 1.2 (7/7/26): P. Achiuwa, J. Alvarado, K. Anderson, H. Barnes, B. Bogdanovic, T. Bryant, J. Collins, M. Conley, M. Diawara, A. Drummond, K. Ellis, C. Gillespie, J. Green, Q. Grimes, J. Goodwin, R. Hachimura, T. Hardaway Jr., T. Harris, I. Hartenstein, A. Hukporti, W. Kessler, J. Landale, K. Looney, S. Mamukelashvili, K. Middleton, P. Nance, J. Nurkic, N. Powell, K. Oubre, Q. Post, M. Robinson, K. Sanders, L. Shamet, C. White, K. Williams, M. Williams, T. Young"
2026-07-13 09:06:56,2026-27 Veteran Signings,ADDED,"Update 1.2 (7/7/26): P. Achiuwa, J. Alvarado, K. Anderson, H. Barnes, B. Bogdanovic, T. Bryant, J. Clarkson, J. Collins, M. Conley, M. Diawara, A. Drummond, K. Ellis, C. Gillespie, J. Green, Q. Grimes, J. Goodwin, R. Hachimura, T. Hardaway Jr., T. Harris, I. Hartenstein, A. Hukporti, W. Kessler, J. Landale, K. Looney, S. Mamukelashvili, K. Middleton, P. Nance, J. Nurkic, N. Powell, K. Oubre, Q. Post, M. Robinson, K. Sanders, L. Shamet, C. White, K. Williams, M. Williams, T. Young"
2026-07-13 09:06:56,2026-27 Veteran Signings,ADDED,Jordan Clarkson New York Knicks
2026-07-13 09:06:56,2026-27 Veteran Signings,ADDED,"26-27 $3,876,529"
2026-07-13 09:06:56,2026-27 Veteran Signings,ADDED,"Minimum Salary Exception. Advance Payment ($100,000). Player Trade Consent. Skill; Injury or Illness; Death. Love of the Game. Physical Exam. Alt. 7(b)."
2026-07-13 09:06:56,2026-27 Veteran Signings,ADDED,Execution Date: 7/6/26
2026-07-13 09:07:55,2026-27 Veteran Signings,REMOVED,Execution Date: 7/6/26
2026-07-13 09:07:55,2026-27 Veteran Signings,ADDED,Execution Date: 7/10/26
2026-07-13 09:14:56,2026-27 Veteran Signings,REMOVED,"Update 1.2 (7/7/26): P. Achiuwa, J. Alvarado, K. Anderson, H. Barnes, B. Bogdanovic, T. Bryant, J. Clarkson, J. Collins, M. Conley, M. Diawara, A. Drummond, K. Ellis, C. Gillespie, J. Green, Q. Grimes, J. Goodwin, R. Hachimura, T. Hardaway Jr., T. Harris, I. Hartenstein, A. Hukporti, W. Kessler, J. Landale, K. Looney, S. Mamukelashvili, K. Middleton, P. Nance, J. Nurkic, N. Powell, K. Oubre, Q. Post, M. Robinson, K. Sanders, L. Shamet, C. White, K. Williams, M. Williams, T. Young"
2026-07-13 09:14:56,2026-27 Veteran Signings,ADDED,"Update 1.2 (7/7/26): P. Achiuwa, J. Alvarado, K. Anderson, H. Barnes, B. Bogdanovic, T. Bryant, J. Clarkson, J. Collins, M. Conley, M. Diawara, A. Drummond, T. Eason, K. Ellis, C. Gillespie, J. Green, Q. Grimes, J. Goodwin, R. Hachimura, T. Hardaway Jr., T. Harris, I. Hartenstein, A. Hukporti, W. Kessler, J. Landale, K. Looney, S. Mamukelashvili, K. Middleton, P. Nance, J. Nurkic, N. Powell, K. Oubre, Q. Post, M. Robinson, K. Sanders, L. Shamet, C. White, K. Williams, M. Williams, T. Young"
2026-07-13 09:16:06,2026-27 Veteran Signings,ADDED,Execution Date: 7/6/26
2026-07-13 09:16:06,2026-27 Veteran Signings,ADDED,Tari Eason Houston Rockets
2026-07-13 09:16:06,2026-27 Veteran Signings,ADDED,"26-27 $14,053,356"
2026-07-13 09:16:06,2026-27 Veteran Signings,ADDED,"27-28 $15,117,624"
2026-07-13 09:16:06,2026-27 Veteran Signings,ADDED,"28-29 $16,301,892"
2026-07-13 09:16:06,2026-27 Veteran Signings,ADDED,"29-30 $17,426,160"
2026-07-13 09:16:06,2026-27 Veteran Signings,ADDED,30-31 $1
2026-07-13 09:16:06,2026-27 Veteran Signings,ADDED,(Player Option)
2026-07-13 09:16:06,2026-27 Veteran Signings,ADDED,"4 Years for $60,000,000. Room. Advance Payment ($8,000,000). Player option to extend the contract to include the 2029-30 Season. Insurance Premium Reimbursement. Skill; Injury or Illness; Mental; Death. Love of the Game. Physical Exam. Alt. 7(b)."
2026-07-13 09:16:56,2026-27 Veteran Signings,REMOVED,30-31 $1
2026-07-13 09:16:56,2026-27 Veteran Signings,REMOVED,(Player Option)
2026-07-13 09:16:56,2026-27 Veteran Signings,REMOVED,"4 Years for $60,000,000. Room. Advance Payment ($8,000,000). Player option to extend the contract to include the 2029-30 Season. Insurance Premium Reimbursement. Skill; Injury or Illness; Mental; Death. Love of the Game. Physical Exam. Alt. 7(b)."
2026-07-13 09:16:56,2026-27 Veteran Signings,REMOVED,Execution Date: 7/6/26
2026-07-13 09:16:56,2026-27 Veteran Signings,ADDED,"30-31 $18,550,428 (Player Option)"
2026-07-13 09:16:56,2026-27 Veteran Signings,ADDED,"5 Years for $81,509,460. Room. Player option to extend the contract to include the 2030-31 Season. Skill; Injury or Illness; Mental; Death. Trade Kicker (10%). Love of the Game. Physical Exam. Alt. 7(b)."
2026-07-13 09:16:56,2026-27 Veteran Signings,ADDED,Execution Date: 7/9/26
2026-07-13 09:20:56,2026-27 Veteran Signings,REMOVED,"Update 1.2 (7/7/26): P. Achiuwa, J. Alvarado, K. Anderson, H. Barnes, B. Bogdanovic, T. Bryant, J. Clarkson, J. Collins, M. Conley, M. Diawara, A. Drummond, T. Eason, K. Ellis, C. Gillespie, J. Green, Q. Grimes, J. Goodwin, R. Hachimura, T. Hardaway Jr., T. Harris, I. Hartenstein, A. Hukporti, W. Kessler, J. Landale, K. Looney, S. Mamukelashvili, K. Middleton, P. Nance, J. Nurkic, N. Powell, K. Oubre, Q. Post, M. Robinson, K. Sanders, L. Shamet, C. White, K. Williams, M. Williams, T. Young"
2026-07-13 09:20:56,2026-27 Veteran Signings,ADDED,"Update 1.2 (7/7/26): P. Achiuwa, J. Alvarado, K. Anderson, H. Barnes, B. Bogdanovic, T. Bryant, J. Clarkson, J. Collins, M. Conley, M. Diawara, A. Drummond, T. Eason, K. Ellis, C. Gillespie, J. Green, Q. Grimes, J. Goodwin, R. Hachimura, T. Hardaway Jr., T. Harris, I. Hartenstein, J. Hayes, A. Hukporti, W. Kessler, J. Landale, K. Looney, S. Mamukelashvili, K. Middleton, P. Nance, J. Nurkic, N. Powell, J. Okogie, K. Oubre, Q. Post, M. Robinson, K. Sanders, L. Shamet, C. White, K. Williams, M. Williams, T. Young"
2026-07-13 09:22:56,2026-27 Veteran Signings,ADDED,Jaxson Hayes Utah Jazz
2026-07-13 09:22:56,2026-27 Veteran Signings,ADDED,"26-27 $6,000,000"
2026-07-13 09:22:56,2026-27 Veteran Signings,ADDED,"27-28 $6,000,000 (Team Option)"
2026-07-13 09:22:56,2026-27 Veteran Signings,ADDED,"2 Years for $12,000,000. Non-Taxpayer Mid-Level Exception (Partial). Team option to extend the contract to include the 2027-28 Season. Skill; Injury or Illness; Mental; Death. Love of the Game. Physical Exam. Alt. 7(b)."
2026-07-13 09:22:56,2026-27 Veteran Signings,ADDED,Execution Date: 7/9/26
2026-07-13 09:23:56,2026-27 Veteran Signings,ADDED,Josh Okogie Utah Jazz
2026-07-13 09:23:56,2026-27 Veteran Signings,ADDED,"26-27 $6,000,000"
2026-07-13 09:23:56,2026-27 Veteran Signings,ADDED,"27-28 $6,000,000 (Team Option)"
2026-07-13 09:23:56,2026-27 Veteran Signings,ADDED,"2 Years for $12,000,000. Non-Taxpayer Mid-Level Exception (Partial). Team option to extend the contract to include the 2027-28 Season. Skill; Injury or Illness; Mental; Death. Love of the Game. Physical Exam. Alt. 7(b)."
2026-07-13 09:23:56,2026-27 Veteran Signings,ADDED,Execution Date: 7/9/26
2026-07-13 09:52:56,2026-27 Veteran Signings,REMOVED,"Update 1.2 (7/7/26): P. Achiuwa, J. Alvarado, K. Anderson, H. Barnes, B. Bogdanovic, T. Bryant, J. Clarkson, J. Collins, M. Conley, M. Diawara, A. Drummond, T. Eason, K. Ellis, C. Gillespie, J. Green, Q. Grimes, J. Goodwin, R. Hachimura, T. Hardaway Jr., T. Harris, I. Hartenstein, J. Hayes, A. Hukporti, W. Kessler, J. Landale, K. Looney, S. Mamukelashvili, K. Middleton, P. Nance, J. Nurkic, N. Powell, J. Okogie, K. Oubre, Q. Post, M. Robinson, K. Sanders, L. Shamet, C. White, K. Williams, M. Williams, T. Young"
2026-07-13 09:52:56,2026-27 Veteran Signings,ADDED,"Update 1.2 (7/7/26): P. Achiuwa, J. Alvarado, K. Anderson, H. Barnes, B. Bogdanovic, T. Bryant, J. Clarkson, J. Collins, M. Conley, M. Diawara, A. Drummond, T. Eason, K. Ellis, C. Gillespie, J. Green, Q. Grimes, J. Goodwin, R. Hachimura, T. Hardaway Jr., T. Harris, I. Hartenstein, J. Hayes, A. Hukporti, W. Kessler, J. Landale, K. Looney, T. Lyles, S. Mamukelashvili, K. Middleton, P. Nance, J. Nurkic, N. Powell, J. Okogie, K. Oubre, Q. Post, M. Robinson, K. Sanders, L. Shamet, C. White, K. Williams, M. Williams, T. Young"
2026-07-13 09:53:56,2026-27 Veteran Signings,ADDED,Trey Lyles Minnesota Timberwolves
2026-07-13 09:53:56,2026-27 Veteran Signings,ADDED,"26-27 $3,876,529"
2026-07-13 09:53:56,2026-27 Veteran Signings,ADDED,"Minimum Salary Exception. Skill; Injury or Illness. Compensation protection for 2026-27 Season is for $1,500,000. Physical Exam."
2026-07-13 09:53:56,2026-27 Veteran Signings,ADDED,Execution Date: 7/10/26
2026-07-13 09:57:56,2026-27 Veteran Signings,REMOVED,"Update 1.2 (7/7/26): P. Achiuwa, J. Alvarado, K. Anderson, H. Barnes, B. Bogdanovic, T. Bryant, J. Clarkson, J. Collins, M. Conley, M. Diawara, A. Drummond, T. Eason, K. Ellis, C. Gillespie, J. Green, Q. Grimes, J. Goodwin, R. Hachimura, T. Hardaway Jr., T. Harris, I. Hartenstein, J. Hayes, A. Hukporti, W. Kessler, J. Landale, K. Looney, T. Lyles, S. Mamukelashvili, K. Middleton, P. Nance, J. Nurkic, N. Powell, J. Okogie, K. Oubre, Q. Post, M. Robinson, K. Sanders, L. Shamet, C. White, K. Williams, M. Williams, T. Young"
2026-07-13 09:57:56,2026-27 Veteran Signings,ADDED,"Update 1.2 (7/7/26): P. Achiuwa, J. Alvarado, K. Anderson, H. Barnes, B. Bogdanovic, T. Bryant, J. Clark, J. Clarkson, J. Collins, M. Conley, M. Diawara, A. Drummond, T. Eason, K. Ellis, C. Gillespie, J. Green, Q. Grimes, J. Goodwin, R. Hachimura, T. Hardaway Jr., T. Harris, I. Hartenstein, J. Hayes, A. Hukporti, W. Kessler, J. Landale, K. Looney, T. Lyles, S. Mamukelashvili, K. Middleton, P. Nance, J. Nurkic, N. Powell, J. Okogie, K. Oubre, Q. Post, M. Robinson, K. Sanders, L. Shamet, C. White, K. Williams, M. Williams, T. Young"
2026-07-13 09:57:56,2026-27 Veteran Signings,ADDED,Jaylen Clark Minnesota Timberwolves
2026-07-13 09:57:56,2026-27 Veteran Signings,ADDED,"26-27 $3,086,420"
2026-07-13 09:57:56,2026-27 Veteran Signings,ADDED,"27-28 $3,333,334"
2026-07-13 09:57:56,2026-27 Veteran Signings,ADDED,"28-29 $3,580,246"
2026-07-13 09:57:56,2026-27 Veteran Signings,ADDED,"3 Years for $10,000,000. Bird Exception. Insurance Premium Reimbursement. Skill; Injury or Illness; Mental. Love of the Game. Physical Exam. Alt. 7(b)."
2026-07-13 09:57:56,2026-27 Veteran Signings,ADDED,Execution Date: 7/10/26
2026-07-13 09:58:57,2026-27 Veteran Signings,REMOVED,"Update 1.2 (7/7/26): P. Achiuwa, J. Alvarado, K. Anderson, H. Barnes, B. Bogdanovic, T. Bryant, J. Clark, J. Clarkson, J. Collins, M. Conley, M. Diawara, A. Drummond, T. Eason, K. Ellis, C. Gillespie, J. Green, Q. Grimes, J. Goodwin, R. Hachimura, T. Hardaway Jr., T. Harris, I. Hartenstein, J. Hayes, A. Hukporti, W. Kessler, J. Landale, K. Looney, T. Lyles, S. Mamukelashvili, K. Middleton, P. Nance, J. Nurkic, N. Powell, J. Okogie, K. Oubre, Q. Post, M. Robinson, K. Sanders, L. Shamet, C. White, K. Williams, M. Williams, T. Young"
2026-07-13 09:58:57,2026-27 Veteran Signings,ADDED,"Update 1.2 (7/7/26): P. Achiuwa, J. Alvarado, K. Anderson, H. Barnes, B. Bogdanovic, T. Bryant, J. Clark, J. Clarkson, J. Collins, M. Conley, M. Diawara, A. Dosunmu, A. Drummond, T. Eason, K. Ellis, C. Gillespie, J. Green, Q. Grimes, J. Goodwin, R. Hachimura, T. Hardaway Jr., T. Harris, I. Hartenstein, J. Hayes, A. Hukporti, W. Kessler, J. Landale, K. Looney, T. Lyles, S. Mamukelashvili, K. Middleton, P. Nance, J. Nurkic, N. Powell, J. Okogie, K. Oubre, Q. Post, M. Robinson, K. Sanders, L. Shamet, C. White, K. Williams, M. Williams, T. Young"
2026-07-13 09:58:57,2026-27 Veteran Signings,ADDED,Execution Date: 7/6/26
2026-07-13 09:58:57,2026-27 Veteran Signings,ADDED,Ayo Dosunmu Minnesota Timberwolves
2026-07-13 09:58:57,2026-27 Veteran Signings,ADDED,"26-27 $19,310,345"
2026-07-13 09:58:57,2026-27 Veteran Signings,ADDED,"27-28 $4,794,828"
2026-07-13 09:58:57,2026-27 Veteran Signings,ADDED,"28-29 $5,150,000"
2026-07-13 09:58:57,2026-27 Veteran Signings,ADDED,"3 Years for $14,384,484. Bird Exception. Advance Payment ($4,829,654). Insurance Premium Reimbursement. Skill; Injury or Illness; Death. Compensation protection for 2028-29 Season is for $2,765,516 but will increase to full if team has not requested waivers on player on or before 6/30/2028. Love of the Game. Physical Exam. Alt. 7(b)."
2026-07-13 09:59:56,2026-27 Veteran Signings,REMOVED,"27-28 $4,794,828"
2026-07-13 09:59:56,2026-27 Veteran Signings,REMOVED,"28-29 $5,150,000"
2026-07-13 09:59:56,2026-27 Veteran Signings,ADDED,"27-28 $20,855,173"
2026-07-13 09:59:56,2026-27 Veteran Signings,ADDED,"28-29 $22,400,001"
2026-07-13 09:59:56,2026-27 Veteran Signings,ADDED,"29-30 $23,944,829"
2026-07-13 09:59:56,2026-27 Veteran Signings,ADDED,"30-31 $25,489,652 (Player Option)"
2026-07-13 10:00:56,2026-27 Veteran Signings,REMOVED,"3 Years for $14,384,484. Bird Exception. Advance Payment ($4,829,654). Insurance Premium Reimbursement. Skill; Injury or Illness; Death. Compensation protection for 2028-29 Season is for $2,765,516 but will increase to full if team has not requested waivers on player on or before 6/30/2028. Love of the Game. Physical Exam. Alt. 7(b)."
2026-07-13 10:00:56,2026-27 Veteran Signings,ADDED,"3 Years for $14,384,484. Bird Exception. Advance Payment ($1,500,000). Player option to extend the contract to include the 2030-31 Season. Insurance Premium Reimbursement. Skill; Injury or Illness; Death. Compensation protection for 2028-29 Season is for $2,765,516 but will increase to full if team has not requested waivers on player on or before 6/30/2028. Love of the Game. Physical Exam. Alt. 7(b)."
2026-07-13 10:01:56,2026-27 Veteran Signings,REMOVED,"3 Years for $14,384,484. Bird Exception. Advance Payment ($1,500,000). Player option to extend the contract to include the 2030-31 Season. Insurance Premium Reimbursement. Skill; Injury or Illness; Death. Compensation protection for 2028-29 Season is for $2,765,516 but will increase to full if team has not requested waivers on player on or before 6/30/2028. Love of the Game. Physical Exam. Alt. 7(b)."
2026-07-13 10:01:56,2026-27 Veteran Signings,REMOVED,Execution Date: 7/6/26
2026-07-13 10:01:56,2026-27 Veteran Signings,ADDED,"3 Years for $14,384,484. Bird Exception. Advance Payment ($1,500,000). Player option to extend the contract to include the 2030-31 Season. Insurance Premium Reimbursement. Skill; Injury or Illness; Mental. Love of the Game. Physical Exam. Alt. 7(b)."
2026-07-13 10:01:56,2026-27 Veteran Signings,ADDED,Execution Date: 7/10/26
2026-07-13 10:02:56,2026-27 Veteran Signings,REMOVED,"Update 1.2 (7/7/26): P. Achiuwa, J. Alvarado, K. Anderson, H. Barnes, B. Bogdanovic, T. Bryant, J. Clark, J. Clarkson, J. Collins, M. Conley, M. Diawara, A. Dosunmu, A. Drummond, T. Eason, K. Ellis, C. Gillespie, J. Green, Q. Grimes, J. Goodwin, R. Hachimura, T. Hardaway Jr., T. Harris, I. Hartenstein, J. Hayes, A. Hukporti, W. Kessler, J. Landale, K. Looney, T. Lyles, S. Mamukelashvili, K. Middleton, P. Nance, J. Nurkic, N. Powell, J. Okogie, K. Oubre, Q. Post, M. Robinson, K. Sanders, L. Shamet, C. White, K. Williams, M. Williams, T. Young"
2026-07-13 10:02:56,2026-27 Veteran Signings,ADDED,"Update 1.2 (7/7/26): P. Achiuwa, J. Alvarado, K. Anderson, H. Barnes, B. Bogdanovic, T. Bryant, J. Clark, J. Clarkson, J. Collins, M. Conley, M. Diawara, A. Dosunmu, A. Drummond, T. Eason, K. Ellis, C. Gillespie, J. Green, Q. Grimes, J. Goodwin, R. Hachimura, T. Hardaway Jr., T. Harris, I. Hartenstein, J. Hayes, A. Hukporti, W. Kessler, J. Landale, K. Looney, T. Lyles, S. Mamukelashvili, K. Middleton, P. Nance, J. Nurkic, N. Powell, J. Okogie, K. Oubre, Q. Post, M. Robinson, K. Sanders, L. Shamet, M. Smart, C. White, K. Williams, M. Williams, T. Young"
2026-07-13 10:03:57,2026-27 Veteran Signings,ADDED,Marcus Smart Houston Rockets
2026-07-13 10:03:57,2026-27 Veteran Signings,ADDED,"26-27 $6,064,000"
2026-07-13 10:03:57,2026-27 Veteran Signings,ADDED,"27-28 $6,367,200 (Player Option)"
2026-07-13 10:03:57,2026-27 Veteran Signings,ADDED,"2 Years for $12,43 Non-Taxpayer Mid-Level Exception (Partial). Team option to extend the contract to include the 2027-28 Season. Insurance Premium Reimbursement. Skill; Injury or Illness; Mental. Love of the Game. Physical Exam. Alt. 7(b)."
2026-07-13 10:03:57,2026-27 Veteran Signings,ADDED,Execution Date: 7/10/26
2026-07-13 10:04:56,2026-27 Veteran Signings,REMOVED,"2 Years for $12,43 Non-Taxpayer Mid-Level Exception (Partial). Team option to extend the contract to include the 2027-28 Season. Insurance Premium Reimbursement. Skill; Injury or Illness; Mental. Love of the Game. Physical Exam. Alt. 7(b)."
2026-07-13 10:04:56,2026-27 Veteran Signings,ADDED,"2 Years for $12,431,200. Taxpayer Mid-Level Exception (Partial). Player option to extend the contract to include the 2027-28 Season. Skill; Injury or Illness; Mental; Death. Love of the Game. Physical Exam. Alt. 7(b)."
2026-07-13 10:06:58,2026-27 Veteran Signings,REMOVED,"Update 1.2 (7/7/26): P. Achiuwa, J. Alvarado, K. Anderson, H. Barnes, B. Bogdanovic, T. Bryant, J. Clark, J. Clarkson, J. Collins, M. Conley, M. Diawara, A. Dosunmu, A. Drummond, T. Eason, K. Ellis, C. Gillespie, J. Green, Q. Grimes, J. Goodwin, R. Hachimura, T. Hardaway Jr., T. Harris, I. Hartenstein, J. Hayes, A. Hukporti, W. Kessler, J. Landale, K. Looney, T. Lyles, S. Mamukelashvili, K. Middleton, P. Nance, J. Nurkic, N. Powell, J. Okogie, K. Oubre, Q. Post, M. Robinson, K. Sanders, L. Shamet, M. Smart, C. White, K. Williams, M. Williams, T. Young"
2026-07-13 10:06:58,2026-27 Veteran Signings,ADDED,"Update 1.2 (7/7/26): P. Achiuwa, J. Alvarado, K. Anderson, H. Barnes, B. Bogdanovic, T. Bryant, J. Clark, J. Clarkson, J. Collins, M. Conley, M. Diawara, A. Dosunmu, A. Drummond, T. Eason, K. Ellis, C. Gillespie, J. Green, Q. Grimes, J. Goodwin, R. Hachimura, T. Hardaway Jr., T. Harris, I. Hartenstein, J. Hayes, A. Hukporti, D. Jordan, W. Kessler, J. Landale, K. Looney, T. Lyles, S. Mamukelashvili, K. Middleton, P. Nance, J. Nurkic, N. Powell, J. Okogie, K. Oubre, Q. Post, M. Robinson, K. Sanders, L. Shamet, M. Smart, C. White, K. Williams, M. Williams, T. Young"
2026-07-13 10:06:58,2026-27 Veteran Signings,ADDED,DeAndre Jordan New Orleans Pelicans
2026-07-13 10:06:58,2026-27 Veteran Signings,ADDED,"26-27 $3,876,529"
2026-07-13 10:06:58,2026-27 Veteran Signings,ADDED,"27-28 $4,070,355"
2026-07-13 10:06:58,2026-27 Veteran Signings,ADDED,"2 Years for $7,946,884. Minimum Salary Exception. Player Trade Consent. Skill; Injury or Illness; Mental; Death. Love of the Game. Physical Exam. Alt. 7(b)."
2026-07-13 10:06:58,2026-27 Veteran Signings,ADDED,Execution Date: 7/3/26
2026-07-13 10:07:56,2026-27 Veteran Signings,REMOVED,"2 Years for $7,946,884. Minimum Salary Exception. Player Trade Consent. Skill; Injury or Illness; Mental; Death. Love of the Game. Physical Exam. Alt. 7(b)."
2026-07-13 10:07:56,2026-27 Veteran Signings,REMOVED,Execution Date: 7/3/26
2026-07-13 10:07:56,2026-27 Veteran Signings,ADDED,"2 Years for $7,946,884. Minimum Salary Exception. Skill; Injury or Illness. Love of the Game. Physical Exam. Alt. 7(b)."
2026-07-13 10:07:56,2026-27 Veteran Signings,ADDED,Execution Date: 7/10/26
2026-07-13 10:08:57,2026-27 Veteran Signings,REMOVED,"Update 1.2 (7/7/26): P. Achiuwa, J. Alvarado, K. Anderson, H. Barnes, B. Bogdanovic, T. Bryant, J. Clark, J. Clarkson, J. Collins, M. Conley, M. Diawara, A. Dosunmu, A. Drummond, T. Eason, K. Ellis, C. Gillespie, J. Green, Q. Grimes, J. Goodwin, R. Hachimura, T. Hardaway Jr., T. Harris, I. Hartenstein, J. Hayes, A. Hukporti, D. Jordan, W. Kessler, J. Landale, K. Looney, T. Lyles, S. Mamukelashvili, K. Middleton, P. Nance, J. Nurkic, N. Powell, J. Okogie, K. Oubre, Q. Post, M. Robinson, K. Sanders, L. Shamet, M. Smart, C. White, K. Williams, M. Williams, T. Young"
2026-07-13 10:08:57,2026-27 Veteran Signings,ADDED,"Update 1.2 (7/7/26): P. Achiuwa, J. Alvarado, K. Anderson, H. Barnes, B. Bogdanovic, T. Bryant, J. Clark, J. Clarkson, J. Collins, M. Conley, M. Diawara, A. Dosunmu, A. Drummond, T. Eason, K. Ellis, C. Gillespie, J. Green, Q. Grimes, J. Goodwin, R. Hachimura, T. Hardaway Jr., T. Harris, I. Hartenstein, J. Hayes, A. Hukporti, D. Jordan, W. Kessler, J. Landale, K. Looney, T. Lyles, S. Mamukelashvili, K. Middleton, L. Nance, P. Nance, J. Nurkic, N. Powell, J. Okogie, K. Oubre, Q. Post, M. Robinson, K. Sanders, L. Shamet, M. Smart, C. White, K. Williams, M. Williams, T. Young"
2026-07-13 10:08:57,2026-27 Veteran Signings,ADDED,Kyle Anderson Toronto Raptors
2026-07-13 10:08:57,2026-27 Veteran Signings,ADDED,"26-27 $3,876,529"
2026-07-13 10:08:57,2026-27 Veteran Signings,ADDED,Minimum Salary Exception. Skill; Injury or Illness; Death. Love of the Game. Physical Exam. Alt. 7(b).
2026-07-13 10:08:57,2026-27 Veteran Signings,ADDED,Execution Date: 7/6/26
2026-07-13 10:09:56,2026-27 Veteran Signings,REMOVED,Kyle Anderson Toronto Raptors
2026-07-13 10:09:56,2026-27 Veteran Signings,ADDED,Larry Nance Indiana Pacers
2026-07-13 10:09:56,2026-27 Veteran Signings,REMOVED,Minimum Salary Exception. Skill; Injury or Illness; Death. Love of the Game. Physical Exam. Alt. 7(b).
2026-07-13 10:09:56,2026-27 Veteran Signings,REMOVED,Execution Date: 7/6/26
2026-07-13 10:09:56,2026-27 Veteran Signings,ADDED,Minimum Salary Exception. Insurance Premium Reimbursement. Skill; Injury or Illness. Love of the Game. Physical Exam. Alt. 7(b).
2026-07-13 10:09:56,2026-27 Veteran Signings,ADDED,Execution Date: 7/9/26
2026-07-13 10:11:56,2026-27 Veteran Signings,REMOVED,"Update 1.2 (7/7/26): P. Achiuwa, J. Alvarado, K. Anderson, H. Barnes, B. Bogdanovic, T. Bryant, J. Clark, J. Clarkson, J. Collins, M. Conley, M. Diawara, A. Dosunmu, A. Drummond, T. Eason, K. Ellis, C. Gillespie, J. Green, Q. Grimes, J. Goodwin, R. Hachimura, T. Hardaway Jr., T. Harris, I. Hartenstein, J. Hayes, A. Hukporti, D. Jordan, W. Kessler, J. Landale, K. Looney, T. Lyles, S. Mamukelashvili, K. Middleton, L. Nance, P. Nance, J. Nurkic, N. Powell, J. Okogie, K. Oubre, Q. Post, M. Robinson, K. Sanders, L. Shamet, M. Smart, C. White, K. Williams, M. Williams, T. Young"
2026-07-13 10:11:56,2026-27 Veteran Signings,ADDED,"Update 1.2 (7/7/26): P. Achiuwa, J. Alvarado, K. Anderson, H. Barnes, B. Bogdanovic, T. Bryant, J. Clark, J. Clarkson, J. Collins, M. Conley, M. Diawara, A. Dosunmu, A. Drummond, T. Eason, K. Ellis, C. Gillespie, J. Green, Q. Grimes, J. Goodwin, R. Hachimura, T. Hardaway Jr., T. Harris, I. Hartenstein, J. Hayes, K. Huerter, A. Hukporti, D. Jordan, W. Kessler, J. Landale, K. Looney, T. Lyles, S. Mamukelashvili, K. Middleton, L. Nance, P. Nance, J. Nurkic, N. Powell, J. Okogie, K. Oubre, Q. Post, M. Robinson, K. Sanders, L. Shamet, M. Smart, C. White, K. Williams, M. Williams, T. Young"
2026-07-13 10:11:56,2026-27 Veteran Signings,ADDED,Execution Date: 7/6/26
2026-07-13 10:11:56,2026-27 Veteran Signings,ADDED,Kevin Huerter Detroit Pistons
2026-07-13 10:11:56,2026-27 Veteran Signings,ADDED,"26-27 $9,507,042"
2026-07-13 10:11:56,2026-27 Veteran Signings,ADDED,"27-28 $8,746,479"
2026-07-13 10:11:56,2026-27 Veteran Signings,ADDED,"28-29 $8,746,479 (Team Option)"
2026-07-13 10:11:56,2026-27 Veteran Signings,ADDED,"3 Years for $27,. Bird Exception. Advance Payment ($4,829,654). Insurance Premium Reimbursement. Skill; Injury or Illness; Death. Compensation protection for 2028-29 Season is for $2,765,516 but will increase to full if team has not requested waivers on player on or before 6/30/2028. Love of the Game. Physical Exam. Alt. 7(b)."
2026-07-13 10:12:56,2026-27 Veteran Signings,REMOVED,"3 Years for $27,. Bird Exception. Advance Payment ($4,829,654). Insurance Premium Reimbursement. Skill; Injury or Illness; Death. Compensation protection for 2028-29 Season is for $2,765,516 but will increase to full if team has not requested waivers on player on or before 6/30/2028. Love of the Game. Physical Exam. Alt. 7(b)."
2026-07-13 10:12:56,2026-27 Veteran Signings,REMOVED,Execution Date: 7/6/26
2026-07-13 10:12:56,2026-27 Veteran Signings,ADDED,"3 Years for $27,000,000. Bird Exception. Team option to extend the contract to include the 2028-29 Season. Insurance Premium Reimbursement. Skill; Injury or Illness. Love of the Game. Physical Exam. Alt. 7(b)."
2026-07-13 10:12:56,2026-27 Veteran Signings,ADDED,Execution Date: 7/9/26
2026-07-13 10:14:56,2026-27 Veteran Signings,REMOVED,"Update 1.2 (7/7/26): P. Achiuwa, J. Alvarado, K. Anderson, H. Barnes, B. Bogdanovic, T. Bryant, J. Clark, J. Clarkson, J. Collins, M. Conley, M. Diawara, A. Dosunmu, A. Drummond, T. Eason, K. Ellis, C. Gillespie, J. Green, Q. Grimes, J. Goodwin, R. Hachimura, T. Hardaway Jr., T. Harris, I. Hartenstein, J. Hayes, K. Huerter, A. Hukporti, D. Jordan, W. Kessler, J. Landale, K. Looney, T. Lyles, S. Mamukelashvili, K. Middleton, L. Nance, P. Nance, J. Nurkic, N. Powell, J. Okogie, K. Oubre, Q. Post, M. Robinson, K. Sanders, L. Shamet, M. Smart, C. White, K. Williams, M. Williams, T. Young"
2026-07-13 10:14:56,2026-27 Veteran Signings,ADDED,"Update 1.2 (7/7/26): P. Achiuwa, J. Alvarado, K. Anderson, H. Barnes, B. Bogdanovic, T. Bryant, J. Clark, J. Clarkson, J. Collins, M. Conley, M. Diawara, O. Dieng, A. Dosunmu, A. Drummond, T. Eason, K. Ellis, C. Gillespie, J. Green, Q. Grimes, J. Goodwin, R. Hachimura, T. Hardaway Jr., T. Harris, I. Hartenstein, J. Hayes, K. Huerter, A. Hukporti, D. Jordan, W. Kessler, J. Landale, K. Looney, T. Lyles, S. Mamukelashvili, K. Middleton, L. Nance, P. Nance, J. Nurkic, N. Powell, J. Okogie, K. Oubre, Q. Post, M. Robinson, K. Sanders, L. Shamet, M. Smart, C. White, K. Williams, M. Williams, T. Young"
2026-07-13 10:14:56,2026-27 Veteran Signings,ADDED,Execution Date: 7/6/26
2026-07-13 10:14:56,2026-27 Veteran Signings,ADDED,Ousmane Dieng Milwaukee Bucks
2026-07-13 10:14:56,2026-27 Veteran Signings,ADDED,"26-27 $5,750,000"
2026-07-13 10:14:56,2026-27 Veteran Signings,ADDED,"27-28 $5,750,000"
2026-07-13 10:14:56,2026-27 Veteran Signings,ADDED,"28-29 $5,750,000"
2026-07-13 10:14:56,2026-27 Veteran Signings,ADDED,"3 Years for $17,250,000. Bird Exception. Team option to extSkill; Injury or Illness; Death. Compensation protection for 2028-29 Season is for $2,765,516 but will increase to full if team has not requested waivers on player on or before 6/30/2028. Love of the Game. Physical Exam. Alt. 7(b)."
2026-07-13 10:15:56,2026-27 Veteran Signings,REMOVED,"28-29 $5,750,000"
2026-07-13 10:15:56,2026-27 Veteran Signings,REMOVED,"3 Years for $17,250,000. Bird Exception. Team option to extSkill; Injury or Illness; Death. Compensation protection for 2028-29 Season is for $2,765,516 but will increase to full if team has not requested waivers on player on or before 6/30/2028. Love of the Game. Physical Exam. Alt. 7(b)."
2026-07-13 10:15:56,2026-27 Veteran Signings,REMOVED,Execution Date: 7/6/26
2026-07-13 10:15:56,2026-27 Veteran Signings,ADDED,"28-29 $5,750,000 (Team Option)"
2026-07-13 10:15:56,2026-27 Veteran Signings,ADDED,"3 Years for $17,250,000. Bird Exception. Team option to extend the contract to include the 2028-29 Season. Skill; Injury or Illness; Mental. Love of the Game. Physical Exam. Alt. 7(b)."
2026-07-13 10:15:56,2026-27 Veteran Signings,ADDED,Execution Date: 7/9/26
2026-07-13 10:17:56,2026-27 Veteran Signings,REMOVED,"Update 1.2 (7/7/26): P. Achiuwa, J. Alvarado, K. Anderson, H. Barnes, B. Bogdanovic, T. Bryant, J. Clark, J. Clarkson, J. Collins, M. Conley, M. Diawara, O. Dieng, A. Dosunmu, A. Drummond, T. Eason, K. Ellis, C. Gillespie, J. Green, Q. Grimes, J. Goodwin, R. Hachimura, T. Hardaway Jr., T. Harris, I. Hartenstein, J. Hayes, K. Huerter, A. Hukporti, D. Jordan, W. Kessler, J. Landale, K. Looney, T. Lyles, S. Mamukelashvili, K. Middleton, L. Nance, P. Nance, J. Nurkic, N. Powell, J. Okogie, K. Oubre, Q. Post, M. Robinson, K. Sanders, L. Shamet, M. Smart, C. White, K. Williams, M. Williams, T. Young"
2026-07-13 10:17:56,2026-27 Veteran Signings,ADDED,"Update 1.2 (7/7/26): P. Achiuwa, J. Alvarado, K. Anderson, H. Barnes, C. Bassey, B. Bogdanovic, T. Bryant, J. Clark, J. Clarkson, J. Collins, M. Conley, M. Diawara, O. Dieng, A. Dosunmu, A. Drummond, T. Eason, K. Ellis, C. Gillespie, J. Green, Q. Grimes, J. Goodwin, R. Hachimura, T. Hardaway Jr., T. Harris, I. Hartenstein, J. Hayes, K. Huerter, A. Hukporti, D. Jordan, W. Kessler, J. Landale, K. Looney, T. Lyles, S. Mamukelashvili, K. Middleton, L. Nance, P. Nance, J. Nurkic, N. Powell, J. Okogie, K. Oubre, Q. Post, M. Robinson, K. Sanders, L. Shamet, M. Smart, C. White, K. Williams, M. Williams, T. Young"
2026-07-13 10:17:56,2026-27 Veteran Signings,ADDED,Charles Bassey Minnesota Timberwolves
2026-07-13 10:17:56,2026-27 Veteran Signings,ADDED,"26-27 $3,876,529"
2026-07-13 10:17:56,2026-27 Veteran Signings,ADDED,"Minimum Salary Exception. Skill; Injury or Illness. Compensation protection for 2026-27 Season is for $1,500,000. Physical Exam."
2026-07-13 10:17:56,2026-27 Veteran Signings,ADDED,Execution Date: 7/10/26
2026-07-13 10:18:56,2026-27 Veteran Signings,REMOVED,Charles Bassey Minnesota Timberwolves
2026-07-13 10:18:56,2026-27 Veteran Signings,REMOVED,"26-27 $3,876,529"
2026-07-13 10:18:56,2026-27 Veteran Signings,REMOVED,"Minimum Salary Exception. Skill; Injury or Illness. Compensation protection for 2026-27 Season is for $1,500,000. Physical Exam."
2026-07-13 10:18:56,2026-27 Veteran Signings,REMOVED,Execution Date: 7/10/26
2026-07-13 10:18:56,2026-27 Veteran Signings,ADDED,Charles Bassey Golden State Warriors
2026-07-13 10:18:56,2026-27 Veteran Signings,ADDED,"26-27 $2,845,883"
2026-07-13 10:18:56,2026-27 Veteran Signings,ADDED,"Minimum Salary Exception. Player Trade Consent. Skill; Injury or Illness. Compensation protection for 2026-27 Season is for $1,400,000. Love of the Game. Physical Exam. Alt. 7(b)."
2026-07-13 10:18:56,2026-27 Veteran Signings,ADDED,Execution Date: 7/9/26
2026-07-13 10:28:56,2026-27 Rookie Signings,REMOVED,"Update 1.2 (7/7/26): N. Ament, J. Jefferson, B. Thornton"
2026-07-13 10:28:56,2026-27 Rookie Signings,ADDED,"Update 1.2 (7/7/26): N. Ament, J. Jefferson, B. Thornton, I. Evans"
2026-07-13 10:29:56,2026-27 Rookie Signings,ADDED,#33 Isaiah Evans Minnesota Timberwolves
2026-07-13 10:29:56,2026-27 Rookie Signings,ADDED,"26-27 $1,357,763"
2026-07-13 10:29:56,2026-27 Rookie Signings,ADDED,"27-28 $2,294,370"
2026-07-13 10:29:56,2026-27 Rookie Signings,ADDED,"28-29 $2,694,363"
2026-07-13 10:29:56,2026-27 Rookie Signings,ADDED,"29-30 $2,918,152 (Team Option)"
2026-07-13 10:29:56,2026-27 Rookie Signings,ADDED,"4 Years for $9,264,648. Second Round Pick Exception. Advance Payment ($273,909). Team option to extend the contract to include the 2029-30 Season. Skill; Injury or Illness; Mental; Death. Compensation protection for 2029-30 Season is none. Love of the Game. Physical Exam. Alt. 7(b)."
2026-07-13 10:29:56,2026-27 Rookie Signings,ADDED,Execution Date: 7/1/26
2026-07-13 10:30:56,2026-27 Rookie Signings,REMOVED,"4 Years for $9,264,648. Second Round Pick Exception. Advance Payment ($273,909). Team option to extend the contract to include the 2029-30 Season. Skill; Injury or Illness; Mental; Death. Compensation protection for 2029-30 Season is none. Love of the Game. Physical Exam. Alt. 7(b)."
2026-07-13 10:30:56,2026-27 Rookie Signings,REMOVED,Execution Date: 7/1/26
2026-07-13 10:30:56,2026-27 Rookie Signings,ADDED,"4 Years for $9,264,648. Second Round Pick Exception. Team option to extend the contract to include the 2029-30 Season. Insurance Premium Reimbursement. Skill; Injury or Illness; Mental. Compensation protection for 2029-30 Season is none. Love of the Game. Physical Exam. Alt. 7(b)."
2026-07-13 10:30:56,2026-27 Rookie Signings,ADDED,Execution Date: 7/11/26
2026-07-13 11:18:56,2026-27 Two-Way Signings,REMOVED,"Update 1.2 (7/7/26): M. Ajayi, T. Alexander, K. Boswell, K. Brea, Q. Copeland, E. Harkless, F. Okpara, R. Rupert"
2026-07-13 11:18:56,2026-27 Two-Way Signings,ADDED,"Update 1.2 (7/7/26): M. Ajayi, T. Alexander, K. Boswell, K. Brea, K. Brown, Q. Copeland, E. Harkless, F. Okpara, R. Rupert"
2026-07-13 11:19:57,2026-27 Two-Way Signings,ADDED,Execution Date: 7/6/26
2026-07-13 11:19:57,2026-27 Two-Way Signings,ADDED,Kobe Brown Indiana Pacers
2026-07-13 11:19:57,2026-27 Two-Way Signings,ADDED,"1 Year. Skill; Injury or Illness. Compensation protection for 2026-27 Season is for $91,000 but will increase to 50% if team has not requested waivers on player on or before the first day of the 2026-27 Regular Season. Love of the Game. Physical Exam. Alt. 7(b)."
2026-07-13 11:20:57,2026-27 Two-Way Signings,REMOVED,Execution Date: 7/6/26
2026-07-13 11:20:57,2026-27 Two-Way Signings,ADDED,Execution Date: 7/9/26
2026-07-13 11:31:55,2026-27 Rookie Signings,ADDED,#35 Trevon Brazile Denver Nuggets
2026-07-13 11:31:55,2026-27 Rookie Signings,ADDED,"26-27 $1,357,763"
2026-07-13 11:31:55,2026-27 Rookie Signings,ADDED,"27-28 $2,294,370"
2026-07-13 11:31:55,2026-27 Rookie Signings,ADDED,"28-29 $2,694,363"
2026-07-13 11:31:55,2026-27 Rookie Signings,ADDED,"29-30 $2,918,152 (Team Option)"
2026-07-13 11:31:55,2026-27 Rookie Signings,ADDED,"4 Years for $9,264,648. Second Round Pick Exception. Advance Payment ($273,909). Team option to extend the contract to include the 2029-30 Season. Skill; Injury or Illness; Mental; Death. Compensation protection for 2029-30 Season is none. Love of the Game. Physical Exam. Alt. 7(b)."
2026-07-13 11:31:55,2026-27 Rookie Signings,ADDED,Execution Date: 7/1/26
2026-07-13 11:35:56,2026-27 Rookie Signings,REMOVED,"4 Years for $9,264,648. Second Round Pick Exception. Advance Payment ($273,909). Team option to extend the contract to include the 2029-30 Season. Skill; Injury or Illness; Mental; Death. Compensation protection for 2029-30 Season is none. Love of the Game. Physical Exam. Alt. 7(b)."
2026-07-13 11:35:56,2026-27 Rookie Signings,ADDED,"4 Years for $9,264,648. Second Round Pick Exception. Advance Payment ($101,832). Team option to extend the contract to include the 2029-30 Season. Skill; Injury or Illness; Mental; Death."
2026-07-13 11:35:56,2026-27 Rookie Signings,ADDED,Compensation protection for 2029-30 Season is none. Love of the Game. Physical Exam. Alt. 7(b).
2026-07-13 11:36:56,2026-27 Rookie Signings,REMOVED,"4 Years for $9,264,648. Second Round Pick Exception. Advance Payment ($101,832). Team option to extend the contract to include the 2029-30 Season. Skill; Injury or Illness; Mental; Death."
2026-07-13 11:36:56,2026-27 Rookie Signings,ADDED,"4 Years for $9,264,648. Second Round Pick Exception. Advance Payment ($101,832). Team option to extend the contract to include the 2029-30 Season. Skill; Injury or Illness; Mental; Death. Compensation protection for 2028-29 Season is none but will increase to full if team has not reques"
2026-07-13 11:37:56,2026-27 Rookie Signings,REMOVED,"4 Years for $9,264,648. Second Round Pick Exception. Advance Payment ($101,832). Team option to extend the contract to include the 2029-30 Season. Skill; Injury or Illness; Mental; Death. Compensation protection for 2028-29 Season is none but will increase to full if team has not reques"
2026-07-13 11:37:56,2026-27 Rookie Signings,ADDED,"4 Years for $9,264,648. Second Round Pick Exception. Advance Payment ($101,832). Team option to extend the contract to include the 2029-30 Season. Skill; Injury or Illness; Mental; Death. Compensation protection for 2028-29 Season is none but will increase to full if team has not requested waivers on player on or before 7/7/2028. Compensation protection for 2029-30 Season is none but will increase to full if team has not requested waivers on player on or before 7/7/2029."
2026-07-13 11:38:56,2026-27 Rookie Signings,REMOVED,"4 Years for $9,264,648. Second Round Pick Exception. Advance Payment ($101,832). Team option to extend the contract to include the 2029-30 Season. Skill; Injury or Illness; Mental; Death. Compensation protection for 2028-29 Season is none but will increase to full if team has not requested waivers on player on or before 7/7/2028. Compensation protection for 2029-30 Season is none but will increase to full if team has not requested waivers on player on or before 7/7/2029."
2026-07-13 11:38:56,2026-27 Rookie Signings,REMOVED,Compensation protection for 2029-30 Season is none. Love of the Game. Physical Exam. Alt. 7(b).
2026-07-13 11:38:56,2026-27 Rookie Signings,REMOVED,Execution Date: 7/1/26
2026-07-13 11:38:56,2026-27 Rookie Signings,ADDED,"4 Years for $9,264,648. Second Round Pick Exception. Advance Payment ($101,832). Team option to extend the contract to include the 2029-30 Season. Skill; Injury or Illness; Mental; Death. Compensation protection for 2028-29 Season is none but will increase to full if team has not requested waivers on player on or before 7/7/2028. Compensation protection for 2029-30 Season is none but will increase to full if team has not requested waivers on player on or before 7/7/2029. Love of the Game. Physical Exam. Alt. 7(b)."
2026-07-13 11:38:56,2026-27 Rookie Signings,ADDED,Execution Date: 7/10/26
2026-07-13 11:41:56,2026-27 Rookie Signings,REMOVED,"Update 1.2 (7/7/26): N. Ament, J. Jefferson, B. Thornton, I. Evans"
2026-07-13 11:41:56,2026-27 Rookie Signings,ADDED,"Update 1.2 (7/7/26): N. Ament, J. Jefferson, B. Thornton, I. Evans, T. Brazile"
2026-07-13 11:45:55,2026-27 Veteran Signings,REMOVED,"Update 1.2 (7/7/26): P. Achiuwa, J. Alvarado, K. Anderson, H. Barnes, C. Bassey, B. Bogdanovic, T. Bryant, J. Clark, J. Clarkson, J. Collins, M. Conley, M. Diawara, O. Dieng, A. Dosunmu, A. Drummond, T. Eason, K. Ellis, C. Gillespie, J. Green, Q. Grimes, J. Goodwin, R. Hachimura, T. Hardaway Jr., T. Harris, I. Hartenstein, J. Hayes, K. Huerter, A. Hukporti, D. Jordan, W. Kessler, J. Landale, K. Looney, T. Lyles, S. Mamukelashvili, K. Middleton, L. Nance, P. Nance, J. Nurkic, N. Powell, J. Okogie, K. Oubre, Q. Post, M. Robinson, K. Sanders, L. Shamet, M. Smart, C. White, K. Williams, M. Williams, T. Young"
2026-07-13 11:45:55,2026-27 Veteran Signings,ADDED,"Update 1.2 (7/7/26): P. Achiuwa, J. Alvarado, K. Anderson, H. Barnes, C. Bassey, B. Bogdanovic, T. Bryant, J. Clark, J. Clarkson, J. Collins, M. Conley, M. Diawara, O. Dieng, A. Dosunmu, A. Drummond, T. Eason, K. Ellis, C. Gillespie, J. Green, Q. Grimes, J. Goodwin, R. Hachimura, T. Hardaway Jr., T. Harris, I. Hartenstein, J. Hayes, K. Huerter, A. Hukporti, D. Jordan, W. Kessler, J. Landale, K. Looney, T. Lyles, S. Mamukelashvili, K. Middleton, L. Nance, P. Nance, J. Nurkic, N. Powell, J. Okogie, K. Oubre, Q. Post, A. Reaves, M. Robinson, K. Sanders, L. Shamet, M. Smart, C. White, K. Williams, M. Williams, T. Young"
2026-07-13 11:47:08,2026-27 Veteran Signings,ADDED,Austin Reaves Los Angeles Lakers
2026-07-13 11:47:08,2026-27 Veteran Signings,ADDED,"26-27 $41,240,250"
2026-07-13 11:47:08,2026-27 Veteran Signings,ADDED,"27-28 $42,954,030"
2026-07-13 11:47:08,2026-27 Veteran Signings,ADDED,"28-29 $46,253,250"
2026-07-13 11:47:08,2026-27 Veteran Signings,ADDED,"29-30 $49,552,470 (Player Option)"
2026-07-13 11:47:08,2026-27 Veteran Signings,ADDED,"4 Years for $180,000,000. Room. Advance Payment ($45,000,000)"
2026-07-13 11:47:08,2026-27 Veteran Signings,ADDED,",000,000). Player option to extend the contract to include the 2029-30 Season. Insurance Premium Reimbursement. Skill; Injury or Illness; Mental; Death. Love of the Game. Physical Exam. Alt. 7(b)."
2026-07-13 11:47:08,2026-27 Veteran Signings,ADDED,Execution Date: 7/6/26
2026-07-13 11:47:55,2026-27 Veteran Signings,REMOVED,"4 Years for $180,000,000. Room. Advance Payment ($45,000,000)"
2026-07-13 11:47:55,2026-27 Veteran Signings,REMOVED,",000,000). Player option to extend the contract to include the 2029-30 Season. Insurance Premium Reimbursement. Skill; Injury or Illness; Mental; Death. Love of the Game. Physical Exam. Alt. 7(b)."
2026-07-13 11:47:55,2026-27 Veteran Signings,REMOVED,Execution Date: 7/6/26
2026-07-13 11:47:55,2026-27 Veteran Signings,ADDED,"4 Years for $180,000,000. Room. Advance Payment ($45,000,000). Player option to extend the contract to include the 2029-30 Season. Insurance Premium Reimbursement. Skill; Injury or Illness; Mental; Death. Love of the Game. Physical Exam. Alt. 7(b)."
2026-07-13 11:47:55,2026-27 Veteran Signings,ADDED,Execution Date: 7/12/26
2026-07-13 11:50:56,2026-27 Veteran Signings,REMOVED,"Update 1.2 (7/7/26): P. Achiuwa, J. Alvarado, K. Anderson, H. Barnes, C. Bassey, B. Bogdanovic, T. Bryant, J. Clark, J. Clarkson, J. Collins, M. Conley, M. Diawara, O. Dieng, A. Dosunmu, A. Drummond, T. Eason, K. Ellis, C. Gillespie, J. Green, Q. Grimes, J. Goodwin, R. Hachimura, T. Hardaway Jr., T. Harris, I. Hartenstein, J. Hayes, K. Huerter, A. Hukporti, D. Jordan, W. Kessler, J. Landale, K. Looney, T. Lyles, S. Mamukelashvili, K. Middleton, L. Nance, P. Nance, J. Nurkic, N. Powell, J. Okogie, K. Oubre, Q. Post, A. Reaves, M. Robinson, K. Sanders, L. Shamet, M. Smart, C. White, K. Williams, M. Williams, T. Young"
2026-07-13 11:50:56,2026-27 Veteran Signings,ADDED,"Update 1.2 (7/7/26): P. Achiuwa, J. Alvarado, K. Anderson, H. Barnes, C. Bassey, B. Bogdanovic, T. Bryant, J. Clark, J. Clarkson, J. Collins, M. Conley, M. Diawara, O. Dieng, A. Dosunmu, A. Drummond, T. Eason, K. Ellis, C. Gillespie, J. Green, Q. Grimes, J. Goodwin, R. Hachimura, T. Hardaway Jr., T. Harris, I. Hartenstein, J. Hayes, K. Huerter, A. Hukporti, D. Jordan, W. Kessler, J. Landale, K. Looney, T. Lyles, S. Mamukelashvili, K. Middleton, L. Nance, P. Nance, J. Nurkic, N. Powell, J. Okogie, K. Oubre, Q. Post, A. Reaves, M. Robinson, K. Sanders, C. Sexton, L. Shamet, M. Smart, C. White, K. Williams, M. Williams, T. Young"
2026-07-13 11:50:56,2026-27 Veteran Signings,ADDED,Collin Sexton Los Angeles Lakers
2026-07-13 11:50:56,2026-27 Veteran Signings,ADDED,"26-27 $9,366,000"
2026-07-13 11:50:56,2026-27 Veteran Signings,ADDED,"27-28 $9,834,000 (Player Option)"
2026-07-13 11:50:56,2026-27 Veteran Signings,ADDED,"2 Years for $19,200,300. Room. Advance Payment ($45,000,000). Player option to extend the contract to include the 2029-30 Season. Insurance Premium Reimbursement. Skill; Injury or Illness; Mental; Death. Love of the Game. Physical Exam. Alt. 7(b)."
2026-07-13 11:50:56,2026-27 Veteran Signings,ADDED,Execution Date: 7/12/26
2026-07-13 11:52:02,2026-27 Veteran Signings,REMOVED,"4 Years for $180,000,000. Room. Advance Payment ($45,000,000). Player option to extend the contract to include the 2029-30 Season. Insurance Premium Reimbursement. Skill; Injury or Illness; Mental; Death. Love of the Game. Physical Exam. Alt. 7(b)."
2026-07-13 11:52:02,2026-27 Veteran Signings,ADDED,"4 Years for $180,000,000. Bird Exception. Advance Payment ($45,000,000). Player option to extend the contract to include the 2029-30 Season. Insurance Premium Reimbursement. Skill; Injury or Illness; Mental; Death. Love of the Game. Physical Exam. Alt. 7(b)."
2026-07-13 11:52:02,2026-27 Veteran Signings,REMOVED,"2 Years for $19,200,300. Room. Advance Payment ($45,000,000). Player option to extend the contract to include the 2029-30 Season. Insurance Premium Reimbursement. Skill; Injury or Illness; Mental; Death. Love of the Game. Physical Exam. Alt. 7(b)."
2026-07-13 11:52:02,2026-27 Veteran Signings,REMOVED,Execution Date: 7/12/26
2026-07-13 11:52:02,2026-27 Veteran Signings,ADDED,"2 Years for $19,200,300. Room Exception. Advance Payment ($2,000,000). Player option to extend the contract to include the 2027-28 Season. Skill; Injury or Illness; Mental; Death. Love of the Game. Physical Exam. Alt. 7(b)."
2026-07-13 11:52:02,2026-27 Veteran Signings,ADDED,Execution Date: 7/11/26
2026-07-13 11:54:57,2026-27 Rookie Signings,REMOVED,"Update 1.2 (7/7/26): N. Ament, J. Jefferson, B. Thornton, I. Evans, T. Brazile"
2026-07-13 11:54:57,2026-27 Rookie Signings,ADDED,"Update 1.2 (7/7/26): N. Ament, J. Jefferson, B. Thornton, I. Evans, T. Brazile, B. Miller"
2026-07-13 11:54:57,2026-27 Rookie Signings,ADDED,#35 Trevon Brazile Denver Nuggets
2026-07-13 11:54:57,2026-27 Rookie Signings,ADDED,"26-27 $1,357,763"
2026-07-13 11:54:57,2026-27 Rookie Signings,ADDED,"27-28 $2,294,370"
2026-07-13 11:54:57,2026-27 Rookie Signings,ADDED,"28-29 $2,694,363"
2026-07-13 11:54:57,2026-27 Rookie Signings,ADDED,"29-30 $2,918,152 (Team Option)"
2026-07-13 11:54:57,2026-27 Rookie Signings,ADDED,"4 Years for $9,264,648. Second Round Pick Exception. Advance Payment ($101,832). Team option to extend the contract to include the 2029-30 Season. Skill; Injury or Illness; Mental; Death. Compensation protection for 2028-29 Season is none but will increase to full if team has not requested waivers on player on or before 7/7/2028. Compensation protection for 2029-30 Season is none but will increase to full if team has not requested waivers on player on or before 7/7/2029. Love of the Game. Physical Exam. Alt. 7(b)."
2026-07-13 11:54:57,2026-27 Rookie Signings,ADDED,Execution Date: 7/10/26
2026-07-13 11:55:55,2026-27 Rookie Signings,REMOVED,#35 Trevon Brazile Denver Nuggets
2026-07-13 11:55:55,2026-27 Rookie Signings,REMOVED,"26-27 $1,357,763"
2026-07-13 11:55:55,2026-27 Rookie Signings,ADDED,#36 Baba Miller Los Angeles Clippers
2026-07-13 11:55:55,2026-27 Rookie Signings,ADDED,"26-27 $1,705,630"
2026-07-13 11:55:55,2026-27 Rookie Signings,REMOVED,"4 Years for $9,264,648. Second Round Pick Exception. Advance Payment ($101,832). Team option to extend the contract to include the 2029-30 Season. Skill; Injury or Illness; Mental; Death. Compensation protection for 2028-29 Season is none but will increase to full if team has not requested waivers on player on or before 7/7/2028. Compensation protection for 2029-30 Season is none but will increase to full if team has not requested waivers on player on or before 7/7/2029. Love of the Game. Physical Exam. Alt. 7(b)."
2026-07-13 11:55:55,2026-27 Rookie Signings,REMOVED,Execution Date: 7/10/26
2026-07-13 11:55:55,2026-27 Rookie Signings,ADDED,"4 Years for $9,612,515. Second Round Pick Exception. Advance Payment ($100,000). Team option to extend the contract to include the 2029-30 Season. Skill; Injury or Illness; Mental. Compensation protection for 2028-29 Season is none but will increase to full if team has not requested waivers on player on or before 6/30/2028. Compensation protection for 2029-30 Season is none but will increase to full if team has not requested waivers on player on or before 6/30/2029. Love of the Game. Physical Exam. Alt. 7(b)."
2026-07-13 11:55:55,2026-27 Rookie Signings,ADDED,Execution Date: 7/9/26
2026-07-13 12:00:56,2026-27 Veteran Signings,REMOVED,"Update 1.2 (7/7/26): P. Achiuwa, J. Alvarado, K. Anderson, H. Barnes, C. Bassey, B. Bogdanovic, T. Bryant, J. Clark, J. Clarkson, J. Collins, M. Conley, M. Diawara, O. Dieng, A. Dosunmu, A. Drummond, T. Eason, K. Ellis, C. Gillespie, J. Green, Q. Grimes, J. Goodwin, R. Hachimura, T. Hardaway Jr., T. Harris, I. Hartenstein, J. Hayes, K. Huerter, A. Hukporti, D. Jordan, W. Kessler, J. Landale, K. Looney, T. Lyles, S. Mamukelashvili, K. Middleton, L. Nance, P. Nance, J. Nurkic, N. Powell, J. Okogie, K. Oubre, Q. Post, A. Reaves, M. Robinson, K. Sanders, C. Sexton, L. Shamet, M. Smart, C. White, K. Williams, M. Williams, T. Young"
2026-07-13 12:00:56,2026-27 Veteran Signings,ADDED,"Update 1.2 (7/7/26): P. Achiuwa, J. Alvarado, K. Anderson, H. Barnes, C. Bassey, B. Bogdanovic, T. Bryant, J. Clark, J. Clarkson, J. Collins, M. Conley, M. Diawara, O. Dieng, A. Dosunmu, A. Drummond, T. Eason, K. Ellis, C. Gillespie, J. Green, Q. Grimes, J. Goodwin, R. Hachimura, T. Hardaway Jr., T. Harris, I. Hartenstein, J. Hayes, K. Huerter, A. Hukporti, D. Jordan, W. Kessler, J. Landale, K. Looney, T. Lyles, S. Mamukelashvili, K. Middleton, J. Miller, L. Nance, P. Nance, J. Nurkic, N. Powell, J. Okogie, K. Oubre, Q. Post, A. Reaves, M. Robinson, K. Sanders, C. Sexton, L. Shamet, M. Smart, C. White, K. Williams, M. Williams, T. Young"
2026-07-13 12:02:55,2026-27 Veteran Signings,ADDED,Jordan Miller Los Angeles Clippers
2026-07-13 12:02:55,2026-27 Veteran Signings,ADDED,"26-27 $5,300,00"
2026-07-13 12:02:55,2026-27 Veteran Signings,ADDED,27-28 $5
2026-07-13 12:02:55,2026-27 Veteran Signings,ADDED,"28-29 $3,580,246"
2026-07-13 12:02:55,2026-27 Veteran Signings,ADDED,"3 Years for $10,000,000. Bird Exception. Insurance Premium Reimbursement. Skill; Injury or Illness; Mental. Love of the Game. Physical Exam. Alt. 7(b)."
2026-07-13 12:02:55,2026-27 Veteran Signings,ADDED,Execution Date: 7/10/26
2026-07-13 12:03:56,2026-27 Veteran Signings,REMOVED,27-28 $5
2026-07-13 12:03:56,2026-27 Veteran Signings,REMOVED,"28-29 $3,580,246"
2026-07-13 12:03:56,2026-27 Veteran Signings,REMOVED,"3 Years for $10,000,000. Bird Exception. Insurance Premium Reimbursement. Skill; Injury or Illness; Mental. Love of the Game. Physical Exam. Alt. 7(b)."
2026-07-13 12:03:56,2026-27 Veteran Signings,ADDED,"27-28 $5,000,000"
2026-07-13 12:03:56,2026-27 Veteran Signings,ADDED,"28-29 $5,000,000 (Team Option)"
2026-07-13 12:03:56,2026-27 Veteran Signings,ADDED,"3 Years for $15,300,000. Bird Exception. Advance Payment ($300,000). Team option to extend the contract to include the 2028-29 Season. Insurance Premium Reimbursement. Skill; Injury or Illness; Mental. Compensation protection for 202"
2026-07-13 12:03:56,2026-27 Veteran Signings,ADDED,Love of the Game. Physical Exam. Alt. 7(b).
2026-07-13 12:04:56,2026-27 Veteran Signings,REMOVED,"3 Years for $15,300,000. Bird Exception. Advance Payment ($300,000). Team option to extend the contract to include the 2028-29 Season. Insurance Premium Reimbursement. Skill; Injury or Illness; Mental. Compensation protection for 202"
2026-07-13 12:04:56,2026-27 Veteran Signings,REMOVED,Love of the Game. Physical Exam. Alt. 7(b).
2026-07-13 12:04:56,2026-27 Veteran Signings,REMOVED,Execution Date: 7/10/26
2026-07-13 12:04:56,2026-27 Veteran Signings,ADDED,"3 Years for $15,300,000. Bird Exception. Advance Payment ($300,000). Team option to extend the contract to include the 2028-29 Season. Insurance Premium Reimbursement. Skill; Injury or Illness; Mental. Compensation protection for 2027-28 Season is none but will increase to full if team has not requested waivers on player on or before 7/15/2027. Compensation protection for 2028-29 Season is none but will increase to full if team has not requested waivers on player on or before 7/15/2028. Trade Kicker (3%). Love of the Game. Physical Exam. Alt. 7(b)."
2026-07-13 12:04:56,2026-27 Veteran Signings,ADDED,Execution Date: 7/9/26
2026-07-13 12:07:05,2026-27 Veteran Signings,REMOVED,"26-27 $5,300,00"
2026-07-13 12:07:05,2026-27 Veteran Signings,ADDED,"26-27 $5,300,000"
2026-07-13 12:07:55,2026-27 Veteran Signings,REMOVED,"Update 1.2 (7/7/26): P. Achiuwa, J. Alvarado, K. Anderson, H. Barnes, C. Bassey, B. Bogdanovic, T. Bryant, J. Clark, J. Clarkson, J. Collins, M. Conley, M. Diawara, O. Dieng, A. Dosunmu, A. Drummond, T. Eason, K. Ellis, C. Gillespie, J. Green, Q. Grimes, J. Goodwin, R. Hachimura, T. Hardaway Jr., T. Harris, I. Hartenstein, J. Hayes, K. Huerter, A. Hukporti, D. Jordan, W. Kessler, J. Landale, K. Looney, T. Lyles, S. Mamukelashvili, K. Middleton, J. Miller, L. Nance, P. Nance, J. Nurkic, N. Powell, J. Okogie, K. Oubre, Q. Post, A. Reaves, M. Robinson, K. Sanders, C. Sexton, L. Shamet, M. Smart, C. White, K. Williams, M. Williams, T. Young"
2026-07-13 12:07:55,2026-27 Veteran Signings,ADDED,"Update 1.2 (7/7/26): P. Achiuwa, J. Alvarado, K. Anderson, H. Barnes, C. Bassey, B. Bogdanovic, T. Bryant, J. Clark, J. Clarkson, J. Collins, M. Conley, M. Diawara, O. Dieng, A. Dosunmu, A. Drummond, T. Eason, K. Ellis, C. Gillespie, J. Green, Q. Grimes, J. Goodwin, R. Hachimura, T. Hardaway Jr., T. Harris, I. Hartenstein, J. Hayes, K. Huerter, A. Hukporti, D. Jordan, W. Kessler, J. Landale, K. Looney, T. Lyles, S. Mamukelashvili, K. Middleton, J. Miller, L. Nance, P. Nance, J. Nurkic, N. Powell, J. Okogie, K. Oubre, Q. Post, A. Reaves, M. Robinson, K. Sanders, C. Sexton, L. Shamet, M. Smart, V. Wembanyama, C. White, K. Williams, M. Williams, T. Young"
2026-07-13 12:08:56,2026-27 Veteran Signings,ADDED,Victor Wembanyama Orlando Magic
2026-07-13 12:08:56,2026-27 Veteran Signings,ADDED,26-27 MAXIMUM SALARY (25% or 30%)
2026-07-13 12:08:56,2026-27 Veteran Signings,ADDED,27-28 MAXIMUM SALARY
2026-07-13 12:08:56,2026-27 Veteran Signings,ADDED,28-29 MAXIMUM SALARY
2026-07-13 12:08:56,2026-27 Veteran Signings,ADDED,29-30 MAXIMUM SALARY
2026-07-13 12:08:56,2026-27 Veteran Signings,ADDED,30-31 MAXIMUM SALARY (Player Option)
2026-07-13 12:08:56,2026-27 Veteran Signings,ADDED,"5 Years for MAXIMUM SALARY (TBD). Rookie Scale Extension. Max Contract. Advance Payment (50% of Base Compensation in Y1, 20% of Base Compensation in Y2-5). Player option to extend the contract to include the 2030-31 Season. Insurance Premium Reimbursement. Skill; Injury or Illness; Mental; Death. Love of the Game."
2026-07-13 12:08:56,2026-27 Veteran Signings,ADDED,Execution Date: 7/7/25
2026-07-13 12:09:55,2026-27 Veteran Signings,REMOVED,Victor Wembanyama Orlando Magic
2026-07-13 12:09:55,2026-27 Veteran Signings,REMOVED,26-27 MAXIMUM SALARY (25% or 30%)
2026-07-13 12:09:55,2026-27 Veteran Signings,REMOVED,27-28 MAXIMUM SALARY
2026-07-13 12:09:55,2026-27 Veteran Signings,ADDED,Victor Wembanyama San Antonio Spurs
2026-07-13 12:09:55,2026-27 Veteran Signings,ADDED,27-28 MAXIMUM SALARY (25%)
2026-07-13 12:09:55,2026-27 Veteran Signings,REMOVED,30-31 MAXIMUM SALARY (Player Option)
2026-07-13 12:09:55,2026-27 Veteran Signings,REMOVED,"5 Years for MAXIMUM SALARY (TBD). Rookie Scale Extension. Max Contract. Advance Payment (50% of Base Compensation in Y1, 20% of Base Compensation in Y2-5). Player option to extend the contract to include the 2030-31 Season. Insurance Premium Reimbursement. Skill; Injury or Illness; Mental; Death. Love of the Game."
2026-07-13 12:09:55,2026-27 Veteran Signings,ADDED,30-31 MAXIMUM SALARY
2026-07-13 12:09:55,2026-27 Veteran Signings,ADDED,31-32 MAXIMUM SALARY (Player Option)
2026-07-13 12:09:55,2026-27 Veteran Signings,ADDED,"5 Years for MAXIMUM SALARY (TBD). Rookie Scale Extension. Max Contract. Advance Payment (50% of Base Compensation in Y1, 25% of Base Compensation in Y2-5). Player option to extend the contract to include the 2031-32 Season. Insurance Premium Reimbursement. Skill; Injury or Illness; Mental; Death."
2026-07-13 12:10:55,2026-27 Veteran Signings,REMOVED,"5 Years for MAXIMUM SALARY (TBD). Rookie Scale Extension. Max Contract. Advance Payment (50% of Base Compensation in Y1, 25% of Base Compensation in Y2-5). Player option to extend the contract to include the 2031-32 Season. Insurance Premium Reimbursement. Skill; Injury or Illness; Mental; Death."
2026-07-13 12:10:55,2026-27 Veteran Signings,REMOVED,Execution Date: 7/7/25
2026-07-13 12:10:55,2026-27 Veteran Signings,ADDED,"5 Years for MAXIMUM SALARY (TBD). Rookie Scale Extension. Max Contract. Advance Payment (50% of Base Compensation in Y1, 25% of Base Compensation in Y2-5). Player option to extend the contract to include the 2031-32 Season. Insurance Premium Reimbursement. Skill; Injury or Illness; Mental; Death. Trade Kicker (15%)."
2026-07-13 12:10:55,2026-27 Veteran Signings,ADDED,Execution Date: 7/10/26
2026-07-13 12:14:57,2026-27 Veteran Signings,REMOVED,"Update 1.2 (7/7/26): P. Achiuwa, J. Alvarado, K. Anderson, H. Barnes, C. Bassey, B. Bogdanovic, T. Bryant, J. Clark, J. Clarkson, J. Collins, M. Conley, M. Diawara, O. Dieng, A. Dosunmu, A. Drummond, T. Eason, K. Ellis, C. Gillespie, J. Green, Q. Grimes, J. Goodwin, R. Hachimura, T. Hardaway Jr., T. Harris, I. Hartenstein, J. Hayes, K. Huerter, A. Hukporti, D. Jordan, W. Kessler, J. Landale, K. Looney, T. Lyles, S. Mamukelashvili, K. Middleton, J. Miller, L. Nance, P. Nance, J. Nurkic, N. Powell, J. Okogie, K. Oubre, Q. Post, A. Reaves, M. Robinson, K. Sanders, C. Sexton, L. Shamet, M. Smart, V. Wembanyama, C. White, K. Williams, M. Williams, T. Young"
2026-07-13 12:14:57,2026-27 Veteran Signings,ADDED,"Update 1.2 (7/7/26): P. Achiuwa, J. Alvarado, K. Anderson, M. Bamba, H. Barnes, C. Bassey, B. Bogdanovic, T. Bryant, J. Clark, J. Clarkson, J. Collins, M. Conley, M. Diawara, O. Dieng, A. Dosunmu, A. Drummond, T. Eason, K. Ellis, C. Gillespie, J. Green, Q. Grimes, J. Goodwin, R. Hachimura, T. Hardaway Jr., T. Harris, I. Hartenstein, J. Hayes, K. Huerter, A. Hukporti, D. Jordan, W. Kessler, J. Landale, K. Looney, T. Lyles, S. Mamukelashvili, K. Middleton, J. Miller, L. Nance, P. Nance, J. Nurkic, N. Powell, J. Okogie, K. Oubre, Q. Post, A. Reaves, M. Robinson, K. Sanders, C. Sexton, L. Shamet, M. Smart, V. Wembanyama, C. White, K. Williams, M. Williams, T. Young"
2026-07-13 12:15:56,2026-27 Veteran Signings,ADDED,Mohamed Bamba Utah jazz
2026-07-13 12:15:56,2026-27 Veteran Signings,ADDED,"26-27 $3,506,659"
2026-07-13 12:15:56,2026-27 Veteran Signings,ADDED,"27-28 $3,700,320 (Team"
2026-07-13 12:15:56,2026-27 Veteran Signings,ADDED,"2 Years for $7,206,979. Minimum Salary Exception. Player Trade Consent. Skill; Injury or Illness. Love of the Game. Physical Exam. Alt. 7(b)."
2026-07-13 12:15:56,2026-27 Veteran Signings,ADDED,Execution Date: 7/10/26
2026-07-13 12:16:56,2026-27 Veteran Signings,REMOVED,"27-28 $3,700,320 (Team"
2026-07-13 12:16:56,2026-27 Veteran Signings,REMOVED,"2 Years for $7,206,979. Minimum Salary Exception. Player Trade Consent. Skill; Injury or Illness. Love of the Game. Physical Exam. Alt. 7(b)."
2026-07-13 12:16:56,2026-27 Veteran Signings,ADDED,"27-28 $3,700,320 (Team Option)"
2026-07-13 12:16:56,2026-27 Veteran Signings,ADDED,"2 Years for $7,206,979. Minimum Salary Exception. Player Trade Consent. Team option to extend the contract to include the 2027-28 Season. Skill; Injury or Illness; Mental; Death. Compensation protection for 2026-27 Season is none but will increase to $200,000 if team has not requested waivers on player on or before 7/15/2026"
2026-07-13 12:16:56,2026-27 Veteran Signings,ADDED,Love of the Game. Physical Exam. Alt. 7(b).
2026-07-13 12:17:55,2026-27 Veteran Signings,REMOVED,"2 Years for $7,206,979. Minimum Salary Exception. Player Trade Consent. Team option to extend the contract to include the 2027-28 Season. Skill; Injury or Illness; Mental; Death. Compensation protection for 2026-27 Season is none but will increase to $200,000 if team has not requested waivers on player on or before 7/15/2026"
2026-07-13 12:17:55,2026-27 Veteran Signings,ADDED,"2 Years for $7,206,979. Minimum Salary Exception. Player Trade Consent. Team option to extend the contract to include the 2027-28 Season. Skill; Injury or Illness; Mental; Death. Compensation protection for 2026-27 Season is none but will increase to $200,000 if team has not requested waivers on player on or before 7/15/2026, and increase to $500,000 if team has not requested waivers on player on or before"
2026-07-13 12:22:56,2026-27 Veteran Signings,REMOVED,"2 Years for $7,206,979. Minimum Salary Exception. Player Trade Consent. Team option to extend the contract to include the 2027-28 Season. Skill; Injury or Illness; Mental; Death. Compensation protection for 2026-27 Season is none but will increase to $200,000 if team has not requested waivers on player on or before 7/15/2026, and increase to $500,000 if team has not requested waivers on player on or before"
2026-07-13 12:22:56,2026-27 Veteran Signings,ADDED,"2 Years for $7,206,979. Minimum Salary Exception. Player Trade Consent. Team option to extend the contract to include the 2027-28 Season. Skill; Injury or Illness; Mental; Death. Compensation protection for 2026-27 Season is none but will increase to $200,000 if team has not requested waivers on player on or before 7/15/2026, and increase to $500,000 if team has not requested waivers on player on or before the first dat of the 2026-27"
2026-07-13 12:23:55,2026-27 Veteran Signings,REMOVED,"2 Years for $7,206,979. Minimum Salary Exception. Player Trade Consent. Team option to extend the contract to include the 2027-28 Season. Skill; Injury or Illness; Mental; Death. Compensation protection for 2026-27 Season is none but will increase to $200,000 if team has not requested waivers on player on or before 7/15/2026, and increase to $500,000 if team has not requested waivers on player on or before the first dat of the 2026-27"
2026-07-13 12:23:55,2026-27 Veteran Signings,REMOVED,Love of the Game. Physical Exam. Alt. 7(b).
2026-07-13 12:23:55,2026-27 Veteran Signings,ADDED,"2 Years for $7,206,979. Minimum Salary Exception. Player Trade Consent. Team option to extend the contract to include the 2027-28 Season. Skill; Injury or Illness; Mental; Death. Compensation protection for 2026-27 Season is none but will increase to $200,000 if team has not requested waivers on player on or before 7/15/2026, and increase to $500,000 if team has not requested waivers on player on or before the first day of the 2026-27 Regular Season. Compensation protection for 2027-28 Season is none but will increase to $200,000 if team has not requested waivers on player on or before 7/15/2027, and increase to $500,000 if team has not requested waivers on player on or before the first day of the 2027-28 Regular Season. Love of the Game. Physical Exam. Alt. 7(b)."
2026-07-13 12:25:55,2026-27 Rookie Signings,ADDED,#56 Tarik Biberovic Dallas Mavericks
2026-07-13 12:25:55,2026-27 Rookie Signings,ADDED,"26-27 $1,357,763"
2026-07-13 12:25:55,2026-27 Rookie Signings,ADDED,"27-28 $2,294,370 (Team Option)"
2026-07-13 12:25:55,2026-27 Rookie Signings,ADDED,"4 Years for $9,264,648. Second Round Pick Exception. Team option to extend the contract to include the 2029-30 Season. Insurance Premium Reimbursement. Skill; Injury or Illness. Compensation protection for 2028-29 Season is none but will increase to full if team has not requested waivers on player on or before 7/10/2028. Compensation protection for 2029-30 Season is none. Love of the Game. Physical Exam. Alt. 7(b)."
2026-07-13 12:25:55,2026-27 Rookie Signings,ADDED,Execution Date: 7/1/26
2026-07-13 12:27:04,2026-27 Rookie Signings,REMOVED,"Update 1.2 (7/7/26): N. Ament, J. Jefferson, B. Thornton, I. Evans, T. Brazile, B. Miller"
2026-07-13 12:27:04,2026-27 Rookie Signings,ADDED,"Update 1.2 (7/7/26): N. Ament, J. Jefferson, B. Thornton, I. Evans, T. Brazile, B. Miller, T. Biberovic"
2026-07-13 12:27:04,2026-27 Rookie Signings,REMOVED,#56 Tarik Biberovic Dallas Mavericks
2026-07-13 12:27:04,2026-27 Rookie Signings,REMOVED,"26-27 $1,357,763"
2026-07-13 12:27:04,2026-27 Rookie Signings,REMOVED,"27-28 $2,294,370 (Team Option)"
2026-07-13 12:27:04,2026-27 Rookie Signings,REMOVED,"4 Years for $9,264,648. Second Round Pick Exception. Team option to extend the contract to include the 2029-30 Season. Insurance Premium Reimbursement. Skill; Injury or Illness. Compensation protection for 2028-29 Season is none but will increase to full if team has not requested waivers on player on or before 7/10/2028. Compensation protection for 2029-30 Season is none. Love of the Game. Physical Exam. Alt. 7(b)."
2026-07-13 12:27:04,2026-27 Rookie Signings,ADDED,#56 Tarik Biberovic (2023 NBA DRAFT) Dallas Mavericks
2026-07-13 12:27:04,2026-27 Rookie Signings,ADDED,"26-27 $3,000,000"
2026-07-13 12:27:04,2026-27 Rookie Signings,ADDED,"27-28 $3,000,000 (Team Option)"
2026-07-13 12:27:04,2026-27 Rookie Signings,ADDED,"2 Years for $6,000,000. Non-Taxpayer Mid-Level Exception. Team option to extend the contract to include the 2029-30 Season. Insurance Premium Reimbursement. Skill; Injury or Illness. Compensation protection for 2028-29 Season is none but will increase to full if team has not requested waivers on player on or before 7/10/2028. Compensation protection for 2029-30 Season is none. Love of the Game. Physical Exam. Alt. 7(b)."
2026-07-13 12:28:04,2026-27 Rookie Signings,REMOVED,"2 Years for $6,000,000. Non-Taxpayer Mid-Level Exception. Team option to extend the contract to include the 2029-30 Season. Insurance Premium Reimbursement. Skill; Injury or Illness. Compensation protection for 2028-29 Season is none but will increase to full if team has not requested waivers on player on or before 7/10/2028. Compensation protection for 2029-30 Season is none. Love of the Game. Physical Exam. Alt. 7(b)."
2026-07-13 12:28:04,2026-27 Rookie Signings,REMOVED,Execution Date: 7/1/26
2026-07-13 12:28:04,2026-27 Rookie Signings,ADDED,"2 Years for $6,000,000. Non-Taxpayer Mid-Level Exception (Partial). Advance Payment ($450,000). Team option to extend the contract to include the 2027-28 Season. Skill; Injury or Illness; Mental; Death. Love of the Game. Physical Exam. Alt. 7(b)."
2026-07-13 12:28:04,2026-27 Rookie Signings,ADDED,Execution Date: 7/10/26
2026-07-13 12:29:55,2026-27 Rookie Signings,REMOVED,"Update 1.2 (7/7/26): N. Ament, J. Jefferson, B. Thornton, I. Evans, T. Brazile, B. Miller, T. Biberovic"
2026-07-13 12:29:55,2026-27 Rookie Signings,ADDED,"Update 1.2 (7/7/26): N. Ament, J. Jefferson, B. Thornton, I. Evans, T. Brazile, B. Miller, T. Biberovic, N. Bittle"
2026-07-13 12:30:56,2026-27 Rookie Signings,ADDED,Nathan Bittle Toronto Raptors
2026-07-13 12:30:56,2026-27 Rookie Signings,ADDED,"25-26 $1,357,763"
2026-07-13 12:30:56,2026-27 Rookie Signings,ADDED,"Minimum Salary Exception. Physical Exam. Exh. 9 - Training Camp. Exh. 10 - Affiliate Player ($10,000)."
2026-07-13 12:30:56,2026-27 Rookie Signings,ADDED,Execution Date: 9/23/25
2026-07-13 12:31:55,2026-27 Rookie Signings,REMOVED,"Minimum Salary Exception. Physical Exam. Exh. 9 - Training Camp. Exh. 10 - Affiliate Player ($10,000)."
2026-07-13 12:31:55,2026-27 Rookie Signings,REMOVED,Execution Date: 9/23/25
2026-07-13 12:31:55,2026-27 Rookie Signings,ADDED,"Minimum Salary Exception. Love of the Game. Physical Exam. Alt. 7(b). Exh. 9 - Training Camp. Exh. 10 - Affiliate Player ($91,000)."
2026-07-13 12:31:55,2026-27 Rookie Signings,ADDED,Execution Date: 7/9/26
2026-07-13 12:33:56,2026-27 Rookie Signings,REMOVED,"25-26 $1,357,763"
2026-07-13 12:33:56,2026-27 Rookie Signings,ADDED,"26-27 $1,357,763"
2026-07-13 12:33:56,2026-27 Rookie Signings,ADDED,De’Marquiese Miles Philadelphia 76ers
2026-07-13 12:33:56,2026-27 Rookie Signings,ADDED,"26-27 $1,357,763"
2026-07-13 12:33:56,2026-27 Rookie Signings,ADDED,"Minimum Salary Exception. Love of the Game. Physical Exam. Alt. 7(b). Exh. 9 - Training Camp. Exh. 10 - Affiliate Player ($91,000)."
2026-07-13 12:33:56,2026-27 Rookie Signings,ADDED,Execution Date: 7/9/26
2026-07-13 12:34:55,2026-27 Rookie Signings,REMOVED,"Minimum Salary Exception. Love of the Game. Physical Exam. Alt. 7(b). Exh. 9 - Training Camp. Exh. 10 - Affiliate Player ($91,000)."
2026-07-13 12:34:55,2026-27 Rookie Signings,REMOVED,Execution Date: 7/9/26
2026-07-13 12:34:55,2026-27 Rookie Signings,ADDED,"Minimum Salary Exception. Physical Exam. Alt. 7(b). Exh. 9 - Training Camp. Exh. 10 - Affiliate Player ($91,000)."
2026-07-13 12:34:55,2026-27 Rookie Signings,ADDED,Execution Date: 7/7/26
2026-07-13 12:35:56,2026-27 Rookie Signings,REMOVED,"Minimum Salary Exception. Physical Exam. Alt. 7(b). Exh. 9 - Training Camp. Exh. 10 - Affiliate Player ($91,000)."
2026-07-13 12:35:56,2026-27 Rookie Signings,ADDED,"Minimum Salary Exception. Physical Exam. Exh. 9 - Training Camp. Exh. 10 - Affiliate Player ($91,000)."
2026-07-13 13:13:55,2026-27 Veteran Signings,REMOVED,"2 Years for $7,206,979. Minimum Salary Exception. Player Trade Consent. Team option to extend the contract to include the 2027-28 Season. Skill; Injury or Illness; Mental; Death. Compensation protection for 2026-27 Season is none but will increase to $200,000 if team has not requested waivers on player on or before 7/15/2026, and increase to $500,000 if team has not requested waivers on player on or before the first day of the 2026-27 Regular Season. Compensation protection for 2027-28 Season is none but will increase to $200,000 if team has not requested waivers on player on or before 7/15/2027, and increase to $500,000 if team has not requested waivers on player on or before the first day of the 2027-28 Regular Season. Love of the Game. Physical Exam. Alt. 7(b)."
2026-07-13 13:13:55,2026-27 Veteran Signings,ADDED,"2 Years for $7,206,979. Minimum Salary Exception. Player Trade Consent. Team option to extend the contract to include the 2027-28 Season. Skill; Injury or Illness; Mental; Death. Compensation protection for 2026-27 Season is none but will increase to $200,000 if team has not requested waivers on player on or before 7/15/2026, and increase to $500,000 if team has not requested waivers on player on or before the first day of the 2026-27 Regular Season. Compensation protection for 2027-28 Season is none but will increase to $211,045 if team has not requested waivers on player on or before 7/15/2027, and increase to $527,000 if team has not requested waivers on player on or before the first day of the 2027-28 Regular Season. Love of the Game. Physical Exam. Alt. 7(b)."
2026-07-13 13:14:56,2026-27 Veteran Signings,REMOVED,"2 Years for $7,206,979. Minimum Salary Exception. Player Trade Consent. Team option to extend the contract to include the 2027-28 Season. Skill; Injury or Illness; Mental; Death. Compensation protection for 2026-27 Season is none but will increase to $200,000 if team has not requested waivers on player on or before 7/15/2026, and increase to $500,000 if team has not requested waivers on player on or before the first day of the 2026-27 Regular Season. Compensation protection for 2027-28 Season is none but will increase to $211,045 if team has not requested waivers on player on or before 7/15/2027, and increase to $527,000 if team has not requested waivers on player on or before the first day of the 2027-28 Regular Season. Love of the Game. Physical Exam. Alt. 7(b)."
2026-07-13 13:14:56,2026-27 Veteran Signings,ADDED,"2 Years for $7,206,979. Minimum Salary Exception. Player Trade Consent. Team option to extend the contract to include the 2027-28 Season. Skill; Injury or Illness; Mental; Death. Compensation protection for 2026-27 Season is none but will increase to $200,000 if team has not requested waivers on player on or before 7/15/2026, and increase to $500,000 if team has not requested waivers on player on or before the first day of the 2026-27 Regular Season. Compensation protection for 2027-28 Season is none but will increase to $211,045 if team has not requested waivers on player on or before 7/15/2027, and increase to $527,613 if team has not requested waivers on player on or before the first day of the 2027-28 Regular Season. Love of the Game. Physical Exam. Alt. 7(b)."
2026-07-15 09:10:56,2026-27 Veteran Signings,REMOVED,"Update 1.2 (7/7/26): P. Achiuwa, J. Alvarado, K. Anderson, M. Bamba, H. Barnes, C. Bassey, B. Bogdanovic, T. Bryant, J. Clark, J. Clarkson, J. Collins, M. Conley, M. Diawara, O. Dieng, A. Dosunmu, A. Drummond, T. Eason, K. Ellis, C. Gillespie, J. Green, Q. Grimes, J. Goodwin, R. Hachimura, T. Hardaway Jr., T. Harris, I. Hartenstein, J. Hayes, K. Huerter, A. Hukporti, D. Jordan, W. Kessler, J. Landale, K. Looney, T. Lyles, S. Mamukelashvili, K. Middleton, J. Miller, L. Nance, P. Nance, J. Nurkic, N. Powell, J. Okogie, K. Oubre, Q. Post, A. Reaves, M. Robinson, K. Sanders, C. Sexton, L. Shamet, M. Smart, V. Wembanyama, C. White, K. Williams, M. Williams, T. Young"
2026-07-15 09:10:56,2026-27 Veteran Signings,ADDED,"Update 1.2 (7/7/26): P. Achiuwa, J. Alvarado, K. Anderson, M. Bamba, H. Barnes, C. Bassey, B. Bogdanovic, T. Bryant, J. Clark, J. Clarkson, J. Collins, M. Conley, M. Diawara, O. Dieng, A. Dosunmu, A. Drummond, T. Eason, K. Ellis, C. Gillespie, J. Green, Q. Grimes, J. Goodwin, R. Hachimura, T. Hardaway Jr., T. Harris, I. Hartenstein, J. Hayes, K. Huerter, A. Hukporti, D. Jordan, W. Kessler, J. Landale, K. Looney, T. Lyles, S. Mamukelashvili, J. McLaughlin, K. Middleton, J. Miller, L. Nance, P. Nance, J. Nurkic, N. Powell, J. Okogie, K. Oubre, Q. Post, A. Reaves, M. Robinson, K. Sanders, C. Sexton, L. Shamet, M. Smart, V. Wembanyama, C. White, K. Williams, M. Williams, T. Young"
2026-07-15 09:11:58,2026-27 Veteran Signings,ADDED,Jordan McLaughlin San Antonio Spurs
2026-07-15 09:11:58,2026-27 Veteran Signings,ADDED,"26-27 $3,286,399"
2026-07-15 09:11:58,2026-27 Veteran Signings,ADDED,Minimum Salary Exception. Player Trade Consent. Skill; Injury or Illness. Love of the Game. Physical Exam. Alt. 7(b).
2026-07-15 09:11:58,2026-27 Veteran Signings,ADDED,Execution Date: 7/13/26
2026-07-15 09:12:57,2026-27 Veteran Signings,REMOVED,"Update 1.2 (7/7/26): P. Achiuwa, J. Alvarado, K. Anderson, M. Bamba, H. Barnes, C. Bassey, B. Bogdanovic, T. Bryant, J. Clark, J. Clarkson, J. Collins, M. Conley, M. Diawara, O. Dieng, A. Dosunmu, A. Drummond, T. Eason, K. Ellis, C. Gillespie, J. Green, Q. Grimes, J. Goodwin, R. Hachimura, T. Hardaway Jr., T. Harris, I. Hartenstein, J. Hayes, K. Huerter, A. Hukporti, D. Jordan, W. Kessler, J. Landale, K. Looney, T. Lyles, S. Mamukelashvili, J. McLaughlin, K. Middleton, J. Miller, L. Nance, P. Nance, J. Nurkic, N. Powell, J. Okogie, K. Oubre, Q. Post, A. Reaves, M. Robinson, K. Sanders, C. Sexton, L. Shamet, M. Smart, V. Wembanyama, C. White, K. Williams, M. Williams, T. Young"
2026-07-15 09:12:57,2026-27 Veteran Signings,ADDED,"Update 1.2 (7/7/26): P. Achiuwa, J. Alvarado, K. Anderson, M. Bamba, H. Barnes, C. Bassey, B. Bogdanovic, T. Bryant, J. Clark, J. Clarkson, J. Collins, M. Conley, M. Diawara, O. Dieng, A. Dosunmu, A. Drummond, T. Eason, K. Ellis, C. Gillespie, J. Green, Q. Grimes, J. Goodwin, R. Hachimura, T. Hardaway Jr., T. Harris, I. Hartenstein, J. Hayes, K. Huerter, A. Hukporti, T. Jones, D. Jordan, W. Kessler, J. Landale, K. Looney, T. Lyles, S. Mamukelashvili, J. McLaughlin, K. Middleton, J. Miller, L. Nance, P. Nance, J. Nurkic, N. Powell, J. Okogie, K. Oubre, Q. Post, A. Reaves, M. Robinson, K. Sanders, C. Sexton, L. Shamet, M. Smart, V. Wembanyama, C. White, K. Williams, M. Williams, T. Young"
2026-07-15 09:12:57,2026-27 Veteran Signings,ADDED,Tyus Jones Denver Nuggets
2026-07-15 09:12:57,2026-27 Veteran Signings,ADDED,"26-27 $3,876,529"
2026-07-15 09:12:57,2026-27 Veteran Signings,ADDED,Minimum Salary Exception. Player Trade Consent. Skill; Injury or Illness; Mental; Death. Love of the Game. Physical Exam. Alt. 7(b).
2026-07-15 09:12:57,2026-27 Veteran Signings,ADDED,Execution Date: 7/14/26
2026-07-15 09:13:56,2026-27 Veteran Signings,REMOVED,"Update 1.2 (7/7/26): P. Achiuwa, J. Alvarado, K. Anderson, M. Bamba, H. Barnes, C. Bassey, B. Bogdanovic, T. Bryant, J. Clark, J. Clarkson, J. Collins, M. Conley, M. Diawara, O. Dieng, A. Dosunmu, A. Drummond, T. Eason, K. Ellis, C. Gillespie, J. Green, Q. Grimes, J. Goodwin, R. Hachimura, T. Hardaway Jr., T. Harris, I. Hartenstein, J. Hayes, K. Huerter, A. Hukporti, T. Jones, D. Jordan, W. Kessler, J. Landale, K. Looney, T. Lyles, S. Mamukelashvili, J. McLaughlin, K. Middleton, J. Miller, L. Nance, P. Nance, J. Nurkic, N. Powell, J. Okogie, K. Oubre, Q. Post, A. Reaves, M. Robinson, K. Sanders, C. Sexton, L. Shamet, M. Smart, V. Wembanyama, C. White, K. Williams, M. Williams, T. Young"
2026-07-15 09:13:56,2026-27 Veteran Signings,ADDED,"Update 1.2 (7/7/26): P. Achiuwa, J. Alvarado, K. Anderson, M. Bamba, H. Barnes, C. Bassey, B. Bogdanovic, T. Bryant, J. Clark, J. Clarkson, J. Collins, M. Conley, M. Diawara, O. Dieng, A. Dosunmu, A. Drummond, T. Eason, K. Ellis, C. Gillespie, J. Green, Q. Grimes, J. Goodwin, R. Hachimura, T. Hardaway Jr., T. Harris, I. Hartenstein, J. Hayes, K. Huerter, A. Hukporti, T. Jones, D. Jordan, L. Kennard, W. Kessler, J. Landale, K. Looney, T. Lyles, S. Mamukelashvili, J. McLaughlin, K. Middleton, J. Miller, L. Nance, P. Nance, J. Nurkic, N. Powell, J. Okogie, K. Oubre, Q. Post, A. Reaves, M. Robinson, K. Sanders, C. Sexton, L. Shamet, M. Smart, V. Wembanyama, C. White, K. Williams, M. Williams, T. Young"
2026-07-15 09:15:56,2026-27 Veteran Signings,ADDED,Marcus Smart Houston Rockets
2026-07-15 09:15:56,2026-27 Veteran Signings,ADDED,"26-27 $6,064,000"
2026-07-15 09:15:56,2026-27 Veteran Signings,ADDED,"27-28 $6,367,200 (Player Option)"
2026-07-15 09:15:56,2026-27 Veteran Signings,ADDED,"2 Years for $12,431,200. Taxpayer Mid-Level Exception. Player option to extend the contract to include the 2027-28 Season. Skill; Injury or Illness; Mental; Death. Love of the Game. Physical Exam. Alt. 7(b)."
2026-07-15 09:15:56,2026-27 Veteran Signings,ADDED,Execution Date: 7/10/26
2026-07-15 09:16:56,2026-27 Veteran Signings,REMOVED,"2 Years for $12,431,200. Taxpayer Mid-Level Exception. Player option to extend the contract to include the 2027-28 Season. Skill; Injury or Illness; Mental; Death. Love of the Game. Physical Exam. Alt. 7(b)."
2026-07-15 09:16:56,2026-27 Veteran Signings,REMOVED,Execution Date: 7/10/26
2026-07-15 09:16:56,2026-27 Veteran Signings,ADDED,"2 Years for $12,431,200. Taxpayer Mid-Level Exception. Player option to extend the contract to include the 2027-28 Season. Insurance Premium Reimbursement. Skill; Injury or Illness; Mental. Love of the Game. Physical Exam. Alt. 7(b)."
2026-07-15 09:16:56,2026-27 Veteran Signings,ADDED,Execution Date: 7/14/26
2026-07-15 09:16:56,2026-27 Veteran Signings,REMOVED,"2 Years for $12,431,200. Taxpayer Mid-Level Exception (Partial). Player option to extend the contract to include the 2027-28 Season. Skill; Injury or Illness; Mental; Death. Love of the Game. Physical Exam. Alt. 7(b)."
2026-07-15 09:16:56,2026-27 Veteran Signings,ADDED,"2 Years for $12,431,200. Taxpayer Mid-Level Exception. Player option to extend the contract to include the 2027-28 Season. Skill; Injury or Illness; Mental; Death. Love of the Game. Physical Exam. Alt. 7(b)."
2026-07-15 09:23:56,2026-27 Veteran Signings,REMOVED,Marcus Smart Houston Rockets
2026-07-15 09:23:56,2026-27 Veteran Signings,ADDED,Luke Kennard Phoenix Suns
2026-07-15 09:24:57,2026-27 Rookie Signings,REMOVED,"Update 1.2 (7/7/26): N. Ament, J. Jefferson, B. Thornton, I. Evans, T. Brazile, B. Miller, T. Biberovic, N. Bittle"
2026-07-15 09:24:57,2026-27 Rookie Signings,ADDED,"Update 1.2 (7/7/26): C. Boozer, N. Ament, J. Jefferson, B. Thornton, I. Evans, T. Brazile, B. Miller, T. Biberovic, N. Bittle"
2026-07-15 09:24:57,2026-27 Rookie Signings,ADDED,Execution Date: 7/1/26
2026-07-15 09:24:57,2026-27 Rookie Signings,ADDED,#3 Cameron Boozer Memphis Grizzlies
2026-07-15 09:24:57,2026-27 Rookie Signings,ADDED,"26-27 $11,849,760"
2026-07-15 09:24:57,2026-27 Rookie Signings,ADDED,"27-28 $12,441,840"
2026-07-15 09:24:57,2026-27 Rookie Signings,ADDED,"28-29 $13,034,880 (Team Option)"
2026-07-15 09:24:57,2026-27 Rookie Signings,ADDED,"29-30 $16,476,088 (Team Option)"
2026-07-15 09:24:57,2026-27 Rookie Signings,ADDED,120%. Rookie Scale Exception. Advance Payment ($
2026-07-15 09:24:57,2026-27 Rookie Signings,ADDED,. Insurance Premium Reimbursement. Skill; Injury or Illness; Mental. Love of the Game. Physical Exam. Alt. 7(b).
2026-07-15 09:25:57,2026-27 Rookie Signings,REMOVED,Execution Date: 7/1/26
2026-07-15 09:25:57,2026-27 Rookie Signings,ADDED,Execution Date: 7/13/26
2026-07-15 09:27:55,2026-27 Rookie Signings,REMOVED,120%. Rookie Scale Exception. Advance Payment ($
2026-07-15 09:27:55,2026-27 Rookie Signings,REMOVED,. Insurance Premium Reimbursement. Skill; Injury or Illness; Mental. Love of the Game. Physical Exam. Alt. 7(b).
2026-07-15 09:27:55,2026-27 Rookie Signings,ADDED,"120%. Rookie Scale Exception. Advance Payment ($3,643,740). Insurance Premium Reimbursement. Skill; Injury or Illness; Mental. Love of the Game. Physical Exam. Alt. 7(b)."
2026-07-15 10:43:56,2026-27 Rookie Signings,REMOVED,"Update 1.2 (7/7/26): C. Boozer, N. Ament, J. Jefferson, B. Thornton, I. Evans, T. Brazile, B. Miller, T. Biberovic, N. Bittle"
2026-07-15 10:43:56,2026-27 Rookie Signings,ADDED,"Update 1.2 (7/7/26): C. Boozer, N. Ament, J. Jefferson, B. Thornton, I. Evans, T. Brazile, B. Miller, T. Biberovic, N. Battle, A. Diallo, D. Miles"
2026-07-15 10:43:56,2026-27 Rookie Signings,ADDED,Alpha Diallo Denver Nuggets
2026-07-15 10:43:56,2026-27 Rookie Signings,ADDED,"26-27 $1,357,763"
2026-07-15 10:43:56,2026-27 Rookie Signings,ADDED,"Minimum Salary Exception. Skill; Injury oPhysical Exam. Exh. 9 - Training Camp. Exh. 10 - Affiliate Player ($91,000)."
2026-07-15 10:43:56,2026-27 Rookie Signings,ADDED,Execution Date: 7/7/26
2026-07-15 10:44:56,2026-27 Rookie Signings,REMOVED,"Minimum Salary Exception. Skill; Injury oPhysical Exam. Exh. 9 - Training Camp. Exh. 10 - Affiliate Player ($91,000)."
2026-07-15 10:44:56,2026-27 Rookie Signings,REMOVED,Execution Date: 7/7/26
2026-07-15 10:44:56,2026-27 Rookie Signings,ADDED,Minimum Salary Exception. Skill; Injury or Illness; Mental; Death. Love of the Game. Physical Exam. Alt. 7(b).
2026-07-15 10:44:56,2026-27 Rookie Signings,ADDED,Execution Date: 7/12/26
2026-07-15 10:48:55,2026-27 Rookie Signings,ADDED,Milos Uzan Boston Celtics
2026-07-15 10:48:55,2026-27 Rookie Signings,ADDED,"26-27 $1,357,763"
2026-07-15 10:48:55,2026-27 Rookie Signings,ADDED,"Minimum Salary Exception. Physical Exam. Exh. 9 - Training Camp. Exh. 10 - Affiliate Player ($91,000)."
2026-07-15 10:48:55,2026-27 Rookie Signings,ADDED,Execution Date: 7/7/26
2026-07-15 10:49:55,2026-27 Rookie Signings,REMOVED,Execution Date: 7/7/26
2026-07-15 10:49:55,2026-27 Rookie Signings,ADDED,Execution Date: 7/14/26
2026-07-15 10:53:55,2026-27 Rookie Signings,REMOVED,"Update 1.2 (7/7/26): C. Boozer, N. Ament, J. Jefferson, B. Thornton, I. Evans, T. Brazile, B. Miller, T. Biberovic, N. Battle, A. Diallo, D. Miles"
2026-07-15 10:53:55,2026-27 Rookie Signings,ADDED,"Update 1.2 (7/7/26): C. Boozer, N. Ament, J. Jefferson, B. Thornton, I. Evans, T. Brazile, B. Miller, T. Biberovic, N. Battle, A. Diallo, T. DeVries, D. Miles"
2026-07-15 10:53:55,2026-27 Rookie Signings,ADDED,Tucker DeVries Boston Celtics
2026-07-15 10:53:55,2026-27 Rookie Signings,ADDED,"26-27 $1,357,763"
2026-07-15 10:53:55,2026-27 Rookie Signings,ADDED,"Minimum Salary Exception. Physical Exam. Exh. 9 - Training Camp. Exh. 10 - Affiliate Player ($91,000)."
2026-07-15 10:53:55,2026-27 Rookie Signings,ADDED,Execution Date: 7/14/26
2026-07-15 16:04:56,2026-27 Veteran Signings,REMOVED,Quinten Post Los Angeles Clippers
2026-07-15 16:04:56,2026-27 Veteran Signings,ADDED,Quinten Post Memphis Grizzlies
2026-07-16 11:30:43,2026-27 Veteran Signings,REMOVED,"Update 1.2 (7/7/26): P. Achiuwa, J. Alvarado, K. Anderson, M. Bamba, H. Barnes, C. Bassey, B. Bogdanovic, T. Bryant, J. Clark, J. Clarkson, J. Collins, M. Conley, M. Diawara, O. Dieng, A. Dosunmu, A. Drummond, T. Eason, K. Ellis, C. Gillespie, J. Green, Q. Grimes, J. Goodwin, R. Hachimura, T. Hardaway Jr., T. Harris, I. Hartenstein, J. Hayes, K. Huerter, A. Hukporti, T. Jones, D. Jordan, L. Kennard, W. Kessler, J. Landale, K. Looney, T. Lyles, S. Mamukelashvili, J. McLaughlin, K. Middleton, J. Miller, L. Nance, P. Nance, J. Nurkic, N. Powell, J. Okogie, K. Oubre, Q. Post, A. Reaves, M. Robinson, K. Sanders, C. Sexton, L. Shamet, M. Smart, V. Wembanyama, C. White, K. Williams, M. Williams, T. Young"
2026-07-16 11:30:43,2026-27 Veteran Signings,ADDED,"Update 1.2 (7/7/26): P. Achiuwa, J. Alvarado, K. Anderson, M. Bagley, M. Bamba, H. Barnes, C. Bassey, B. Bogdanovic, T. Bryant, J. Clark, J. Clarkson, J. Collins, M. Conley, M. Diawara, O. Dieng, A. Dosunmu, A. Drummond, T. Eason, K. Ellis, C. Gillespie, J. Green, Q. Grimes, J. Goodwin, R. Hachimura, T. Hardaway Jr., T. Harris, I. Hartenstein, J. Hayes, K. Huerter, A. Hukporti, T. Jones, D. Jordan, L. Kennard, W. Kessler, J. Landale, K. Looney, T. Lyles, S. Mamukelashvili, J. McLaughlin, K. Middleton, J. Miller, L. Nance, P. Nance, J. Nurkic, N. Powell, J. Okogie, K. Oubre, Q. Post, A. Reaves, M. Robinson, K. Sanders, C. Sexton, L. Shamet, M. Smart, V. Wembanyama, C. White, K. Williams, M. Williams, T. Young"
2026-07-16 11:31:42,2026-27 Veteran Signings,ADDED,Marvin Bagley Denver Nuggets
2026-07-16 11:31:42,2026-27 Veteran Signings,ADDED,"26-27 $3,506,659"
2026-07-16 11:31:42,2026-27 Veteran Signings,ADDED,Minimum Salary Exception. Player Trade Consent. Insurance Premium Reimbursement. Skill; Injury or Illness. Love of the Game. Physical Exam. Alt. 7(b).
2026-07-16 11:31:42,2026-27 Veteran Signings,ADDED,Execution Date: 7/1/26
2026-07-16 11:31:56,2026-27 Veteran Signings,REMOVED,Minimum Salary Exception. Player Trade Consent. Insurance Premium Reimbursement. Skill; Injury or Illness. Love of the Game. Physical Exam. Alt. 7(b).
2026-07-16 11:31:56,2026-27 Veteran Signings,REMOVED,Execution Date: 7/1/26
2026-07-16 11:31:56,2026-27 Veteran Signings,ADDED,Minimum Salary Exception. Skill; Injury or Illness; Mental; Death. Love of the Game. Physical Exam. Alt. 7(b).
2026-07-16 11:31:56,2026-27 Veteran Signings,ADDED,Execution Date: 7/14/26
2026-07-16 11:34:55,2026-27 Veteran Signings,REMOVED,"Update 1.2 (7/7/26): P. Achiuwa, J. Alvarado, K. Anderson, M. Bagley, M. Bamba, H. Barnes, C. Bassey, B. Bogdanovic, T. Bryant, J. Clark, J. Clarkson, J. Collins, M. Conley, M. Diawara, O. Dieng, A. Dosunmu, A. Drummond, T. Eason, K. Ellis, C. Gillespie, J. Green, Q. Grimes, J. Goodwin, R. Hachimura, T. Hardaway Jr., T. Harris, I. Hartenstein, J. Hayes, K. Huerter, A. Hukporti, T. Jones, D. Jordan, L. Kennard, W. Kessler, J. Landale, K. Looney, T. Lyles, S. Mamukelashvili, J. McLaughlin, K. Middleton, J. Miller, L. Nance, P. Nance, J. Nurkic, N. Powell, J. Okogie, K. Oubre, Q. Post, A. Reaves, M. Robinson, K. Sanders, C. Sexton, L. Shamet, M. Smart, V. Wembanyama, C. White, K. Williams, M. Williams, T. Young"
2026-07-16 11:34:55,2026-27 Veteran Signings,ADDED,"Update 1.2 (7/7/26): P. Achiuwa, J. Alvarado, K. Anderson, M. Bagley, M. Bamba, H. Barnes, C. Bassey, B. Bogdanovic, T. Bryant, J. Clark, J. Clarkson, J. Collins, M. Conley, M. Diawara, O. Dieng, A. Dosunmu, A. Drummond, T. Eason, K. Ellis, C. Gillespie, J. Green, Q. Grimes, J. Goodwin, R. Hachimura, T. Hardaway Jr., T. Harris, I. Hartenstein, J. Hayes, K. Huerter, A. Hukporti, T. Jones, D. Jordan, L. Kennard, W. Kessler, J. Landale, K. Looney, T. Lyles, S. Mamukelashvili, J. McLaughlin, K. Middleton, J. Miller, L. Nance, P. Nance, J. Nurkic, N. Powell, J. Okogie, K. Oubre, Q. Post, A. Reaves, M. Robinson, K. Sanders, C. Sexton, L. Shamet, M. Smart, G. Trent, V. Wembanyama, C. White, K. Williams, M. Williams, T. Young"
2026-07-16 11:35:42,2026-27 Veteran Signings,ADDED,Gary Trent Jr. Milwaukee Bucks
2026-07-16 11:35:42,2026-27 Veteran Signings,ADDED,"26-27 $15,200,000"
2026-07-16 11:35:42,2026-27 Veteran Signings,ADDED,"27-28 $16,400,000"
2026-07-16 11:35:42,2026-27 Veteran Signings,ADDED,"28-29 $5,750,000 (Team Option)"
2026-07-16 11:35:42,2026-27 Veteran Signings,ADDED,"3 Years for $17,250,000. Bird Exception. Team option to extend the contract to include the 2028-29 Season. Skill; Injury or Illness; Mental. Love of the Game. Physical Exam. Alt. 7(b)."
2026-07-16 11:35:42,2026-27 Veteran Signings,ADDED,Execution Date: 7/9/26
2026-07-16 11:35:55,2026-27 Veteran Signings,REMOVED,"28-29 $5,750,000 (Team Option)"
2026-07-16 11:35:55,2026-27 Veteran Signings,REMOVED,"3 Years for $17,250,000. Bird Exception. Team option to extend the contract to include the 2028-29 Season. Skill; Injury or Illness; Mental. Love of the Game. Physical Exam. Alt. 7(b)."
2026-07-16 11:35:55,2026-27 Veteran Signings,ADDED,"28-29 $16,400,000"
2026-07-16 11:35:55,2026-27 Veteran Signings,ADDED,"29-30 $16,000,000"
2026-07-16 11:35:55,2026-27 Veteran Signings,ADDED,"4 Years for $64,250,000. Bird Exception. Team option to extend the contract to include the 2028-29 Season. Skill; Injury or Illness; Mental. Love of the Game. Physical Exam. Alt. 7(b)."
2026-07-16 11:36:42,2026-27 Veteran Signings,REMOVED,"4 Years for $64,250,000. Bird Exception. Team option to extend the contract to include the 2028-29 Season. Skill; Injury or Illness; Mental. Love of the Game. Physical Exam. Alt. 7(b)."
2026-07-16 11:36:42,2026-27 Veteran Signings,REMOVED,Execution Date: 7/9/26
2026-07-16 11:36:42,2026-27 Veteran Signings,ADDED,"4 Years for $64,000,000. Bird Exception. Insurance Premium Reimbursement. Skill; Injury or Illness; Mental. Love of the Game. Physical Exam. Alt. 7(b)."
2026-07-16 11:36:42,2026-27 Veteran Signings,ADDED,Execution Date: 7/15/26
2026-07-17 11:11:42,2026-27 Veteran Signings,REMOVED,"Update 1.2 (7/7/26): P. Achiuwa, J. Alvarado, K. Anderson, M. Bagley, M. Bamba, H. Barnes, C. Bassey, B. Bogdanovic, T. Bryant, J. Clark, J. Clarkson, J. Collins, M. Conley, M. Diawara, O. Dieng, A. Dosunmu, A. Drummond, T. Eason, K. Ellis, C. Gillespie, J. Green, Q. Grimes, J. Goodwin, R. Hachimura, T. Hardaway Jr., T. Harris, I. Hartenstein, J. Hayes, K. Huerter, A. Hukporti, T. Jones, D. Jordan, L. Kennard, W. Kessler, J. Landale, K. Looney, T. Lyles, S. Mamukelashvili, J. McLaughlin, K. Middleton, J. Miller, L. Nance, P. Nance, J. Nurkic, N. Powell, J. Okogie, K. Oubre, Q. Post, A. Reaves, M. Robinson, K. Sanders, C. Sexton, L. Shamet, M. Smart, G. Trent, V. Wembanyama, C. White, K. Williams, M. Williams, T. Young"
2026-07-17 11:11:42,2026-27 Veteran Signings,ADDED,"Update 1.2 (7/7/26 - 7/17/26): P. Achiuwa, J. Alvarado, K. Anderson, M. Bagley, M. Bamba, H. Barnes, C. Bassey, B. Bogdanovic, T. Bryant, J. Clark, J. Clarkson, J. Collins, M. Conley, M. Diawara, O. Dieng, A. Dosunmu, A. Drummond, T. Eason, K. Ellis, C. Gillespie, J. Green, Q. Grimes, J. Goodwin, R. Hachimura, T. Hardaway Jr., T. Harris, I. Hartenstein, J. Hayes, K. Huerter, A. Hukporti, T. Jones, D. Jordan, L. Kennard, W. Kessler, J. Landale, K. Looney, T. Lyles, S. Mamukelashvili, J. McLaughlin, K. Middleton, J. Miller, L. Nance, P. Nance, J. Nurkic, N. Powell, J. Okogie, K. Oubre, Q. Post, A. Reaves, M. Robinson, K. Sanders, C. Sexton, L. Shamet, M. Smart, G. Trent, V. Wembanyama, C. White, K. Williams, M. Williams, T. Young"
2026-07-17 11:11:42,2026-27 Two-Way Signings,REMOVED,"Update 1.2 (7/7/26): M. Ajayi, T. Alexander, K. Boswell, K. Brea, K. Brown, Q. Copeland, E. Harkless, F. Okpara, R. Rupert"
2026-07-17 11:11:42,2026-27 Two-Way Signings,ADDED,"Update 1.2 (7/7/26 - 7/17/26): M. Ajayi, T. Alexander, K. Boswell, K. Brea, K. Brown, Q. Copeland, E. Harkless, F. Okpara, R. Rupert"
2026-07-17 11:11:42,2026-27 Rookie Signings,REMOVED,"Update 1.2 (7/7/26): C. Boozer, N. Ament, J. Jefferson, B. Thornton, I. Evans, T. Brazile, B. Miller, T. Biberovic, N. Battle, A. Diallo, T. DeVries, D. Miles"
2026-07-17 11:11:42,2026-27 Rookie Signings,ADDED,"Update 1.2 (7/7/26 - 7/17/26): C. Boozer, N. Ament, J. Jefferson, B. Thornton, I. Evans, T. Brazile, B. Miller, T. Biberovic, N. Battle, A. Diallo, T. DeVries, D. Miles"
2026-07-20 07:20:56,2026-27 Veteran Signings,REMOVED,"Update 1.2 (7/7/26 - 7/17/26): P. Achiuwa, J. Alvarado, K. Anderson, M. Bagley, M. Bamba, H. Barnes, C. Bassey, B. Bogdanovic, T. Bryant, J. Clark, J. Clarkson, J. Collins, M. Conley, M. Diawara, O. Dieng, A. Dosunmu, A. Drummond, T. Eason, K. Ellis, C. Gillespie, J. Green, Q. Grimes, J. Goodwin, R. Hachimura, T. Hardaway Jr., T. Harris, I. Hartenstein, J. Hayes, K. Huerter, A. Hukporti, T. Jones, D. Jordan, L. Kennard, W. Kessler, J. Landale, K. Looney, T. Lyles, S. Mamukelashvili, J. McLaughlin, K. Middleton, J. Miller, L. Nance, P. Nance, J. Nurkic, N. Powell, J. Okogie, K. Oubre, Q. Post, A. Reaves, M. Robinson, K. Sanders, C. Sexton, L. Shamet, M. Smart, G. Trent, V. Wembanyama, C. White, K. Williams, M. Williams, T. Young"
2026-07-20 07:20:56,2026-27 Veteran Signings,ADDED,"Update 1.2 (7/7/26 - 7/17/26): P. Achiuwa, J. Alvarado, K. Anderson, M. Bagley, M. Bamba, H. Barnes, C. Bassey, B. Bogdanovic, T. Bryant, J. Clark, J. Clarkson, J. Collins, M. Conley, M. Diawara, O. Dieng, A. Dosunmu, A. Drummond, T. Eason, K. Ellis, C. Gillespie, J. Green, Q. Grimes, J. Goodwin, R. Hachimura, T. Hardaway Jr., T. Harris, I. Hartenstein, J. Hayes, K. Huerter, A. Hukporti, T. Jones, D. Jordan, L. Kennard, W. Kessler, J. Landale, K. Looney, T. Lyles, S. Mamukelashvili, J. McLaughlin, K. Middleton, J. Miller, L. Nance, P. Nance, J. Nurkic, N. Powell, J. Okogie, K. Oubre, Q. Post, A. Reaves, M. Robinson, K. Sanders, C. Sexton, L. Shamet, M. Smart, G. Trent, V. Wembanyama, C. White, K. Williams, M. Williams, Z. Williams T. Young"
2026-07-20 07:20:56,2026-27 Veteran Signings,ADDED,Ziaire Williams Los Angeles Lakers
2026-07-20 07:20:56,2026-27 Veteran Signings,ADDED,"26-27 $2,845,883"
2026-07-20 07:20:56,2026-27 Veteran Signings,ADDED,Minimum Salary Exception. Skill; Injury or Illness; Mental; Death. Love of the Game. Physical Exam. Alt. 7(b).
2026-07-20 07:20:56,2026-27 Veteran Signings,ADDED,Execution Date: 7/6/26
2026-07-20 07:21:55,2026-27 Veteran Signings,REMOVED,Execution Date: 7/6/26
2026-07-20 07:21:55,2026-27 Veteran Signings,ADDED,Execution Date: 7/19/26
2026-07-20 07:23:55,2026-27 Veteran Signings,REMOVED,"Update 1.2 (7/7/26 - 7/17/26): P. Achiuwa, J. Alvarado, K. Anderson, M. Bagley, M. Bamba, H. Barnes, C. Bassey, B. Bogdanovic, T. Bryant, J. Clark, J. Clarkson, J. Collins, M. Conley, M. Diawara, O. Dieng, A. Dosunmu, A. Drummond, T. Eason, K. Ellis, C. Gillespie, J. Green, Q. Grimes, J. Goodwin, R. Hachimura, T. Hardaway Jr., T. Harris, I. Hartenstein, J. Hayes, K. Huerter, A. Hukporti, T. Jones, D. Jordan, L. Kennard, W. Kessler, J. Landale, K. Looney, T. Lyles, S. Mamukelashvili, J. McLaughlin, K. Middleton, J. Miller, L. Nance, P. Nance, J. Nurkic, N. Powell, J. Okogie, K. Oubre, Q. Post, A. Reaves, M. Robinson, K. Sanders, C. Sexton, L. Shamet, M. Smart, G. Trent, V. Wembanyama, C. White, K. Williams, M. Williams, Z. Williams T. Young"
2026-07-20 07:23:55,2026-27 Veteran Signings,ADDED,"Update 1.2 (7/7/26 - 7/17/26): P. Achiuwa, J. Alvarado, K. Anderson, M. Bagley, M. Bamba, H. Barnes, C. Bassey, B. Bogdanovic, T. Bryant, M. Cisse, J. Clark, J. Clarkson, J. Collins, M. Conley, M. Diawara, O. Dieng, A. Dosunmu, A. Drummond, T. Eason, K. Ellis, C. Gillespie, J. Green, Q. Grimes, J. Goodwin, R. Hachimura, T. Hardaway Jr., T. Harris, I. Hartenstein, J. Hayes, K. Huerter, A. Hukporti, T. Jones, D. Jordan, L. Kennard, W. Kessler, J. Landale, K. Looney, T. Lyles, S. Mamukelashvili, J. McLaughlin, K. Middleton, J. Miller, L. Nance, P. Nance, J. Nurkic, N. Powell, J. Okogie, K. Oubre, Q. Post, A. Reaves, M. Robinson, K. Sanders, C. Sexton, L. Shamet, M. Smart, G. Trent, V. Wembanyama, C. White, K. Williams, M. Williams, Z. Williams T. Young"
2026-07-20 07:23:55,2026-27 Veteran Signings,ADDED,Mouss Memphis Grizzlies
2026-07-20 07:23:55,2026-27 Veteran Signings,ADDED,"26-27 $9,000,000 ($10,350,000)"
2026-07-20 07:23:55,2026-27 Veteran Signings,ADDED,"27-28 $8,550,000 ($9,832,500)"
2026-07-20 07:23:55,2026-27 Veteran Signings,ADDED,"28-29 $8,550,000 ($9,832,500) (Team Option)"
2026-07-20 07:23:55,2026-27 Veteran Signings,ADDED,"3 Years for $26,100,000 ($30,015,000 w/unlikely to be earned bonuses). Non-Taxpayer Mid-Level Exception (Partial). Offer Sheet (Not Matched). Team option to extend the contract to include the 2028-29 Season. Insurance Premium Reimbursement. Skill; Injury or Illness; Mental. Compensation protection for 2027-28 Season is none but will increase to full if team has not requested waivers on player on or before the date that is two days after the 2027 NBA Draft. Compensation protection for 2028-29 Season is none but will increase to full if team has not requested waivers on player on or before the date that is two days after the 2028 NBA Draft. Love of the Game. Physical Exam. Alt. 7(b)."
2026-07-20 07:23:55,2026-27 Veteran Signings,ADDED,Execution Date: 7/8/26
2026-07-20 07:24:55,2026-27 Veteran Signings,REMOVED,Mouss Memphis Grizzlies
2026-07-20 07:24:55,2026-27 Veteran Signings,REMOVED,"26-27 $9,000,000 ($10,350,000)"
2026-07-20 07:24:55,2026-27 Veteran Signings,REMOVED,"27-28 $8,550,000 ($9,832,500)"
2026-07-20 07:24:55,2026-27 Veteran Signings,REMOVED,"28-29 $8,550,000 ($9,832,500) (Team Option)"
2026-07-20 07:24:55,2026-27 Veteran Signings,REMOVED,"3 Years for $26,100,000 ($30,015,000 w/unlikely to be earned bonuses). Non-Taxpayer Mid-Level Exception (Partial). Offer Sheet (Not Matched). Team option to extend the contract to include the 2028-29 Season. Insurance Premium Reimbursement. Skill; Injury or Illness; Mental. Compensation protection for 2027-28 Season is none but will increase to full if team has not requested waivers on player on or before the date that is two days after the 2027 NBA Draft. Compensation protection for 2028-29 Season is none but will increase to full if team has not requested waivers on player on or before the date that is two days after the 2028 NBA Draft. Love of the Game. Physical Exam. Alt. 7(b)."
2026-07-20 07:24:55,2026-27 Veteran Signings,ADDED,Moussa Cisse Dallas Mavericks
2026-07-20 07:24:55,2026-27 Veteran Signings,ADDED,26-27 $
2026-07-20 07:24:55,2026-27 Veteran Signings,ADDED,27-28 $
2026-07-20 07:24:55,2026-27 Veteran Signings,ADDED,2 Years for $. Minimum Salary Exception. Offer Sheet (New York Knicks - Matched).
2026-07-20 07:24:55,2026-27 Veteran Signings,ADDED,Insurance Premium Reimbursement. Skill; Injury or Illness; Mental. Compensation protection for 2027-28 Season is none but will increase to full if team has not requested waivers on player on or before the date that is two days after the 2027 NBA Draft. Compensation protection for 2028-29 Season is none but will increase to full if team has not requested waivers on player on or before the date that is two days after the 2028 NBA Draft. Love of the Game. Physical Exam. Alt. 7(b).
2026-07-20 07:25:55,2026-27 Veteran Signings,REMOVED,26-27 $
2026-07-20 07:25:55,2026-27 Veteran Signings,REMOVED,27-28 $
2026-07-20 07:25:55,2026-27 Veteran Signings,ADDED,"26-27 $2,185,116"
2026-07-20 07:25:55,2026-27 Veteran Signings,ADDED,"27-28 $2,571,895"
2026-07-20 07:28:55,2026-27 Veteran Signings,REMOVED,2 Years for $. Minimum Salary Exception. Offer Sheet (New York Knicks - Matched).
2026-07-20 07:28:55,2026-27 Veteran Signings,REMOVED,Insurance Premium Reimbursement. Skill; Injury or Illness; Mental. Compensation protection for 2027-28 Season is none but will increase to full if team has not requested waivers on player on or before the date that is two days after the 2027 NBA Draft. Compensation protection for 2028-29 Season is none but will increase to full if team has not requested waivers on player on or before the date that is two days after the 2028 NBA Draft. Love of the Game. Physical Exam. Alt. 7(b).
2026-07-20 07:28:55,2026-27 Veteran Signings,ADDED,"2 Years for $4,757,011. Minimum Salary Exception. Offer Sheet (New York Knicks - Matched)."
2026-07-20 07:28:55,2026-27 Veteran Signings,ADDED,Skill; Injury or Illness; Mental. Compensation protection for 2027-28 Season is none but will increase to full if team has not requested waivers on player on or before the date that is two days after the 2027 NBA Draft. Compensation protection for 2028-29 Season is none but will increase to full if team has not requested waivers on player on or before the date that is two days after the 2028 NBA Draft. Love of the Game. Physical Exam. Alt. 7(b).
2026-07-20 07:29:55,2026-27 Veteran Signings,REMOVED,"2 Years for $4,757,011. Minimum Salary Exception. Offer Sheet (New York Knicks - Matched)."
2026-07-20 07:29:55,2026-27 Veteran Signings,REMOVED,Skill; Injury or Illness; Mental. Compensation protection for 2027-28 Season is none but will increase to full if team has not requested waivers on player on or before the date that is two days after the 2027 NBA Draft. Compensation protection for 2028-29 Season is none but will increase to full if team has not requested waivers on player on or before the date that is two days after the 2028 NBA Draft. Love of the Game. Physical Exam. Alt. 7(b).
2026-07-20 07:29:55,2026-27 Veteran Signings,ADDED,"2 Years for $4,757,011. Minimum Salary Exception. Offer Sheet (New York Knicks - Matched). Skill; Injury or Illness; Death. Compensation protection for 2026-27 Season is none but will increase to full if team has not requested waivers on player on or before the date that is two days after the 2027 NBA Draft."
2026-07-20 07:29:55,2026-27 Veteran Signings,ADDED,Love of the Game. Physical Exam. Alt. 7(b).
2026-07-20 07:30:57,2026-27 Veteran Signings,REMOVED,"2 Years for $4,757,011. Minimum Salary Exception. Offer Sheet (New York Knicks - Matched). Skill; Injury or Illness; Death. Compensation protection for 2026-27 Season is none but will increase to full if team has not requested waivers on player on or before the date that is two days after the 2027 NBA Draft."
2026-07-20 07:30:57,2026-27 Veteran Signings,ADDED,"2 Years for $4,757,011. Minimum Salary Exception. Offer Sheet (New York Knicks - Matched). Skill; Injury or Illness; Death. Compensation protection for 2026-27 Season is none but will increase to $1,092,558 if team has not requested waivers on player on or before 9/1/2026"
2026-07-20 07:31:55,2026-27 Veteran Signings,REMOVED,"2 Years for $4,757,011. Minimum Salary Exception. Offer Sheet (New York Knicks - Matched). Skill; Injury or Illness; Death. Compensation protection for 2026-27 Season is none but will increase to $1,092,558 if team has not requested waivers on player on or before 9/1/2026"
2026-07-20 07:31:55,2026-27 Veteran Signings,ADDED,"2 Years for $4,757,011. Minimum Salary Exception. Offer Sheet (New York Knicks - Matched). Skill; Injury or Illness; Death. Compensation protection for 2026-27 Season is none but will increase to $1,092,558 if team has not requested waivers on player on or before 9/1/2026 and will increase to full if team has not requested waivers on player on or before 10/1/2026."
2026-07-20 07:32:55,2026-27 Veteran Signings,REMOVED,"2 Years for $4,757,011. Minimum Salary Exception. Offer Sheet (New York Knicks - Matched). Skill; Injury or Illness; Death. Compensation protection for 2026-27 Season is none but will increase to $1,092,558 if team has not requested waivers on player on or before 9/1/2026 and will increase to full if team has not requested waivers on player on or before 10/1/2026."
2026-07-20 07:32:55,2026-27 Veteran Signings,REMOVED,Love of the Game. Physical Exam. Alt. 7(b).
2026-07-20 07:32:55,2026-27 Veteran Signings,REMOVED,Execution Date: 7/8/26
2026-07-20 07:32:55,2026-27 Veteran Signings,ADDED,"2 Years for $4,757,011. Minimum Salary Exception. Offer Sheet (New York Knicks - Matched). Skill; Injury or Illness; Death. Compensation protection for 2026-27 Season is none but will increase to $1,092,558 if team has not requested waivers on player on or before 9/1/2026 and will increase to full if team has not requested waivers on player on or before 10/1/2026. Compensation protection for 2027-28 Season is none. Love of the Game. Physical Exam. Alt. 7(b)."
2026-07-20 07:32:55,2026-27 Veteran Signings,ADDED,Execution Date: 7/18/26
2026-07-20 07:34:55,2026-27 Veteran Signings,ADDED,Update 1.2 (7/7/26 -7/17/26):
2026-07-20 07:35:55,2026-27 Veteran Signings,REMOVED,"Update 1.2 (7/7/26 - 7/17/26): P. Achiuwa, J. Alvarado, K. Anderson, M. Bagley, M. Bamba, H. Barnes, C. Bassey, B. Bogdanovic, T. Bryant, M. Cisse, J. Clark, J. Clarkson, J. Collins, M. Conley, M. Diawara, O. Dieng, A. Dosunmu, A. Drummond, T. Eason, K. Ellis, C. Gillespie, J. Green, Q. Grimes, J. Goodwin, R. Hachimura, T. Hardaway Jr., T. Harris, I. Hartenstein, J. Hayes, K. Huerter, A. Hukporti, T. Jones, D. Jordan, L. Kennard, W. Kessler, J. Landale, K. Looney, T. Lyles, S. Mamukelashvili, J. McLaughlin, K. Middleton, J. Miller, L. Nance, P. Nance, J. Nurkic, N. Powell, J. Okogie, K. Oubre, Q. Post, A. Reaves, M. Robinson, K. Sanders, C. Sexton, L. Shamet, M. Smart, G. Trent, V. Wembanyama, C. White, K. Williams, M. Williams, Z. Williams T. Young"
2026-07-20 07:35:55,2026-27 Veteran Signings,REMOVED,Update 1.2 (7/7/26 -7/17/26):
2026-07-20 07:35:55,2026-27 Veteran Signings,ADDED,"Update 1.2 (7/7/26 - 7/17/26): P. Achiuwa, J. Alvarado, K. Anderson, M. Bagley, M. Bamba, H. Barnes, C. Bassey, B. Bogdanovic, T. Bryant, J. Clark, J. Clarkson, J. Collins, M. Conley, M. Diawara, O. Dieng, A. Dosunmu, A. Drummond, T. Eason, K. Ellis, C. Gillespie, J. Green, Q. Grimes, J. Goodwin, R. Hachimura, T. Hardaway Jr., T. Harris, I. Hartenstein, J. Hayes, K. Huerter, A. Hukporti, T. Jones, D. Jordan, L. Kennard, W. Kessler, J. Landale, K. Looney, T. Lyles, S. Mamukelashvili, J. McLaughlin, K. Middleton, J. Miller, L. Nance, P. Nance, J. Nurkic, N. Powell, J. Okogie, K. Oubre, Q. Post, A. Reaves, M. Robinson, K. Sanders, C. Sexton, L. Shamet, M. Smart, G. Trent, V. Wembanyama, C. White, K. Williams, M. Williams, Z. Williams T. Young"
2026-07-20 07:35:55,2026-27 Veteran Signings,ADDED,"Update 1.3 (7/18/26): M. Cisse,"
2026-07-20 07:35:55,2026-27 Two-Way Signings,ADDED,Update 1.3 (7/18/26): V. Goldin
2026-07-20 07:35:55,2026-27 Rookie Signings,ADDED,Update 1.3 (7/18/26):
2026-07-20 07:36:55,2026-27 Two-Way Signings,ADDED,Vladislav Goldin Miami Heat
2026-07-20 07:36:55,2026-27 Two-Way Signings,ADDED,"1 Year. Skill; Injury or Illness. Compensation protection for 2026-27 Season is for $91,000. Love of the Game. Physical Exam."
2026-07-20 07:36:55,2026-27 Two-Way Signings,ADDED,Execution Date: 6/26/26
2026-07-21 07:16:38,2026-27 Veteran Signings,REMOVED,"Update 1.3 (7/18/26): M. Cisse,"
2026-07-21 07:16:38,2026-27 Veteran Signings,ADDED,Update 1.3 (7/18/26): M. Cisse
2026-07-22 09:19:44,2026-27 Two-Way Signings,REMOVED,Peter Suder Los Angeles Lakers
2026-07-22 09:19:44,2026-27 Two-Way Signings,ADDED,Peter Suder (WAIVED) Los Angeles Lakers
2026-07-24 07:49:33,2026-27 Veteran Signings,REMOVED,Update 1.3 (7/18/26): M. Cisse
2026-07-24 07:49:33,2026-27 Veteran Signings,ADDED,"Update 1.3 (7/18/26): M. Cisse, I. Crawford, J. Tate, J. Walsh"
2026-07-24 07:49:33,2026-27 Veteran Signings,ADDED,Isaiah Crawford New York Knicks
2026-07-24 07:49:33,2026-27 Veteran Signings,ADDED,"26-27 $2,449,421"
2026-07-24 07:49:33,2026-27 Veteran Signings,ADDED,"27-28 $2,664,401"
2026-07-24 07:49:33,2026-27 Veteran Signings,ADDED,"28-29 $2,888,193"
2026-07-24 07:49:33,2026-27 Veteran Signings,ADDED,"29-30 $3,272,766 (Team Option)"
2026-07-24 07:49:33,2026-27 Veteran Signings,ADDED,"4 Years for $11,274,781. Non-Qualifying Veteran Free Agent Exception. Team option to extend the contract to include the 2029-30 Season. Skill; Injury or Illness; Mental; Death. Compensation protection for 2026-27 Season is none but will increase to $1,154,325 if team has not requested waivers on player on or before the first day of the 2026-27 Regular Season. Compensation protection for 2027-28 is none but will increase to full if team has not requested waivers on player on or before 7/1/2027. Compensation protection for 2028-29 is none but will increase to full if team has not requested waivers on player on or before 7/1/2028. Compensation protection for 2029-30 is none but will increase to full if team has not requested waivers on player on or before 7/1/2029. Love of the Game. Physical Exam. Alt. 7(b)."
2026-07-24 07:49:33,2026-27 Veteran Signings,ADDED,Execution Date: 7/22/26
2026-07-24 07:49:33,2026-27 Veteran Signings,ADDED,Jae’Sean Tate Houston Rockets
2026-07-24 07:49:33,2026-27 Veteran Signings,ADDED,"26-27 $3,066,143"
2026-07-24 07:49:33,2026-27 Veteran Signings,ADDED,"Minimum Salary Exception. Player Trade Consent. Skill; Injury or Illness; Mental; Death. Compensation protection for 2026-27 Season is for $1,039,669. Love of the Game. Physical Exam. Alt. 7(b)."
2026-07-24 07:49:33,2026-27 Veteran Signings,ADDED,Execution Date: 7/23/26
2026-07-24 07:49:33,2026-27 Veteran Signings,ADDED,Jordan Walsh Boston Celtics
2026-07-24 07:49:33,2026-27 Veteran Signings,ADDED,"27-28 $5,000,000"
2026-07-24 07:49:33,2026-27 Veteran Signings,ADDED,"28-29 $5,250,000"
2026-07-24 07:49:33,2026-27 Veteran Signings,ADDED,"29-30 $5.500,000 (Team Option)"
2026-07-24 07:49:33,2026-27 Veteran Signings,ADDED,"3 Years for $15,750,000. Veteran Extension. Team option to extend the contract to include the 2029-30 Season. Insurance Premium Reimbursement. Skill; Injury or Illness; Mental."
2026-07-24 07:49:33,2026-27 Veteran Signings,ADDED,Execution Date: 7/23/26
2026-07-24 07:49:33,2026-27 Two-Way Signings,REMOVED,Update 1.3 (7/18/26): V. Goldin
2026-07-24 07:49:33,2026-27 Two-Way Signings,ADDED,"Update 1.3 (7/18/26): V. Goldin, D. Jones Garcia, J. Slawson, J. Wilson"
2026-07-24 07:49:33,2026-27 Two-Way Signings,ADDED,David Jones Garcia San Antonio Spurs
2026-07-24 07:49:33,2026-27 Two-Way Signings,ADDED,"1 Year. Skill; Injury or Illness. Compensation protection for 2026-27 Season is for $91,000 but will increase to 50% if team has not requested waivers on player on or before the first day of the 2026-27 Regular Season. Love of the Game. Physical Exam. Alt. 7(b)."
2026-07-24 07:49:33,2026-27 Two-Way Signings,ADDED,Execution Date: 7/22/26
2026-07-24 07:49:33,2026-27 Two-Way Signings,ADDED,Jalen Slawson Indiana Pacers
2026-07-24 07:49:33,2026-27 Two-Way Signings,ADDED,"1 Year. Skill; Injury or Illness. Compensation protection for 2026-27 Season is for $91,000. Love of the Game. Physical Exam. Alt. 7(b)."
2026-07-24 07:49:33,2026-27 Two-Way Signings,ADDED,Execution Date: 7/22/26
2026-07-24 07:49:33,2026-27 Two-Way Signings,ADDED,Jalen Wilson Atlanta Hawks
2026-07-24 07:49:33,2026-27 Two-Way Signings,ADDED,"1 Year. Skill; Injury or Illness. Compensation protection for 2026-27 Season is for $91,000 but will increase to 50% if team has not requested waivers on player on or before the first day of the 2026-27 Regular Season. Love of the Game. Physical Exam. Alt. 7(b)."
2026-07-24 07:49:33,2026-27 Two-Way Signings,ADDED,Execution Date: 7/22/26
2026-07-27 07:17:55,2026-27 Veteran Signings,REMOVED,"Update 1.3 (7/18/26): M. Cisse, I. Crawford, J. Tate, J. Walsh"
2026-07-27 07:17:55,2026-27 Veteran Signings,ADDED,"Update 1.3 (7/18/26): M. Cisse, I. Crawford, L. James, J. Tate, J. Walsh"
2026-07-27 07:21:56,2026-27 Veteran Signings,ADDED,LeBron James Philadelphia 76ers
2026-07-27 07:21:56,2026-27 Veteran Signings,ADDED,"26-27 $3,876,529"
2026-07-27 07:21:56,2026-27 Veteran Signings,ADDED,"27-28 $4,070,355 (Player Option)"
2026-07-27 07:21:56,2026-27 Veteran Signings,ADDED,"2 Years for $7,946,884. Minimum Salary Exception. Advance Payment ($596,"
2026-07-27 07:21:56,2026-27 Veteran Signings,ADDED,Skill; Injury or Illness. Love of the Game. Physical Exam. Alt. 7(b).
2026-07-27 07:21:56,2026-27 Veteran Signings,ADDED,Execution Date: 7/10/26
2026-07-27 07:22:56,2026-27 Veteran Signings,REMOVED,"2 Years for $7,946,884. Minimum Salary Exception. Advance Payment ($596,"
2026-07-27 07:22:56,2026-27 Veteran Signings,ADDED,"2 Years for $7,946,884. Minimum Salary Exception. Advance Payment ($596,017). Player option to extend the contract to include the 2027-28 Season."
2026-07-27 07:24:56,2026-27 Veteran Signings,REMOVED,"2 Years for $7,946,884. Minimum Salary Exception. Advance Payment ($596,017). Player option to extend the contract to include the 2027-28 Season."
2026-07-27 07:24:56,2026-27 Veteran Signings,REMOVED,Skill; Injury or Illness. Love of the Game. Physical Exam. Alt. 7(b).
2026-07-27 07:24:56,2026-27 Veteran Signings,REMOVED,Execution Date: 7/10/26
2026-07-27 07:24:56,2026-27 Veteran Signings,ADDED,"2 Years for $7,946,884. Minimum Salary Exception. Advance Payment ($596,017). Player option to extend the contract to include the 2027-28 Season. Skill; Injury or Illness; Mental; Death. Trade Kicker (15%). Love of the Game. Physical Exam. Alt. 7(b)."
2026-07-27 07:24:56,2026-27 Veteran Signings,ADDED,Execution Date: 7/26/26
2026-07-27 07:27:56,2026-27 Two-Way Signings,REMOVED,"Update 1.3 (7/18/26): V. Goldin, D. Jones Garcia, J. Slawson, J. Wilson"
2026-07-27 07:27:56,2026-27 Two-Way Signings,ADDED,"Update 1.3 (7/18/26): V. Goldin, D. Jones Garcia, J. Slawson, J. Tonje, J. Wilson"
2026-07-27 07:28:55,2026-27 Two-Way Signings,ADDED,John Tonje Portland Trail Blazers
2026-07-27 07:28:55,2026-27 Two-Way Signings,ADDED,"2 Years. Skill; Injury or Illness; Mental. Compensation protection for 2026-27 Season is for $91,000. Compensation protection for 2027-28 Season is none. Love of the Game. Physical Exam. Alt. 7(b)."
2026-07-27 07:28:55,2026-27 Two-Way Signings,ADDED,Execution Date: 7/24/26
2026-07-27 07:30:55,2026-27 Veteran Signings,REMOVED,"Update 1.3 (7/18/26): M. Cisse, I. Crawford, L. James, J. Tate, J. Walsh"
2026-07-27 07:30:55,2026-27 Veteran Signings,ADDED,"Update 1.3 (7/18/26): K. Bufkin, M. Cisse, I. Crawford, L. James, J. Tate, J. Walsh"
2026-07-27 07:30:55,2026-27 Veteran Signings,ADDED,Kobe Bufkin New Orleans Pelicans
2026-07-27 07:30:55,2026-27 Veteran Signings,ADDED,"26-27 $2,537,526"
2026-07-27 07:30:55,2026-27 Veteran Signings,ADDED,Minimum Salary Exception. Team option to extend the contract to include the 2027-28 Season. Player Trade Consent. Skill; Injury or Illness. Compensation protection for 2026-27 Season is none but will increase to full if team has not requested waivers on player on or before 1 day prior to the first day of the 2026-27 Season. Compensation protection for 2027-28 Season is none but will increase to full if team has not requested waivers on player on or before 1 day prior to the first day of the 2027-28 Season. Love of the Game. Physical Exam. Alt. 7(b).
2026-07-27 07:30:55,2026-27 Veteran Signings,ADDED,Execution Date: 7/8/26
2026-07-27 07:31:56,2026-27 Veteran Signings,REMOVED,Minimum Salary Exception. Team option to extend the contract to include the 2027-28 Season. Player Trade Consent. Skill; Injury or Illness. Compensation protection for 2026-27 Season is none but will increase to full if team has not requested waivers on player on or before 1 day prior to the first day of the 2026-27 Season. Compensation protection for 2027-28 Season is none but will increase to full if team has not requested waivers on player on or before 1 day prior to the first day of the 2027-28 Season. Love of the Game. Physical Exam. Alt. 7(b).
2026-07-27 07:31:56,2026-27 Veteran Signings,REMOVED,Execution Date: 7/8/26
2026-07-27 07:31:56,2026-27 Veteran Signings,ADDED,Minimum Salary Exception. Physical Exam. Exh. 9 - Training Camp.
2026-07-27 07:31:56,2026-27 Veteran Signings,ADDED,Execution Date: 7/25/26
2026-07-27 07:32:56,2026-27 Veteran Signings,REMOVED,"Update 1.3 (7/18/26): K. Bufkin, M. Cisse, I. Crawford, L. James, J. Tate, J. Walsh"
2026-07-27 07:32:56,2026-27 Veteran Signings,ADDED,"Update 1.3 (7/18/26): K. Bufkin, M. Cisse, I. Crawford, L. James, J. Phillips, J. Tate, J. Walsh"
2026-07-27 07:32:56,2026-27 Veteran Signings,ADDED,Julian Phill New Orleans Pelicans
2026-07-27 07:32:56,2026-27 Veteran Signings,ADDED,"26-27 $2,537,526"
2026-07-27 07:32:56,2026-27 Veteran Signings,ADDED,Minimum Salary Exception. Physical Exam. Exh. 9 - Training Camp.
2026-07-27 07:32:56,2026-27 Veteran Signings,ADDED,Execution Date: 7/25/26
2026-07-27 07:33:55,2026-27 Veteran Signings,REMOVED,Julian Phill New Orleans Pelicans
2026-07-27 07:33:55,2026-27 Veteran Signings,ADDED,Julian Phillips Houston Rockets
2026-07-27 07:33:55,2026-27 Veteran Signings,REMOVED,Minimum Salary Exception. Physical Exam. Exh. 9 - Training Camp.
2026-07-27 07:33:55,2026-27 Veteran Signings,REMOVED,Execution Date: 7/25/26
2026-07-27 07:33:55,2026-27 Veteran Signings,ADDED,"Minimum Salary Exception. Physical Exam. Exh. 9 - Training Camp. Exh. 10 - Affiliate Player ($91,000)."
2026-07-27 07:33:55,2026-27 Veteran Signings,ADDED,Execution Date: 7/24/26
2026-07-27 07:39:55,2026-27 Veteran Signings,REMOVED,"Update 1.3 (7/18/26): K. Bufkin, M. Cisse, I. Crawford, L. James, J. Phillips, J. Tate, J. Walsh"
2026-07-27 07:39:55,2026-27 Veteran Signings,ADDED,"Update 1.3 (7/18/26): K. Bufkin, M. Cisse, I. Crawford, H. Ingram, L. James, J. Phillips, J. Tate, J. Walsh"
2026-07-27 07:39:55,2026-27 Veteran Signings,ADDED,Harrison Ingram Utah Jazz
2026-07-27 07:39:55,2026-27 Veteran Signings,ADDED,"26-27 $2,449,421"
2026-07-27 07:39:55,2026-27 Veteran Signings,ADDED,Minimum Salary Exception. Skill; Injury or Illness; Mental; Death. Love of the Game. Physical Exam. Alt. 7(b).
2026-07-27 07:39:55,2026-27 Veteran Signings,ADDED,Execution Date: 7/1/26
2026-07-27 07:40:56,2026-27 Veteran Signings,REMOVED,Minimum Salary Exception. Skill; Injury or Illness; Mental; Death. Love of the Game. Physical Exam. Alt. 7(b).
2026-07-27 07:40:56,2026-27 Veteran Signings,REMOVED,Execution Date: 7/1/26
2026-07-27 07:40:56,2026-27 Veteran Signings,ADDED,"Minimum Salary Exception. Love of the Game. Physical Exam. Alt. 7(b). Exh. 9 - Training Camp. Exh. 10 - Affiliate Player ($91,000)."
2026-07-27 07:40:56,2026-27 Veteran Signings,ADDED,Execution Date: 7/25/26
2026-07-29 05:55:56,2026-27 Veteran Signings,REMOVED,"Update 1.3 (7/18/26): K. Bufkin, M. Cisse, I. Crawford, H. Ingram, L. James, J. Phillips, J. Tate, J. Walsh"
2026-07-29 05:55:56,2026-27 Veteran Signings,ADDED,"Update 1.3 (7/18/26): K. Bufkin, M. Cisse, I. Crawford, H. Ingram, L. James, J. Phillips, J. Tate, M. Thybulle, J. Walsh"
2026-07-29 05:55:56,2026-27 Veteran Signings,ADDED,Matisse Thybulle Los Angeles Lakers
2026-07-29 05:55:56,2026-27 Veteran Signings,ADDED,"26-27 $3,286,399"
2026-07-29 05:55:56,2026-27 Veteran Signings,ADDED,Minimum Salary Exception. Skill; Injury or Illness. Love of the Game. Physical Exam. Alt. 7(b).
2026-07-29 05:55:56,2026-27 Veteran Signings,ADDED,Execution Date: 7/13/26
2026-07-29 05:56:55,2026-27 Veteran Signings,REMOVED,Minimum Salary Exception. Skill; Injury or Illness. Love of the Game. Physical Exam. Alt. 7(b).
2026-07-29 05:56:55,2026-27 Veteran Signings,REMOVED,Execution Date: 7/13/26
2026-07-29 05:56:55,2026-27 Veteran Signings,ADDED,Minimum Salary Exception. Skill; Injury or Illness; Mental; Death. Love of the Game. Physical Exam. Alt. 7(b).
2026-07-29 05:56:55,2026-27 Veteran Signings,ADDED,Execution Date: 7/27/26
2026-07-29 05:59:55,2026-27 Veteran Signings,REMOVED,"Update 1.3 (7/18/26): K. Bufkin, M. Cisse, I. Crawford, H. Ingram, L. James, J. Phillips, J. Tate, M. Thybulle, J. Walsh"
2026-07-29 05:59:55,2026-27 Veteran Signings,ADDED,"Update 1.3 (7/18/26): K. Bufkin, M. Cisse, I. Crawford, H. Ingram, L. James, S. Jones, J. Phillips, J. Tate, M. Thybulle, J. Walsh"
2026-07-29 05:59:55,2026-27 Veteran Signings,ADDED,Spencer Jones Denver Nuggets
2026-07-29 05:59:55,2026-27 Veteran Signings,ADDED,"26-27 $6,000,000"
2026-07-29 05:59:55,2026-27 Veteran Signings,ADDED,"27-28 $5,750,00"
2026-07-29 05:59:55,2026-27 Veteran Signings,ADDED,"2 Years for $4,757,011. Minimum Salary Exception. Offer Sheet (New York Knicks - Matched). Skill; Injury or Illness; Death. Compensation protection for 2026-27 Season is none but will increase to $1,092,558 if team has not requested waivers on player on or before 9/1/2026 and will increase to full if team has not requested waivers on player on or before 10/1/2026. Compensation protection for 2027-28 Season is none. Love of the Game. Physical Exam. Alt. 7(b)."
2026-07-29 05:59:55,2026-27 Veteran Signings,ADDED,Execution Date: 7/18/26
2026-07-29 06:00:55,2026-27 Veteran Signings,REMOVED,"27-28 $5,750,00"
2026-07-29 06:00:55,2026-27 Veteran Signings,REMOVED,"2 Years for $4,757,011. Minimum Salary Exception. Offer Sheet (New York Knicks - Matched). Skill; Injury or Illness; Death. Compensation protection for 2026-27 Season is none but will increase to $1,092,558 if team has not requested waivers on player on or before 9/1/2026 and will increase to full if team has not requested waivers on player on or before 10/1/2026. Compensation protection for 2027-28 Season is none. Love of the Game. Physical Exam. Alt. 7(b)."
2026-07-29 06:00:55,2026-27 Veteran Signings,REMOVED,Execution Date: 7/18/26
2026-07-29 06:00:55,2026-27 Veteran Signings,ADDED,"27-28 $5,750,000"
2026-07-29 06:00:55,2026-27 Veteran Signings,ADDED,"2 Years for $11,750,000. Taxpayer Mid-Level Exception (Partial). Offer Sheet (Oklahoma City Thunder - Matched). Skill; Injury or Illness; Mental. Love of the Game. Physical Exam. Alt. 7(b)."
2026-07-29 06:00:55,2026-27 Veteran Signings,ADDED,Execution Date: 7/25/26
2026-07-29 06:02:55,2026-27 Two-Way Signings,REMOVED,"Update 1.3 (7/18/26): V. Goldin, D. Jones Garcia, J. Slawson, J. Tonje, J. Wilson"
2026-07-29 06:02:55,2026-27 Two-Way Signings,ADDED,"Update 1.3 (7/18/26): H. Dickinson, V. Goldin, D. Jones Garcia, J. Slawson, J. Tonje, J. Wilson"
2026-07-29 06:03:55,2026-27 Two-Way Signings,ADDED,Hunter Dickinson New Orleans Pelicans
2026-07-29 06:03:55,2026-27 Two-Way Signings,ADDED,"1 Year. Qualifying Offer. Skill; Injury or Illness. Compensation protection for 2026-27 Season is for $91,000. Love of the Game. Physical Exam. Alt. 7(b)."
2026-07-29 06:03:55,2026-27 Two-Way Signings,ADDED,Execution Date: 6/26/26
2026-07-29 06:08:55,2026-27 Veteran Signings,REMOVED,"Update 1.3 (7/18/26): K. Bufkin, M. Cisse, I. Crawford, H. Ingram, L. James, S. Jones, J. Phillips, J. Tate, M. Thybulle, J. Walsh"
2026-07-29 06:08:55,2026-27 Veteran Signings,ADDED,"Update 1.3 (7/18/26): K. Bufkin, M. Cisse, I. Crawford, H. Ingram, L. James, S. Jones, J. Phillips, J. Tate, O. TshiebweM. Thybulle, J. Walsh"
2026-07-29 06:09:55,2026-27 Veteran Signings,REMOVED,"Update 1.3 (7/18/26): K. Bufkin, M. Cisse, I. Crawford, H. Ingram, L. James, S. Jones, J. Phillips, J. Tate, O. TshiebweM. Thybulle, J. Walsh"
2026-07-29 06:09:55,2026-27 Veteran Signings,ADDED,"Update 1.3 (7/18/26): K. Bufkin, M. Cisse, I. Crawford, H. Ingram, L. James, S. Jones, J. Phillips, J. Tate, M. Thybulle, O. Tshiebwe, J. Walsh"
2026-07-29 06:09:55,2026-27 Veteran Signings,ADDED,Oscar Tshiebwe Houston Rockets
2026-07-29 06:09:55,2026-27 Veteran Signings,ADDED,"26-27 $2,537,526"
2026-07-29 06:09:55,2026-27 Veteran Signings,ADDED,"Minimum Salary Exception. Physical Exam. Exh. 9 - Training Camp. Exh. 10 - Affiliate Player ($5,000)."
2026-07-29 06:09:55,2026-27 Veteran Signings,ADDED,Execution Date: 7/25/26
2026-07-29 06:10:55,2026-27 Veteran Signings,REMOVED,Execution Date: 7/25/26
2026-07-29 06:10:55,2026-27 Veteran Signings,ADDED,Execution Date: 7/23/26
2026-07-29 06:11:55,2026-27 Two-Way Signings,REMOVED,"Update 1.3 (7/18/26): H. Dickinson, V. Goldin, D. Jones Garcia, J. Slawson, J. Tonje, J. Wilson"
2026-07-29 06:11:55,2026-27 Two-Way Signings,ADDED,"Update 1.3 (7/18/26): H. Dickinson, V. Goldin, D. Jones Garcia, J. Pierre, J. Slawson, J. Tonje, J. Wilson"
2026-07-29 06:12:55,2026-27 Two-Way Signings,ADDED,Jaron Pierre Jr. (2026 NBA DRAFT) New Orleans Pelicans
2026-07-29 06:12:55,2026-27 Two-Way Signings,ADDED,"1 Year. Skill; Injury or Illness. Compensation protection for 2026-27 Season is for $91,000 but will increase to 50% if team has not requested waivers on player on or before the first day of the 2026-27 Regular Season. Love of the Game. Physical Exam. Alt. 7(b)."
2026-07-29 06:12:55,2026-27 Two-Way Signings,ADDED,Execution Date: 7/23/26
2026-07-29 06:13:55,2026-27 Two-Way Signings,REMOVED,"Update 1.3 (7/18/26): H. Dickinson, V. Goldin, D. Jones Garcia, J. Pierre, J. Slawson, J. Tonje, J. Wilson"
2026-07-29 06:13:55,2026-27 Two-Way Signings,ADDED,"Update 1.3 (7/18/26): H. Dickinson, V. Goldin, J. Howard, D. Jones Garcia, J. Pierre, J. Slawson, J. Tonje, J. Wilson"
2026-07-29 06:13:55,2026-27 Two-Way Signings,ADDED,Jett Howard Dallas Mavericks
2026-07-29 06:13:55,2026-27 Two-Way Signings,ADDED,"1 Year. Skill; Injury or Illness. Compensation protection for 2026-27 Season is for $91,000 but will increase to 50% if team has not requested waivers on player on or before the first day of the 2026-27 Regular Season. Love of the Game. Physical Exam. Alt. 7(b)."
2026-07-29 06:13:55,2026-27 Two-Way Signings,ADDED,Execution Date: 7/3/26
2026-07-29 06:14:55,2026-27 Two-Way Signings,REMOVED,"Update 1.3 (7/18/26): H. Dickinson, V. Goldin, J. Howard, D. Jones Garcia, J. Pierre, J. Slawson, J. Tonje, J. Wilson"
2026-07-29 06:14:55,2026-27 Two-Way Signings,ADDED,"Update 1.3 (7/18/26): H. Dickinson, V. Goldin, J. Howard, D. Jones Garcia, A. Kaluma, J. Pierre, J. Slawson, J. Tonje, J. Wilson"
2026-07-29 06:14:55,2026-27 Two-Way Signings,REMOVED,"1 Year. Skill; Injury or Illness. Compensation protection for 2026-27 Season is for $91,000 but will increase to 50% if team has not requested waivers on player on or before the first day of the 2026-27 Regular Season. Love of the Game. Physical Exam. Alt. 7(b)."
2026-07-29 06:14:55,2026-27 Two-Way Signings,REMOVED,Execution Date: 7/3/26
2026-07-29 06:14:55,2026-27 Two-Way Signings,ADDED,"1 Year. Skill; Injury or Illness; Mental; Death. Compensation protection for 2026-27 Season is for $91,000 but will increase to 50% if team has not requested waivers on player on or before the first day of the 2026-27 Regular Season. Love of the Game. Physical Exam. Alt. 7(b)."
2026-07-29 06:14:55,2026-27 Two-Way Signings,ADDED,Execution Date: 7/20/26
2026-07-29 06:15:55,2026-27 Two-Way Signings,ADDED,Arthur Kaluma Los Angeles Lakers
2026-07-29 06:15:55,2026-27 Two-Way Signings,ADDED,"1 Year. Skill; Injury or Illness; Mental; Death. Compensation protection for 2026-27 Season is for $91,000 but will increase to 50% if team has not requested waivers on player on or before the first day of the 2026-27 Regular Season. Love of the Game. Physical Exam. Alt. 7(b)."
2026-07-29 06:15:55,2026-27 Two-Way Signings,ADDED,Execution Date: 7/21/26
2026-08-03 09:14:33,2026-27 Veteran Signings,REMOVED,"Update 1.3 (7/18/26): K. Bufkin, M. Cisse, I. Crawford, H. Ingram, L. James, S. Jones, J. Phillips, J. Tate, M. Thybulle, O. Tshiebwe, J. Walsh"
2026-08-03 09:14:33,2026-27 Veteran Signings,ADDED,"Update 1.3 (7/18/26): K. Bufkin, M. Cisse, I. Crawford, D. Green, H. Ingram, L. James, S. Jones, C. Koloko, J. Phillips, J. Tate, M. Thybulle, O. Tshiebwe, J. Walsh"
2026-08-03 09:14:33,2026-27 Veteran Signings,ADDED,Draymond Green Golden State Warriors
2026-08-03 09:14:33,2026-27 Veteran Signings,ADDED,"26-27 $27,678,571"
2026-08-03 09:14:33,2026-27 Veteran Signings,ADDED,"Bird Exception. Advance Payment ($13,839,286). Player Trade Consent. Skill; Injury or Illness; Mental; Death. Trade Kicker (15%). Love of the Game. Alt. 7(b)."
2026-08-03 09:14:33,2026-27 Veteran Signings,ADDED,Execution Date: 7/29/26
2026-08-03 09:14:33,2026-27 Veteran Signings,ADDED,Christian Koloko New Orleans Pelicans
2026-08-03 09:14:33,2026-27 Veteran Signings,ADDED,"26-27 $2,625,627"
2026-08-03 09:14:33,2026-27 Veteran Signings,ADDED,Minimum Salary Exception. Physical Exam. Exh. 9 - Training Camp.
2026-08-03 09:14:33,2026-27 Veteran Signings,ADDED,Execution Date: 7/28/26
2026-08-03 09:14:33,2026-27 Rookie Signings,REMOVED,Update 1.3 (7/18/26):
2026-08-03 09:14:33,2026-27 Rookie Signings,ADDED,Update 1.3 (7/18/26): K. Lopez
2026-08-03 09:14:33,2026-27 Rookie Signings,ADDED,#21 Kareem Lopez Memphis Grizzlies
2026-08-03 09:14:33,2026-27 Rookie Signings,ADDED,"26-27 $3,746,760"
2026-08-03 09:14:33,2026-27 Rookie Signings,ADDED,"27-28 $3,834,320 ($3,934,320)"
2026-08-03 09:14:33,2026-27 Rookie Signings,ADDED,"28-29 $4,121,760 (Team Option)"
2026-08-03 09:14:33,2026-27 Rookie Signings,ADDED,"29-30 $6,565,964 (Team Option)"
2026-08-03 09:14:33,2026-27 Rookie Signings,ADDED,"120% (with likely to be earned bonuses - Summer League and Summer Conditioning). Rookie Scale Exception. Advance Payment ($400,000). Insurance Premium Reimbursement. Skill; Injury or Illness; Mental. Love of the Game. Physical Exam. Alt. 7(b)."
2026-08-03 09:14:33,2026-27 Rookie Signings,ADDED,Execution Date: 7/29/26
2026-08-04 12:41:58,2026-27 Veteran Signings,REMOVED,"Update 1.3 (7/18/26): K. Bufkin, M. Cisse, I. Crawford, D. Green, H. Ingram, L. James, S. Jones, C. Koloko, J. Phillips, J. Tate, M. Thybulle, O. Tshiebwe, J. Walsh"
2026-08-04 12:41:58,2026-27 Veteran Signings,ADDED,"Update 1.3 (7/18/26): K. Bufkin, M. Cisse, I. Crawford, D. Green, H. Ingram, L. James, S. Jones, C. Koloko, G. Payton, J. Phillips, J. Tate, M. Thybulle, O. Tshiebwe, J. Walsh"
2026-08-04 12:41:58,2026-27 Veteran Signings,ADDED,Gary Payton II Golden State Warriors
2026-08-04 12:41:58,2026-27 Veteran Signings,ADDED,"26-27 $3,876,529"
2026-08-04 12:41:58,2026-27 Veteran Signings,ADDED,Minimum Salary Exception. Insurance Premium ReimbuSkill; Injury or Illness; Death. Love of the Game. Physical Exam. Alt. 7(b).
2026-08-04 12:41:58,2026-27 Veteran Signings,ADDED,Execution Date: 7/6/26
2026-08-04 12:42:56,2026-27 Veteran Signings,REMOVED,Minimum Salary Exception. Insurance Premium ReimbuSkill; Injury or Illness; Death. Love of the Game. Physical Exam. Alt. 7(b).
2026-08-04 12:42:56,2026-27 Veteran Signings,REMOVED,Execution Date: 7/6/26
2026-08-04 12:42:56,2026-27 Veteran Signings,ADDED,Minimum Salary Exception. Insurance Premium Reimbursement. Skill; Injury or Illness. Love of the Game. Physical Exam. Alt. 7(b).
2026-08-04 12:42:56,2026-27 Veteran Signings,ADDED,Execution Date: 8/1/26
2026-08-04 12:44:57,2026-27 Veteran Signings,REMOVED,"Update 1.3 (7/18/26): K. Bufkin, M. Cisse, I. Crawford, D. Green, H. Ingram, L. James, S. Jones, C. Koloko, G. Payton, J. Phillips, J. Tate, M. Thybulle, O. Tshiebwe, J. Walsh"
2026-08-04 12:44:57,2026-27 Veteran Signings,ADDED,"Update 1.3 (7/18/26): K. Bufkin, M. Cisse, I. Crawford, D. Green, H. Ingram, L. James, S. Jones, C. Koloko, D. Melton, G. Payton, J. Phillips, J. Tate, M. Thybulle, O. Tshiebwe, J. Walsh"
2026-08-04 12:45:57,2026-27 Veteran Signings,ADDED,De’Anthony Melton Golden State Warriors
2026-08-04 12:45:57,2026-27 Veteran Signings,ADDED,"26-27 $6,064,000"
2026-08-04 12:45:57,2026-27 Veteran Signings,ADDED,"27-28 $6,367,200 (Player Option)"
2026-08-04 12:45:57,2026-27 Veteran Signings,ADDED,"2 Years for $12,431,200. Taxpayer Mid-Level Exception. Player option to extend the contract to include the 2027-28 Season. Insurance Premium Reimbursement. Skill; Injury or Illness; Mental. Love of the Game. Physical Exam. Alt. 7(b)."
2026-08-04 12:45:57,2026-27 Veteran Signings,ADDED,Execution Date: 7/31/26
2026-08-04 12:48:56,2026-27 Veteran Signings,REMOVED,"Update 1.3 (7/18/26): K. Bufkin, M. Cisse, I. Crawford, D. Green, H. Ingram, L. James, S. Jones, C. Koloko, D. Melton, G. Payton, J. Phillips, J. Tate, M. Thybulle, O. Tshiebwe, J. Walsh"
2026-08-04 12:48:56,2026-27 Veteran Signings,ADDED,"Update 1.3 (7/18/26): K. Bufkin, M. Cisse, I. Crawford, D. Green, H. Ingram, L. James, S. Jones, C. Koloko, N. Marshall, D. Melton, G. Payton, J. Phillips, J. Tate, M. Thybulle, O. Tshiebwe, J. Walsh"
2026-08-04 12:48:56,2026-27 Veteran Signings,ADDED,Naji Marshall Dallas Mavericks
2026-08-04 12:48:56,2026-27 Veteran Signings,ADDED,"27-28 $12,500,000"
2026-08-04 12:48:56,2026-27 Veteran Signings,ADDED,"28-29 $13,500,000"
2026-08-04 12:48:56,2026-27 Veteran Signings,ADDED,"29-30 $14,500,000"
2026-08-04 12:48:56,2026-27 Veteran Signings,ADDED,"4 Years for $56,000,000. Veteran Extension. Insurance Premium Reimbursement. Skill; Injury or Illness; Mental."
2026-08-04 12:48:56,2026-27 Veteran Signings,ADDED,Execution Date: 7/6/26
2026-08-04 12:49:56,2026-27 Veteran Signings,REMOVED,"27-28 $12,500,000"
2026-08-04 12:49:56,2026-27 Veteran Signings,REMOVED,"28-29 $13,500,000"
2026-08-04 12:49:56,2026-27 Veteran Signings,REMOVED,"29-30 $14,500,000"
2026-08-04 12:49:56,2026-27 Veteran Signings,REMOVED,"4 Years for $56,000,000. Veteran Extension. Insurance Premium Reimbursement. Skill; Injury or Illness; Mental."
2026-08-04 12:49:56,2026-27 Veteran Signings,ADDED,"27-28 $18,195,600"
2026-08-04 12:49:56,2026-27 Veteran Signings,ADDED,"28-29 $17,323,584"
2026-08-04 12:49:56,2026-27 Veteran Signings,ADDED,"29-30 $16,680,816"
2026-08-04 12:49:56,2026-27 Veteran Signings,ADDED,"4 Years for $52,200,000. Veteran Extension. Advance Payment ($7,830,000). Insurance Premium Reimbursement. Skill; Injury or Illness; Mental."
2026-08-04 12:54:56,2026-27 Veteran Signings,REMOVED,Execution Date: 7/6/26
2026-08-04 12:54:56,2026-27 Veteran Signings,ADDED,Execution Date: 8/2/26
2026-08-04 12:55:56,2026-27 Veteran Signings,REMOVED,"Update 1.3 (7/18/26): K. Bufkin, M. Cisse, I. Crawford, D. Green, H. Ingram, L. James, S. Jones, C. Koloko, N. Marshall, D. Melton, G. Payton, J. Phillips, J. Tate, M. Thybulle, O. Tshiebwe, J. Walsh"
2026-08-04 12:55:56,2026-27 Veteran Signings,ADDED,"Update 1.3 (7/18/26): K. Bufkin, M. Cisse, I. Crawford, D. Green, H. Ingram, L. James, S. Jones, C. Koloko, N. Marshall, D. Melton, G. Payton, J. Phillips, J. Tate, M. Thybulle, O. Tshiebwe, M. Wagner, J. Walsh"
2026-08-04 12:56:56,2026-27 Veteran Signings,ADDED,Moritz Wagner Brooklyn Nets
2026-08-04 12:56:56,2026-27 Veteran Signings,ADDED,"26-27 $9,000,000"
2026-08-04 12:56:56,2026-27 Veteran Signings,ADDED,"27-28 $9,450,000 (Player/Team Option)"
2026-08-04 12:56:56,2026-27 Veteran Signings,ADDED,"2 Years for $18,450,000. Room. Player or Team option to extend the contract to include the 2027-28 Season. Insurance Premium Reimbursement. Skill; Injury or Illness; Mental. Love of the Game. Physical Exam. Alt. 7(b)."
2026-08-04 12:56:56,2026-27 Veteran Signings,ADDED,Execution Date: 7/31/26
2026-08-04 13:01:57,2026-27 Veteran Signings,REMOVED,"Update 1.3 (7/18/26): K. Bufkin, M. Cisse, I. Crawford, D. Green, H. Ingram, L. James, S. Jones, C. Koloko, N. Marshall, D. Melton, G. Payton, J. Phillips, J. Tate, M. Thybulle, O. Tshiebwe, M. Wagner, J. Walsh"
2026-08-04 13:01:57,2026-27 Veteran Signings,ADDED,"Update 1.3 (7/18/26): K. Bufkin, M. Cisse, I. Crawford, D. Green, H. Ingram, L. James, S. Jones, C. Koloko, N. Marshall, D. Melton, G. Payton, J. Phillips, J. Sochan, J. Tate, M. Thybulle, O. Tshiebwe, M. Wagner, J. Walsh"
2026-08-04 13:01:57,2026-27 Veteran Signings,ADDED,Jeremy Sochan Portland Trail Blazers
2026-08-04 13:01:57,2026-27 Veteran Signings,ADDED,"26-27 $2,625,627"
2026-08-04 13:01:57,2026-27 Veteran Signings,ADDED,Minimum Salary Exception. Physical Exam. Exh. 9 - Training Camp.
2026-08-04 13:01:57,2026-27 Veteran Signings,ADDED,Execution Date: 7/28/26
2026-08-04 13:02:56,2026-27 Veteran Signings,REMOVED,Minimum Salary Exception. Physical Exam. Exh. 9 - Training Camp.
2026-08-04 13:02:56,2026-27 Veteran Signings,REMOVED,Execution Date: 7/28/26
2026-08-04 13:02:56,2026-27 Veteran Signings,ADDED,Minimum Salary Exception. Love of the Game. Physical Exam. Alt. 7(b). Exh. 9 - Training Camp.
2026-08-04 13:02:56,2026-27 Veteran Signings,ADDED,Execution Date: 8/2/26
2026-08-05 08:09:10,2026-27 Veteran Signings,REMOVED,"Update 1.3 (7/18/26): K. Bufkin, M. Cisse, I. Crawford, D. Green, H. Ingram, L. James, S. Jones, C. Koloko, N. Marshall, D. Melton, G. Payton, J. Phillips, J. Sochan, J. Tate, M. Thybulle, O. Tshiebwe, M. Wagner, J. Walsh"
2026-08-05 08:09:10,2026-27 Veteran Signings,ADDED,"Update 1.3 (7/18/26): K. Bufkin, M. Cisse, I. Crawford, D. Green, M. Hezonja, C. Houstan, H. Ingram, A. Jackson, L. James, S. Jones, C. Koloko, N. Marshall, D. Melton, G. Payton, J. Phillips, J. Sochan, J. Tate, M. Thybulle, O. Tshiebwe, M. Wagner, J. Walsh"
2026-08-05 08:09:10,2026-27 Veteran Signings,ADDED,Mario Hezonja Cleveland Cavaliers
2026-08-05 08:09:10,2026-27 Veteran Signings,ADDED,"26-27 $2,845,883"
2026-08-05 08:09:10,2026-27 Veteran Signings,ADDED,Minimum Salary Exception. Skill; Injury or Illness; Mental; Death. Compensation protection for 2026-27 Season is none but will increase to full if team has not requested waivers on player on or before 11/15/2026. Love of the Game. Physical Exam. Alt. 7(b).
2026-08-05 08:09:10,2026-27 Veteran Signings,ADDED,Execution Date: 7/31/26
2026-08-05 08:09:10,2026-27 Veteran Signings,ADDED,Caleb Houstan New Orleans Pelicans
2026-08-05 08:09:10,2026-27 Veteran Signings,ADDED,"26-27 $2,625,627"
2026-08-05 08:09:10,2026-27 Veteran Signings,ADDED,Minimum Salary Exception. Physical Exam. Exh. 9 - Training Camp.
2026-08-05 08:09:10,2026-27 Veteran Signings,ADDED,Execution Date: 8/3/26
2026-08-05 08:09:10,2026-27 Veteran Signings,ADDED,Andre Jackson Jr. Toronto Raptors
2026-08-05 08:09:10,2026-27 Veteran Signings,ADDED,"26-27 $2,537,526"
2026-08-05 08:09:10,2026-27 Veteran Signings,ADDED,"Minimum Salary Exception. Love of the Game. Physical Exam. Alt. 7(b). Exh. 9 - Training Camp. Exh. 10 - Affiliate Player ($91,000)."
2026-08-05 08:09:10,2026-27 Veteran Signings,ADDED,Execution Date: 8/4/26
2026-08-05 08:09:10,2026-27 Two-Way Signings,REMOVED,"Update 1.3 (7/18/26): H. Dickinson, V. Goldin, J. Howard, D. Jones Garcia, A. Kaluma, J. Pierre, J. Slawson, J. Tonje, J. Wilson"
2026-08-05 08:09:10,2026-27 Two-Way Signings,ADDED,"Update 1.3 (7/18/26): H. Dickinson, V. Goldin, J. Howard, T. Jemison, D. Jones Garcia, A. Kaluma, J. Pierre, J. Slawson, J. Tonje, J. Wilson"
2026-08-05 08:09:10,2026-27 Two-Way Signings,ADDED,Jett Howard Dallas Mavericks
2026-08-05 08:09:10,2026-27 Two-Way Signings,ADDED,"1 Year. Skill; Injury or Illness; Mental; Death. Compensation protection for 2026-27 Season is for $91,000 but will increase to 50% if team has not requested waivers on player on or before the first day of the 2026-27 Regular Season. Love of the Game. Physical Exam. Alt. 7(b)."
2026-08-05 08:09:10,2026-27 Two-Way Signings,ADDED,Execution Date: 7/20/26
2026-08-05 08:09:10,2026-27 Two-Way Signings,ADDED,Trey Jemison Toronto Raptors
2026-08-05 08:09:10,2026-27 Two-Way Signings,ADDED,"1 Year. Skill; Injury or Illness; Death. Compensation protection for 2026-27 Season is for $91,000. Love of the Game. Physical Exam. Alt. 7(b)."
2026-08-05 08:09:10,2026-27 Two-Way Signings,ADDED,Execution Date: 8/4/26
2026-08-05 08:09:10,2026-27 Two-Way Signings,REMOVED,Jett Howard Dallas Mavericks
2026-08-05 08:09:10,2026-27 Two-Way Signings,REMOVED,"1 Year. Skill; Injury or Illness; Mental; Death. Compensation protection for 2026-27 Season is for $91,000 but will increase to 50% if team has not requested waivers on player on or before the first day of the 2026-27 Regular Season. Love of the Game. Physical Exam. Alt. 7(b)."
2026-08-05 08:09:10,2026-27 Two-Way Signings,REMOVED,Execution Date: 7/20/26
2026-08-06 12:30:56,2026-27 Veteran Signings,REMOVED,"Update 1.3 (7/18/26): K. Bufkin, M. Cisse, I. Crawford, D. Green, M. Hezonja, C. Houstan, H. Ingram, A. Jackson, L. James, S. Jones, C. Koloko, N. Marshall, D. Melton, G. Payton, J. Phillips, J. Sochan, J. Tate, M. Thybulle, O. Tshiebwe, M. Wagner, J. Walsh"
2026-08-06 12:30:56,2026-27 Veteran Signings,ADDED,"Update 1.3 (7/18/26): K. Bufkin, K. Caldwell-Pope, M. Cisse, I. Crawford, D. Green, M. Hezonja, C. Houstan, H. Ingram, A. Jackson, L. James, S. Jones, C. Koloko, N. Marshall, D. Melton, G. Payton, J. Phillips, J. Sochan, J. Tate, M. Thybulle, O. Tshiebwe, M. Wagner, J. Walsh"
2026-08-06 12:31:55,2026-27 Veteran Signings,ADDED,Kentavious Caldwell-Pope Philadelphia 76ers
2026-08-06 12:31:55,2026-27 Veteran Signings,ADDED,"26-27 $3,876,529"
2026-08-06 12:31:55,2026-27 Veteran Signings,ADDED,Minimum Salary Exception. Skill; Injury or Illness; Death. Love of the Game. Physical Exam. Alt. 7(b).
2026-08-06 12:31:55,2026-27 Veteran Signings,ADDED,Execution Date: 7/6/26
2026-08-06 12:32:55,2026-27 Veteran Signings,REMOVED,Minimum Salary Exception. Skill; Injury or Illness; Death. Love of the Game. Physical Exam. Alt. 7(b).
2026-08-06 12:32:55,2026-27 Veteran Signings,REMOVED,Execution Date: 7/6/26
2026-08-06 12:32:55,2026-27 Veteran Signings,ADDED,"Minimum Salary Exception. Advance Payment ($290,740). Insurance Premium Reimbursement. Skill; Injury or Illness; Mental. Love of the Game. Physical Exam. Alt. 7(b)."
2026-08-06 12:32:55,2026-27 Veteran Signings,ADDED,Execution Date: 8/5/26
2026-08-06 12:33:55,2026-27 Two-Way Signings,REMOVED,"Update 1.3 (7/18/26): H. Dickinson, V. Goldin, J. Howard, T. Jemison, D. Jones Garcia, A. Kaluma, J. Pierre, J. Slawson, J. Tonje, J. Wilson"
2026-08-06 12:33:55,2026-27 Two-Way Signings,ADDED,"Update 1.3 (7/18/26): H. Dickinson, V. Goldin, J. Howard, T. Jemison, D. Jones Garcia, A. Kaluma, D. Mitchell, J. Pierre, J. Slawson, J. Tonje, J. Wilson"
2026-08-06 12:33:55,2026-27 Two-Way Signings,ADDED,Dillon Mitchell (2026 NBA DRAFT) Boston Celtics
2026-08-06 12:33:55,2026-27 Two-Way Signings,ADDED,"1 Year. Skill; Injury or Illness; Mental. Compensation protection for 2026-27 Season is for $91,000 but will increase to 50% if team has not requested waivers on player on or before the first day of the 2026-27 Regular Season. Love of the Game. Physical Exam. Alt. 7(b)."
2026-08-06 12:33:55,2026-27 Two-Way Signings,ADDED,Execution Date: 7/2/26
2026-08-06 12:34:58,2026-27 Two-Way Signings,REMOVED,Execution Date: 7/2/26
2026-08-06 12:34:58,2026-27 Two-Way Signings,ADDED,Execution Date: 8/5/26
